phase,epoch,global_epoch,train_ce,val_ce,train_accuracy,val_accuracy,elapsed_seconds,training_seconds,seed,split_seed,balance_loss,objective,router_entropy_normalized,selected_gate_entropy_normalized,task_router_grad_l2,aux_router_grad_l2,expert_0_assignment_share,expert_1_assignment_share,expert_2_assignment_share,expert_3_assignment_share
linear_pretrain,0,0,2.3074145640661725,2.307329963054021,0.12523191094619665,0.12256267409470752,0.0003654689999166294,0.0,45,2028,,,,,,,,,,
linear_pretrain,1,1,1.5139458739552683,1.496646034267717,0.8404452690166976,0.8746518105849582,0.002738112999850273,0.002007133999995858,45,2028,,,,,,,,,,
linear_pretrain,2,2,1.0095698117696443,0.9796999226083022,0.9081632653061225,0.9192200557103064,0.004988824000065506,0.00395028299999467,45,2028,,,,,,,,,,
linear_pretrain,3,3,0.7400943903405068,0.7084441377470018,0.9174397031539888,0.9303621169916435,0.007154497000101401,0.005813370999931067,45,2028,,,,,,,,,,
linear_pretrain,4,4,0.589324278451111,0.5591769401312864,0.9202226345083488,0.9303621169916435,0.009424186000160262,0.0077803359999961685,45,2028,,,,,,,,,,
linear_pretrain,5,5,0.4963136801315564,0.4680425999367039,0.9267161410018553,0.9415041782729805,0.011802198000168573,0.00977366000006441,45,2028,,,,,,,,,,
linear_pretrain,6,6,0.43148599808817323,0.40725501020482235,0.9341372912801484,0.947075208913649,0.01400980400012486,0.011672702999931062,45,2028,,,,,,,,,,
linear_pretrain,7,7,0.3851349709112686,0.36373863351593466,0.937847866419295,0.9442896935933147,0.016295787999752065,0.01365160500017737,45,2028,,,,,,,,,,
linear_pretrain,8,8,0.3489956827100708,0.33093091191162993,0.9387755102040817,0.9415041782729805,0.018629734000114695,0.015609295000558632,45,2028,,,,,,,,,,
linear_pretrain,9,9,0.3212923640157999,0.30502045126201394,0.9406307977736549,0.947075208913649,0.020946483999978227,0.01758400100061408,45,2028,,,,,,,,,,
linear_pretrain,10,10,0.2971728992900663,0.2842592435858511,0.9443413729128015,0.9526462395543176,0.02317749499979982,0.019460970000636735,45,2028,,,,,,,,,,
linear_pretrain,11,11,0.2773341504726025,0.26726153849225237,0.9461966604823747,0.9498607242339833,0.025433883999994578,0.02138566100074968,45,2028,,,,,,,,,,
linear_pretrain,12,12,0.2612677021598586,0.2526307089962249,0.9499072356215214,0.958217270194986,0.02771162599992749,0.02328577500065876,45,2028,,,,,,,,,,
linear_pretrain,13,13,0.24639435902927237,0.24186326569932265,0.9536178107606679,0.9554317548746518,0.02988107500004844,0.025123235000592103,45,2028,,,,,,,,,,
linear_pretrain,14,14,0.23329643694434124,0.23063272693374054,0.9582560296846011,0.9610027855153204,0.03205474000014874,0.02699706000066726,45,2028,,,,,,,,,,
linear_pretrain,15,15,0.2223069304993823,0.21997293354245456,0.961038961038961,0.9610027855153204,0.03420001199992839,0.02884893200098304,45,2028,,,,,,,,,,
linear_pretrain,16,16,0.21280605752270368,0.2139858336326419,0.9601113172541744,0.958217270194986,0.036474998999892705,0.030822947000615386,45,2028,,,,,,,,,,
linear_pretrain,17,17,0.2039181098536,0.20535386726589738,0.961038961038961,0.9637883008356546,0.03859804800003985,0.03263584000069386,45,2028,,,,,,,,,,
linear_pretrain,18,18,0.19505353970380038,0.1982839346083884,0.9628942486085343,0.9610027855153204,0.04060729699995136,0.03434381500073869,45,2028,,,,,,,,,,
linear_pretrain,19,19,0.18763445129646456,0.19321020804272737,0.9628942486085343,0.9610027855153204,0.04260516800013647,0.036042597001141985,45,2028,,,,,,,,,,
linear_pretrain,20,20,0.18096836697650684,0.1885704794836349,0.963821892393321,0.9637883008356546,0.04470008399994185,0.037812425000993244,45,2028,,,,,,,,,,
scratch_pretrain,0,0,2.3000078174522236,2.3004337508262376,0.11224489795918367,0.10306406685236769,0.0011959370003751246,0.0,45,2028,1.1668941382955338,2.311676758835179,0.9838426502142393,0.9898378551873418,0.010154272603482773,0.014572507346139425,0.5,0.031076066790352505,0.462430426716141,0.006493506493506494
scratch_pretrain,1,1,1.3812762106471037,1.3388425917211306,0.7532467532467533,0.8022284122562674,0.03699374400002853,0.027665687000080652,45,2028,1.0598988937481133,1.3918751995845848,0.9901661440483562,0.9873129259489813,,,0.12244897959183673,0.2945269016697588,0.4512987012987013,0.13172541743970315
scratch_pretrain,2,2,0.8686224009780416,0.8321096036005117,0.8487940630797773,0.8802228412256268,0.04888776000007056,0.03736649800021041,45,2028,1.055250003094943,0.879174901008991,0.982403939648888,0.977760373756333,,,0.1525974025974026,0.362708719851577,0.3687384044526902,0.11595547309833024
scratch_pretrain,3,3,0.614233562300897,0.5722013662199961,0.8868274582560297,0.9164345403899722,0.059553712000251835,0.04565792200037322,45,2028,1.089736885474843,0.6251309311556454,0.967589106364913,0.9617795672399515,,,0.19434137291280149,0.3474025974025974,0.387291280148423,0.07096474953617811
scratch_pretrain,4,4,0.47055081061490905,0.45410942330129206,0.9100185528756958,0.9192200557103064,0.06932853400030581,0.053110096000636986,45,2028,1.1164519264193358,0.4817153298791024,0.9549341044941332,0.9471247177448167,,,0.14656771799628943,0.3492578849721707,0.4090909090909091,0.0950834879406308
scratch_pretrain,5,5,0.3900078530420747,0.37934420878654707,0.9294990723562152,0.9275766016713092,0.07914151500017397,0.06041523000067173,45,2028,1.1386737969264875,0.40139459101133956,0.9451936758476477,0.9384338969170325,,,0.14192949907235622,0.37291280148423006,0.40584415584415584,0.07931354359925788
scratch_pretrain,6,6,0.3251275278421623,0.33196430078050937,0.9443413729128015,0.935933147632312,0.08909918200015454,0.06827919200031829,45,2028,1.135047665273741,0.33647800449489973,0.9410960867422932,0.934022670098444,,,0.12894248608534323,0.39239332096474955,0.38358070500927643,0.0950834879406308
scratch_pretrain,7,7,0.28688645888643566,0.28572334167668734,0.948051948051948,0.9387186629526463,0.09769470400033242,0.07507290700004887,45,2028,1.1509638595162486,0.2983960974815981,0.9331516041125578,0.9277169982220536,,,0.1456400742115028,0.3747680890538033,0.40166975881261596,0.07792207792207792
scratch_pretrain,8,8,0.25284759341418306,0.26393351212317195,0.9545454545454546,0.9442896935933147,0.1065802610000901,0.0816755649998413,45,2028,1.1562759929993702,0.2644103533441768,0.9285288318361128,0.9226541015349948,,,0.12569573283858998,0.3784786641929499,0.4035250463821892,0.09230055658627087
scratch_pretrain,9,9,0.23092317126675968,0.24510556480231507,0.9582560296846011,0.9498607242339833,0.11465211500035366,0.08755847199972777,45,2028,1.1634265903501173,0.24255743717026085,0.922431651938245,0.9175583709636648,,,0.1331168831168831,0.3821892393320965,0.3979591836734694,0.08673469387755102
scratch_pretrain,10,10,0.22425794919206793,0.23131967049767807,0.9545454545454546,0.947075208913649,0.12345461800032353,0.09413057399979152,45,2028,1.1579761443277101,0.23583771063534503,0.9200734759411332,0.914358961765418,,,0.1345083487940631,0.35111317254174396,0.41465677179962895,0.09972170686456401
scratch_pretrain,11,11,0.19460821211134505,0.2132351725616731,0.9656771799628943,0.9554317548746518,0.13272623500006375,0.1008042779999414,45,2028,1.169643802699233,0.20630465013833738,0.9149372596398404,0.9107775300548901,,,0.1261595547309833,0.3868274582560297,0.3937847866419295,0.09322820037105752
scratch_pretrain,12,12,0.18060887734937497,0.19981416425043574,0.9647495361781077,0.958217270194986,0.14125336300003255,0.10736074599981293,45,2028,1.1670801629361547,0.19227967897873652,0.9133589818782711,0.9089966568385791,,,0.11085343228200371,0.3807977736549165,0.3974953617810761,0.11085343228200371
scratch_pretrain,13,13,0.1689517317286236,0.19004437361492765,0.9712430426716141,0.9610027855153204,0.14933638500042434,0.1133288910000374,45,2028,1.1616722046644803,0.1805684537752684,0.9121137995226352,0.9076123306440892,,,0.11317254174397032,0.3821892393320965,0.39007421150278293,0.11456400742115028
scratch_pretrain,14,14,0.16155508345339017,0.17828048980868935,0.9712430426716141,0.9610027855153204,0.15788590700003624,0.11971376199971928,45,2028,1.1532041297965856,0.17308712475135604,0.9116613103096832,0.9071737685618675,,,0.11456400742115028,0.3738404452690167,0.3891465677179963,0.12244897959183673
scratch_pretrain,15,15,0.1508788873618584,0.17065080186326978,0.974025974025974,0.9637883008356546,0.1660011270000723,0.12560614299945883,45,2028,1.164882195200943,0.1625277093138678,0.9065902073222186,0.9040111444484272,,,0.11688311688311688,0.3826530612244898,0.3877551020408163,0.11270871985157699
scratch_pretrain,16,16,0.14733741804773148,0.16789646798737343,0.9730983302411874,0.958217270194986,0.1761575130003621,0.1335776969995095,45,2028,1.1381588431122618,0.1587190064788541,0.9093849306138878,0.9058575827424472,,,0.12059369202226346,0.36688311688311687,0.3761595547309833,0.13636363636363635
scratch_pretrain,17,17,0.13845328046310268,0.16708586724439758,0.9786641929499073,0.958217270194986,0.18534034700041957,0.14059992599959514,45,2028,1.1831958900907744,0.15028523936401042,0.8971436835542898,0.8974992900785052,,,0.10946196660482375,0.37708719851576994,0.4035250463821892,0.10992578849721707
scratch_pretrain,18,18,0.13145838908433705,0.15399603846774668,0.9777365491651205,0.9610027855153204,0.19354207700007464,0.1469170449995545,45,2028,1.1547526488178481,0.14300591557251552,0.9008496379432366,0.8996725717558124,,,0.12569573283858998,0.37430426716141,0.3803339517625232,0.11966604823747681
scratch_pretrain,19,19,0.11942467968073743,0.15357368500667712,0.9814471243042672,0.9610027855153204,0.20189526400008617,0.1531158569996478,45,2028,1.1626449048685916,0.13105112872942334,0.8970574557711982,0.8969069471871,,,0.11363636363636363,0.38636363636363635,0.3738404452690167,0.1261595547309833
scratch_pretrain,20,20,0.11673850881673381,0.14653038587411524,0.9805194805194806,0.9610027855153204,0.21022217200015803,0.1592796059999273,45,2028,1.1534532039541117,0.12827304085627492,0.8971445640381697,0.8968609783312046,0.042644365814717235,0.00705852883995112,0.12523191094619665,0.38311688311688313,0.36688311688311687,0.12476808905380334
linear_continue,0,20,0.18096836697650684,0.1885704794836349,0.963821892393321,0.9637883008356546,0.000343226000040886,0.0,45,2028,,,,,,,,,,
linear_continue,1,21,0.1747381240674326,0.18219464181624548,0.9675324675324676,0.9637883008356546,0.0026560900000731635,0.001969167999959609,45,2028,,,,,,,,,,
linear_continue,2,22,0.16738721289028288,0.17602807499993894,0.9684601113172542,0.9637883008356546,0.004807011000139028,0.0037887009998485155,45,2028,,,,,,,,,,
linear_continue,3,23,0.1616411763716258,0.17246085736976463,0.9693877551020408,0.9610027855153204,0.006934787000318465,0.005577328000072157,45,2028,,,,,,,,,,
linear_continue,4,24,0.15615514152868282,0.16895076546375581,0.9703153988868275,0.9610027855153204,0.009120220000113477,0.007467287000054057,45,2028,,,,,,,,,,
linear_continue,5,25,0.15103722203173708,0.16384297435050119,0.9721706864564007,0.9610027855153204,0.011264822000157437,0.009316014000432915,45,2028,,,,,,,,,,
linear_continue,6,26,0.1466581050148561,0.16046717202565278,0.9730983302411874,0.9610027855153204,0.01347856700022021,0.011233665000418114,45,2028,,,,,,,,,,
linear_continue,7,27,0.1424589915748518,0.15756557297040386,0.974025974025974,0.9610027855153204,0.015708656000242627,0.013088340000194876,45,2028,,,,,,,,,,
linear_continue,8,28,0.1383979263943114,0.15565884820340087,0.974025974025974,0.9610027855153204,0.017866077000235236,0.014903487000538007,45,2028,,,,,,,,,,
linear_continue,9,29,0.13475734847996837,0.15318088313170117,0.9768089053803339,0.9610027855153204,0.020069837000392,0.016813436000575166,45,2028,,,,,,,,,,
linear_continue,10,30,0.13149683258991263,0.15011002175030966,0.9768089053803339,0.9637883008356546,0.022137543000098958,0.018588953000744368,45,2028,,,,,,,,,,
linear_continue,11,31,0.1281086545816874,0.14772078997636623,0.9758812615955473,0.9665738161559888,0.024303227000018524,0.020437199000753026,45,2028,,,,,,,,,,
linear_continue,12,32,0.1250691794541133,0.14621217820401328,0.9768089053803339,0.9610027855153204,0.026385865000065678,0.0222233820004476,45,2028,,,,,,,,,,
linear_continue,13,33,0.12222981968045134,0.14365728852538553,0.9777365491651205,0.9665738161559888,0.028364287000385957,0.023959710000326595,45,2028,,,,,,,,,,
linear_continue,14,34,0.1195863012198943,0.1424334824902205,0.9786641929499073,0.9637883008356546,0.02980756500028292,0.02514961700035201,45,2028,,,,,,,,,,
linear_continue,15,35,0.11702926614523584,0.140690466004048,0.9786641929499073,0.9637883008356546,0.031193346000236488,0.026306425000711897,45,2028,,,,,,,,,,
linear_continue,16,36,0.11457132380304309,0.13922594978989108,0.9786641929499073,0.9665738161559888,0.03259444100012843,0.027483353000661737,45,2028,,,,,,,,,,
linear_continue,17,37,0.11254650117229137,0.13792059398928688,0.9768089053803339,0.9665738161559888,0.03398038200020892,0.02864327500037689,45,2028,,,,,,,,,,
linear_continue,18,38,0.1102548311027652,0.1364179351469695,0.9786641929499073,0.9637883008356546,0.03534175699996922,0.02977681800030041,45,2028,,,,,,,,,,
linear_continue,19,39,0.10816118668850001,0.13479143383293324,0.9786641929499073,0.9637883008356546,0.03675651300000027,0.030950431000292156,45,2028,,,,,,,,,,
linear_continue,20,40,0.10625932280404392,0.13359117526629444,0.9777365491651205,0.9665738161559888,0.03826122300006318,0.032226638000338426,45,2028,,,,,,,,,,
linear_continue,21,41,0.10430833772331743,0.1325817556932588,0.9795918367346939,0.9637883008356546,0.03974986900038857,0.0334253990004072,45,2028,,,,,,,,,,
linear_continue,22,42,0.10246847766766311,0.13130608481416003,0.9795918367346939,0.9637883008356546,0.04113258600000336,0.03457098900025812,45,2028,,,,,,,,,,
linear_continue,23,43,0.10084059687151532,0.13021443320826562,0.9805194805194806,0.9665738161559888,0.042508973000167316,0.035724221000236867,45,2028,,,,,,,,,,
linear_continue,24,44,0.0991030908612435,0.13010300261737326,0.9823747680890538,0.9637883008356546,0.04391977200020847,0.03691357700063236,45,2028,,,,,,,,,,
linear_continue,25,45,0.09741802482671777,0.12855068763640515,0.9842300556586271,0.9637883008356546,0.045331111999985296,0.03810297400059426,45,2028,,,,,,,,,,
linear_continue,26,46,0.09588036689353426,0.1277517431241655,0.9842300556586271,0.9637883008356546,0.04670524600032877,0.03924048200042307,45,2028,,,,,,,,,,
linear_continue,27,47,0.09448040095741285,0.12669755983675654,0.9833024118738405,0.9665738161559888,0.0483734720000939,0.04065037000054872,45,2028,,,,,,,,,,
linear_continue,28,48,0.09307359453399787,0.12568939699842324,0.9851576994434137,0.9637883008356546,0.049788228000124946,0.04181661100074052,45,2028,,,,,,,,,,
linear_continue,29,49,0.09225928240230034,0.12569275802655763,0.9823747680890538,0.9665738161559888,0.05116535600018324,0.04296631800070827,45,2028,,,,,,,,,,
linear_continue,30,50,0.09042645630085534,0.12400541066074505,0.9860853432282004,0.9637883008356546,0.05279104800001733,0.04432163400042555,45,2028,,,,,,,,,,
linear_continue,31,51,0.08907371400496228,0.12378792390605312,0.9851576994434137,0.9637883008356546,0.05419217300004675,0.045492052000554395,45,2028,,,,,,,,,,
linear_continue,32,52,0.08777274900115016,0.1234132838379356,0.9860853432282004,0.9637883008356546,0.055738646000008885,0.046638183000595745,45,2028,,,,,,,,,,
linear_continue,33,53,0.08645771785578818,0.12210907251771189,0.9860853432282004,0.9665738161559888,0.0571593100003156,0.047829552000621334,45,2028,,,,,,,,,,
linear_continue,34,54,0.08533237900445363,0.12131841860292238,0.987012987012987,0.9637883008356546,0.05882290900035514,0.04922473800070293,45,2028,,,,,,,,,,
linear_continue,35,55,0.08423377789164271,0.11984295033656919,0.9851576994434137,0.9665738161559888,0.060339707000366616,0.05050578200052769,45,2028,,,,,,,,,,
linear_continue,36,56,0.0829389678040151,0.12009372552838976,0.987012987012987,0.9637883008356546,0.06204901499995685,0.05197137300092436,45,2028,,,,,,,,,,
linear_continue,37,57,0.08181349931112286,0.11930887208738074,0.9860853432282004,0.9637883008356546,0.06408535300033691,0.05375745600076698,45,2028,,,,,,,,,,
linear_continue,38,58,0.08079784872006066,0.11866656657702912,0.9860853432282004,0.9665738161559888,0.06619384500027081,0.05550620800067918,45,2028,,,,,,,,,,
linear_continue,39,59,0.07980371631004729,0.11798098827145963,0.9860853432282004,0.9637883008356546,0.06849985899998501,0.05750789500052633,45,2028,,,,,,,,,,
linear_continue,40,60,0.0789715662247245,0.11768356705466723,0.9879406307977736,0.9693593314763231,0.07078663400034202,0.05945940600076938,45,2028,,,,,,,,,,
linear_continue,41,61,0.07800077181206728,0.11646280094902402,0.9888682745825603,0.9637883008356546,0.07316231300001164,0.06147758700080885,45,2028,,,,,,,,,,
linear_continue,42,62,0.076988334972909,0.11661945910186636,0.987012987012987,0.9665738161559888,0.07533048899995265,0.06334632300058729,45,2028,,,,,,,,,,
linear_continue,43,63,0.07591777179287808,0.11585617722400189,0.9888682745825603,0.9637883008356546,0.07752166099999158,0.06523406900032569,45,2028,,,,,,,,,,
linear_continue,44,64,0.07510959090950066,0.11544567694590635,0.9879406307977736,0.9693593314763231,0.07979989300019952,0.06712722300017049,45,2028,,,,,,,,,,
linear_continue,45,65,0.07419253654094682,0.11499327097622243,0.9888682745825603,0.9637883008356546,0.08189603200025886,0.0688945570004762,45,2028,,,,,,,,,,
linear_continue,46,66,0.07349398538700312,0.11391160666694561,0.9888682745825603,0.9665738161559888,0.08413823000000775,0.0708354420003161,45,2028,,,,,,,,,,
linear_continue,47,67,0.07244413843031589,0.1138908498872573,0.9897959183673469,0.9665738161559888,0.08624163900003623,0.07264634200009823,45,2028,,,,,,,,,,
linear_continue,48,68,0.07167066495524686,0.11384308181263172,0.9897959183673469,0.9637883008356546,0.08834057200010648,0.07445748200007074,45,2028,,,,,,,,,,
linear_continue,49,69,0.07088310098412792,0.11292662747872927,0.9897959183673469,0.9665738161559888,0.09040402100026768,0.076232488000187,45,2028,,,,,,,,,,
linear_continue,50,70,0.07009593498915091,0.11209392027611706,0.9897959183673469,0.9665738161559888,0.09252537800011851,0.07806402000005619,45,2028,,,,,,,,,,
linear_continue,51,71,0.06920998656634143,0.11205911006630223,0.9897959183673469,0.9637883008356546,0.09469715000022916,0.0799030819998734,45,2028,,,,,,,,,,
linear_continue,52,72,0.06847142212077523,0.11159438163230999,0.9897959183673469,0.9665738161559888,0.09675613300032637,0.0816418839999642,45,2028,,,,,,,,,,
linear_continue,53,73,0.06774243170377357,0.11109703761777046,0.9897959183673469,0.9665738161559888,0.09879872100009379,0.08336184800009505,45,2028,,,,,,,,,,
linear_continue,54,74,0.06709249100827373,0.11101468504473937,0.9897959183673469,0.9637883008356546,0.10084610700005214,0.08510269299995343,45,2028,,,,,,,,,,
linear_continue,55,75,0.06630685726102951,0.11056534182890516,0.9916512059369202,0.9665738161559888,0.10295378199998595,0.08690356799979781,45,2028,,,,,,,,,,
linear_continue,56,76,0.06557331334422724,0.11017585519105857,0.9907235621521335,0.9665738161559888,0.1051830310002515,0.08883423799943557,45,2028,,,,,,,,,,
linear_continue,57,77,0.06488157800952822,0.1091809670148558,0.9916512059369202,0.9665738161559888,0.10730914500027211,0.09066620999919905,45,2028,,,,,,,,,,
linear_continue,58,78,0.06427251972854295,0.1091558379443309,0.9907235621521335,0.9637883008356546,0.1094927250001092,0.0925521629992545,45,2028,,,,,,,,,,
linear_continue,59,79,0.06363203805860544,0.10876913870094945,0.9907235621521335,0.9665738161559888,0.11172220400021615,0.0944043249992319,45,2028,,,,,,,,,,
linear_continue,60,80,0.06291907699387549,0.1083559268668606,0.9916512059369202,0.9665738161559888,0.11390893800034974,0.09626391799929479,45,2028,,,,,,,,,,
linear_continue,61,81,0.06228069232286469,0.10836414544876273,0.9907235621521335,0.9665738161559888,0.11618994400032534,0.09819604999938747,45,2028,,,,,,,,,,
linear_continue,62,82,0.061715179476440875,0.10732324399524207,0.9916512059369202,0.9665738161559888,0.11835371500001202,0.10005818699937663,45,2028,,,,,,,,,,
linear_continue,63,83,0.06108487232643164,0.1070322200813327,0.9916512059369202,0.9637883008356546,0.12057898700004444,0.1019835289994262,45,2028,,,,,,,,,,
linear_continue,64,84,0.06062947743565132,0.10695584323467189,0.9897959183673469,0.9665738161559888,0.1227545149999969,0.10382553599947641,45,2028,,,,,,,,,,
linear_continue,65,85,0.05991053004773544,0.10681770039914086,0.9925788497217068,0.9637883008356546,0.1249733780000497,0.10574129399947196,45,2028,,,,,,,,,,
linear_continue,66,86,0.0593795770230193,0.10585698603403801,0.9925788497217068,0.9665738161559888,0.12713596699995833,0.10760430299933432,45,2028,,,,,,,,,,
linear_continue,67,87,0.05878713515937618,0.10600831758652099,0.9916512059369202,0.9665738161559888,0.1293759919999502,0.10953485299933163,45,2028,,,,,,,,,,
linear_continue,68,88,0.05814935238208119,0.10582341478862872,0.9916512059369202,0.9665738161559888,0.13157161900016945,0.11138570299954154,45,2028,,,,,,,,,,
linear_continue,69,89,0.057638869537876586,0.1048418339669029,0.9925788497217068,0.9637883008356546,0.13378571500015823,0.11326428499978647,45,2028,,,,,,,,,,
linear_continue,70,90,0.05709064765815507,0.10494478016192658,0.9925788497217068,0.9665738161559888,0.13604239500000403,0.11521598599983918,45,2028,,,,,,,,,,
linear_continue,71,91,0.05659460805524117,0.10434714024872059,0.9925788497217068,0.9637883008356546,0.13826788799997303,0.1171406269995714,45,2028,,,,,,,,,,
linear_continue,72,92,0.05602311589246311,0.10461097096694646,0.9935064935064936,0.9665738161559888,0.14049296100029096,0.11906793199932508,45,2028,,,,,,,,,,
linear_continue,73,93,0.05546940253460974,0.10433258410181583,0.9935064935064936,0.9665738161559888,0.1426958500001092,0.12093499699949462,45,2028,,,,,,,,,,
linear_continue,74,94,0.05514188864355697,0.10332615000694266,0.9916512059369202,0.9665738161559888,0.1448736510001254,0.12276803999930053,45,2028,,,,,,,,,,
linear_continue,75,95,0.05457665651964594,0.10360110648793126,0.9944341372912802,0.9637883008356546,0.14700131700010388,0.12459685699923284,45,2028,,,,,,,,,,
linear_continue,76,96,0.05410778753534944,0.10360242868454889,0.9935064935064936,0.9637883008356546,0.14914637900028538,0.12644962999911513,45,2028,,,,,,,,,,
linear_continue,77,97,0.05386267483334648,0.1026717313892544,0.9907235621521335,0.9665738161559888,0.15087222100009967,0.12789574199905474,45,2028,,,,,,,,,,
linear_continue,78,98,0.053483642733369786,0.10297025895478996,0.9925788497217068,0.9637883008356546,0.15239664099999572,0.12918029199863668,45,2028,,,,,,,,,,
linear_continue,79,99,0.052798341982703466,0.10292481413286382,0.9944341372912802,0.9665738161559888,0.15395490200035056,0.13049864199865624,45,2028,,,,,,,,,,
linear_continue,80,100,0.052227212001139146,0.10265088190393161,0.9935064935064936,0.9665738161559888,0.15559066900004836,0.13184366199857322,45,2028,,,,,,,,,,
moe_continue,0,20,0.1809683669765068,0.1885704794836349,0.963821892393321,0.9637883008356546,0.0013626569998450577,0.0,45,2028,1.1668941382955338,0.19263730835946216,0.9838426502142393,0.9898378551873418,1.6987518983986637e-18,0.014572507346139426,0.5,0.031076066790352505,0.462430426716141,0.006493506493506494
moe_continue,1,21,0.16968454829685786,0.17985572736016497,0.9619666048237476,0.9665738161559888,0.01222925000001851,0.005626812000173231,45,2028,1.0138066479405012,0.17982261477626288,0.9965926170127883,0.9975380388611744,,,0.1730055658627087,0.24397031539888683,0.1901669758812616,0.39285714285714285
moe_continue,2,22,0.15790719834322287,0.17413434333623481,0.9730983302411874,0.9637883008356546,0.019471057999908226,0.011098681000021315,45,2028,1.0211602207436383,0.16811880055065925,0.9954610042204773,0.9970855678553288,,,0.33302411873840443,0.3631725417439703,0.14842300556586271,0.1553803339517625
moe_continue,3,23,0.14808040914033516,0.16661375293716635,0.9777365491651205,0.9610027855153204,0.026797542999702273,0.016524031000244577,45,2028,1.013096590890339,0.15821137504923855,0.9944649044971643,0.994925320612537,,,0.1767161410018553,0.3464749536178108,0.2917439703153989,0.18506493506493507
moe_continue,4,24,0.1414435942192106,0.16242157079764077,0.9768089053803339,0.9637883008356546,0.03443331299968122,0.02224867000040831,45,2028,1.038523206354418,0.1518288262827548,0.9905892203448133,0.9940613388138768,,,0.19480519480519481,0.3752319109461967,0.10111317254174397,0.32884972170686455
moe_continue,5,25,0.13383621601988693,0.1606667604409667,0.9777365491651205,0.9554317548746518,0.048567904999799794,0.03447622700059583,45,2028,1.0016593194035366,0.1438528092139223,0.9911147770276367,0.991816915739648,,,0.2193877551020408,0.26159554730983303,0.26669758812615957,0.2523191094619666
moe_continue,6,26,0.12505228803501836,0.15485215473882705,0.9814471243042672,0.9610027855153204,0.056096853999861196,0.04020309900079155,45,2028,1.011600928796945,0.1351682973229878,0.9876631942733302,0.9887070050125913,,,0.21289424860853431,0.3399814471243043,0.22263450834879406,0.22448979591836735
moe_continue,7,27,0.11862358582023441,0.15347323143662575,0.9814471243042672,0.9665738161559888,0.06377292399974976,0.04611594000061814,45,2028,1.0148615646525583,0.12877220146676,0.9847904104945372,0.986740730801643,,,0.14285714285714285,0.31910946196660483,0.22356215213358072,0.3144712430426716
moe_continue,8,28,0.1118959407424204,0.142659712771253,0.9833024118738405,0.9637883008356546,0.07085839699993812,0.05138892100058001,45,2028,1.0004548704454843,0.12190048944687525,0.9831386227319233,0.9855663455750848,,,0.24118738404452691,0.27040816326530615,0.22541743970315398,0.262987012987013
moe_continue,9,29,0.10717139089473432,0.14087916081913365,0.9842300556586271,0.9721448467966574,0.07822465199978978,0.05674984400047833,45,2028,1.0147575441685672,0.11731896633642,0.9786942911091167,0.9802886574895336,,,0.14285714285714285,0.27365491651205937,0.26205936920222633,0.32142857142857145
moe_continue,10,30,0.10330494515073313,0.13842884369429845,0.9851576994434137,0.9665738161559888,0.08549619499990513,0.06220755200047279,45,2028,1.0145378889069496,0.11345032403980262,0.9752741225421611,0.9785872200389163,,,0.20500927643784786,0.34461966604823746,0.2300556586270872,0.22031539888682747
moe_continue,11,31,0.10706489567866925,0.12800318157361149,0.9805194805194806,0.9749303621169917,0.0922841309998148,0.0671862410003996,45,2028,1.018394320719404,0.1172488388858633,0.9701348561187562,0.9729170344941578,,,0.18089053803339517,0.21985157699443414,0.25,0.3492578849721707
moe_continue,12,32,0.09117149403929445,0.12749572339595286,0.987012987012987,0.9721448467966574,0.0990627129999666,0.07219499500070015,45,2028,1.0098347925643505,0.10126984196493795,0.9682028590403151,0.971540885220199,,,0.17393320964749537,0.2987012987012987,0.24025974025974026,0.28710575139146566
moe_continue,13,33,0.08657258833633767,0.12517130091162912,0.9879406307977736,0.9721448467966574,0.10686314999975366,0.07811435700068614,45,2028,1.0053831531935624,0.09662641986827329,0.9651122707670438,0.9698383237292248,,,0.2036178107606679,0.28339517625231914,0.22402597402597402,0.288961038961039
moe_continue,14,34,0.08735029432256491,0.12122698636045062,0.9879406307977736,0.9749303621169917,0.1144707179996658,0.08375237600102992,45,2028,1.0083433195989588,0.0974337275185545,0.9595628556106367,0.9629167606033866,,,0.21057513914656772,0.24025974025974026,0.24304267161410018,0.30612244897959184
moe_continue,15,35,0.08074438361130706,0.11535428341253527,0.9897959183673469,0.9777158774373259,0.12150002599992149,0.08872085900111415,45,2028,1.0186564402167282,0.09093094801347434,0.9552117183978154,0.9598186232589185,,,0.1507421150278293,0.31493506493506496,0.24768089053803338,0.28664192949907236
moe_continue,16,36,0.07716454149414606,0.11360666213204584,0.9925788497217068,0.9749303621169917,0.12902041299958,0.09428542800105788,45,2028,1.015260628149062,0.08731714777563668,0.9516346923688083,0.9555812380680938,,,0.17625231910946196,0.26205936920222633,0.25,0.3116883116883117
moe_continue,17,37,0.07264907930562191,0.11063784337673103,0.9944341372912802,0.9749303621169917,0.13629020299958938,0.09964561900096669,45,2028,1.031238338607839,0.0829614626917003,0.945451633723971,0.951349558332779,,,0.13358070500927643,0.29081632653061223,0.2453617810760668,0.3302411873840445
moe_continue,18,38,0.07061413598316135,0.11174180247957985,0.9944341372912802,0.9749303621169917,0.1434550459998718,0.10502188400096202,45,2028,1.008153743679635,0.0806956734199577,0.9459823264292239,0.9531715167843268,,,0.2017625231910946,0.2699443413729128,0.2305194805194805,0.29777365491651203
moe_continue,19,39,0.06730836664085996,0.09870917085653007,0.9944341372912802,0.9805013927576601,0.15070577699998466,0.11036040200087882,45,2028,1.0191740062330774,0.07750010670319073,0.939706757484851,0.9466496953808168,,,0.16558441558441558,0.28339517625231914,0.23840445269016697,0.31261595547309834
moe_continue,20,40,0.06469181230619919,0.09857016844576968,0.9944341372912802,0.9805013927576601,0.1583022679997157,0.11613541700126007,45,2028,1.0085754395903443,0.07477756670210264,0.9372615659449031,0.9454736999811569,0.015604187431925567,0.0021033064433177632,0.20083487940630798,0.27319109461966606,0.23376623376623376,0.2922077922077922
moe_continue,21,41,0.06140542008193929,0.10213867552482594,0.9953617810760668,0.9777158774373259,0.16951192599981368,0.12193768300130614,45,2028,1.0303932186999383,0.07170935226893868,0.9302552296347931,0.9405736045432588,,,0.1456400742115028,0.30241187384044527,0.22959183673469388,0.32235621521335805
moe_continue,22,42,0.061109481712747785,0.09357420898717295,0.9935064935064936,0.9805013927576601,0.17818442199995843,0.12849035600129355,45,2028,1.0214804792755352,0.07132428650550314,0.926852543763486,0.9360670737795078,,,0.174860853432282,0.2662337662337662,0.23840445269016697,0.3205009276437848
moe_continue,23,43,0.058271980134170835,0.10091009707277032,0.9953617810760668,0.9721448467966574,0.18823536499985494,0.13609519500141687,45,2028,1.0221080597616512,0.06849306073178735,0.9257941991022977,0.9403380555455032,,,0.17393320964749537,0.30194805194805197,0.20964749536178107,0.3144712430426716
moe_continue,24,44,0.05973812789910394,0.09000500550961624,0.9916512059369202,0.9832869080779945,0.20450348199983637,0.14742105800132776,45,2028,1.0208174221584199,0.06994630212068814,0.9199060187074821,0.9312506266611432,,,0.19387755102040816,0.2504638218923933,0.23330241187384043,0.32235621521335805
moe_continue,25,45,0.05333933049216754,0.09617474553781993,0.9953617810760668,0.9777158774373259,0.2196432879995882,0.15787712000110332,45,2028,1.0358997961789034,0.06369832845395658,0.9137710509413751,0.927125475547701,,,0.150278293135436,0.29081632653061223,0.22634508348794063,0.3325602968460111
moe_continue,26,46,0.05172774131872576,0.08773232310911579,0.9953617810760668,0.9805013927576601,0.23840792499959207,0.17327605100126675,45,2028,1.021232643416626,0.06194006775289202,0.9133372631904458,0.9267716676007586,,,0.1813543599257885,0.2750463821892393,0.2300556586270872,0.313543599257885
moe_continue,27,47,0.05110377542115833,0.0924179110009043,0.9944341372912802,0.9777158774373259,0.24733961099991575,0.1793882820015824,45,2028,1.040144932673996,0.06150522474789829,0.9041132376812031,0.9167141942356599,,,0.15445269016697588,0.2699443413729128,0.23840445269016697,0.33719851576994436
moe_continue,28,48,0.0476829229627446,0.09373119772338319,0.9962894248608535,0.9777158774373259,0.25471286699985285,0.18494275500142976,45,2028,1.0285971617968717,0.05796889458071332,0.9059034891576986,0.9228313683699084,,,0.16512059369202226,0.2982374768089054,0.2193877551020408,0.3172541743970315
moe_continue,29,49,0.04788393959940053,0.0908151041080542,0.9944341372912802,0.9777158774373259,0.2620007639998221,0.19037189000118815,45,2028,1.0249154367890456,0.05813309396729099,0.8996648717710616,0.9134644296576693,,,0.17393320964749537,0.27690166975881264,0.237012987012987,0.312152133580705
moe_continue,30,50,0.04487856142004109,0.09191907850211847,0.9962894248608535,0.9777158774373259,0.2692425519999233,0.1958133640014239,45,2028,1.0362949413252915,0.055241510833294004,0.895233336015365,0.9126569873103515,,,0.15352504638218925,0.29777365491651203,0.22866419294990722,0.3200371057513915
moe_continue,31,51,0.044530252162361915,0.08744348578616792,0.9953617810760668,0.9805013927576601,0.27600099399978717,0.200760295001146,45,2028,1.0248121810204067,0.054778373972565984,0.8947391797516236,0.9121833756371092,,,0.18042671614100186,0.27782931354359924,0.22912801484230055,0.31261595547309834
moe_continue,32,52,0.04236923542484193,0.08984582926702285,0.9953617810760668,0.9805013927576601,0.28556831499963664,0.2083657400012271,45,2028,1.0282363408895296,0.052651598833737226,0.8919402821727478,0.9122246734763656,,,0.17346938775510204,0.2940630797773655,0.21985157699443414,0.31261595547309834
moe_continue,33,53,0.041387064074240226,0.08575231660628924,0.9962894248608535,0.9805013927576601,0.2941098249998504,0.2147765090012399,45,2028,1.0391749588551515,0.051778813662791745,0.8835015385401679,0.9021571041097485,,,0.16558441558441558,0.27736549165120594,0.2277365491651206,0.3293135435992579
moe_continue,34,54,0.039178697425601934,0.08738599597308845,0.9972170686456401,0.9777158774373259,0.3032529689999137,0.22189460200115718,45,2028,1.0285553097658215,0.04946425052326015,0.8844423003551833,0.9052187957297628,,,0.16883116883116883,0.2940630797773655,0.22866419294990722,0.30844155844155846
moe_continue,35,55,0.039141992862361155,0.08447655166842016,0.9972170686456401,0.9777158774373259,0.3124501939996662,0.2289018180013045,45,2028,1.0350561922797714,0.04949255478515887,0.8798978467509433,0.9012739393466421,,,0.17346938775510204,0.2787569573283859,0.22448979591836735,0.3232838589981447
moe_continue,36,56,0.0367087360733124,0.08818421105675155,0.9972170686456401,0.9777158774373259,0.32156864099988525,0.23577223800111824,45,2028,1.0321591219089263,0.04703032729240166,0.8779106629874953,0.9009424197062847,,,0.1637291280148423,0.3014842300556586,0.2258812615955473,0.30890538033395176
moe_continue,37,57,0.036757597197876725,0.08651155635389662,0.9972170686456401,0.9777158774373259,0.3341282169999431,0.2436159450012383,45,2028,1.0291155057800512,0.047048752255677236,0.8763119617045528,0.8997811479283782,,,0.174860853432282,0.28664192949907236,0.22820037105751392,0.3102968460111317
moe_continue,38,58,0.03578501161699896,0.08580331312502376,0.9972170686456401,0.9777158774373259,0.3448642639996251,0.25219016400114924,45,2028,1.0377274506004674,0.04616228612300363,0.8713514178349487,0.8957141111886954,,,0.16512059369202226,0.28664192949907236,0.22727272727272727,0.3209647495361781
moe_continue,39,59,0.0348652311521223,0.08540107214121263,0.9972170686456401,0.9777158774373259,0.35567578399968625,0.26054512400105523,45,2028,1.0312806987323906,0.0451780381394462,0.8704185406421667,0.8954157897282214,,,0.17161410018552875,0.2880333951762523,0.22820037105751392,0.312152133580705
moe_continue,40,60,0.034113915496925516,0.08277552134253612,0.9972170686456401,0.9777158774373259,0.3747633209995911,0.2761573210009374,45,2028,1.0293063406671246,0.04440697890359676,0.8672648885517767,0.891922369064765,0.009330033191662288,0.002749908740200583,0.17857142857142858,0.2792207792207792,0.23098330241187384,0.3112244897959184
moe_continue,41,61,0.033473622773821606,0.08370159249517525,0.9972170686456401,0.9805013927576601,0.38772123499984446,0.2822748400008095,45,2028,1.0407578992477409,0.04388120176629901,0.8613029734830379,0.886055197211741,,,0.1683673469387755,0.2750463821892393,0.23144712430426717,0.325139146567718
moe_continue,42,62,0.032161120388517386,0.08425784919275037,0.9972170686456401,0.9777158774373259,0.39678558999958113,0.289220973000738,45,2028,1.0267797748437388,0.04242891813695478,0.8650584622363994,0.8925189039778681,,,0.17578849721706866,0.2912801484230056,0.2305194805194805,0.30241187384044527
moe_continue,43,63,0.03197523459459849,0.08355822946906775,0.9972170686456401,0.9777158774373259,0.40558900399992126,0.29573278400084746,45,2028,1.0297125142929695,0.04227235973752818,0.8618435827152235,0.8896651424576673,,,0.18274582560296845,0.28014842300556586,0.22448979591836735,0.31261595547309834
moe_continue,44,64,0.02978569039047845,0.08397975134529326,0.9972170686456401,0.9777158774373259,0.4138084709998111,0.3017497920009191,45,2028,1.036738631649027,0.040153076706968716,0.8576526327477655,0.8864401788371954,,,0.16419294990723562,0.29359925788497215,0.22912801484230055,0.31307977736549164
moe_continue,45,65,0.030295207971026392,0.08493880858673258,0.9972170686456401,0.9777158774373259,0.4219429289996697,0.30774268400091387,45,2028,1.0261375987361447,0.04055658395838784,0.8599357447527066,0.8907197541693045,,,0.1767161410018553,0.29916512059369205,0.22541743970315398,0.2987012987012987
moe_continue,46,66,0.028703914818390106,0.08368413697173499,0.9972170686456401,0.9805013927576601,0.4296648789995743,0.313347834000524,45,2028,1.0436436286105393,0.0391403511044955,0.8506313073114118,0.8793792112582661,,,0.15816326530612246,0.2852504638218924,0.23330241187384043,0.3232838589981447
moe_continue,47,67,0.02809235747003192,0.08309644298376467,0.9972170686456401,0.9777158774373259,0.43858269399970595,0.3200580730008369,45,2028,1.0275385805253605,0.038367743275285526,0.8538909612636758,0.8843980961776705,,,0.1836734693877551,0.2820037105751391,0.2277365491651206,0.30658627087198514
moe_continue,48,68,0.026816028987449076,0.08363006163675696,0.9972170686456401,0.9749303621169917,0.44773210799985463,0.32688653100103693,45,2028,1.0387392177147774,0.03720342116459685,0.8481342707424046,0.8792729646270779,,,0.16326530612244897,0.29313543599257885,0.2300556586270872,0.313543599257885
moe_continue,49,69,0.026653032930876903,0.08282595809825814,0.9972170686456401,0.9777158774373259,0.4564889509997556,0.33354160800081445,45,2028,1.0437419908530265,0.03709045283940717,0.8456124689452335,0.8772919958419126,,,0.15816326530612246,0.2912801484230056,0.2305194805194805,0.3200371057513915
moe_continue,50,70,0.02628151406653689,0.08247397483956574,0.9972170686456401,0.9805013927576601,0.46581586100001005,0.3407870210007786,45,2028,1.0372231523952558,0.03665374559048945,0.8429265024780656,0.8731299339836438,,,0.17068645640074212,0.2755102040816326,0.24025974025974026,0.313543599257885
moe_continue,51,71,0.025849021227869647,0.08477763051665872,0.9972170686456401,0.9777158774373259,0.4747558399999434,0.3473784820007495,45,2028,1.0324282008144858,0.036173303236014503,0.847397558360821,0.8829613812554676,,,0.1725417439703154,0.3010204081632653,0.2230983302411874,0.3033395176252319
moe_continue,52,72,0.024765106104882337,0.08341596669765129,0.9972170686456401,0.9777158774373259,0.4836885079998865,0.3538196470008188,45,2028,1.038506802045333,0.035150174125335665,0.8391644919027336,0.8712670206696944,,,0.1683673469387755,0.28014842300556586,0.23840445269016697,0.31307977736549164
moe_continue,53,73,0.02440028928107732,0.08353525688394758,0.9972170686456401,0.9749303621169917,0.492554454999663,0.3607686450009169,45,2028,1.040493114088875,0.03480522042196607,0.838984282895706,0.87423429579275,,,0.16883116883116883,0.29035250463821893,0.22448979591836735,0.3163265306122449
moe_continue,54,74,0.02380187713611294,0.08334204716455118,0.9972170686456401,0.9777158774373259,0.501284177999878,0.36716626500083294,45,2028,1.0298070489249829,0.03409994762536277,0.8383117083355283,0.87140115461167,,,0.174860853432282,0.28014842300556586,0.24489795918367346,0.30009276437847865
moe_continue,55,75,0.023477892105270067,0.08638542363575127,0.9972170686456401,0.9777158774373259,0.5091011599997728,0.372765115000675,45,2028,1.0513148775576502,0.03399104088084657,0.831663783262096,0.8682530989504701,,,0.14285714285714285,0.3047309833024119,0.23794063079777367,0.3144712430426716
moe_continue,56,76,0.022422870513285446,0.0840575156145248,0.9972170686456401,0.9805013927576601,0.5170477969995773,0.3784481220009184,45,2028,1.0434063418480972,0.03285693393176642,0.830361806810197,0.8655058193277537,,,0.16419294990723562,0.2820037105751391,0.237012987012987,0.3167903525046382
moe_continue,57,77,0.02273167224672514,0.08471465970027434,0.9981447124304267,0.9805013927576601,0.5260831689997758,0.3851647600013166,45,2028,1.042466509935989,0.03315633734608503,0.8322306040466596,0.8710482158416305,,,0.16280148423005567,0.2982374768089054,0.22680890538033396,0.312152133580705
moe_continue,58,78,0.021520444949722873,0.0847246965574211,0.9972170686456401,0.9777158774373259,0.5345458609999696,0.39118546400140985,45,2028,1.0331099858422392,0.03185154480814527,0.8316521438052527,0.8683829835572232,,,0.17115027829313545,0.28664192949907236,0.23794063079777367,0.3042671614100185
moe_continue,59,79,0.021107856771763918,0.08448052162128877,0.9981447124304267,0.9777158774373259,0.5452733489996717,0.3979010520015436,45,2028,1.0417655616047032,0.03152551238781095,0.8263766481799802,0.8627264744233337,,,0.16697588126159554,0.2792207792207792,0.23840445269016697,0.31539888682745826
moe_continue,60,80,0.020672497741218685,0.08667757698284129,0.9981447124304267,0.9749303621169917,0.5543467279999277,0.40458213800138765,45,2028,1.0336555248852064,0.03100905299007075,0.8302603307169371,0.8696349593574833,0.006076204978455003,0.0026901606472645814,0.16512059369202226,0.30009276437847865,0.237012987012987,0.29777365491651203
moe_continue,61,81,0.020035374608792678,0.08506581136680354,0.9981447124304267,0.9749303621169917,0.5696776069999032,0.41296631200111733,45,2028,1.038511332545061,0.03042048793424329,0.8270036686567466,0.8662891176705109,,,0.1683673469387755,0.28664192949907236,0.23515769944341372,0.3098330241187384
moe_continue,62,82,0.01967600974227509,0.08479601164624054,0.9981447124304267,0.9749303621169917,0.5809704299999794,0.4208396390008602,45,2028,1.0368756367524783,0.03004476610979987,0.8277950146756817,0.8690530510437223,,,0.16883116883116883,0.2940630797773655,0.23098330241187384,0.30612244897959184
moe_continue,63,83,0.01944212004017652,0.08594015570451959,0.9981447124304267,0.9721448467966574,0.5938111789996583,0.43028476700101237,45,2028,1.0404455445488936,0.029846575485665452,0.8258973176426446,0.8687358037767042,,,0.16697588126159554,0.29730983302411873,0.22634508348794063,0.30936920222634506
moe_continue,64,84,0.019134287534702494,0.08572106524509386,0.9981447124304267,0.9749303621169917,0.6048320429999876,0.4392032140012816,45,2028,1.0357242038428682,0.029491529573131177,0.8241470559550474,0.8647948346777433,,,0.1660482374768089,0.2884972170686456,0.24257884972170687,0.30287569573283857
moe_continue,65,85,0.018540158770093945,0.08485222778529801,0.9981447124304267,0.9721448467966574,0.6169807719998062,0.44819937700140144,45,2028,1.0391601078928785,0.02893175984902273,0.82440032541498,0.8684437435720079,,,0.17346938775510204,0.28710575139146566,0.22680890538033396,0.31261595547309834
moe_continue,66,86,0.01824364758490145,0.08652401853839377,0.9981447124304267,0.9749303621169917,0.6273827359996176,0.45627045000173894,45,2028,1.0387941449010434,0.028631589033911883,0.8230108689855518,0.867024552769644,,,0.16048237476808905,0.30009276437847865,0.23747680890538034,0.30194805194805197
moe_continue,67,87,0.01742963662059633,0.08606418217319238,0.9981447124304267,0.9749303621169917,0.6365202719998706,0.46332994400199823,45,2028,1.0390286773781923,0.027819923394378252,0.8200584098693888,0.8629151983417868,,,0.1683673469387755,0.28432282003710574,0.23747680890538034,0.3098330241187384
moe_continue,68,88,0.017202960593010082,0.08568086119425578,0.9981447124304267,0.9693593314763231,0.6455642769997212,0.4704863340020893,45,2028,1.0433745338684302,0.027636705931694386,0.819071306655494,0.8639381888602955,,,0.16048237476808905,0.29591836734693877,0.23330241187384043,0.3102968460111317
moe_continue,69,89,0.016651758487250666,0.08617911722234353,0.9981447124304267,0.9777158774373259,0.6550323789997492,0.47752287400226123,45,2028,1.0381721833790654,0.02703348032104132,0.8180997164486684,0.8617440569723416,,,0.1725417439703154,0.2792207792207792,0.23794063079777367,0.3102968460111317
moe_continue,70,90,0.01687980870174513,0.0879767058352699,0.9981447124304267,0.9693593314763231,0.664416725999672,0.48434250800210066,45,2028,1.0385945911052,0.02726575461279713,0.8193891621829316,0.8663733246777083,,,0.161873840445269,0.3042671614100185,0.2342300556586271,0.29962894248608535
moe_continue,71,91,0.016294801529767138,0.08662569552258985,0.9990723562152134,0.9693593314763231,0.673317895999844,0.49111226700188126,45,2028,1.0368565653110011,0.02666336718287715,0.8183332484541456,0.8653955383924001,,,0.16929499072356216,0.29545454545454547,0.23283858998144713,0.30241187384044527
moe_continue,72,92,0.016133207624883336,0.08660111767291807,0.9981447124304267,0.9749303621169917,0.6824288619995968,0.49783599700231207,45,2028,1.040345765528028,0.026536665280163615,0.8128814843856251,0.8575419311976838,,,0.17207792207792208,0.274582560296846,0.24025974025974026,0.31307977736549164
moe_continue,73,93,0.016163509144417377,0.0878778849279321,0.9990723562152134,0.9721448467966574,0.6922036649998518,0.5047702330020911,45,2028,1.0327069160257374,0.02649057830467475,0.8174407516905593,0.8668232052200372,,,0.17578849721706866,0.29916512059369205,0.22866419294990722,0.2963821892393321
moe_continue,74,94,0.015525630700539436,0.0872136278406886,0.9990723562152134,0.9665738161559888,0.7011127369996757,0.5115429960019355,45,2028,1.0374053357161264,0.025899684057700698,0.813417419733127,0.8610102691639032,,,0.1683673469387755,0.2912801484230056,0.23747680890538034,0.30287569573283857
moe_continue,75,95,0.01523364648092956,0.09151846282941922,0.9990723562152134,0.9693593314763231,0.7116770759998872,0.5202183270021123,45,2028,1.0316330597298082,0.02554997707822764,0.8132628293630167,0.8605274772226773,,,0.17810760667903525,0.28339517625231914,0.2388682745825603,0.29962894248608535
moe_continue,76,96,0.01525427889990369,0.08961942472748027,0.9990723562152134,0.9693593314763231,0.7194955699997081,0.5261635270016995,45,2028,1.0352876115098133,0.025607155015001822,0.8133458297963486,0.8639043158168835,,,0.1679035250463822,0.30287569573283857,0.2342300556586271,0.2949907235621521
moe_continue,77,97,0.014576142133219245,0.08877736587732346,0.9990723562152134,0.9693593314763231,0.7274744049996116,0.5320772790018964,45,2028,1.0335005126224541,0.024911147259443787,0.8110096579552766,0.8602255793902809,,,0.17346938775510204,0.2884972170686456,0.2388682745825603,0.29916512059369205
moe_continue,78,98,0.014552631950535726,0.08992340394273565,0.9990723562152134,0.9693593314763231,0.73528811199958,0.5379412370016325,45,2028,1.0335416661352974,0.024888048611888702,0.8111674757884867,0.862391329478828,,,0.1730055658627087,0.29684601113172543,0.2342300556586271,0.29591836734693877
moe_continue,79,99,0.01414497528129462,0.090229646544959,0.9990723562152134,0.9693593314763231,0.7428245019996211,0.543586336001681,45,2028,1.0325091937016346,0.024470067218310965,0.8097492973260362,0.8604418216306845,,,0.17207792207792208,0.2940630797773655,0.24025974025974026,0.29359925788497215
moe_continue,80,100,0.013775584830375661,0.09032977700658534,1.0,0.9693593314763231,0.7506941639999241,0.5495141300020805,45,2028,1.0350488712265349,0.02412607354264101,0.8081797262978048,0.859722122284312,0.0046567158178294175,0.002430431347750836,0.17068645640074212,0.29267161410018555,0.2388682745825603,0.29777365491651203
linear_mac_matched,0,20,0.18096836697650684,0.1885704794836349,0.963821892393321,0.9637883008356546,0.00026492799997868133,0.0,45,2028,,,,,,,,,,
linear_mac_matched,1,21,0.1747381240674326,0.18219464181624548,0.9675324675324676,0.9637883008356546,0.001963049000096362,0.0014294170000539452,45,2028,,,,,,,,,,
linear_mac_matched,2,22,0.16738721289028288,0.17602807499993894,0.9684601113172542,0.9637883008356546,0.00361141499979567,0.0028069170002709143,45,2028,,,,,,,,,,
linear_mac_matched,3,23,0.1616411763716258,0.17246085736976463,0.9693877551020408,0.9610027855153204,0.005136925999977393,0.0040592180002931855,45,2028,,,,,,,,,,
linear_mac_matched,4,24,0.15615514152868282,0.16895076546375581,0.9703153988868275,0.9610027855153204,0.006542948000060278,0.005234274000486039,45,2028,,,,,,,,,,
linear_mac_matched,5,25,0.15103722203173708,0.16384297435050119,0.9721706864564007,0.9610027855153204,0.008209871999952156,0.006552054000621865,45,2028,,,,,,,,,,
linear_mac_matched,6,26,0.1466581050148561,0.16046717202565278,0.9730983302411874,0.9610027855153204,0.00973686599991197,0.007841821000511118,45,2028,,,,,,,,,,
linear_mac_matched,7,27,0.1424589915748518,0.15756557297040386,0.974025974025974,0.9610027855153204,0.011385532000076637,0.009248274000583478,45,2028,,,,,,,,,,
linear_mac_matched,8,28,0.1383979263943114,0.15565884820340087,0.974025974025974,0.9610027855153204,0.012876631999915844,0.0105051720006486,45,2028,,,,,,,,,,
linear_mac_matched,9,29,0.13475734847996837,0.15318088313170117,0.9768089053803339,0.9610027855153204,0.014621212999827549,0.012008901000626793,45,2028,,,,,,,,,,
linear_mac_matched,10,30,0.13149683258991263,0.15011002175030966,0.9768089053803339,0.9637883008356546,0.01633894299993699,0.013486861000728823,45,2028,,,,,,,,,,
linear_mac_matched,11,31,0.1281086545816874,0.14772078997636623,0.9758812615955473,0.9665738161559888,0.017877314000088518,0.01478540200059797,45,2028,,,,,,,,,,
linear_mac_matched,12,32,0.1250691794541133,0.14621217820401328,0.9768089053803339,0.9610027855153204,0.01957940000011149,0.016248580000592483,45,2028,,,,,,,,,,
linear_mac_matched,13,33,0.12222981968045134,0.14365728852538553,0.9777365491651205,0.9665738161559888,0.021011641999848507,0.01741926900058388,45,2028,,,,,,,,,,
linear_mac_matched,14,34,0.1195863012198943,0.1424334824902205,0.9786641929499073,0.9637883008356546,0.022524063999753707,0.01869668800054569,45,2028,,,,,,,,,,
linear_mac_matched,15,35,0.11702926614523584,0.140690466004048,0.9786641929499073,0.9637883008356546,0.02425573499976963,0.020179204000669415,45,2028,,,,,,,,,,
linear_mac_matched,16,36,0.11457132380304309,0.13922594978989108,0.9786641929499073,0.9665738161559888,0.025664710999990348,0.021357173000978946,45,2028,,,,,,,,,,
linear_mac_matched,17,37,0.11254650117229137,0.13792059398928688,0.9768089053803339,0.9665738161559888,0.027311604999795236,0.022763405000659986,45,2028,,,,,,,,,,
linear_mac_matched,18,38,0.1102548311027652,0.1364179351469695,0.9786641929499073,0.9637883008356546,0.029096605999711755,0.02426981800044814,45,2028,,,,,,,,,,
linear_mac_matched,19,39,0.10816118668850001,0.13479143383293324,0.9786641929499073,0.9637883008356546,0.030509317999985797,0.02545149300067351,45,2028,,,,,,,,,,
linear_mac_matched,20,40,0.10625932280404392,0.13359117526629444,0.9777365491651205,0.9665738161559888,0.032120408000082534,0.026774901000862883,45,2028,,,,,,,,,,
linear_mac_matched,21,41,0.10430833772331743,0.1325817556932588,0.9795918367346939,0.9637883008356546,0.034082034999755706,0.02822672200090892,45,2028,,,,,,,,,,
linear_mac_matched,22,42,0.10246847766766311,0.13130608481416003,0.9795918367346939,0.9637883008356546,0.03568653499996799,0.02959124100061672,45,2028,,,,,,,,,,
linear_mac_matched,23,43,0.10084059687151532,0.13021443320826562,0.9805194805194806,0.9665738161559888,0.03723443999979281,0.030839576000744273,45,2028,,,,,,,,,,
linear_mac_matched,24,44,0.0991030908612435,0.13010300261737326,0.9823747680890538,0.9637883008356546,0.03907787899970572,0.032276624001042364,45,2028,,,,,,,,,,
linear_mac_matched,25,45,0.09741802482671777,0.12855068763640515,0.9842300556586271,0.9637883008356546,0.040795029000037175,0.03368390700097734,45,2028,,,,,,,,,,
linear_mac_matched,26,46,0.09588036689353426,0.1277517431241655,0.9842300556586271,0.9637883008356546,0.04228521699997145,0.03489767000064603,45,2028,,,,,,,,,,
linear_mac_matched,27,47,0.09448040095741285,0.12669755983675654,0.9833024118738405,0.9665738161559888,0.04411886099978801,0.036448580000978836,45,2028,,,,,,,,,,
linear_mac_matched,28,48,0.09307359453399787,0.12568939699842324,0.9851576994434137,0.9637883008356546,0.04565988600006676,0.03775457200117671,45,2028,,,,,,,,,,
linear_mac_matched,29,49,0.09225928240230034,0.12569275802655763,0.9823747680890538,0.9665738161559888,0.04720513699976436,0.039030248000926804,45,2028,,,,,,,,,,
linear_mac_matched,30,50,0.09042645630085534,0.12400541066074505,0.9860853432282004,0.9637883008356546,0.0489467729998978,0.040282930001012573,45,2028,,,,,,,,,,
linear_mac_matched,31,51,0.08907371400496228,0.12378792390605312,0.9851576994434137,0.9637883008356546,0.05058929100005116,0.041687100001126964,45,2028,,,,,,,,,,
linear_mac_matched,32,52,0.08777274900115016,0.1234132838379356,0.9860853432282004,0.9637883008356546,0.05232191300001432,0.043153363001238176,45,2028,,,,,,,,,,
linear_mac_matched,33,53,0.08645771785578818,0.12210907251771189,0.9860853432282004,0.9665738161559888,0.05400650299998233,0.04436983000141481,45,2028,,,,,,,,,,
linear_mac_matched,34,54,0.08533237900445363,0.12131841860292238,0.987012987012987,0.9637883008356546,0.05571572100006961,0.04584022800145249,45,2028,,,,,,,,,,
linear_mac_matched,35,55,0.08423377789164271,0.11984295033656919,0.9851576994434137,0.9665738161559888,0.05734309499985102,0.047230126001522876,45,2028,,,,,,,,,,
linear_mac_matched,36,56,0.0829389678040151,0.12009372552838976,0.987012987012987,0.9637883008356546,0.058996328999910475,0.048479934001534275,45,2028,,,,,,,,,,
linear_mac_matched,37,57,0.08181349931112286,0.11930887208738074,0.9860853432282004,0.9637883008356546,0.06075855600010982,0.04993690200171841,45,2028,,,,,,,,,,
linear_mac_matched,38,58,0.08079784872006066,0.11866656657702912,0.9860853432282004,0.9665738161559888,0.06219504399996367,0.051121972001510585,45,2028,,,,,,,,,,
linear_mac_matched,39,59,0.07980371631004729,0.11798098827145963,0.9860853432282004,0.9637883008356546,0.06381479699984993,0.05242137400136926,45,2028,,,,,,,,,,
linear_mac_matched,40,60,0.0789715662247245,0.11768356705466723,0.9879406307977736,0.9693593314763231,0.0655779049998273,0.053881357001046126,45,2028,,,,,,,,,,
linear_mac_matched,41,61,0.07800077181206728,0.11646280094902402,0.9888682745825603,0.9637883008356546,0.06712995699990643,0.055120889001045725,45,2028,,,,,,,,,,
linear_mac_matched,42,62,0.076988334972909,0.11661945910186636,0.987012987012987,0.9665738161559888,0.06870186800006195,0.056456445001003885,45,2028,,,,,,,,,,
linear_mac_matched,43,63,0.07591777179287808,0.11585617722400189,0.9888682745825603,0.9637883008356546,0.07050327299975834,0.05801752900106294,45,2028,,,,,,,,,,
linear_mac_matched,44,64,0.07510959090950066,0.11544567694590635,0.9879406307977736,0.9693593314763231,0.07207307099997706,0.05926874800115911,45,2028,,,,,,,,,,
linear_mac_matched,45,65,0.07419253654094682,0.11499327097622243,0.9888682745825603,0.9637883008356546,0.07362820699972872,0.060531405001256644,45,2028,,,,,,,,,,
linear_mac_matched,46,66,0.07349398538700312,0.11391160666694561,0.9888682745825603,0.9665738161559888,0.07545495099975597,0.06211910000138232,45,2028,,,,,,,,,,
linear_mac_matched,47,67,0.07244413843031589,0.1138908498872573,0.9897959183673469,0.9665738161559888,0.07702355799983707,0.06340260800152464,45,2028,,,,,,,,,,
linear_mac_matched,48,68,0.07167066495524686,0.11384308181263172,0.9897959183673469,0.9637883008356546,0.07849609999993845,0.06464343200150324,45,2028,,,,,,,,,,
linear_mac_matched,49,69,0.07088310098412792,0.11292662747872927,0.9897959183673469,0.9665738161559888,0.08035871699985364,0.06626064100146323,45,2028,,,,,,,,,,
linear_mac_matched,50,70,0.07009593498915091,0.11209392027611706,0.9897959183673469,0.9665738161559888,0.08177887000010742,0.06744709300164686,45,2028,,,,,,,,,,
linear_mac_matched,51,71,0.06920998656634143,0.11205911006630223,0.9897959183673469,0.9637883008356546,0.08335697099983008,0.0687924840017331,45,2028,,,,,,,,,,
linear_mac_matched,52,72,0.06847142212077523,0.11159438163230999,0.9897959183673469,0.9665738161559888,0.0850102340000376,0.07008268200206658,45,2028,,,,,,,,,,
linear_mac_matched,53,73,0.06774243170377357,0.11109703761777046,0.9897959183673469,0.9665738161559888,0.08643146899976273,0.07126421700195351,45,2028,,,,,,,,,,
linear_mac_matched,54,74,0.06709249100827373,0.11101468504473937,0.9897959183673469,0.9637883008356546,0.08812332099978448,0.0725887970020267,45,2028,,,,,,,,,,
linear_mac_matched,55,75,0.06630685726102951,0.11056534182890516,0.9916512059369202,0.9665738161559888,0.08968737999975929,0.07390209900222544,45,2028,,,,,,,,,,
linear_mac_matched,56,76,0.06557331334422724,0.11017585519105857,0.9907235621521335,0.9665738161559888,0.09146213599979092,0.07543586300243987,45,2028,,,,,,,,,,
linear_mac_matched,57,77,0.06488157800952822,0.1091809670148558,0.9916512059369202,0.9665738161559888,0.0929962099999102,0.07669069800249417,45,2028,,,,,,,,,,
linear_mac_matched,58,78,0.06427251972854295,0.1091558379443309,0.9907235621521335,0.9637883008356546,0.09460917299975335,0.0779160490023969,45,2028,,,,,,,,,,
linear_mac_matched,59,79,0.06363203805860544,0.10876913870094945,0.9907235621521335,0.9665738161559888,0.09650289799992606,0.0795663380026781,45,2028,,,,,,,,,,
linear_mac_matched,60,80,0.06291907699387549,0.1083559268668606,0.9916512059369202,0.9665738161559888,0.09810908000008567,0.08087305000253764,45,2028,,,,,,,,,,
linear_mac_matched,61,81,0.06228069232286469,0.10836414544876273,0.9907235621521335,0.9665738161559888,0.09981576400014092,0.08215602700238378,45,2028,,,,,,,,,,
linear_mac_matched,62,82,0.061715179476440875,0.10732324399524207,0.9916512059369202,0.9665738161559888,0.10158974900014073,0.08369006100247134,45,2028,,,,,,,,,,
linear_mac_matched,63,83,0.06108487232643164,0.1070322200813327,0.9916512059369202,0.9637883008356546,0.10319253599982403,0.08499549100270087,45,2028,,,,,,,,,,
linear_mac_matched,64,84,0.06062947743565132,0.10695584323467189,0.9897959183673469,0.9665738161559888,0.10494032199994763,0.08649236000292149,45,2028,,,,,,,,,,
linear_mac_matched,65,85,0.05991053004773544,0.10681770039914086,0.9925788497217068,0.9637883008356546,0.10654798699988532,0.08785936300319008,45,2028,,,,,,,,,,
linear_mac_matched,66,86,0.0593795770230193,0.10585698603403801,0.9925788497217068,0.9665738161559888,0.10825619299976097,0.08920911000313936,45,2028,,,,,,,,,,
linear_mac_matched,67,87,0.05878713515937618,0.10600831758652099,0.9916512059369202,0.9665738161559888,0.11027578599987464,0.09085092700297537,45,2028,,,,,,,,,,
linear_mac_matched,68,88,0.05814935238208119,0.10582341478862872,0.9916512059369202,0.9665738161559888,0.11187463799979014,0.0922088270031054,45,2028,,,,,,,,,,
linear_mac_matched,69,89,0.057638869537876586,0.1048418339669029,0.9925788497217068,0.9637883008356546,0.11354799099990487,0.09363500900326471,45,2028,,,,,,,,,,
linear_mac_matched,70,90,0.05709064765815507,0.10494478016192658,0.9925788497217068,0.9665738161559888,0.11550310799975705,0.09521543300343183,45,2028,,,,,,,,,,
linear_mac_matched,71,91,0.05659460805524117,0.10434714024872059,0.9925788497217068,0.9637883008356546,0.11713323699996181,0.09657428400350909,45,2028,,,,,,,,,,
linear_mac_matched,72,92,0.05602311589246311,0.10461097096694646,0.9935064935064936,0.9665738161559888,0.11852273399972546,0.09773273400378457,45,2028,,,,,,,,,,
linear_mac_matched,73,93,0.05546940253460974,0.10433258410181583,0.9935064935064936,0.9665738161559888,0.12045882199981861,0.09931917700396298,45,2028,,,,,,,,,,
linear_mac_matched,74,94,0.05514188864355697,0.10332615000694266,0.9916512059369202,0.9665738161559888,0.12200390299994979,0.10060705100386258,45,2028,,,,,,,,,,
linear_mac_matched,75,95,0.05457665651964594,0.10360110648793126,0.9944341372912802,0.9637883008356546,0.12353248899989921,0.10190173600403796,45,2028,,,,,,,,,,
linear_mac_matched,76,96,0.05410778753534944,0.10360242868454889,0.9935064935064936,0.9637883008356546,0.12551666899980773,0.1035422400036623,45,2028,,,,,,,,,,
linear_mac_matched,77,97,0.05386267483334648,0.1026717313892544,0.9907235621521335,0.9665738161559888,0.1271285299999363,0.10486275300354464,45,2028,,,,,,,,,,
linear_mac_matched,78,98,0.053483642733369786,0.10297025895478996,0.9925788497217068,0.9637883008356546,0.12866837299998224,0.1061388900034217,45,2028,,,,,,,,,,
linear_mac_matched,79,99,0.052798341982703466,0.10292481413286382,0.9944341372912802,0.9665738161559888,0.13059544799989453,0.1077177120032502,45,2028,,,,,,,,,,
linear_mac_matched,80,100,0.052227212001139146,0.10265088190393161,0.9935064935064936,0.9665738161559888,0.13227490100007344,0.10905468100327198,45,2028,,,,,,,,,,
linear_mac_matched,81,101,0.051711084722122984,0.10167577400040309,0.9944341372912802,0.9665738161559888,0.13394414799995502,0.11043193000341489,45,2028,,,,,,,,,,
linear_mac_matched,82,102,0.051214346388395546,0.10183012865110325,0.9944341372912802,0.9637883008356546,0.136233066999921,0.11236803800329653,45,2028,,,,,,,,,,
linear_mac_matched,83,103,0.050828013867816275,0.1011214656413759,0.9944341372912802,0.9665738161559888,0.1377639359998284,0.11364557700289879,45,2028,,,,,,,,,,
linear_mac_matched,84,104,0.05034867818825575,0.10123510745692509,0.9944341372912802,0.9665738161559888,0.13942942799985758,0.11505608600282358,45,2028,,,,,,,,,,
linear_mac_matched,85,105,0.049967896330221924,0.10130745183447315,0.9944341372912802,0.9665738161559888,0.14126919099999213,0.11664674500252659,45,2028,,,,,,,,,,
linear_mac_matched,86,106,0.049573754981008626,0.10096542837651608,0.9944341372912802,0.9637883008356546,0.14265366099971288,0.11780143000214593,45,2028,,,,,,,,,,
linear_mac_matched,87,107,0.04909893949128736,0.10062540792837026,0.9944341372912802,0.9665738161559888,0.14435557699971469,0.11926306600207681,45,2028,,,,,,,,,,
linear_mac_matched,88,108,0.048693303651932744,0.10011468334056053,0.9944341372912802,0.9665738161559888,0.14604648700014877,0.12066659500214882,45,2028,,,,,,,,,,
linear_mac_matched,89,109,0.048322160910209175,0.10001629642058427,0.9944341372912802,0.9665738161559888,0.14763213900005212,0.12201673300205584,45,2028,,,,,,,,,,
linear_mac_matched,90,110,0.04794727468606341,0.09958839591567328,0.9944341372912802,0.9637883008356546,0.14925889300002382,0.12334559900182285,45,2028,,,,,,,,,,
linear_mac_matched,91,111,0.047577808235647785,0.09966704941589816,0.9944341372912802,0.9665738161559888,0.15101568199997928,0.12450288700165402,45,2028,,,,,,,,,,
linear_mac_matched,92,112,0.04721498569512699,0.09957924274128961,0.9944341372912802,0.9637883008356546,0.15252353699997911,0.12577402600163623,45,2028,,,,,,,,,,
linear_mac_matched,93,113,0.046771933407754936,0.09937671282433777,0.9944341372912802,0.9665738161559888,0.15394329999980982,0.12694953200161763,45,2028,,,,,,,,,,
linear_mac_matched,94,114,0.046460130959519626,0.0992273388160178,0.9944341372912802,0.9637883008356546,0.15547076399980142,0.12822991500161152,45,2028,,,,,,,,,,
linear_mac_matched,95,115,0.046101220569867034,0.09889199132345416,0.9944341372912802,0.9665738161559888,0.1572605520000252,0.1297739350015945,45,2028,,,,,,,,,,
linear_mac_matched,96,116,0.0457660097422286,0.09887939492157666,0.9944341372912802,0.9637883008356546,0.15865120099988417,0.13093451800159528,45,2028,,,,,,,,,,
linear_mac_matched,97,117,0.045389777495267104,0.09820527618883723,0.9953617810760668,0.9665738161559888,0.16034749899972667,0.1323949720017481,45,2028,,,,,,,,,,
linear_mac_matched,98,118,0.04510977595389035,0.09822332984631171,0.9944341372912802,0.9665738161559888,0.1621683939997638,0.13393407400189972,45,2028,,,,,,,,,,
linear_mac_matched,99,119,0.04484817189520326,0.09832681769788973,0.9953617810760668,0.9637883008356546,0.1637056429999575,0.13523596000186444,45,2028,,,,,,,,,,
linear_mac_matched,100,120,0.04432720213950276,0.09759037592865193,0.9944341372912802,0.9665738161559888,0.1653503739998996,0.13663933800171435,45,2028,,,,,,,,,,
linear_mac_matched,101,121,0.04419072903434383,0.09735473880635082,0.9953617810760668,0.9665738161559888,0.16740681300007054,0.13840348800204083,45,2028,,,,,,,,,,
linear_mac_matched,102,122,0.04375759745076793,0.09815671221967157,0.9953617810760668,0.9637883008356546,0.16894274000014775,0.1396936060018561,45,2028,,,,,,,,,,
linear_mac_matched,103,123,0.04358828140164234,0.09749825878313322,0.9953617810760668,0.9693593314763231,0.17062577799970313,0.1411346200020489,45,2028,,,,,,,,,,
linear_mac_matched,104,124,0.043120703448627076,0.09729057739400926,0.9953617810760668,0.9665738161559888,0.17241555600003267,0.14268221500196887,45,2028,,,,,,,,,,
linear_mac_matched,105,125,0.04268249454995141,0.09641057986541327,0.9962894248608535,0.9665738161559888,0.17391845399970407,0.14387940400229127,45,2028,,,,,,,,,,
linear_mac_matched,106,126,0.04235749869930069,0.09675540749594148,0.9953617810760668,0.9665738161559888,0.1756480819999524,0.14536891100215144,45,2028,,,,,,,,,,
linear_mac_matched,107,127,0.042235187147439575,0.0976598688471278,0.9953617810760668,0.9665738161559888,0.17740329899970675,0.14688517900185616,45,2028,,,,,,,,,,
linear_mac_matched,108,128,0.041798391722382214,0.09622043356739822,0.9962894248608535,0.9665738161559888,0.1790798970000651,0.1482276050019209,45,2028,,,,,,,,,,
linear_mac_matched,109,129,0.0414302610826149,0.09683449200663787,0.9953617810760668,0.9665738161559888,0.18084844399982103,0.14968856000177766,45,2028,,,,,,,,,,
linear_mac_matched,110,130,0.04109127262924633,0.09601537428486416,0.9962894248608535,0.9665738161559888,0.18256974999985687,0.1511720380017323,45,2028,,,,,,,,,,
linear_mac_matched,111,131,0.040800518959913094,0.09585181347578034,0.9972170686456401,0.9665738161559888,0.18415684299998247,0.15249882100169998,45,2028,,,,,,,,,,
linear_mac_matched,112,132,0.04050415155816554,0.09606392473199361,0.9962894248608535,0.9693593314763231,0.18588533000001917,0.15393329600192374,45,2028,,,,,,,,,,
linear_mac_matched,113,133,0.04022828115951363,0.09554841525268395,0.9972170686456401,0.9665738161559888,0.187623670999983,0.15543503200206032,45,2028,,,,,,,,,,
linear_mac_matched,114,134,0.039997376005346835,0.09510308479342251,0.9962894248608535,0.9665738161559888,0.18951602300012382,0.15707374300200172,45,2028,,,,,,,,,,
linear_mac_matched,115,135,0.039818157764475545,0.09634746995762998,0.9972170686456401,0.9637883008356546,0.19147948299996642,0.1586780330021611,45,2028,,,,,,,,,,
linear_mac_matched,116,136,0.039414064287545424,0.095504061545083,0.9962894248608535,0.9665738161559888,0.1930714239997542,0.15999576200238153,45,2028,,,,,,,,,,
linear_mac_matched,117,137,0.03909257284859187,0.0950195980063051,0.9972170686456401,0.9665738161559888,0.1946358139998665,0.16132167400246544,45,2028,,,,,,,,,,
linear_mac_matched,118,138,0.03882194850474149,0.09505673724654506,0.9972170686456401,0.9665738161559888,0.19645955299984053,0.16289868300236776,45,2028,,,,,,,,,,
linear_mac_matched,119,139,0.03860312165332712,0.09458696129672411,0.9962894248608535,0.9665738161559888,0.1982566719998431,0.16434217100231763,45,2028,,,,,,,,,,
linear_mac_matched,120,140,0.038335976715939316,0.09535513037496006,0.9972170686456401,0.9665738161559888,0.19985568399988551,0.16570672000261766,45,2028,,,,,,,,,,
linear_mac_matched,121,141,0.03810921415191651,0.09445841991451868,0.9972170686456401,0.9693593314763231,0.20188534299995808,0.1672473640028329,45,2028,,,,,,,,,,
linear_mac_matched,122,142,0.03776572236672053,0.09466295467923876,0.9972170686456401,0.9665738161559888,0.20350303299983352,0.16862790700270125,45,2028,,,,,,,,,,
linear_mac_matched,123,143,0.037553608419368195,0.09463119031084766,0.9972170686456401,0.9665738161559888,0.20487320099982753,0.16976993300295362,45,2028,,,,,,,,,,
linear_mac_matched,124,144,0.03736879338585904,0.09480809070955411,0.9972170686456401,0.9637883008356546,0.2066354290000163,0.17129520400294496,45,2028,,,,,,,,,,
linear_mac_matched,125,145,0.03706923179711045,0.09401673313621722,0.9972170686456401,0.9665738161559888,0.20824164099985865,0.17266575300254772,45,2028,,,,,,,,,,
linear_mac_matched,126,146,0.03680344289066237,0.09377561125559249,0.9972170686456401,0.9665738161559888,0.20977453399973456,0.1739610090021415,45,2028,,,,,,,,,,
linear_mac_matched,127,147,0.03679373390073064,0.09512609137364532,0.9972170686456401,0.9637883008356546,0.21188222999990103,0.17570031100240158,45,2028,,,,,,,,,,
linear_mac_matched,128,148,0.03642633764870005,0.09312320800031416,0.9972170686456401,0.9665738161559888,0.21404465800014805,0.17748287800213802,45,2028,,,,,,,,,,
linear_mac_matched,129,149,0.03608833270627284,0.09436126297290875,0.9972170686456401,0.9665738161559888,0.21604337000007945,0.1790634920021148,45,2028,,,,,,,,,,
linear_mac_matched,130,150,0.03580906711279401,0.09342431826555399,0.9972170686456401,0.9665738161559888,0.21815913799991904,0.18069015500213936,45,2028,,,,,,,,,,
linear_mac_matched,131,151,0.03555752776578117,0.09367088817440762,0.9972170686456401,0.9665738161559888,0.2202267140000913,0.18236001300192584,45,2028,,,,,,,,,,
linear_mac_matched,132,152,0.035391143805048215,0.09287455676373818,0.9972170686456401,0.9665738161559888,0.2220625720001408,0.18389437800215092,45,2028,,,,,,,,,,
linear_mac_matched,133,153,0.03515420746332158,0.09332552996419319,0.9972170686456401,0.9637883008356546,0.22415851000005205,0.18564506800203162,45,2028,,,,,,,,,,
linear_mac_matched,134,154,0.03490361848283421,0.09357248137656493,0.9972170686456401,0.9665738161559888,0.22581631000002744,0.18697287200211576,45,2028,,,,,,,,,,
linear_mac_matched,135,155,0.03463515452976615,0.09299807996827068,0.9972170686456401,0.9665738161559888,0.2276045769999655,0.1885215280021839,45,2028,,,,,,,,,,
linear_mac_matched,136,156,0.03444044819855449,0.09311433200356622,0.9972170686456401,0.9665738161559888,0.22937437500013402,0.18997711400243134,45,2028,,,,,,,,,,
linear_mac_matched,137,157,0.034198552063160685,0.09274978461842999,0.9972170686456401,0.9665738161559888,0.23120489399980215,0.1913865710025675,45,2028,,,,,,,,,,
linear_mac_matched,138,158,0.03415786656538797,0.09321079328683005,0.9972170686456401,0.9637883008356546,0.2329251880000811,0.19277304300248943,45,2028,,,,,,,,,,
linear_mac_matched,139,159,0.033823598823392836,0.09265625759858027,0.9972170686456401,0.9665738161559888,0.2350858239997251,0.19446685700268063,45,2028,,,,,,,,,,
linear_mac_matched,140,160,0.03353838059292988,0.0927800797494558,0.9972170686456401,0.9665738161559888,0.2369336699998712,0.1959719080027753,45,2028,,,,,,,,,,
linear_mac_matched,141,161,0.03332224807625929,0.09198004643140203,0.9972170686456401,0.9665738161559888,0.23950695099983932,0.1975219470027696,45,2028,,,,,,,,,,
linear_mac_matched,142,162,0.03310874408964029,0.09232833362565908,0.9972170686456401,0.9665738161559888,0.24129441500008397,0.19886410300250645,45,2028,,,,,,,,,,
linear_mac_matched,143,163,0.03293998719031381,0.09268991245839825,0.9972170686456401,0.9665738161559888,0.2429574429997956,0.20023612400245838,45,2028,,,,,,,,,,
linear_mac_matched,144,164,0.03267775737035471,0.0924591607602944,0.9972170686456401,0.9637883008356546,0.2451350339997589,0.20201315300255374,45,2028,,,,,,,,,,
linear_mac_matched,145,165,0.03249888282634157,0.09226664310754622,0.9972170686456401,0.9637883008356546,0.24750157900007252,0.20406259200262866,45,2028,,,,,,,,,,
linear_mac_matched,146,166,0.03240075017581894,0.092617380987108,0.9972170686456401,0.9637883008356546,0.25063500599981126,0.20638751400292676,45,2028,,,,,,,,,,
linear_mac_matched,147,167,0.03217442292462315,0.09135966568549089,0.9972170686456401,0.9665738161559888,0.25267074399971534,0.20811116400318497,45,2028,,,,,,,,,,
linear_mac_matched,148,168,0.03189519101689792,0.09191867844274634,0.9972170686456401,0.9665738161559888,0.25640237400011756,0.21152320400324243,45,2028,,,,,,,,,,
linear_mac_matched,149,169,0.03173474749965814,0.091686477057519,0.9972170686456401,0.9637883008356546,0.2579154259997267,0.21278118300324422,45,2028,,,,,,,,,,
linear_mac_matched,150,170,0.03151206523999418,0.09127388779437713,0.9972170686456401,0.9665738161559888,0.25974809899980755,0.21436481100317906,45,2028,,,,,,,,,,
linear_mac_matched,151,171,0.03134796218351776,0.09170676998501329,0.9972170686456401,0.9637883008356546,0.26126997499977733,0.21564261100320437,45,2028,,,,,,,,,,
linear_mac_matched,152,172,0.031228206164215698,0.09192425223068586,0.9972170686456401,0.9637883008356546,0.2641302470001392,0.21785058300292803,45,2028,,,,,,,,,,
linear_mac_matched,153,173,0.031039297359920014,0.09071193050625118,0.9972170686456401,0.9665738161559888,0.2672642749998886,0.220440053002676,45,2028,,,,,,,,,,
linear_mac_matched,154,174,0.03071556073883322,0.09140387112234179,0.9972170686456401,0.9665738161559888,0.2699114209999607,0.2225842630027728,45,2028,,,,,,,,,,
linear_mac_matched,155,175,0.030586284755937637,0.09086875239634991,0.9972170686456401,0.9665738161559888,0.2715292110001428,0.22384399500288055,45,2028,,,,,,,,,,
linear_mac_matched,156,176,0.03036624433653014,0.09120723287722897,0.9972170686456401,0.9665738161559888,0.2735396009998112,0.2254846400032875,45,2028,,,,,,,,,,
linear_mac_matched,157,177,0.030249019625406607,0.09110254132109284,0.9972170686456401,0.9665738161559888,0.275723681999807,0.22734768900318159,45,2028,,,,,,,,,,
linear_mac_matched,158,178,0.03000194593790458,0.09066232080627011,0.9972170686456401,0.9665738161559888,0.27779703599981076,0.22914231500317328,45,2028,,,,,,,,,,
linear_mac_matched,159,179,0.02993110678091255,0.09071435778899882,0.9972170686456401,0.9637883008356546,0.28214582900000096,0.23310888400283147,45,2028,,,,,,,,,,
linear_mac_matched,160,180,0.029639553841521244,0.09081459602556319,0.9972170686456401,0.9637883008356546,0.2853793859999314,0.23574374200279635,45,2028,,,,,,,,,,
linear_mac_matched,161,181,0.02947776377013024,0.091208791525066,0.9972170686456401,0.9637883008356546,0.28793599599976005,0.23778308600321907,45,2028,,,,,,,,,,
linear_mac_matched,162,182,0.02927260469955087,0.09019219767505687,0.9972170686456401,0.9665738161559888,0.29047386799993546,0.24003538900296917,45,2028,,,,,,,,,,
linear_mac_matched,163,183,0.02912715933019146,0.09065114396235574,0.9972170686456401,0.9665738161559888,0.292480562000037,0.2417939010028931,45,2028,,,,,,,,,,
linear_mac_matched,164,184,0.028927262681004987,0.09078773426191072,0.9972170686456401,0.9637883008356546,0.294204131999777,0.24319613700254195,45,2028,,,,,,,,,,
linear_mac_matched,165,185,0.02886674812408838,0.09060939502733156,0.9972170686456401,0.9637883008356546,0.2963409009998941,0.24504291100265618,45,2028,,,,,,,,,,
linear_mac_matched,166,186,0.028657372103092892,0.09091844826162751,0.9972170686456401,0.9665738161559888,0.2982487270001002,0.24650137100297798,45,2028,,,,,,,,,,
linear_mac_matched,167,187,0.02844719178518084,0.09005942419177997,0.9972170686456401,0.9637883008356546,0.30003890599982697,0.2479145940028502,45,2028,,,,,,,,,,
linear_mac_matched,168,188,0.028318973263371794,0.09043898976665815,0.9972170686456401,0.9665738161559888,0.3022415440000259,0.2497907520028093,45,2028,,,,,,,,,,
linear_mac_matched,169,189,0.02811360045068442,0.09087718261781251,0.9972170686456401,0.9637883008356546,0.30460399300000063,0.251858548002474,45,2028,,,,,,,,,,
linear_mac_matched,170,190,0.027890416187713016,0.09056588565967806,0.9972170686456401,0.9637883008356546,0.3073915099998885,0.25312034400212724,45,2028,,,,,,,,,,
linear_mac_matched,171,191,0.0277504971271078,0.08974085939154589,0.9972170686456401,0.9637883008356546,0.31084947499994087,0.25540041900239885,45,2028,,,,,,,,,,
linear_mac_matched,172,192,0.027559878170552842,0.09011576279845829,0.9972170686456401,0.9637883008356546,0.3131817180001235,0.25743322300240834,45,2028,,,,,,,,,,
linear_mac_matched,173,193,0.027432598660162243,0.08989378351011632,0.9972170686456401,0.9665738161559888,0.31789826199974414,0.2609860900024614,45,2028,,,,,,,,,,
linear_mac_matched,174,194,0.027286153874650897,0.09009075097080932,0.9972170686456401,0.9665738161559888,0.3235087600000952,0.26552051200224014,45,2028,,,,,,,,,,
linear_mac_matched,175,195,0.02712888531810818,0.09013899118095044,0.9972170686456401,0.9665738161559888,0.3307859910000843,0.2715783710023061,45,2028,,,,,,,,,,
linear_mac_matched,176,196,0.0270756809516054,0.08898221938834716,0.9972170686456401,0.9665738161559888,0.3338282109998545,0.27424039000243283,45,2028,,,,,,,,,,
linear_mac_matched,177,197,0.026819903582089872,0.09020718517648743,0.9972170686456401,0.9637883008356546,0.3354611740001019,0.2756222960024388,45,2028,,,,,,,,,,
linear_mac_matched,178,198,0.02664203817527915,0.08933311837446162,0.9972170686456401,0.9637883008356546,0.3370431399998779,0.2769063250025283,45,2028,,,,,,,,,,
linear_mac_matched,179,199,0.026577266059779444,0.08988815794133012,0.9972170686456401,0.9610027855153204,0.3390910969997094,0.2786304750029558,45,2028,,,,,,,,,,
linear_mac_matched,180,200,0.026435537866445348,0.08896743326457277,0.9972170686456401,0.9665738161559888,0.34051113999976224,0.279812911002864,45,2028,,,,,,,,,,
linear_mac_matched,181,201,0.026229638511514133,0.08971146217282983,0.9972170686456401,0.9637883008356546,0.34231130399984977,0.28120657500267043,45,2028,,,,,,,,,,
linear_mac_matched,182,202,0.026066964601432784,0.08849304523414363,0.9972170686456401,0.9665738161559888,0.3437853579998773,0.2824379150029017,45,2028,,,,,,,,,,
linear_mac_matched,183,203,0.02594515800265568,0.08895105378039878,0.9972170686456401,0.9665738161559888,0.3451715599999261,0.2835787080030059,45,2028,,,,,,,,,,
linear_mac_matched,184,204,0.02575099112404844,0.09015858625767789,0.9972170686456401,0.9637883008356546,0.34689986600005795,0.2850398030032011,45,2028,,,,,,,,,,
linear_mac_matched,185,205,0.02561466679723924,0.08991293291661942,0.9972170686456401,0.9637883008356546,0.3493670919997385,0.28725733400324316,45,2028,,,,,,,,,,
linear_mac_matched,186,206,0.02548785019075987,0.08819630115863608,0.9972170686456401,0.9665738161559888,0.35134651499993197,0.2888478730033057,45,2028,,,,,,,,,,
linear_mac_matched,187,207,0.02527673461590434,0.08916981879715712,0.9972170686456401,0.9637883008356546,0.3527847259997543,0.29005080000342787,45,2028,,,,,,,,,,
linear_mac_matched,188,208,0.02521023818445953,0.08888286593987758,0.9972170686456401,0.9637883008356546,0.35418683199986845,0.2912038220033537,45,2028,,,,,,,,,,
linear_mac_matched,189,209,0.025013885874190782,0.0891301275953267,0.9972170686456401,0.9665738161559888,0.3561555789997328,0.29268656900330825,45,2028,,,,,,,,,,
linear_mac_matched,190,210,0.024842185941892955,0.08878677164677455,0.9972170686456401,0.9637883008356546,0.3582452679997914,0.2944754860031935,45,2028,,,,,,,,,,
linear_mac_matched,191,211,0.024749987534308755,0.08895188128806682,0.9972170686456401,0.9637883008356546,0.36074514299980365,0.29672668800321844,45,2028,,,,,,,,,,
linear_mac_matched,192,212,0.02464107615072304,0.0891714006610917,0.9972170686456401,0.9665738161559888,0.3627390779997768,0.29846954600316167,45,2028,,,,,,,,,,
moe_no_balance,0,20,0.1809683669765068,0.1885704794836349,0.963821892393321,0.9637883008356546,0.0019327129998600867,0.0,45,2028,1.1668941382955338,0.1809683669765068,0.9838426502142393,0.9898378551873418,1.6987518983986637e-18,0.0,0.5,0.031076066790352505,0.462430426716141,0.006493506493506494
moe_no_balance,1,21,0.17343537563475075,0.17853623102498847,0.9647495361781077,0.9637883008356546,0.02142726100009895,0.011961025999880803,45,2028,1.1086082628641445,0.17343537563475075,0.986588124926729,0.9858990780121931,,,0.4995361781076067,0.1637291280148423,0.2592764378478664,0.0774582560296846
moe_no_balance,2,22,0.1642355014991727,0.17500288928572041,0.9693877551020408,0.9610027855153204,0.03409384799988402,0.020839301999785675,45,2028,1.2047993789772289,0.1642355014991727,0.9669994551000471,0.9674765634349488,,,0.5,0.16048237476808905,0.3385899814471243,0.0009276437847866419
moe_no_balance,3,23,0.1543771376085058,0.1678663844665161,0.9712430426716141,0.9610027855153204,0.048455175000071904,0.03181434199996147,45,2028,1.1251744665094257,0.1543771376085058,0.9784936197160208,0.9964730528390238,,,0.41233766233766234,0.287569573283859,0.30009276437847865,0.0
moe_no_balance,4,24,0.15529828786013355,0.16695677963865746,0.9703153988868275,0.9610027855153204,0.05874715499976446,0.03945403700026873,45,2028,1.289014712079779,0.15529828786013355,0.9469801437230742,0.9575070891026117,,,0.05658627087198516,0.44341372912801486,0.5,0.0
moe_no_balance,5,25,0.14772752449040347,0.1585906583897322,0.9712430426716141,0.9610027855153204,0.06768800400004693,0.04602298400050131,45,2028,1.344713700961282,0.14772752449040347,0.9360674674744007,0.9558646277909437,,,0.013914656771799629,0.48608534322820035,0.5,0.0
moe_no_balance,6,26,0.14010726278636865,0.15428035865705897,0.9730983302411874,0.9637883008356546,0.07725092900000163,0.05328653500055225,45,2028,1.3525230419118524,0.14010726278636865,0.9280497689588595,0.9429340958654688,,,0.02040816326530612,0.47959183673469385,0.5,0.0
moe_no_balance,7,27,0.1329380783102609,0.14850859554451884,0.974025974025974,0.9693593314763231,0.08658134400002382,0.06043414100031441,45,2028,1.350773719879364,0.1329380783102609,0.926049933343045,0.938697948005358,,,0.022263450834879406,0.4782003710575139,0.4995361781076067,0.0
moe_no_balance,8,28,0.12656523482183182,0.14519428083556216,0.9758812615955473,0.9610027855153204,0.0971428590000869,0.06880865000039194,45,2028,1.3474986281954586,0.12656523482183182,0.9176948709293683,0.9245172201604176,,,0.04359925788497217,0.4554730983302412,0.4995361781076067,0.0013914656771799629
moe_no_balance,9,29,0.1211004369962045,0.14181616034277625,0.9777365491651205,0.9665738161559888,0.10950203899983535,0.0789387020004142,45,2028,1.3479062801869717,0.1211004369962045,0.9167037106362262,0.9215007604220599,,,0.034786641929499075,0.46567717996289426,0.49536178107606677,0.004174397031539889
moe_no_balance,10,30,0.11614076695898151,0.13782738079162646,0.9805194805194806,0.9665738161559888,0.12015958799975124,0.08622045100037212,45,2028,1.34070789296961,0.11614076695898151,0.9062971812830555,0.9061705516269682,,,0.06354359925788497,0.42857142857142855,0.49814471243042674,0.00974025974025974
moe_no_balance,11,31,0.11143741675061612,0.1337985347810999,0.9805194805194806,0.9693593314763231,0.13162370800000645,0.09496786000045176,45,2028,1.3475703625357038,0.11143741675061612,0.9051464465434568,0.9043584950691397,,,0.025510204081632654,0.462430426716141,0.4837662337662338,0.02829313543599258
moe_no_balance,12,32,0.10756781976974895,0.13198686578223673,0.9805194805194806,0.9693593314763231,0.1444171049997749,0.10433349800041469,45,2028,1.3597478088768493,0.10756781976974895,0.8929210592708944,0.8943537690643651,,,0.046846011131725415,0.4322820037105751,0.4958256029684601,0.02504638218923933
moe_no_balance,13,33,0.10287516794499492,0.12507319613944973,0.9805194805194806,0.9693593314763231,0.1574553499999638,0.1140181950004262,45,2028,1.2997652000937714,0.10287516794499492,0.897687691833416,0.8903794787482869,,,0.08163265306122448,0.4397031539888683,0.449443413729128,0.02922077922077922
moe_no_balance,14,34,0.09927668603552499,0.1263732069447677,0.9833024118738405,0.9749303621169917,0.1683866600001238,0.12227806200053237,45,2028,1.3461368927895985,0.09927668603552499,0.8790103170689763,0.8821937783468669,,,0.0774582560296846,0.400278293135436,0.4911873840445269,0.031076066790352505
moe_no_balance,15,35,0.09532596138820898,0.12282815670627395,0.9814471243042672,0.9693593314763231,0.1780876069997248,0.12965237400067053,45,2028,1.3212777994820923,0.09532596138820898,0.878871554845565,0.8753116044058652,,,0.03571428571428571,0.4318181818181818,0.4559369202226345,0.07653061224489796
moe_no_balance,16,36,0.09184498627614254,0.12229968812044699,0.9842300556586271,0.9721448467966574,0.18880392399978518,0.1380889670003853,45,2028,1.3773311288603176,0.09184498627614254,0.8598664375628117,0.8705965672560285,,,0.06354359925788497,0.4165120593692022,0.48840445269016697,0.03153988868274583
moe_no_balance,17,37,0.08662260608301152,0.12014718919692388,0.9842300556586271,0.9749303621169917,0.19768622599985974,0.1446040140003788,45,2028,1.3299173599381258,0.08662260608301152,0.8618490172995694,0.8633932432500443,,,0.04591836734693878,0.4230055658627087,0.4550092764378479,0.07606679035250463
moe_no_balance,18,38,0.08514993973168958,0.1154668309314058,0.987012987012987,0.9749303621169917,0.206427647000055,0.1512303770005019,45,2028,1.4020834607382715,0.08514993973168958,0.8376784242153678,0.8541343337938408,,,0.05612244897959184,0.4327458256029685,0.4777365491651206,0.03339517625231911
moe_no_balance,19,39,0.08200159485058194,0.11407196567562151,0.9851576994434137,0.9693593314763231,0.21468629199989664,0.15716362900047898,45,2028,1.3972571854287437,0.08200159485058194,0.8283379561571307,0.8472921096407887,,,0.08302411873840446,0.43460111317254174,0.46289424860853434,0.01948051948051948
moe_no_balance,20,40,0.07767553767630715,0.11421599302155151,0.987012987012987,0.9693593314763231,0.22229640299974562,0.16289064200054781,45,2028,1.3852735478949258,0.07767553767630715,0.8290507606173698,0.844631166726158,0.011936968335131505,0.0,0.04081632653061224,0.42207792207792205,0.47309833024118736,0.0640074211502783
moe_no_balance,21,41,0.07536282194242297,0.11162040226203737,0.9879406307977736,0.9721448467966574,0.23349471399978938,0.16933213800075464,45,2028,1.4077835599661905,0.07536282194242297,0.8167995710043258,0.8370481386113082,,,0.03896103896103896,0.4253246753246753,0.47634508348794063,0.059369202226345084
moe_no_balance,22,42,0.07287048831107529,0.11404468479963892,0.9860853432282004,0.9693593314763231,0.24234882400014612,0.17610465100051442,45,2028,1.3352789713443045,0.07287048831107529,0.8278212042472775,0.8386574572691166,,,0.044990723562152134,0.40816326530612246,0.4485157699443414,0.09833024118738404
moe_no_balance,23,43,0.0709992198441342,0.10786777762679955,0.9888682745825603,0.9749303621169917,0.2552932180001335,0.18664474300021539,45,2028,1.3715853948389223,0.0709992198441342,0.8090431044920247,0.8239939429995686,,,0.03525046382189239,0.4206864564007421,0.4517625231910946,0.09230055658627087
moe_no_balance,24,44,0.06822019305341485,0.10735588606717543,0.9879406307977736,0.9721448467966574,0.2644089109999186,0.19391877999987628,45,2028,1.404557074952244,0.06822019305341485,0.7996590232148431,0.8248451890551239,,,0.032467532467532464,0.41697588126159557,0.4749536178107607,0.07560296846011132
moe_no_balance,25,45,0.06651096177230781,0.11163530998429756,0.9879406307977736,0.9665738161559888,0.2730908720000116,0.20052278000002843,45,2028,1.3684266580542919,0.06651096177230781,0.8000892413399716,0.8173969341653405,,,0.04591836734693878,0.4155844155844156,0.4536178107606679,0.08487940630797773
moe_no_balance,26,46,0.06458416279496791,0.10293142973230508,0.9897959183673469,0.9693593314763231,0.28119346299990866,0.20666184200035786,45,2028,1.4334785277892819,0.06458416279496791,0.7765018042046683,0.8099799105121628,,,0.019016697588126158,0.4230055658627087,0.47634508348794063,0.08163265306122448
moe_no_balance,27,47,0.065229267112456,0.10760902243731829,0.9888682745825603,0.9665738161559888,0.2896784579997984,0.21302327700050228,45,2028,1.3328700016765176,0.065229267112456,0.7993759122411292,0.8159645783138423,,,0.04916512059369202,0.4035250463821892,0.4383116883116883,0.10899814471243043
moe_no_balance,28,48,0.06146132960105673,0.1076369093052624,0.9925788497217068,0.9665738161559888,0.29876871199985544,0.21966158800069024,45,2028,1.389354580323165,0.06146132960105673,0.7783572152209457,0.8020764572885976,,,0.04081632653061224,0.41929499072356213,0.45269016697588127,0.08719851576994433
moe_no_balance,29,49,0.05944876289808409,0.10766132160160573,0.9907235621521335,0.9665738161559888,0.3079595879999033,0.22630342500042389,45,2028,1.430729490931845,0.05944876289808409,0.7607807001075487,0.7966398943928054,,,0.03200371057513915,0.4206864564007421,0.46985157699443414,0.0774582560296846
moe_no_balance,30,50,0.05656074023346406,0.10433007371913715,0.9925788497217068,0.9637883008356546,0.3166104530000666,0.23295184200060248,45,2028,1.4097563841811638,0.05656074023346406,0.7548209954117762,0.7873717260759098,,,0.02922077922077922,0.4174397031539889,0.4582560296846011,0.0950834879406308
moe_no_balance,31,51,0.055691878224180806,0.09979515631747538,0.9944341372912802,0.9721448467966574,0.32540757700007816,0.23970215200051825,45,2028,1.4194812661729066,0.055691878224180806,0.7480155344854237,0.7875582003129954,,,0.020871985157699443,0.41465677179962895,0.4642857142857143,0.10018552875695733
moe_no_balance,32,52,0.05470127807900284,0.10193261656037689,0.9944341372912802,0.9637883008356546,0.33358448999979373,0.24565173900055015,45,2028,1.3949095040614534,0.05470127807900284,0.7466370357567071,0.7790647205018457,,,0.029684601113172542,0.4137291280148423,0.4466604823747681,0.10992578849721707
moe_no_balance,33,53,0.053585565421794365,0.09943993106253361,0.9953617810760668,0.9637883008356546,0.34220921499991164,0.2520325840005171,45,2028,1.3899914174712267,0.053585565421794365,0.7450509307376743,0.7775102104221192,,,0.03849721706864564,0.413265306122449,0.44341372912801486,0.10482374768089053
moe_no_balance,34,54,0.05159875626041226,0.09924693510856705,0.9953617810760668,0.9693593314763231,0.35191478399974585,0.25941905900072015,45,2028,1.4256550260105094,0.05159875626041226,0.7383417968180755,0.7837817054882995,,,0.02411873840445269,0.4114100185528757,0.4675324675324675,0.09693877551020408
moe_no_balance,35,55,0.049926471476243676,0.09605001391170973,0.9953617810760668,0.9665738161559888,0.3621900680000181,0.2675267870008611,45,2028,1.3919823697532878,0.049926471476243676,0.7335221108314426,0.7723459916746857,,,0.026901669758812616,0.4090909090909091,0.4420222634508349,0.12198515769944342
moe_no_balance,36,56,0.048454118329545014,0.09520822336190896,0.9953617810760668,0.9665738161559888,0.3737754710000445,0.2755802340006994,45,2028,1.4012050242163832,0.048454118329545014,0.7302238686423529,0.7696011001759102,,,0.032467532467532464,0.413265306122449,0.44434137291280146,0.10992578849721707
moe_no_balance,37,57,0.046719908876286284,0.09085494401820834,0.9953617810760668,0.9721448467966574,0.38628937800012864,0.28472085500106914,45,2028,1.4019425892307027,0.046719908876286284,0.7284543513972052,0.7750773922321831,,,0.02040816326530612,0.40584415584415584,0.45269016697588127,0.12105751391465677
moe_no_balance,38,58,0.04700768983212425,0.09155796906138002,0.9953617810760668,0.9721448467966574,0.39452775300014764,0.29097572100090474,45,2028,1.35846020240042,0.04700768983212425,0.7368965166640381,0.7788682132843301,,,0.03339517625231911,0.3970315398886827,0.4322820037105751,0.137291280148423
moe_no_balance,39,59,0.0448591333178568,0.09266283486690427,0.9953617810760668,0.9693593314763231,0.403476474999934,0.29788422800083936,45,2028,1.3857548109933095,0.0448591333178568,0.7256583409273766,0.7744271959228892,,,0.021335807050092765,0.39981447124304265,0.44712430426716143,0.13172541743970315
moe_no_balance,40,60,0.04428503654885161,0.09032381316683456,0.9953617810760668,0.9693593314763231,0.4136546639997505,0.3049813590005215,45,2028,1.3682890060925217,0.04428503654885161,0.7282378993855806,0.7794779694496722,0.011295150174252666,0.0,0.01948051948051948,0.39471243042671617,0.4383116883116883,0.14749536178107606
moe_no_balance,41,61,0.042533853933789646,0.08582522947039162,0.9953617810760668,0.9749303621169917,0.4333288719999473,0.31524377900041145,45,2028,1.37136779099153,0.042533853933789646,0.7250695760684067,0.7786255315341908,,,0.01948051948051948,0.39564007421150277,0.4383116883116883,0.14656771799628943
moe_no_balance,42,62,0.041547474516035285,0.0865107691132596,0.9953617810760668,0.9777158774373259,0.4453387419998762,0.3230652070005817,45,2028,1.3554012583387942,0.041547474516035285,0.7288055790972723,0.7852116424579106,,,0.01948051948051948,0.39007421150278293,0.4332096474953618,0.1572356215213358
moe_no_balance,43,63,0.0410410113012681,0.08562350537716079,0.9953617810760668,0.9777158774373259,0.4570845260000169,0.33286735100045917,45,2028,1.328673896421355,0.0410410113012681,0.7282893908087136,0.7802214733666977,,,0.025974025974025976,0.38821892393320967,0.40862708719851576,0.17717996289424862
moe_no_balance,44,64,0.04026871275377852,0.08380520170372377,0.9953617810760668,0.9749303621169917,0.46771906999993007,0.3412256870001329,45,2028,1.3175829954254492,0.04026871275377852,0.7294873569158281,0.7857437467249156,,,0.020871985157699443,0.37894248608534326,0.4100185528756957,0.1901669758812616
moe_no_balance,45,65,0.039339512255991,0.08439908133490817,0.9953617810760668,0.9777158774373259,0.48128437700006543,0.351406419000341,45,2028,1.3243204011945475,0.039339512255991,0.7242989344006867,0.7796846194038914,,,0.02736549165120594,0.38404452690166974,0.41233766233766234,0.17625231910946196
moe_no_balance,46,66,0.038117175955737714,0.08198950634870115,0.9962894248608535,0.9749303621169917,0.49448560099972383,0.36206685200068023,45,2028,1.3402698747285353,0.038117175955737714,0.7183823375742482,0.7787958928119716,,,0.023191094619666047,0.38589981447124305,0.4225417439703154,0.1683673469387755
moe_no_balance,47,67,0.037039984480632546,0.08230871295656043,0.9962894248608535,0.9777158774373259,0.5044491989997368,0.3699699040002997,45,2028,1.3409854639546392,0.037039984480632546,0.7169002489865944,0.7814623555557884,,,0.019944341372912802,0.38358070500927643,0.4253246753246753,0.17115027829313545
moe_no_balance,48,68,0.036929128179135864,0.08238001203095521,0.9962894248608535,0.9749303621169917,0.5132418279999911,0.37657805200024086,45,2028,1.3138547789909951,0.036929128179135864,0.7193055763377613,0.7821180415755501,,,0.02365491651205937,0.37894248608534326,0.4039888682745826,0.19341372912801486
moe_no_balance,49,69,0.03740419453042676,0.07972999583208455,0.9944341372912802,0.9721448467966574,0.5227062159997331,0.38347679600019546,45,2028,1.2879926048522317,0.03740419453042676,0.7294247228283316,0.796779931634426,,,0.022263450834879406,0.3678107606679035,0.39471243042671617,0.21521335807050093
moe_no_balance,50,70,0.03621784794175121,0.08029570593738916,0.9953617810760668,0.9777158774373259,0.5398883230000138,0.39816485700021076,45,2028,1.3064769328159924,0.03621784794175121,0.7144823551219188,0.7832995582550724,,,0.020871985157699443,0.37569573283859,0.39471243042671617,0.20871985157699444
moe_no_balance,51,71,0.03429396405527842,0.07981668394964964,0.9962894248608535,0.9777158774373259,0.5524636699997245,0.4083076390002134,45,2028,1.3252723778437334,0.03429396405527842,0.7125126631322666,0.7859834857979372,,,0.018089053803339517,0.3761595547309833,0.4179035250463822,0.187847866419295
moe_no_balance,52,72,0.03372032822972086,0.07872599162374322,0.9962894248608535,0.9777158774373259,0.5626623309999559,0.4154569590000392,45,2028,1.2928287294425709,0.03372032822972086,0.7225666365068872,0.7986813414588477,,,0.018089053803339517,0.36363636363636365,0.4039888682745826,0.21428571428571427
moe_no_balance,53,73,0.03387330722252187,0.07789791527372383,0.9962894248608535,0.9777158774373259,0.5737700979998408,0.42423824099978447,45,2028,1.2783081056659016,0.03387330722252187,0.7202154574151101,0.7933995451248381,,,0.022263450834879406,0.3650278293135436,0.38358070500927643,0.22912801484230055
moe_no_balance,54,74,0.032810681173181235,0.07502868961627959,0.9962894248608535,0.9832869080779945,0.5834753369999817,0.43154755199975625,45,2028,1.2722992749980966,0.032810681173181235,0.7251967524779914,0.8050140516959208,,,0.018089053803339517,0.3589981447124304,0.38358070500927643,0.23933209647495363
moe_no_balance,55,75,0.03309168135436538,0.07406735671467246,0.9962894248608535,0.9832869080779945,0.5987855319999653,0.44433612800003175,45,2028,1.258998184217428,0.03309168135436538,0.7225449481757579,0.8007234173381738,,,0.021799628942486084,0.36038961038961037,0.35435992578849723,0.2634508348794063
moe_no_balance,56,76,0.031312013733361815,0.07315308714530543,0.9962894248608535,0.9832869080779945,0.609551786999873,0.45292952799991326,45,2028,1.2646439059393262,0.031312013733361815,0.7205675835737515,0.8029407748876947,,,0.019944341372912802,0.35946196660482377,0.36595547309833026,0.25463821892393323
moe_no_balance,57,77,0.030598246035340566,0.07097916476840695,0.9972170686456401,0.9832869080779945,0.6194476269997722,0.460563319999892,45,2028,1.2564361770635666,0.030598246035340566,0.7162770346732678,0.7951899849937952,,,0.025510204081632654,0.3622448979591837,0.3450834879406308,0.26716141001855287
moe_no_balance,58,78,0.029579304805392087,0.07133033625234146,0.9972170686456401,0.9805013927576601,0.6288761870000599,0.46783668199987005,45,2028,1.2550786697490546,0.029579304805392087,0.7158205017673853,0.7987127584319041,,,0.02411873840445269,0.36038961038961037,0.34415584415584416,0.27133580705009275
moe_no_balance,59,79,0.028023633528015863,0.07090210480431493,0.9972170686456401,0.9805013927576601,0.6383818469998914,0.4746349549996012,45,2028,1.2582803330759642,0.028023633528015863,0.7153781610287543,0.8017125038898152,,,0.020871985157699443,0.3585343228200371,0.3557513914656772,0.26484230055658625
moe_no_balance,60,80,0.027195081354506653,0.06979385244433539,0.9972170686456401,0.9777158774373259,0.648638414999823,0.48299760800000513,45,2028,1.2521258902847061,0.027195081354506653,0.713361290194368,0.7984633144770855,0.0059733077242279525,0.0,0.025974025974025976,0.36038961038961037,0.34183673469387754,0.2717996289424861
moe_no_balance,61,81,0.026929045127230065,0.06932421833663403,0.9972170686456401,0.9777158774373259,0.6633683539998856,0.491809075999754,45,2028,1.252211357400083,0.026929045127230065,0.7103498231756475,0.7964903918374128,,,0.02411873840445269,0.35992578849721707,0.33487940630797774,0.2810760667903525
moe_no_balance,62,82,0.02560932738165912,0.06954080188950229,0.9972170686456401,0.9805013927576601,0.6746972830001141,0.500043857000037,45,2028,1.2602606922278092,0.02560932738165912,0.7070229660240018,0.7952022347124075,,,0.02365491651205937,0.362708719851577,0.34786641929499074,0.2657699443413729
moe_no_balance,63,83,0.02559891941923052,0.06962451089355427,0.9981447124304267,0.9777158774373259,0.6864239289998295,0.5086060789999465,45,2028,1.2566359509406322,0.02559891941923052,0.7063542293886322,0.7968347736357558,,,0.022263450834879406,0.3608534322820037,0.3362708719851577,0.28061224489795916
moe_no_balance,64,84,0.0240602737669912,0.06816942166287111,0.9972170686456401,0.9777158774373259,0.6965447540001151,0.5164080299996385,45,2028,1.2529776344363708,0.0240602737669912,0.7084016840152291,0.8010341352072974,,,0.022727272727272728,0.3580705009276438,0.3427643784786642,0.2764378478664193
moe_no_balance,65,85,0.023407053752406034,0.06863544838233586,0.9981447124304267,0.9777158774373259,0.7066285820001212,0.5241321929997866,45,2028,1.2483535814638584,0.023407053752406034,0.708504706366718,0.800473386107133,,,0.025510204081632654,0.3580705009276438,0.3325602968460111,0.28385899814471244
moe_no_balance,66,86,0.024965110874430194,0.07854910810692547,0.9972170686456401,0.9749303621169917,0.7167452899998352,0.5319268529997316,45,2028,1.2456781416554872,0.024965110874430194,0.7118543965263371,0.8087110736457781,,,0.020871985157699443,0.3538961038961039,0.32235621521335805,0.30287569573283857
moe_no_balance,67,87,0.022811644345650427,0.07615661066639964,0.9981447124304267,0.9749303621169917,0.726806674999807,0.5396632649999447,45,2028,1.2512423670745743,0.022811644345650427,0.7060666000380519,0.8027099539555304,,,0.020871985157699443,0.35667903525046385,0.3302411873840445,0.2922077922077922
moe_no_balance,68,88,0.0219785492324483,0.0681826223451602,0.9981447124304267,0.9777158774373259,0.736898445999941,0.5474045749997458,45,2028,1.2594375346199829,0.0219785492324483,0.6994249336068408,0.7958274144804537,,,0.021799628942486084,0.3608534322820037,0.34415584415584416,0.27319109461966606
moe_no_balance,69,89,0.021171361365795525,0.07481804706858179,0.9981447124304267,0.9749303621169917,0.7462246959998993,0.5544848810000076,45,2028,1.2538255407084613,0.021171361365795525,0.7023006694289164,0.8016406182219803,,,0.019944341372912802,0.35667903525046385,0.336734693877551,0.28664192949907236
moe_no_balance,70,90,0.02041067340239363,0.07473012553706886,0.9981447124304267,0.9749303621169917,0.7561677839998993,0.5621529200002442,45,2028,1.2541771660507723,0.02041067340239363,0.697867974428608,0.7955736646122006,,,0.022263450834879406,0.3585343228200371,0.33163265306122447,0.287569573283859
moe_no_balance,71,91,0.01988549428970703,0.07587421810865252,0.9981447124304267,0.9749303621169917,0.7648778580000908,0.5686110320002626,45,2028,1.2569759367216415,0.01988549428970703,0.6961604111314958,0.7964774211452866,,,0.019944341372912802,0.3580705009276438,0.33302411873840443,0.288961038961039
moe_no_balance,72,92,0.020081985904725274,0.07632353028027714,0.9981447124304267,0.9749303621169917,0.7731648680000944,0.5747838150000462,45,2028,1.2531485797952637,0.020081985904725274,0.7022459695082555,0.8065332634446571,,,0.018089053803339517,0.35482374768089053,0.3390538033395176,0.2880333951762523
moe_no_balance,73,93,0.01907639867438309,0.07719034373694858,0.9981447124304267,0.9749303621169917,0.7856481610001538,0.5844589900002575,45,2028,1.2553629387146856,0.01907639867438309,0.6959848354510804,0.7977718813414817,,,0.019944341372912802,0.3580705009276438,0.32884972170686455,0.29313543599257885
moe_no_balance,74,94,0.01902914149196058,0.07519529805287636,0.9981447124304267,0.9721448467966574,0.799266439999883,0.5949241930002245,45,2028,1.2586171072112178,0.01902914149196058,0.6964822331933053,0.802426307067434,,,0.017161410018552876,0.35667903525046385,0.34415584415584416,0.2820037105751391
moe_no_balance,75,95,0.022268735636529466,0.07914128013782214,0.9962894248608535,0.9749303621169917,0.8182606969999142,0.6112148779998279,45,2028,1.2548404584656645,0.022268735636529466,0.6978313443139966,0.8079945822055027,,,0.014842300556586271,0.3515769944341373,0.3200371057513915,0.313543599257885
moe_no_balance,76,96,0.018365473169984176,0.07922726777387683,0.9981447124304267,0.9721448467966574,0.8290102559999468,0.6190198839999539,45,2028,1.2496941130660728,0.018365473169984176,0.6948424270586532,0.7966569722315316,,,0.02365491651205937,0.35760667903525045,0.3325602968460111,0.28617810760667906
moe_no_balance,77,97,0.01809934983704269,0.06777479790930326,0.9990723562152134,0.9749303621169917,0.8402272680000351,0.6278169809997962,45,2028,1.257834298888212,0.01809934983704269,0.6911300550620512,0.7963910644916722,,,0.020871985157699443,0.3580705009276438,0.3469387755102041,0.27411873840445267
moe_no_balance,78,98,0.01886398511068835,0.07743878469926369,0.9972170686456401,0.9749303621169917,0.8504824749998079,0.6358269049997034,45,2028,1.2615868374369763,0.01886398511068835,0.6840543335955467,0.7911300540488544,,,0.018089053803339517,0.3580705009276438,0.3177179962894249,0.30612244897959184
moe_no_balance,79,99,0.020535527819088094,0.07852206573517408,0.9972170686456401,0.9749303621169917,0.8613339879998421,0.6443737549993784,45,2028,1.2556992698572311,0.020535527819088094,0.6938673654038993,0.8062991938915246,,,0.015306122448979591,0.3534322820037106,0.3209647495361781,0.3102968460111317
moe_no_balance,80,100,0.017419131065455534,0.07828578538255075,0.9981447124304267,0.9721448467966574,0.8730744959998447,0.6538432209990788,45,2028,1.2558843137248055,0.017419131065455534,0.6878791507285558,0.7953083803614901,0.004323750828176018,0.0,0.019016697588126158,0.35714285714285715,0.32838589981447125,0.29545454545454547
scratch_continue,0,20,0.11673850881673381,0.14653038587411524,0.9805194805194806,0.9610027855153204,0.001944991999607737,0.0,45,2028,1.1534532039541117,0.12827304085627492,0.8971445640381697,0.8968609783312046,0.042644365814717235,0.00705852883995112,0.12523191094619665,0.38311688311688313,0.36688311688311687,0.12476808905380334
scratch_continue,1,21,0.11244443755491769,0.1454743424442559,0.9795918367346939,0.9610027855153204,0.01598369899966201,0.007609667999986414,45,2028,1.145624806466515,0.12390068561958284,0.8965108181301055,0.8965726696609141,,,0.12987012987012986,0.37755102040816324,0.36410018552875695,0.1284786641929499
scratch_continue,2,22,0.10301980628055905,0.14218852970575704,0.9833024118738405,0.958217270194986,0.02542731699986689,0.014578717999938817,45,2028,1.1701217430007158,0.11472102371056621,0.8865587557949332,0.8891827721350903,,,0.11549165120593692,0.387291280148423,0.3719851576994434,0.12523191094619665
scratch_continue,3,23,0.09713876571284344,0.14638439457368219,0.9842300556586271,0.9526462395543176,0.03651288099990779,0.022498455999993894,45,2028,1.1661101578167006,0.10879986729101045,0.8847612143266845,0.8881549973690872,,,0.11688311688311688,0.3868274582560297,0.3673469387755102,0.12894248608534323
scratch_continue,4,24,0.09271715452222065,0.15422204207278978,0.9842300556586271,0.9610027855153204,0.046870731999661075,0.030020195999895805,45,2028,1.1622017060226795,0.10433917158244745,0.8827741061429717,0.8863050092571223,,,0.12059369202226346,0.3979591836734694,0.3460111317254174,0.13543599257884972
scratch_continue,5,25,0.09044678500155472,0.14359220686579016,0.9842300556586271,0.9498607242339833,0.05972025199980635,0.039981936999993195,45,2028,1.155042142385904,0.10199720642541375,0.8824408764052999,0.8865594329670979,,,0.1326530612244898,0.3747680890538033,0.36641929499072357,0.1261595547309833
scratch_continue,6,26,0.08571722950705257,0.15317485887791066,0.9888682745825603,0.9526462395543176,0.07098407399962525,0.04850210700033131,45,2028,1.187408162221375,0.09759131112926632,0.8720868156489899,0.8791894328251004,,,0.10343228200371057,0.3979591836734694,0.36641929499072357,0.13218923933209648
scratch_continue,7,27,0.08274362502572892,0.14209944986265743,0.9851576994434137,0.958217270194986,0.0826771409997491,0.0576192140006242,45,2028,1.162987824394978,0.0943735032696787,0.8738960513742156,0.8796210084323673,,,0.12940630797773656,0.40584415584415584,0.32606679035250463,0.13868274582560297
scratch_continue,8,28,0.07808880632521883,0.1414811702963261,0.9888682745825603,0.9554317548746518,0.09395978099973945,0.06590404100052183,45,2028,1.1546482925523944,0.08963528925074278,0.8753308045614828,0.8814390727313225,,,0.1284786641929499,0.3807977736549165,0.35435992578849723,0.13636363636363635
scratch_continue,9,29,0.07768018445826563,0.12826501196324766,0.9897959183673469,0.9610027855153204,0.11310750799975722,0.08262849700031438,45,2028,1.1462542859842186,0.08914272731810782,0.8752053891503441,0.8815947260179017,,,0.12430426716141002,0.39053803339517623,0.33070500927643787,0.15445269016697588
scratch_continue,10,30,0.07346037532073539,0.1298015430941413,0.9879406307977736,0.958217270194986,0.1322653099996387,0.09213541000008263,45,2028,1.148866341130114,0.08494903873203653,0.8713586153299215,0.879292331870026,,,0.12384044526901669,0.38589981447124305,0.33719851576994436,0.15306122448979592
scratch_continue,11,31,0.06972589407261316,0.12535056720484986,0.9925788497217068,0.9610027855153204,0.14858304499966835,0.10598536699990291,45,2028,1.1409915728966535,0.0811358098015797,0.8709431101594461,0.8794946489664625,,,0.14007421150278293,0.3849721706864564,0.3297773654916512,0.14517625231910947
scratch_continue,12,32,0.07647893795235615,0.148070818027939,0.9879406307977736,0.9498607242339833,0.16042159099970377,0.11450130099956368,45,2028,1.1580346804879893,0.08805928475723604,0.8640184383647499,0.87530112552895,,,0.11038961038961038,0.39332096474953615,0.33070500927643787,0.16558441558441558
scratch_continue,13,33,0.06865789763114986,0.11996250083875183,0.9907235621521335,0.9637883008356546,0.17126541199968415,0.12265997799931938,45,2028,1.1371802885979945,0.0800297005171298,0.8661365771161474,0.8774646357602174,,,0.14517625231910947,0.3942486085343228,0.3051948051948052,0.1553803339517625
scratch_continue,14,34,0.07120243696096107,0.13018307972392898,0.9897959183673469,0.9610027855153204,0.18758199499961847,0.13316059299950211,45,2028,1.137621733390785,0.08257865429486892,0.8639413348971579,0.8759467259884891,,,0.12198515769944342,0.38311688311688313,0.32189239332096475,0.1730055658627087
scratch_continue,15,35,0.06477190849372484,0.12458839907174668,0.9897959183673469,0.958217270194986,0.20352581899987854,0.1429887879994567,45,2028,1.1389226291944372,0.07616113478566922,0.8614006152393516,0.8752978359119683,,,0.1303339517625232,0.400278293135436,0.2912801484230056,0.17810760667903525
scratch_continue,16,36,0.06161648423167905,0.11959845625120809,0.9925788497217068,0.9610027855153204,0.2176837639999576,0.1525374579991876,45,2028,1.125495957828408,0.07287144380996313,0.8625947785067066,0.8758241122584202,,,0.12987012987012986,0.3849721706864564,0.3051948051948052,0.17996289424860853
scratch_continue,17,37,0.06265364488167287,0.11818345023196487,0.9907235621521335,0.9610027855153204,0.23139300999991974,0.16333959599933223,45,2028,1.127698915595766,0.07393063403763053,0.8582828300970039,0.8740607917430576,,,0.1349721706864564,0.3965677179962894,0.2792207792207792,0.18923933209647495
scratch_continue,18,38,0.05330058738482768,0.11354321975640866,0.9935064935064936,0.9637883008356546,0.24379035499987367,0.17262437499903172,45,2028,1.1252311352534152,0.06455289873736184,0.8564545141723544,0.8718830202344179,,,0.13218923933209648,0.38589981447124305,0.30009276437847865,0.18181818181818182
scratch_continue,19,39,0.05294622028461262,0.11678262717653086,0.9935064935064936,0.958217270194986,0.25539366699968014,0.1810245449987633,45,2028,1.1196739913003457,0.06414296019761608,0.8554522357153567,0.8728379104072244,,,0.12569573283858998,0.3845083487940631,0.2884972170686456,0.2012987012987013
scratch_continue,20,40,0.04941886787220484,0.1094504624365468,0.9953617810760668,0.9637883008356546,0.2659431459996995,0.1892882599991026,45,2028,1.1118302558643114,0.060537170430847956,0.855267124433836,0.8732086423280533,0.02124007019557766,0.005410801305477111,0.137291280148423,0.38358070500927643,0.2824675324675325,0.19666048237476808
scratch_continue,21,41,0.047271686345355585,0.106715022919147,0.9953617810760668,0.9637883008356546,0.28066485399995145,0.1976703629993608,45,2028,1.120776430409697,0.058479450649452556,0.850398057256565,0.8698388266751098,,,0.1303339517625232,0.3868274582560297,0.2894248608534323,0.19341372912801486
scratch_continue,22,42,0.04736151043426321,0.10073982587022157,0.9944341372912802,0.9665738161559888,0.28992220199961594,0.20448613299913632,45,2028,1.1132962055346387,0.058494472489609595,0.8493613014866672,0.8700229624976368,,,0.12987012987012986,0.3807977736549165,0.2857142857142857,0.2036178107606679
scratch_continue,23,43,0.0474620761101736,0.10443309000614788,0.9935064935064936,0.9637883008356546,0.2999865619999582,0.2122856399992088,45,2028,1.1157282682316474,0.05861935879249007,0.8460318593740799,0.867799622130467,,,0.13079777365491652,0.38358070500927643,0.28339517625231914,0.20222634508348794
scratch_continue,24,44,0.04257507148908243,0.10617692433197091,0.9953617810760668,0.9637883008356546,0.3124625849995937,0.22013700499928746,45,2028,1.1223375134338187,0.05379844662342062,0.8423131115359008,0.8649573227233943,,,0.1280148423005566,0.38311688311688313,0.29591836734693877,0.19294990723562153
scratch_continue,25,45,0.042794435943324785,0.10901526900715801,0.9953617810760668,0.9637883008356546,0.32934514899989153,0.23394742299933569,45,2028,1.1053315192251014,0.0538477511355758,0.8449450147090032,0.8677439248358428,,,0.1349721706864564,0.37337662337662336,0.287569573283859,0.20408163265306123
scratch_continue,26,46,0.04031440028589695,0.10638168492697715,0.9953617810760668,0.9637883008356546,0.3382562159999907,0.24036871999942377,45,2028,1.124318976534239,0.05155759005123934,0.8379966065141641,0.8625334628259748,,,0.1280148423005566,0.3807977736549165,0.3014842300556586,0.18970315398886828
scratch_continue,27,47,0.04497599820230862,0.1086374632360482,0.9935064935064936,0.9637883008356546,0.3521626379997542,0.2501762539991432,45,2028,1.0961052583967101,0.05593705078627572,0.843346880748143,0.8671558135299456,,,0.1414656771799629,0.36688311688311687,0.2884972170686456,0.20315398886827457
scratch_continue,28,48,0.04347573032642469,0.10141340399792287,0.9944341372912802,0.9665738161559888,0.3626249859999007,0.25820548599904214,45,2028,1.1080332260973582,0.05455606258739827,0.8383677099339676,0.8636702695530792,,,0.13404452690166976,0.3715213358070501,0.29545454545454547,0.1989795918367347
scratch_continue,29,49,0.0412953694916821,0.10654966597158881,0.9944341372912802,0.9637883008356546,0.37305599699993763,0.2662870669987569,45,2028,1.103942689544814,0.05233479638713024,0.8375994439027721,0.8636116092821354,,,0.1349721706864564,0.3687384044526902,0.29591836734693877,0.20037105751391465
scratch_continue,30,50,0.04073741820296555,0.1006622185705767,0.9935064935064936,0.9637883008356546,0.3833745399997497,0.27420763699865347,45,2028,1.096293821856182,0.05170035642152737,0.8378922153291071,0.8643843693819905,,,0.13218923933209648,0.362708719851577,0.29359925788497215,0.21150278293135436
scratch_continue,31,51,0.03929858724207736,0.09564066651386421,0.9935064935064936,0.9665738161559888,0.3937159559995962,0.2822220879984343,45,2028,1.0942027835034658,0.05024061507711202,0.8364264436174172,0.8637962114243009,,,0.13543599257884972,0.362708719851577,0.2922077922077922,0.20964749536178107
scratch_continue,32,52,0.03808777798767476,0.09838886315328887,0.9944341372912802,0.9665738161559888,0.40403522899987365,0.2901768589981657,45,2028,1.1015297358121676,0.049103075345796436,0.8312372420724079,0.8603848708768823,,,0.1280148423005566,0.3673469387755102,0.2894248608534323,0.21521335807050093
scratch_continue,33,53,0.03828108275154496,0.10267865916224238,0.9953617810760668,0.9637883008356546,0.41412974399963787,0.2979325499982224,45,2028,1.0857245081386768,0.049138327832931726,0.8331783364523317,0.8620082162819184,,,0.13543599257884972,0.3557513914656772,0.2857142857142857,0.2230983302411874
scratch_continue,34,54,0.04002476584609375,0.10353611096170641,0.9925788497217068,0.9665738161559888,0.4239758769999753,0.30544344399822876,45,2028,1.087702634658208,0.05090179219267583,0.8316213256461104,0.8613468396876777,,,0.12430426716141002,0.3474025974025974,0.2945269016697588,0.23376623376623376
scratch_continue,35,55,0.03427972290261815,0.09560554311932529,0.9962894248608535,0.9721448467966574,0.43449134499996944,0.31353845599824126,45,2028,1.0931577859168151,0.045211300761786304,0.8279648159515227,0.8588087668217979,,,0.12940630797773656,0.36131725417439703,0.28617810760667906,0.2230983302411874
scratch_continue,36,56,0.03498469256557827,0.10954005551680494,0.9962894248608535,0.9665738161559888,0.4449929219999831,0.32166283199831014,45,2028,1.0776422535268022,0.045761115100846295,0.8297857882400533,0.8599897593414852,,,0.13868274582560297,0.3474025974025974,0.2815398886827458,0.2323747680890538
scratch_continue,37,57,0.03316196161476494,0.10961263388216731,0.9972170686456401,0.9665738161559888,0.4555944799999452,0.3298562519985353,45,2028,1.0844282203726971,0.04400624381849191,0.8260048749896396,0.8566666247338472,,,0.1326530612244898,0.34833024118738404,0.29267161410018555,0.22634508348794063
scratch_continue,38,58,0.03210417885285749,0.10928732722710734,0.9972170686456401,0.9665738161559888,0.46600986699968416,0.3379212689983433,45,2028,1.0760791689806286,0.04286497054266378,0.8262681542002771,0.8571768414743429,,,0.1396103896103896,0.3432282003710575,0.288961038961039,0.22820037105751392
scratch_continue,39,59,0.03109720986969275,0.10398944010031977,0.9962894248608535,0.9693593314763231,0.4751286859996071,0.34479089899832616,45,2028,1.0841729844600885,0.04193893971429363,0.8226516528864906,0.8547129151458976,,,0.1349721706864564,0.35111317254174396,0.29081632653061223,0.2230983302411874
scratch_continue,40,60,0.0308099362231722,0.10469131710843275,0.9972170686456401,0.9693593314763231,0.4821603409995987,0.34985941399827425,45,2028,1.0740729406332814,0.04155066562950501,0.8228670749478809,0.854811668148487,0.011776589866480792,0.0037640119727419897,0.1414656771799629,0.3409090909090909,0.2912801484230056,0.22634508348794063
scratch_continue,41,61,0.029231946844166454,0.1035141089605386,0.9972170686456401,0.9693593314763231,0.5116045059999124,0.3669573009983651,45,2028,1.078112329177443,0.04001307013594088,0.8210415922936587,0.8535206815764428,,,0.1377551020408163,0.34461966604823746,0.2912801484230056,0.22634508348794063
scratch_continue,42,62,0.02848754248179415,0.1037861606534323,0.9972170686456401,0.9693593314763231,0.5209019539997826,0.37374598999849695,45,2028,1.0822412040266705,0.039309954522060854,0.8180881519644057,0.8514273315718623,,,0.13126159554730985,0.3423005565862709,0.29777365491651203,0.22866419294990722
scratch_continue,43,63,0.0291502655766604,0.10217271676761376,0.9962894248608535,0.9721448467966574,0.5304482459996507,0.38089459999855535,45,2028,1.0632318243531977,0.03978258382019238,0.8214145085205891,0.8536860046793981,,,0.150278293135436,0.3325602968460111,0.287569573283859,0.22959183673469388
scratch_continue,44,64,0.02665323140212355,0.10087545770342486,0.9972170686456401,0.9665738161559888,0.539116728999943,0.3875327719983943,45,2028,1.097227663850743,0.03762550804063098,0.8104105378630083,0.8467702697036271,,,0.12708719851576994,0.36131725417439703,0.2912801484230056,0.22031539888682747
scratch_continue,45,65,0.02696426669703099,0.1022166947437651,0.9972170686456401,0.9665738161559888,0.5480270259999998,0.3941179249986817,45,2028,1.073488033683553,0.03769914703386652,0.8153678406908392,0.8500730291025823,,,0.13682745825602968,0.33766233766233766,0.2884972170686456,0.237012987012987
scratch_continue,46,66,0.02606158347586643,0.09683064964198398,0.9972170686456401,0.9721448467966574,0.5564172309996138,0.40017361199898005,45,2028,1.075016039052844,0.036811743866394867,0.8139074078559504,0.8487578648052142,,,0.1437847866419295,0.3460111317254174,0.28710575139146566,0.2230983302411874
scratch_continue,47,67,0.025466671709593915,0.10184612138151627,0.9972170686456401,0.9665738161559888,0.5657212979999713,0.40727207599866233,45,2028,1.0760056435156777,0.03622672814475069,0.8125217068168943,0.8478997645173347,,,0.13358070500927643,0.336734693877551,0.2917439703153989,0.23794063079777367
scratch_continue,48,68,0.02534511262516182,0.0981542330405624,0.9972170686456401,0.9693593314763231,0.5747289009996166,0.41392370999847117,45,2028,1.0606735528875548,0.03595184815403737,0.8158577631590843,0.850223971096587,,,0.15166975881261596,0.3334879406307978,0.2810760667903525,0.23376623376623376
scratch_continue,49,69,0.023914239884419725,0.10101792152232197,0.9972170686456401,0.9637883008356546,0.5856818459997157,0.42210682399854704,45,2028,1.083746023937055,0.03475170012379028,0.8065726986936674,0.8448376488988381,,,0.12708719851576994,0.34369202226345086,0.29267161410018555,0.23654916512059368
scratch_continue,50,70,0.02436951332741054,0.10072017393754797,0.9972170686456401,0.9665738161559888,0.5972197599999163,0.43065191199866604,45,2028,1.071779996465505,0.03508731329206559,0.8084156353264547,0.8462194567261189,,,0.1442486085343228,0.3423005565862709,0.2852504638218924,0.22820037105751392
scratch_continue,51,71,0.022737485961403365,0.10133023531128162,0.9981447124304267,0.9637883008356546,0.6094815719998223,0.4401720149985522,45,2028,1.0768521303992629,0.033506007265395994,0.8056486607231207,0.8443550396929163,,,0.1326530612244898,0.336734693877551,0.29267161410018555,0.23794063079777367
scratch_continue,52,72,0.022196668522861066,0.09577614220786418,0.9990723562152134,0.9721448467966574,0.6268596839995553,0.4542510619985478,45,2028,1.077900660027715,0.03297567512313822,0.8043065178073789,0.8433390623467579,,,0.13636363636363635,0.34369202226345086,0.287569573283859,0.2323747680890538
scratch_continue,53,73,0.021897914614377255,0.09653411469206084,0.9981447124304267,0.9721448467966574,0.6403886489997603,0.4647001099983754,45,2028,1.0647630810664832,0.03254554542504209,0.8063234283281909,0.8441253667995855,,,0.1442486085343228,0.3325602968460111,0.28339517625231914,0.23979591836734693
scratch_continue,54,74,0.0218039498658822,0.09766542122655232,0.9972170686456401,0.9721448467966574,0.6522805299996435,0.47365693199844827,45,2028,1.0659778802944577,0.032463728668826776,0.8054461065783787,0.8432929742082884,,,0.1442486085343228,0.3339517625231911,0.288961038961039,0.23283858998144713
scratch_continue,55,75,0.02057257243527093,0.09727528627225028,0.9990723562152134,0.9693593314763231,0.6662634979998074,0.4845797419984592,45,2028,1.077317778270848,0.03134575021797941,0.8006045485617858,0.8402633509242142,,,0.1349721706864564,0.3423005565862709,0.2898886827458256,0.23283858998144713
scratch_continue,56,76,0.020838721969409443,0.09633301045071066,0.9981447124304267,0.9721448467966574,0.6803029899997455,0.4954122059984911,45,2028,1.0583077866808221,0.031421799836217665,0.8046561199324197,0.8426008251938398,,,0.15166975881261596,0.3274582560296846,0.2880333951762523,0.23283858998144713
scratch_continue,57,77,0.01981932820782051,0.09467337677898605,0.9990723562152134,0.9721448467966574,0.6946347319999404,0.505887352998343,45,2028,1.0722551824409199,0.030541880032229712,0.799997777237318,0.8400386176824088,,,0.14053803339517626,0.3423005565862709,0.28432282003710574,0.23283858998144713
scratch_continue,58,78,0.019380788163915842,0.09591931619764847,0.9990723562152134,0.9721448467966574,0.7061608279996108,0.5145556459979161,45,2028,1.0674966673625985,0.030055754837541828,0.8003449477827773,0.8400229728277964,,,0.14007421150278293,0.3339517625231911,0.287569573283859,0.23840445269016697
scratch_continue,59,79,0.019137983367483208,0.0956197953701274,1.0,0.9721448467966574,0.7151449049997609,0.5214010899976529,45,2028,1.0630246097904186,0.029768229465387396,0.8001350021775182,0.839469397853787,,,0.14703153988868276,0.3302411873840445,0.2894248608534323,0.23330241187384043
scratch_continue,60,80,0.018392058343456277,0.09508583815974833,1.0,0.9693593314763231,0.7242267089995948,0.528502438997748,45,2028,1.0756954826100906,0.029149013169557182,0.7953787843671051,0.8367645045399594,0.012678358770390226,0.0036279753449758698,0.13636363636363635,0.34183673469387754,0.2884972170686456,0.23330241187384043
scratch_continue,61,81,0.017994215881473572,0.09425694642860181,1.0,0.9721448467966574,0.7389663889998701,0.5369203009977355,45,2028,1.0663938913380653,0.028658154794854226,0.79726767353668,0.8375355538225048,,,0.14332096474953618,0.336734693877551,0.28339517625231914,0.23654916512059368
scratch_continue,62,82,0.0174403467137662,0.09503308168909141,1.0,0.9749303621169917,0.7505748289995609,0.5460349649974887,45,2028,1.0638683275006209,0.02807902998877241,0.7961420248000941,0.8367505308388156,,,0.14285714285714285,0.3302411873840445,0.2852504638218924,0.24165120593692022
scratch_continue,63,83,0.017740216007506138,0.09766649215452723,1.0,0.9693593314763231,0.7610037969998302,0.5533672409974315,45,2028,1.0600095935670293,0.028340311943176433,0.7954163162419111,0.8369762169239633,,,0.15445269016697588,0.336734693877551,0.2787569573283859,0.2300556586270872
scratch_continue,64,84,0.017830980481226995,0.0976532514850296,0.9981447124304267,0.9693593314763231,0.7717973419998998,0.5618880819974947,45,2028,1.0759928915816412,0.02859090939704341,0.7897930086219563,0.8332407985212535,,,0.1326530612244898,0.33534322820037105,0.3014842300556586,0.2305194805194805
scratch_continue,65,85,0.019160613384268173,0.09923030639749361,0.9990723562152134,0.9693593314763231,0.7825231469996652,0.5701432239975475,45,2028,1.0493525051686465,0.029654138435954637,0.7948673599347079,0.8366316944423575,,,0.16233766233766234,0.3246753246753247,0.2755102040816326,0.23747680890538034
scratch_continue,66,86,0.016984078122346185,0.09887576781231106,1.0,0.9693593314763231,0.7905523089998496,0.5760740539972176,45,2028,1.079300692839771,0.027777085050743895,0.7865213034983383,0.8312429317475121,,,0.1284786641929499,0.33812615955473097,0.29916512059369205,0.2342300556586271
scratch_continue,67,87,0.016013043167661715,0.09339303566404693,1.0,0.9721448467966574,0.798837225999705,0.5822891209968475,45,2028,1.057715105763475,0.026590194225296467,0.7903377591437556,0.8332975514935653,,,0.15352504638218925,0.33163265306122447,0.2787569573283859,0.23608534322820038
scratch_continue,68,88,0.01538629431631399,0.09259129895310735,1.0,0.9721448467966574,0.8072126279998884,0.5886254999968514,45,2028,1.0532495314394252,0.025918789630708244,0.7908708760998008,0.8332633212096369,,,0.15352504638218925,0.3228200371057514,0.2829313543599258,0.24072356215213359
scratch_continue,69,89,0.015224789603946264,0.09316528893955692,1.0,0.9749303621169917,0.8151616009999998,0.5944885479971163,45,2028,1.0623283654764224,0.02584807325871049,0.7874079840060763,0.8313058928570016,,,0.14795918367346939,0.3320964749536178,0.287569573283859,0.2323747680890538
scratch_continue,70,90,0.014865953736354104,0.09160822647709425,1.0,0.9721448467966574,0.824082843999804,0.6013277029969686,45,2028,1.0572866540671655,0.025438820277025757,0.7873068459937698,0.8311679601747439,,,0.15306122448979592,0.3297773654916512,0.2824675324675325,0.23469387755102042
scratch_continue,71,91,0.014318200371961338,0.09218552051274247,1.0,0.9721448467966574,0.8324903449997691,0.6077079589972527,45,2028,1.0554873687186437,0.024873074059147775,0.786382839099794,0.8303102763165375,,,0.15306122448979592,0.32606679035250463,0.28385899814471244,0.237012987012987
scratch_continue,72,92,0.015981614050649958,0.09276499195617728,0.9990723562152134,0.9749303621169917,0.8411991779998971,0.6141572779974922,45,2028,1.0559254031944365,0.026540868082594322,0.7855649856986833,0.8296295477588165,,,0.1525974025974026,0.325139146567718,0.2884972170686456,0.23376623376623376
scratch_continue,73,93,0.01568649624504195,0.09254913890543008,0.9990723562152134,0.9721448467966574,0.8498755529999471,0.6205824919975385,45,2028,1.0500883637659475,0.026187379882701423,0.7853812415004955,0.8293703769731059,,,0.16001855287569575,0.3228200371057514,0.28014842300556586,0.237012987012987
scratch_continue,74,94,0.013456592707544518,0.09185756249365079,1.0,0.9721448467966574,0.8637408089998644,0.6315457069977128,45,2028,1.0499362458258377,0.023955955165802893,0.7843418802237239,0.8285171650727089,,,0.15955473098330242,0.3232838589981447,0.2787569573283859,0.23840445269016697
scratch_continue,75,95,0.01895454649871151,0.0910082776146682,0.9972170686456401,0.9749303621169917,0.8760453339996275,0.6415811629976815,45,2028,1.044016404896794,0.029394710547679448,0.7851597299549802,0.8289788846213942,,,0.16465677179962895,0.3186456400742115,0.2764378478664193,0.24025974025974026
scratch_continue,76,96,0.015521822269353168,0.09319871733822213,0.9990723562152134,0.9693593314763231,0.885491835999801,0.6489215299975513,45,2028,1.0437453646456019,0.025959275915809186,0.784072655649939,0.8284334525549645,,,0.16512059369202226,0.3200371057513915,0.27782931354359924,0.237012987012987
scratch_continue,77,97,0.014679571005703666,0.08984507350083931,0.9990723562152134,0.9721448467966574,0.8940467279999211,0.6553063019973706,45,2028,1.0478376558783686,0.025157947564487353,0.7815168356692332,0.8266108947489972,,,0.15955473098330242,0.3209647495361781,0.27782931354359924,0.24165120593692022
scratch_continue,78,98,0.016053615652362244,0.08822679726935745,0.9981447124304267,0.9721448467966574,0.9035749029999351,0.6624981069971909,45,2028,1.0435436937092177,0.026489052589454422,0.7816016470640311,0.8265104984831538,,,0.16326530612244897,0.31586270871985156,0.27411873840445267,0.24675324675324675
scratch_continue,79,99,0.014421671010022116,0.0937670946325899,0.9990723562152134,0.9721448467966574,0.9126755759998559,0.6693055239970818,45,2028,1.0510846081890117,0.024932517091912233,0.7787533102254117,0.8247230343488025,,,0.15445269016697588,0.31957328385899814,0.29267161410018555,0.23330241187384043
scratch_continue,80,100,0.016532342068871494,0.08808253740721672,0.9981447124304267,0.9693593314763231,0.9233361519995924,0.6776815379971595,45,2028,1.0344134303760275,0.02687647637263177,0.7816853435617878,0.8265834847890996,0.023061346510041984,0.002465604067656211,0.17625231910946196,0.31539888682745826,0.26762523191094617,0.24072356215213359
