phase,epoch,global_epoch,train_ce,val_ce,train_accuracy,val_accuracy,elapsed_seconds,training_seconds,seed,split_seed,balance_loss,objective,router_entropy_normalized,selected_gate_entropy_normalized,task_router_grad_l2,aux_router_grad_l2,expert_0_assignment_share,expert_1_assignment_share,expert_2_assignment_share,expert_3_assignment_share
linear_pretrain,0,0,2.2967994400889373,2.2970675903036413,0.19294990723562153,0.16991643454038996,0.0003256790000705223,0.0,43,2028,,,,,,,,,,
linear_pretrain,1,1,1.4937120359535951,1.469105131934995,0.8580705009276438,0.8969359331476323,0.0022844519999125623,0.001677099999596976,43,2028,,,,,,,,,,
linear_pretrain,2,2,0.9993617850907124,0.9663641876250619,0.9016697588126159,0.9275766016713092,0.004235742999753711,0.0033726369997566508,43,2028,,,,,,,,,,
linear_pretrain,3,3,0.7342656587429055,0.7006761601332335,0.9146567717996289,0.9275766016713092,0.006079582999973354,0.004965158999766572,43,2028,,,,,,,,,,
linear_pretrain,4,4,0.5862206811427589,0.555159783985646,0.9230055658627088,0.9387186629526463,0.008025626999824453,0.00666253899998992,43,2028,,,,,,,,,,
linear_pretrain,5,5,0.4942917962268617,0.4652681611759276,0.9257884972170687,0.9415041782729805,0.009899993000090035,0.008256253999661567,43,2028,,,,,,,,,,
linear_pretrain,6,6,0.4318698509923193,0.4068993923395406,0.9332096474953617,0.9442896935933147,0.01145973699976821,0.009574844999406196,43,2028,,,,,,,,,,
linear_pretrain,7,7,0.38576828636722277,0.36377626174995537,0.9359925788497218,0.9415041782729805,0.013335344000097393,0.011122138999326125,43,2028,,,,,,,,,,
linear_pretrain,8,8,0.34977287137848,0.330498391517364,0.9397031539888683,0.9442896935933147,0.015247756999997364,0.012605156999143219,43,2028,,,,,,,,,,
linear_pretrain,9,9,0.32108303395328786,0.30465369223991356,0.9406307977736549,0.9442896935933147,0.017403065000053175,0.014285480998751154,43,2028,,,,,,,,,,
linear_pretrain,10,10,0.2979637006160435,0.2851063665473348,0.948051948051948,0.947075208913649,0.019055308000133664,0.015696781998485676,43,2028,,,,,,,,,,
linear_pretrain,11,11,0.2790993312036747,0.26780649518944005,0.9489795918367347,0.9554317548746518,0.0208213410001008,0.017151556998669548,43,2028,,,,,,,,,,
linear_pretrain,12,12,0.2617516049396692,0.25332270919040983,0.9499072356215214,0.9554317548746518,0.022401233999971737,0.018489316998966387,43,2028,,,,,,,,,,
linear_pretrain,13,13,0.24796358320237283,0.2410860550570531,0.950834879406308,0.9526462395543176,0.024098353999761457,0.019821347998913552,43,2028,,,,,,,,,,
linear_pretrain,14,14,0.23439693456427466,0.2302648187376342,0.9573283858998145,0.9554317548746518,0.025523775999772624,0.021014630999161454,43,2028,,,,,,,,,,
linear_pretrain,15,15,0.22264438564005118,0.22070239110723203,0.9582560296846011,0.958217270194986,0.027119091999793454,0.02230369799917753,43,2028,,,,,,,,,,
linear_pretrain,16,16,0.21328220341356305,0.21160625528673663,0.9601113172541744,0.9665738161559888,0.028868841000075918,0.02377413699923636,43,2028,,,,,,,,,,
linear_pretrain,17,17,0.20374458415185906,0.20562749368578268,0.9619666048237476,0.9610027855153204,0.030664808999972593,0.025116072999026073,43,2028,,,,,,,,,,
linear_pretrain,18,18,0.19571947570516585,0.19888131889868663,0.9628942486085343,0.958217270194986,0.03318302199977552,0.027294565999000042,43,2028,,,,,,,,,,
linear_pretrain,19,19,0.18833641140424268,0.19317508423387042,0.9647495361781077,0.9637883008356546,0.03512693299990133,0.028744974998971884,43,2028,,,,,,,,,,
linear_pretrain,20,20,0.18169436323007204,0.18757390012862454,0.9666048237476809,0.9637883008356546,0.03667064199999004,0.030046950998894317,43,2028,,,,,,,,,,
scratch_pretrain,0,0,2.3048260901711943,2.3037635128496987,0.0862708719851577,0.10306406685236769,0.0019331250000504951,0.0,43,2028,1.0316750112577338,2.3151428402837717,0.9948750446422557,0.9975246669984325,0.009198848591069881,0.00842191409820889,0.14981447124304267,0.22356215213358072,0.4582560296846011,0.1683673469387755
scratch_pretrain,1,1,1.4226518894388107,1.4088524518812275,0.7244897959183674,0.7465181058495822,0.015128468000057183,0.007071232999805943,43,2028,1.079415237052128,1.433446041809332,0.986763087481755,0.9859788415024096,,,0.16651205936920221,0.37337662337662336,0.038033395176252316,0.42207792207792205
scratch_pretrain,2,2,0.8685914747907469,0.8710483015875263,0.8840445269016698,0.9052924791086351,0.023573174999910407,0.01348659199948088,43,2028,1.0949984832094215,0.8795414596228411,0.9737544329287678,0.9671887635070013,,,0.19434137291280149,0.3385899814471243,0.05241187384044527,0.41465677179962895
scratch_pretrain,3,3,0.6102524627194852,0.6054250461381896,0.9007421150278293,0.9052924791086351,0.033993200000168144,0.021559990999776346,43,2028,1.051695121839033,0.6207694139378755,0.9674435206712938,0.9595545742789603,,,0.23562152133580705,0.30009276437847865,0.11456400742115028,0.349721706864564
scratch_pretrain,4,4,0.4735823671745982,0.4786937695553162,0.9165120593692022,0.9164345403899722,0.04252225299978818,0.02809098299985635,43,2028,1.0928033253075895,0.48451040042767407,0.9496728732794986,0.9377477778550023,,,0.23098330241187384,0.28339517625231914,0.09554730983302412,0.39007421150278293
scratch_pretrain,5,5,0.39162463222287935,0.4052389993116578,0.9322820037105751,0.9275766016713092,0.0513353639998968,0.034833562999665446,43,2028,1.0880998282777006,0.40250563050565635,0.9430276170188208,0.9334906236170561,,,0.23979591836734693,0.30658627087198514,0.08905380333951762,0.3645640074211503
scratch_pretrain,6,6,0.3354032910415463,0.34746519013197125,0.9434137291280148,0.9303621169916435,0.059882815000037226,0.041160477999710565,43,2028,1.088152422730654,0.34628481526885285,0.9350300297743757,0.9251760968802613,,,0.2537105751391466,0.27736549165120594,0.09879406307977737,0.37012987012987014
scratch_pretrain,7,7,0.2983644633369471,0.319250460519261,0.9517625231910947,0.9442896935933147,0.06795480199980375,0.04713747799951307,43,2028,1.105476514984182,0.30941922848678893,0.9246855717111933,0.914444137975415,,,0.22402597402597402,0.30612244897959184,0.09833024118738404,0.3715213358070501
scratch_pretrain,8,8,0.27688274521169426,0.2867921621633717,0.948051948051948,0.9442896935933147,0.07723622599996816,0.05422529699944789,43,2028,1.1124777267044128,0.2880075224787384,0.9153779706532273,0.9033674298781583,,,0.21150278293135436,0.2657699443413729,0.1303339517625232,0.39239332096474955
scratch_pretrain,9,9,0.24546078760734524,0.268594983575724,0.9582560296846011,0.9526462395543176,0.08943010499979209,0.06381510399933177,43,2028,1.1231048103296863,0.2566918357106421,0.9090304383100131,0.9019318780380166,,,0.23794063079777367,0.3051948051948052,0.08163265306122448,0.3752319109461967
scratch_pretrain,10,10,0.22597455880267212,0.24518410757745104,0.9628942486085343,0.9554317548746518,0.10062850899976183,0.07221567499891535,43,2028,1.12307397637485,0.2372052985664206,0.9046230614117988,0.8962346986423196,,,0.20593692022263452,0.3102968460111317,0.10575139146567718,0.3780148423005566
scratch_pretrain,11,11,0.21004184737531664,0.2304039735061081,0.963821892393321,0.9498607242339833,0.11303819300019313,0.08176505099891074,43,2028,1.1247780256451474,0.22128962763176813,0.8991433396653487,0.8908817895798866,,,0.23376623376623376,0.2722634508348794,0.10528756957328386,0.38868274582560297
scratch_pretrain,12,12,0.19634736395408173,0.21910757079416557,0.9675324675324676,0.9498607242339833,0.1236022729999604,0.08999813899890796,43,2028,1.1318255121316727,0.20766561907539846,0.8933115814282727,0.8850192969755855,,,0.20918367346938777,0.2824675324675325,0.11595547309833024,0.39239332096474955
scratch_pretrain,13,13,0.18162559725494273,0.213377224710818,0.9703153988868275,0.9554317548746518,0.13334966699994766,0.0974168349989668,43,2028,1.1448499175054785,0.1930740964299975,0.8874188291916114,0.8843174925615306,,,0.2305194805194805,0.310760667903525,0.0774582560296846,0.3812615955473098
scratch_pretrain,14,14,0.17113034930493698,0.19602381043018102,0.9749536178107606,0.9554317548746518,0.15582612500020332,0.11660381999899982,43,2028,1.1415018440119777,0.18254536774505675,0.8834179488745496,0.8764763136205963,,,0.2036178107606679,0.28339517625231914,0.11688311688311688,0.3961038961038961
scratch_pretrain,15,15,0.16082458440264,0.1875871875885308,0.9730983302411874,0.958217270194986,0.16420269899981577,0.12289546199917822,43,2028,1.1181966197522177,0.17200655060016218,0.8856091053860237,0.8808809780451592,,,0.2212430426716141,0.2722634508348794,0.12569573283858998,0.3807977736549165
scratch_pretrain,16,16,0.15118297198744346,0.17938479413280095,0.9768089053803339,0.9526462395543176,0.17342734800013204,0.12997149199918567,43,2028,1.133235757416017,0.16251532956160364,0.8785127109840078,0.8751227164546301,,,0.22077922077922077,0.2847866419294991,0.11038961038961038,0.38404452690166974
scratch_pretrain,17,17,0.1460341976336366,0.17165057670853698,0.9758812615955473,0.9610027855153204,0.18256086900009905,0.13683529399895633,43,2028,1.1170326661345733,0.15720452429498233,0.8794402885502274,0.8756450643092949,,,0.19990723562152132,0.27087198515769945,0.14749536178107606,0.3817254174397032
scratch_pretrain,18,18,0.13540298992051034,0.16808436984386224,0.9805194805194806,0.9637883008356546,0.19287588599991068,0.14460772099891983,43,2028,1.152458731916251,0.14692757723967284,0.8677764141067347,0.8669552353187098,,,0.22495361781076068,0.2810760667903525,0.09833024118738404,0.39564007421150277
scratch_pretrain,19,19,0.12851275452295724,0.16323223303250792,0.9814471243042672,0.958217270194986,0.20266206899987083,0.15217574099870035,43,2028,1.1325934902333377,0.13983868942529062,0.8693299099869745,0.8689217940283779,,,0.21799628942486085,0.2829313543599258,0.11734693877551021,0.3817254174397032
scratch_pretrain,20,20,0.1232659588034523,0.15926949130338855,0.9823747680890538,0.958217270194986,0.21724692999987383,0.1607975339989025,43,2028,1.129180250898106,0.13455776131243335,0.8683359049377316,0.8678517985601508,0.02343609011976815,0.005821762110934808,0.21150278293135436,0.26762523191094617,0.1331168831168831,0.3877551020408163
linear_continue,0,20,0.18169436323007204,0.18757390012862454,0.9666048237476809,0.9637883008356546,0.0003685440001390816,0.0,43,2028,,,,,,,,,,
linear_continue,1,21,0.17385366929957136,0.1817721786812769,0.9675324675324676,0.9610027855153204,0.0025084190001507523,0.0018727330002548115,43,2028,,,,,,,,,,
linear_continue,2,22,0.1672407885341794,0.17716183180305708,0.9693877551020408,0.9637883008356546,0.004355003000000579,0.003206056000180979,43,2028,,,,,,,,,,
linear_continue,3,23,0.16117807330544487,0.17161474803117702,0.9703153988868275,0.958217270194986,0.006327817000055802,0.004738529000405833,43,2028,,,,,,,,,,
linear_continue,4,24,0.15586892856934828,0.1680992868062686,0.9693877551020408,0.958217270194986,0.008098226000129216,0.006252524000046833,43,2028,,,,,,,,,,
linear_continue,5,25,0.1509417229542096,0.16341578713219346,0.9730983302411874,0.9665738161559888,0.009910599000249931,0.007700699999986682,43,2028,,,,,,,,,,
linear_continue,6,26,0.14606644447025066,0.16132746678655663,0.974025974025974,0.958217270194986,0.012290775000110443,0.009674905999872863,43,2028,,,,,,,,,,
linear_continue,7,27,0.14205814573626543,0.1571563978247237,0.9730983302411874,0.958217270194986,0.013899763000154053,0.011043191999760893,43,2028,,,,,,,,,,
linear_continue,8,28,0.13798949895731968,0.1547766576159277,0.9758812615955473,0.9637883008356546,0.015719515999990108,0.012585238999690773,43,2028,,,,,,,,,,
linear_continue,9,29,0.13406131326861628,0.15184444158419771,0.9768089053803339,0.9637883008356546,0.017487563000031514,0.014115136999862443,43,2028,,,,,,,,,,
linear_continue,10,30,0.13109510374857555,0.1498033577962334,0.9749536178107606,0.9665738161559888,0.01921687000003658,0.015606117000061204,43,2028,,,,,,,,,,
linear_continue,11,31,0.12777055149529817,0.14846937862299586,0.9786641929499073,0.9665738161559888,0.020971385999928316,0.017117418000452744,43,2028,,,,,,,,,,
linear_continue,12,32,0.1245678549281497,0.1461220033006343,0.9777365491651205,0.958217270194986,0.02272799499996836,0.018597692000184907,43,2028,,,,,,,,,,
linear_continue,13,33,0.12171343828795819,0.14364078859942767,0.9786641929499073,0.9637883008356546,0.024716242000067723,0.020198748000439082,43,2028,,,,,,,,,,
linear_continue,14,34,0.11945495372405684,0.1427968483407973,0.9768089053803339,0.9665738161559888,0.02623590500024875,0.02147597700059123,43,2028,,,,,,,,,,
linear_continue,15,35,0.11714927802047592,0.1408709385435055,0.9786641929499073,0.9665738161559888,0.028133125999829645,0.023120207000829396,43,2028,,,,,,,,,,
linear_continue,16,36,0.11421625374907697,0.13884932025640348,0.9786641929499073,0.9637883008356546,0.029885719000048994,0.02462947400090343,43,2028,,,,,,,,,,
linear_continue,17,37,0.11200432549722275,0.1377153316518576,0.9786641929499073,0.9637883008356546,0.031385812999815244,0.0258936730010646,43,2028,,,,,,,,,,
linear_continue,18,38,0.10976008982070419,0.13602106104213946,0.9786641929499073,0.9637883008356546,0.033288670999809256,0.027548008000849222,43,2028,,,,,,,,,,
linear_continue,19,39,0.10793933776065096,0.13505751546436395,0.9795918367346939,0.9637883008356546,0.03487828900006207,0.028736273000959045,43,2028,,,,,,,,,,
linear_continue,20,40,0.10605437719322044,0.134595126030559,0.9777365491651205,0.9665738161559888,0.036911123000209045,0.030360854000718973,43,2028,,,,,,,,,,
linear_continue,21,41,0.10419341904249745,0.13235750344237734,0.9795918367346939,0.9637883008356546,0.038921023000057176,0.03200219000063953,43,2028,,,,,,,,,,
linear_continue,22,42,0.10214163941735216,0.13117945465930794,0.9814471243042672,0.9637883008356546,0.04275943399989046,0.03403724200097713,43,2028,,,,,,,,,,
linear_continue,23,43,0.1002487127591191,0.12985225560440294,0.9823747680890538,0.9637883008356546,0.04428692900000897,0.03531456100063224,43,2028,,,,,,,,,,
linear_continue,24,44,0.09870195053525935,0.12948059565369852,0.9823747680890538,0.9637883008356546,0.04722152800013646,0.03792098700023416,43,2028,,,,,,,,,,
linear_continue,25,45,0.0971531028139997,0.1288263248499963,0.9814471243042672,0.9665738161559888,0.04949736700018548,0.03994314500005203,43,2028,,,,,,,,,,
linear_continue,26,46,0.09552926518770384,0.12690741824562782,0.9833024118738405,0.9637883008356546,0.05224728800021694,0.04236848800019288,43,2028,,,,,,,,,,
linear_continue,27,47,0.09406348751372015,0.12685547636618624,0.9842300556586271,0.9665738161559888,0.05572038599984808,0.04536934599991582,43,2028,,,,,,,,,,
linear_continue,28,48,0.09252184855467,0.1254599029333093,0.9851576994434137,0.9637883008356546,0.05755352000005587,0.04695156299976588,43,2028,,,,,,,,,,
linear_continue,29,49,0.09128235790475557,0.12479256002230713,0.9833024118738405,0.9665738161559888,0.05969409599993014,0.04875043599986384,43,2028,,,,,,,,,,
linear_continue,30,50,0.08978850905639991,0.12419311418008673,0.9851576994434137,0.9637883008356546,0.06200069199985592,0.050405952999881265,43,2028,,,,,,,,,,
linear_continue,31,51,0.08854237344161918,0.12295101357469528,0.9860853432282004,0.9637883008356546,0.06441624099988985,0.052114480000000185,43,2028,,,,,,,,,,
linear_continue,32,52,0.08732066607740711,0.1226461623836655,0.9851576994434137,0.9665738161559888,0.06632214399996883,0.053680472999985795,43,2028,,,,,,,,,,
linear_continue,33,53,0.0860446039632852,0.12160412694832771,0.9860853432282004,0.9637883008356546,0.06827978499995879,0.05538997199982987,43,2028,,,,,,,,,,
linear_continue,34,54,0.08483146327295439,0.12100934722304563,0.9860853432282004,0.9637883008356546,0.07026768100013214,0.057134993999625294,43,2028,,,,,,,,,,
linear_continue,35,55,0.083726127929657,0.12046896005169228,0.987012987012987,0.9637883008356546,0.07254806699984329,0.05913962599970546,43,2028,,,,,,,,,,
linear_continue,36,56,0.08259309432383223,0.11998317001367981,0.9860853432282004,0.9665738161559888,0.07469181800024671,0.060928863999379246,43,2028,,,,,,,,,,
linear_continue,37,57,0.08158698678371504,0.11897358184492414,0.9860853432282004,0.9665738161559888,0.07691299499992965,0.06279660999916814,43,2028,,,,,,,,,,
linear_continue,38,58,0.08042376919709644,0.11842348041850846,0.9860853432282004,0.9637883008356546,0.07896461700011059,0.06441039499895851,43,2028,,,,,,,,,,
linear_continue,39,59,0.07937960560720053,0.11805132388539288,0.9860853432282004,0.9637883008356546,0.08111922399984905,0.06613785999888933,43,2028,,,,,,,,,,
linear_continue,40,60,0.07838905022230887,0.1178105650787479,0.987012987012987,0.9665738161559888,0.08292910299996947,0.06753010199872733,43,2028,,,,,,,,,,
linear_continue,41,61,0.07757062588835796,0.11688014043815546,0.9879406307977736,0.9665738161559888,0.08518437100019582,0.06948729199893933,43,2028,,,,,,,,,,
linear_continue,42,62,0.07658357109268911,0.11674355220610207,0.9888682745825603,0.9637883008356546,0.08714115100019626,0.0709949469987805,43,2028,,,,,,,,,,
linear_continue,43,63,0.07554571415650485,0.11569148251134716,0.9897959183673469,0.9637883008356546,0.08937065999998595,0.07286694999856991,43,2028,,,,,,,,,,
linear_continue,44,64,0.07472488232632798,0.11562774527064522,0.9879406307977736,0.9665738161559888,0.09142103100020904,0.07466851599838265,43,2028,,,,,,,,,,
linear_continue,45,65,0.0741131929237489,0.11509249587326793,0.9897959183673469,0.9637883008356546,0.09320843600016815,0.07619905599813137,43,2028,,,,,,,,,,
linear_continue,46,66,0.07357015595487605,0.11481871330199385,0.987012987012987,0.9693593314763231,0.09533049399988158,0.07798864499818592,43,2028,,,,,,,,,,
linear_continue,47,67,0.07213848120458334,0.11436507228547903,0.9897959183673469,0.9637883008356546,0.09829736099982256,0.08002487399835445,43,2028,,,,,,,,,,
linear_continue,48,68,0.07123444098738559,0.11304251160078095,0.9888682745825603,0.9665738161559888,0.10085272000014811,0.08221656699834057,43,2028,,,,,,,,,,
linear_continue,49,69,0.07042040070343443,0.11311645471995603,0.9897959183673469,0.9665738161559888,0.10239482699989821,0.08351677999826279,43,2028,,,,,,,,,,
linear_continue,50,70,0.06973045634138453,0.11260393080804044,0.9897959183673469,0.9637883008356546,0.10411026400015544,0.08480878099817346,43,2028,,,,,,,,,,
linear_continue,51,71,0.0690359327555317,0.11201772075451906,0.9879406307977736,0.9665738161559888,0.1059238389998427,0.08638231499844551,43,2028,,,,,,,,,,
linear_continue,52,72,0.06834161278563144,0.11178759016547665,0.9907235621521335,0.9637883008356546,0.10765715300021839,0.08784372099853499,43,2028,,,,,,,,,,
linear_continue,53,73,0.06762869192381932,0.11184867677372703,0.9888682745825603,0.9665738161559888,0.109442344999934,0.08938771999874007,43,2028,,,,,,,,,,
linear_continue,54,74,0.06670185971269967,0.11070979928552717,0.9897959183673469,0.9665738161559888,0.11171109399992929,0.0913657019987113,43,2028,,,,,,,,,,
linear_continue,55,75,0.06596083657615047,0.11015198638972264,0.9907235621521335,0.9637883008356546,0.11361638600010338,0.0929943489991274,43,2028,,,,,,,,,,
linear_continue,56,76,0.06531988125527706,0.10966061771573715,0.9897959183673469,0.9665738161559888,0.11556156799997552,0.09469734799904472,43,2028,,,,,,,,,,
linear_continue,57,77,0.0647274708157611,0.11004519284545415,0.9916512059369202,0.9637883008356546,0.11740627000017412,0.09630228899914073,43,2028,,,,,,,,,,
linear_continue,58,78,0.06402232053404468,0.10933021535911938,0.9907235621521335,0.9665738161559888,0.11922763600023245,0.09779536199903305,43,2028,,,,,,,,,,
linear_continue,59,79,0.06324752876690513,0.10822071640263026,0.9916512059369202,0.9637883008356546,0.12103981900008876,0.09936272699906112,43,2028,,,,,,,,,,
linear_continue,60,80,0.06262861961670114,0.10825407816057397,0.9907235621521335,0.9665738161559888,0.123187494999911,0.10110403299904647,43,2028,,,,,,,,,,
linear_continue,61,81,0.061988381737251665,0.10816499886126935,0.9907235621521335,0.9665738161559888,0.12537247799991746,0.10290450799902828,43,2028,,,,,,,,,,
linear_continue,62,82,0.06138102684337417,0.10772703300498533,0.9916512059369202,0.9665738161559888,0.12722983799994836,0.1044359179991261,43,2028,,,,,,,,,,
linear_continue,63,83,0.06076686312461149,0.10703988495786065,0.9916512059369202,0.9665738161559888,0.12902289200019368,0.10592416399913418,43,2028,,,,,,,,,,
linear_continue,64,84,0.06032853119066971,0.10682892107350705,0.9916512059369202,0.9637883008356546,0.13130851599999005,0.1078690759991332,43,2028,,,,,,,,,,
linear_continue,65,85,0.059641592699785785,0.106505102533233,0.9916512059369202,0.9665738161559888,0.1330203369998344,0.10933752199935043,43,2028,,,,,,,,,,
linear_continue,66,86,0.0590544820202161,0.10586818413838375,0.9916512059369202,0.9665738161559888,0.1348882440001944,0.11074220199952833,43,2028,,,,,,,,,,
linear_continue,67,87,0.05845081813909631,0.10559932498945783,0.9907235621521335,0.9665738161559888,0.1368841120001889,0.11249483599976884,43,2028,,,,,,,,,,
linear_continue,68,88,0.0579111052117726,0.10536583486890178,0.9925788497217068,0.9637883008356546,0.13827577299980476,0.11365550999971674,43,2028,,,,,,,,,,
linear_continue,69,89,0.0573444033075225,0.10538353094054952,0.9925788497217068,0.9637883008356546,0.14046832700023515,0.1154929499998616,43,2028,,,,,,,,,,
linear_continue,70,90,0.05676935972848927,0.10520457109670504,0.9925788497217068,0.9665738161559888,0.1423792680002407,0.11716258899969034,43,2028,,,,,,,,,,
linear_continue,71,91,0.056239454152298286,0.10470415524388485,0.9925788497217068,0.9665738161559888,0.1442795230000229,0.11881746499966539,43,2028,,,,,,,,,,
linear_continue,72,92,0.0557230100665038,0.10446617048289104,0.9916512059369202,0.9665738161559888,0.14664504600023065,0.12086640299958162,43,2028,,,,,,,,,,
linear_continue,73,93,0.055277768226504445,0.10464749400951175,0.9935064935064936,0.9665738161559888,0.148867694999808,0.12271252699974866,43,2028,,,,,,,,,,
linear_continue,74,94,0.05478014587061694,0.10363128298492277,0.9916512059369202,0.9665738161559888,0.15101661400012745,0.12445722899974498,43,2028,,,,,,,,,,
linear_continue,75,95,0.05428746288583121,0.10379483922729456,0.9944341372912802,0.9665738161559888,0.15291420499988817,0.12599829399960072,43,2028,,,,,,,,,,
linear_continue,76,96,0.053895342455787386,0.10279759929240803,0.9944341372912802,0.9665738161559888,0.15495970800020586,0.12752421599952868,43,2028,,,,,,,,,,
linear_continue,77,97,0.05331506948212016,0.10318446789947253,0.9935064935064936,0.9665738161559888,0.15721164100023088,0.12952693499937595,43,2028,,,,,,,,,,
linear_continue,78,98,0.05284450762406984,0.10259256685860157,0.9944341372912802,0.9665738161559888,0.1588608789998034,0.13080924099949698,43,2028,,,,,,,,,,
linear_continue,79,99,0.05236366671164741,0.10243528329881796,0.9935064935064936,0.9637883008356546,0.1608515789998819,0.13224246399931872,43,2028,,,,,,,,,,
linear_continue,80,100,0.05194099957911831,0.10185545838771806,0.9944341372912802,0.9665738161559888,0.16264308100016933,0.13375098999949842,43,2028,,,,,,,,,,
moe_continue,0,20,0.18169436323007204,0.18757390012862446,0.9666048237476809,0.9637883008356546,0.0014834789999440545,0.0,43,2028,1.0316750112577338,0.1920111133426494,0.9948750446422557,0.9975246669984325,3.509482005871229e-18,0.008421914098208888,0.14981447124304267,0.22356215213358072,0.4582560296846011,0.1683673469387755
moe_continue,1,21,0.16879219882626334,0.18337016647570936,0.9684601113172542,0.9637883008356546,0.013724059000196576,0.0068462650001492875,43,2028,1.0320053966710723,0.17911225279297407,0.9939125179451291,0.9962282236705285,,,0.06679035250463822,0.3534322820037106,0.36038961038961037,0.2193877551020408
moe_continue,2,22,0.15707857288463048,0.17125319409750797,0.9712430426716141,0.9665738161559888,0.022531771000103618,0.01347211900019829,43,2028,1.0082478540237774,0.16716105142486826,0.9938366702532194,0.9951931169628846,,,0.2564935064935065,0.29962894248608535,0.1567717996289425,0.28710575139146566
moe_continue,3,23,0.14438854428799835,0.16466655901807836,0.974025974025974,0.9665738161559888,0.0321233510003367,0.020414267999967706,43,2028,1.0136109011397811,0.15452465329939616,0.9918951307402756,0.9931106350811363,,,0.15584415584415584,0.29916512059369205,0.22448979591836735,0.3205009276437848
moe_continue,4,24,0.1383931560019107,0.1601233201326233,0.9749536178107606,0.9637883008356546,0.04072679599994444,0.02689096799986146,43,2028,1.0080571460305294,0.14847372746221602,0.990406364294639,0.9940283346409553,,,0.19851576994434136,0.30658627087198514,0.2949907235621521,0.19990723562152132
moe_continue,5,25,0.13153991260572545,0.15342831905759932,0.9795918367346939,0.9665738161559888,0.04966557500029012,0.033738044999608974,43,2028,1.0309629870548584,0.14184954247627404,0.9850858904266571,0.9867522088544849,,,0.17810760667903525,0.37894248608534326,0.187847866419295,0.25510204081632654
moe_continue,6,26,0.12327942675541542,0.14809214027925996,0.9795918367346939,0.9637883008356546,0.0586127370002032,0.040556829999786714,43,2028,1.0151833745026706,0.13343126050044213,0.9839364167609528,0.9869843013871024,,,0.19202226345083487,0.3209647495361781,0.18831168831168832,0.2987012987012987
moe_continue,7,27,0.11731090156428661,0.14283071768770633,0.9786641929499073,0.9665738161559888,0.06849361200011117,0.04805616599969653,43,2028,1.0126960823907034,0.12743786238819366,0.9810637777090878,0.9855538211626909,,,0.19387755102040816,0.33116883116883117,0.2435064935064935,0.23144712430426717
moe_continue,8,28,0.11134283672776125,0.13792278088802462,0.9814471243042672,0.9693593314763231,0.07659493300025133,0.0540657349997673,43,2028,1.0208576277421368,0.12155141300518263,0.9760070982777277,0.9803591166161433,,,0.19573283858998144,0.3390538033395176,0.19434137291280149,0.27087198515769945
moe_continue,9,29,0.10715080031184565,0.13697878215084114,0.9805194805194806,0.9637883008356546,0.0852203389999886,0.06070316599971193,43,2028,1.025548006032618,0.11740628037217184,0.97182130340364,0.9774519062227576,,,0.14332096474953618,0.3344155844155844,0.2606679035250464,0.26159554730983303
moe_continue,10,30,0.10119770314845629,0.12885056511398393,0.9823747680890538,0.9693593314763231,0.09352597500037518,0.06693293399985123,43,2028,1.02153710235928,0.11141307417204908,0.9680146180859777,0.97357333156955,,,0.20037105751391465,0.33719851576994436,0.20918367346938777,0.2532467532467532
moe_continue,11,31,0.09729268782977836,0.128741010338475,0.9842300556586271,0.9693593314763231,0.10235859300019001,0.07344234199990751,43,2028,1.0263867372444555,0.10755655520222292,0.9634970742155247,0.9695417059519565,,,0.17393320964749537,0.34137291280148424,0.237012987012987,0.24768089053803338
moe_continue,12,32,0.09402488243656358,0.12366981950346363,0.9842300556586271,0.9693593314763231,0.11045802900025592,0.07960978599976443,43,2028,1.021733983089193,0.10424222226745551,0.9603248319496364,0.9679751314760082,,,0.16558441558441558,0.3228200371057514,0.2653061224489796,0.24628942486085342
moe_continue,13,33,0.09122194656322091,0.11819507316938427,0.9851576994434137,0.9693593314763231,0.12003178000031767,0.08704117900015262,43,2028,1.0287805294697137,0.10150975185791805,0.9533967497317883,0.9612334459400275,,,0.20640074211502782,0.34183673469387754,0.21335807050092764,0.23840445269016697
moe_continue,14,34,0.08677846763810156,0.11743919945602424,0.9842300556586271,0.9721448467966574,0.12780453499999567,0.0928198589999738,43,2028,1.0201949151178893,0.09698041678928045,0.9524472943058442,0.9622063530496913,,,0.1702226345083488,0.31586270871985156,0.26855287569573283,0.2453617810760668
moe_continue,15,35,0.08189142597716537,0.11197751009033108,0.9860853432282004,0.9693593314763231,0.1359630100000686,0.09906435900029464,43,2028,1.0288715488026208,0.09218014146519157,0.9449575865829862,0.9536981339981941,,,0.18228200371057515,0.3339517625231911,0.23933209647495363,0.24443413729128013
moe_continue,16,36,0.07832180031548383,0.10702217356116389,0.9879406307977736,0.9721448467966574,0.14356352699996933,0.10467683000024408,43,2028,1.0164513157050346,0.08848631347253418,0.9451985515812992,0.9557647483075163,,,0.2101113172541744,0.31586270871985156,0.23794063079777367,0.23608534322820038
moe_continue,17,37,0.07568140438507155,0.1053813668076898,0.9907235621521335,0.9749303621169917,0.15122057899998254,0.11019160400019246,43,2028,1.0260029820810326,0.08594143420588188,0.939127483937148,0.948742483733562,,,0.19573283858998144,0.3274582560296846,0.2323747680890538,0.24443413729128013
moe_continue,18,38,0.07282618492266561,0.10590798085845878,0.9916512059369202,0.9693593314763231,0.15884098500009713,0.1158351010003571,43,2028,1.0291129627160867,0.08311731454982647,0.9342516364305689,0.9445196058674905,,,0.17068645640074212,0.323747680890538,0.2588126159554731,0.24675324675324675
moe_continue,19,39,0.069592473682107,0.10023728523685456,0.9916512059369202,0.9749303621169917,0.16728691200023604,0.12221782800043002,43,2028,1.019615987450222,0.07978863355660921,0.9328033530958652,0.9445863987836066,,,0.20871985157699444,0.31493506493506496,0.24489795918367346,0.23144712430426717
moe_continue,20,40,0.06770491798070553,0.10098117294245715,0.9916512059369202,0.9749303621169917,0.17519294800013085,0.12788950800040766,43,2028,1.034374028322048,0.07804865826392601,0.924736588877324,0.9362667408616603,0.006876450138604154,0.0034404993949323478,0.18831168831168832,0.3320964749536178,0.25834879406307976,0.2212430426716141
moe_continue,21,41,0.06561914971232481,0.09825813266491255,0.9916512059369202,0.9721448467966574,0.18592432700006611,0.13365378600065014,43,2028,1.0199122902784605,0.07581827261510941,0.9270183675228268,0.9389444579461396,,,0.18692022263450836,0.30612244897959184,0.25139146567717996,0.25556586270871984
moe_continue,22,42,0.06294084297885592,0.09618868850426027,0.9925788497217068,0.9749303621169917,0.19371393800020087,0.13943340800051374,43,2028,1.0340839737714356,0.07328168271657028,0.9182132838833877,0.9306002241620057,,,0.1971243042671614,0.33116883116883117,0.2537105751391466,0.21799628942486085
moe_continue,23,43,0.06128709438875595,0.09416648238299948,0.9944341372912802,0.9749303621169917,0.20177873200009344,0.14551099700020131,43,2028,1.0241692796583062,0.07152878718533902,0.9185621750581688,0.9317240414935333,,,0.18645640074211503,0.310760667903525,0.26205936920222633,0.24072356215213359
moe_continue,24,44,0.05909262316406561,0.092444456534656,0.9935064935064936,0.9721448467966574,0.20950544900006207,0.15116333800006032,43,2028,1.0254777544477875,0.06934740070854349,0.9141146312221186,0.9276378082086216,,,0.18970315398886828,0.3144712430426716,0.2523191094619666,0.2435064935064935
moe_continue,25,45,0.05584591500159505,0.0901628821643017,0.9953617810760668,0.9749303621169917,0.21738464400004887,0.15703447699979733,43,2028,1.0362184863061439,0.06620809986465649,0.9064917593921916,0.9203830619867468,,,0.20083487940630798,0.33116883116883117,0.24628942486085342,0.22170686456400743
moe_continue,26,46,0.055008207210639,0.08747719786500319,0.9953617810760668,0.9721448467966574,0.22498771500022485,0.16270567599985952,43,2028,1.0204000377746087,0.06521220758838508,0.9096230766483222,0.9264087846807595,,,0.212430426716141,0.3079777365491651,0.2592764378478664,0.22031539888682747
moe_continue,27,47,0.05333695352326852,0.08695818617541134,0.9953617810760668,0.9805013927576601,0.23272181200036357,0.16843830699963291,43,2028,1.03107241139949,0.06364767763726342,0.9026286275121056,0.9190458147068121,,,0.21753246753246752,0.32560296846011133,0.24118738404452691,0.21567717996289426
moe_continue,28,48,0.0516575034932472,0.08609463638462286,0.9962894248608535,0.9749303621169917,0.24026915900003587,0.17400015199973495,43,2028,1.0307697897833665,0.06196520139108087,0.9005429222055472,0.9165960898612556,,,0.1813543599257885,0.31493506493506496,0.26391465677179965,0.23979591836734693
moe_continue,29,49,0.04996942421852598,0.08601781569291428,0.9953617810760668,0.9749303621169917,0.2477693350001573,0.17959485599976688,43,2028,1.027234175724084,0.06024176597576682,0.8985589673805362,0.9163681943321481,,,0.2230983302411874,0.3209647495361781,0.23515769944341372,0.22077922077922077
moe_continue,30,50,0.0490438652995954,0.0852066514249629,0.9962894248608535,0.9693593314763231,0.2563843360003375,0.1859683299999233,43,2028,1.031646009036239,0.059360325389957794,0.8967034064040927,0.9143518873762428,,,0.16743970315398887,0.30658627087198514,0.28617810760667906,0.23979591836734693
moe_continue,31,51,0.04645463824628023,0.08344308270894292,0.9962894248608535,0.9721448467966574,0.26464330199996766,0.19210842299980868,43,2028,1.024432764371811,0.05669896588999834,0.8947581503229219,0.9139801877264355,,,0.21382189239332097,0.31261595547309834,0.25463821892393323,0.2189239332096475
moe_continue,32,52,0.04509024757546162,0.08245296073281755,0.9962894248608535,0.9749303621169917,0.27285420500038526,0.19830981799987057,43,2028,1.0245629961968463,0.055335877537430085,0.8925871205288449,0.9117779418816773,,,0.19480519480519481,0.3075139146567718,0.2662337662337662,0.23144712430426717
moe_continue,33,53,0.04384441197976552,0.08266672217687265,0.9962894248608535,0.9721448467966574,0.2807329400002345,0.20413869399999385,43,2028,1.0347546601907094,0.05419195858167261,0.8853214099880073,0.9053980370852854,,,0.19573283858998144,0.32142857142857145,0.2602040816326531,0.22263450834879406
moe_continue,34,54,0.04219280831898106,0.08078739336197086,0.9962894248608535,0.9749303621169917,0.28850868000017726,0.20990374400025757,43,2028,1.023618612327666,0.05242899444225772,0.8877443129737729,0.9090405913281737,,,0.20454545454545456,0.30844155844155846,0.2588126159554731,0.22820037105751392
moe_continue,35,55,0.040911547495457584,0.08067144128361917,0.9962894248608535,0.9721448467966574,0.29666761600037717,0.21595795800021733,43,2028,1.0306300516600608,0.05121784801205819,0.8821463004058677,0.9035010078132405,,,0.19990723562152132,0.3167903525046382,0.2569573283858998,0.22634508348794063
moe_continue,36,56,0.03929810063499894,0.08011272454703915,0.9962894248608535,0.9749303621169917,0.3046987490001811,0.22203871200008507,43,2028,1.0318130615644014,0.049616231250642955,0.879403228145502,0.9017687275939256,,,0.2012987012987013,0.3177179962894249,0.2602040816326531,0.22077922077922077
moe_continue,37,57,0.03820739463771794,0.07935081578851319,0.9962894248608535,0.9721448467966574,0.31244102900018333,0.22763401700012764,43,2028,1.031667423302459,0.04852406887074253,0.8775661994984323,0.8992228353342508,,,0.18552875695732837,0.312152133580705,0.26762523191094617,0.23469387755102042
moe_continue,38,58,0.03779317895852953,0.0781136343858266,0.9962894248608535,0.9721448467966574,0.3198226170002272,0.23317219599994132,43,2028,1.0292399065890883,0.048085578024420414,0.8762560252132402,0.8999049933413649,,,0.20871985157699444,0.313543599257885,0.2634508348794063,0.21428571428571427
moe_continue,39,59,0.03599231517341203,0.07780261234958602,0.9962894248608535,0.9721448467966574,0.327981302000353,0.2391517080000085,43,2028,1.0343523297259218,0.04633583847067125,0.8726595911473046,0.8954365781793997,,,0.18506493506493507,0.31493506493506496,0.2699443413729128,0.2300556586270872
moe_continue,40,60,0.035159627051218285,0.07839676210447452,0.9962894248608535,0.9721448467966574,0.3362056860000848,0.24523487599981308,43,2028,1.0274726639333793,0.04543435369055208,0.8723101677445013,0.8959516524852135,0.008620747222665108,0.0024130189939649605,0.212430426716141,0.3144712430426716,0.24907235621521337,0.22402597402597402
moe_continue,41,61,0.034070895985911724,0.07732093413635094,0.9962894248608535,0.9721448467966574,0.347568874999979,0.25146249999943393,43,2028,1.0313903324190734,0.04438479931010246,0.869971044496722,0.8941426545496955,,,0.17857142857142858,0.3033395176252319,0.28014842300556586,0.23794063079777367
moe_continue,42,62,0.033363598979865794,0.07802212730134216,0.9962894248608535,0.9721448467966574,0.35586641800000507,0.2576912259992241,43,2028,1.0220504449252135,0.04358410342911793,0.8699375055536409,0.8954307926596344,,,0.2077922077922078,0.30194805194805197,0.2625231910946197,0.2277365491651206
moe_continue,43,63,0.032512695650933655,0.08030711517015851,0.9962894248608535,0.9693593314763231,0.36424276100024144,0.2636839979991237,43,2028,1.0421971770189964,0.04293466742112362,0.8619908765503848,0.8877956833112407,,,0.1725417439703154,0.3163265306122449,0.2820037105751391,0.22912801484230055
moe_continue,44,64,0.031279755868120235,0.07856459802561504,0.9962894248608535,0.9693593314763231,0.37253221200035114,0.26975812199907523,43,2028,1.028190512079203,0.041561660988912265,0.8642485303822179,0.8914799129099221,,,0.20454545454545456,0.30936920222634506,0.2662337662337662,0.21985157699443414
moe_continue,45,65,0.030382654828929646,0.07855186502946147,0.9962894248608535,0.9693593314763231,0.380567252000219,0.27584882099881725,43,2028,1.035509495146309,0.04073774978039274,0.8605795568075698,0.8871916907760077,,,0.18923933209647495,0.3186456400742115,0.2634508348794063,0.22866419294990722
moe_continue,46,66,0.030328083630096467,0.07798391366732779,0.9972170686456401,0.9693593314763231,0.3883341680002559,0.2815993989988783,43,2028,1.0262813123160668,0.04059089675325714,0.8620826222282674,0.891322587607694,,,0.20732838589981448,0.3047309833024119,0.27365491651205937,0.21428571428571427
moe_continue,47,67,0.028655698894641094,0.07400012061812636,0.9962894248608535,0.9721448467966574,0.39608752499998445,0.28732738399912705,43,2028,1.0227053424112842,0.03888275231875393,0.8608016213900925,0.8891297569504096,,,0.2101113172541744,0.30612244897959184,0.2527829313543599,0.23098330241187384
moe_continue,48,68,0.029973179519290197,0.07630039318653994,0.9953617810760668,0.9693593314763231,0.4045883740000136,0.29373670099903393,43,2028,1.0250026659960798,0.04022320617925099,0.8599479292656391,0.8905545458113906,,,0.2101113172541744,0.3038033395176252,0.27319109461966606,0.21289424860853431
moe_continue,49,69,0.02739036644395133,0.07620945035096795,0.9972170686456401,0.9693593314763231,0.41231898700016245,0.2994993069987686,43,2028,1.0289807216004907,0.03768017365995624,0.8555677645359022,0.8848456658694182,,,0.20083487940630798,0.31261595547309834,0.2569573283858998,0.22959183673469388
moe_continue,50,70,0.028249380790965256,0.07569645433207403,0.9962894248608535,0.9693593314763231,0.42034515200020905,0.3053135199988901,43,2028,1.02359845497542,0.03848536534071946,0.8576590899639871,0.8887454089152063,,,0.20408163265306123,0.29916512059369205,0.27690166975881264,0.21985157699443414
moe_continue,51,71,0.027310824948690443,0.07243328757503799,0.9962894248608535,0.9749303621169917,0.42836848400020244,0.3113197819989182,43,2028,1.021514482373976,0.0375259697724302,0.8557503408894981,0.8874304372824545,,,0.21335807050092764,0.30194805194805197,0.262987012987013,0.22170686456400743
moe_continue,52,72,0.02644022749176701,0.07207627853878783,0.9962894248608535,0.9721448467966574,0.43652805100009573,0.3171993639989523,43,2028,1.0192110899150535,0.03663233839091754,0.855690691936164,0.8883394223908145,,,0.21614100185528756,0.29684601113172543,0.26669758812615957,0.22031539888682747
moe_continue,53,73,0.025693092038940463,0.07262238198884616,0.9972170686456401,0.9721448467966574,0.4444814270000279,0.32296728699884625,43,2028,1.0193271445164926,0.035886363484105385,0.8539915197675495,0.8868879972128282,,,0.20593692022263452,0.2922077922077922,0.27319109461966606,0.22866419294990722
moe_continue,54,74,0.02477823826662463,0.07158042306153747,0.9972170686456401,0.9721448467966574,0.4525922210000317,0.3291181059989867,43,2028,1.0196451869653214,0.034974690136277846,0.852946739890658,0.8865362163595377,,,0.20686456400742115,0.2917439703153989,0.2755102040816326,0.2258812615955473
moe_continue,55,75,0.024187568960788452,0.07224739512961141,0.9972170686456401,0.9721448467966574,0.4603881210000509,0.33490297599928454,43,2028,1.0191806794081522,0.034379375754869976,0.849854649531251,0.8833631042495351,,,0.21799628942486085,0.30009276437847865,0.2541743970315399,0.2277365491651206
moe_continue,56,76,0.023680901115406203,0.07515536002396006,0.9972170686456401,0.9721448467966574,0.4681481170000552,0.34077332399920124,43,2028,1.0175718031537033,0.03385661914694324,0.8506010834847845,0.8854927876893508,,,0.20686456400742115,0.28617810760667906,0.27736549165120594,0.22959183673469388
moe_continue,57,77,0.023088380780922717,0.07043622510198765,0.9972170686456401,0.9721448467966574,0.47598563000019567,0.34660361199894396,43,2028,1.0209492949277765,0.03329787373020048,0.8469203600108329,0.8822999134876037,,,0.20871985157699444,0.29545454545454547,0.2717996289424861,0.22402597402597402
moe_continue,58,78,0.022303223101983533,0.06994819125295651,0.9981447124304267,0.9721448467966574,0.4837961420003012,0.35255578299893386,43,2028,1.0166165781353904,0.03246938888333744,0.8474250781171497,0.8833354643696439,,,0.21289424860853431,0.2884972170686456,0.27133580705009275,0.22727272727272727
moe_continue,59,79,0.02174649469329451,0.0692386537730085,0.9972170686456401,0.9721448467966574,0.49174548300015886,0.358631147998949,43,2028,1.0209811475461323,0.03195630616875583,0.8452432495966831,0.881783397788075,,,0.2077922077922078,0.2922077922077922,0.2782931354359926,0.22170686456400743
moe_continue,60,80,0.021212140212412637,0.06911007220828048,0.9990723562152134,0.9721448467966574,0.4998942540000826,0.36477921299865557,43,2028,1.0158259317887257,0.031370399530299894,0.8462069879289655,0.88384446047875,0.006198106798778508,0.0017079066255919295,0.21799628942486085,0.2898886827458256,0.2694805194805195,0.22263450834879406
moe_continue,61,81,0.021673996023094142,0.07318714485938034,0.9990723562152134,0.9693593314763231,0.5114650740001707,0.37090890099852913,43,2028,1.0192233368910206,0.03186622939200435,0.8445747301149433,0.8828976032194983,,,0.20408163265306123,0.28664192949907236,0.2847866419294991,0.22448979591836735
moe_continue,62,82,0.021197961057069087,0.06930780200802027,0.9990723562152134,0.9721448467966574,0.5196802140003456,0.3772143629985294,43,2028,1.0219951883957485,0.03141791294102657,0.8390580143579455,0.876337787136525,,,0.21614100185528756,0.30658627087198514,0.24304267161410018,0.2342300556586271
moe_continue,63,83,0.020798719144411393,0.07236759400959675,0.9990723562152134,0.9693593314763231,0.5284262820000549,0.3835003449985379,43,2028,1.0171301901430003,0.030970021045841397,0.8415397323722483,0.8806908854800317,,,0.20593692022263452,0.2820037105751391,0.28061224489795916,0.23144712430426717
moe_continue,64,84,0.019778678040122254,0.06777705902675227,0.9990723562152134,0.9721448467966574,0.5367411209999773,0.38962124899853734,43,2028,1.0150972147468738,0.029929650187590993,0.8405165908196052,0.8805966271112836,,,0.22356215213358072,0.29267161410018555,0.26205936920222633,0.22170686456400743
moe_continue,65,85,0.01972889124442591,0.0721542004031925,0.9990723562152134,0.9721448467966574,0.5448764510001638,0.39587023499871066,43,2028,1.020349999256163,0.02993239123698754,0.8368678918178656,0.8769730318225835,,,0.20222634508348794,0.2880333951762523,0.28014842300556586,0.22959183673469388
moe_continue,66,86,0.018861242687216583,0.07230583829594049,0.9990723562152134,0.9721448467966574,0.5536043420001988,0.40258498199864334,43,2028,1.0099040247293098,0.028960282934509682,0.8399421313325418,0.8820948831489552,,,0.23562152133580705,0.2810760667903525,0.2657699443413729,0.21753246753246752
moe_continue,67,87,0.018868927088906515,0.07166584885154469,0.9990723562152134,0.9693593314763231,0.5620978599999944,0.4088256059990272,43,2028,1.018878556875947,0.029057712657665984,0.8349518495647879,0.8760874387517931,,,0.20593692022263452,0.28664192949907236,0.2787569573283859,0.22866419294990722
moe_continue,68,88,0.018066478086285826,0.06751413243165025,0.9990723562152134,0.9749303621169917,0.5706426050001028,0.4152127609991112,43,2028,1.0179567100126405,0.02824604518641223,0.8332337955064647,0.8742824467919985,,,0.21521335807050093,0.2945269016697588,0.2625231910946197,0.2277365491651206
moe_continue,69,89,0.017307865870850526,0.06640464584241579,1.0,0.9721448467966574,0.5790556120000474,0.42128037499924176,43,2028,1.0169706718357863,0.02747757258920839,0.8330626467182292,0.8750000473976187,,,0.212430426716141,0.28664192949907236,0.2727272727272727,0.22820037105751392
moe_continue,70,90,0.01686624602768883,0.06695667713901242,1.0,0.9721448467966574,0.5873397860000296,0.4276271689996065,43,2028,1.0156090363147237,0.027022336390836066,0.8325297181233823,0.8748636237282305,,,0.21567717996289426,0.2884972170686456,0.26669758812615957,0.22912801484230055
moe_continue,71,91,0.016764705503016373,0.07063152862410171,1.0,0.9693593314763231,0.5951087759999609,0.433394782999585,43,2028,1.0130065197660851,0.026894770700677223,0.8330027046908943,0.875961871259319,,,0.21753246753246752,0.2792207792207792,0.27411873840445267,0.22912801484230055
moe_continue,72,92,0.016697294679575984,0.06594787697973449,1.0,0.9721448467966574,0.6034668300003432,0.4398661739992349,43,2028,1.01621807267525,0.026859475406328485,0.8299828028724071,0.8731374122582011,,,0.2193877551020408,0.2917439703153989,0.26437847866419295,0.22448979591836735
moe_continue,73,93,0.01637806378977667,0.06578698248948693,1.0,0.9721448467966574,0.6115311240000665,0.44604564699920957,43,2028,1.017559887548949,0.02655366266526616,0.8285313228247029,0.8726137315142134,,,0.21103896103896103,0.28664192949907236,0.2764378478664193,0.2258812615955473
moe_continue,74,94,0.015811074630977986,0.0656296550478884,1.0,0.9721448467966574,0.6194172499999695,0.45196244499902605,43,2028,1.0096394215031397,0.025907468846009384,0.8301517755540042,0.8755174688978785,,,0.23469387755102042,0.2787569573283859,0.26716141001855287,0.2193877551020408
moe_continue,75,95,0.015593422216972382,0.06520078981790486,1.0,0.9749303621169917,0.627389575000052,0.45784877699907156,43,2028,1.0173745455614205,0.025767167672586588,0.8248349959548048,0.869043427518071,,,0.21196660482374768,0.29081632653061223,0.26437847866419295,0.23283858998144713
moe_continue,76,96,0.015477789583503184,0.06437968131715964,1.0,0.9749303621169917,0.635498484999971,0.4639789149991884,43,2028,1.0138690112900348,0.02561647969640353,0.8255808603796178,0.8708022609321255,,,0.22634508348794063,0.29035250463821893,0.2592764378478664,0.22402597402597402
moe_continue,77,97,0.014702151419531979,0.06456400929432626,1.0,0.9749303621169917,0.6436525140002232,0.47027418099924034,43,2028,1.0129677503415282,0.02483182892294726,0.8246931706376597,0.870088999226696,,,0.2193877551020408,0.2824675324675325,0.2662337662337662,0.23191094619666047
moe_continue,78,98,0.014527352236393698,0.0694980352307107,1.0,0.9693593314763231,0.6519583300000704,0.4765649599989956,43,2028,1.009867548295784,0.02462602771935154,0.8241924001468296,0.8707672850364632,,,0.2230983302411874,0.27365491651205937,0.26855287569573283,0.23469387755102042
moe_continue,79,99,0.014550953211660243,0.06517231576699585,1.0,0.9749303621169917,0.6604883230002088,0.4831762809990323,43,2028,1.015367290248199,0.02470462611414223,0.8204419781991092,0.8671646439904748,,,0.22495361781076068,0.2922077922077922,0.25742115027829315,0.22541743970315398
moe_continue,80,100,0.013902377492403847,0.06883964853597907,1.0,0.9721448467966574,0.6678080880001289,0.48852627799897164,43,2028,1.0119430709376616,0.024021808201780463,0.8217837967586591,0.8688679926516599,0.004224138674107627,0.0013286858318731808,0.22031539888682747,0.27782931354359924,0.27040816326530615,0.23144712430426717
linear_mac_matched,0,20,0.18169436323007204,0.18757390012862454,0.9666048237476809,0.9637883008356546,0.000263896999967983,0.0,43,2028,,,,,,,,,,
linear_mac_matched,1,21,0.17385366929957136,0.1817721786812769,0.9675324675324676,0.9610027855153204,0.0020132239997110446,0.0013809840002068086,43,2028,,,,,,,,,,
linear_mac_matched,2,22,0.1672407885341794,0.17716183180305708,0.9693877551020408,0.9637883008356546,0.0034456359999239794,0.0025744870004018594,43,2028,,,,,,,,,,
linear_mac_matched,3,23,0.16117807330544487,0.17161474803117702,0.9703153988868275,0.958217270194986,0.005098378999718989,0.0039508350005235116,43,2028,,,,,,,,,,
linear_mac_matched,4,24,0.15586892856934828,0.1680992868062686,0.9693877551020408,0.958217270194986,0.006585912999980792,0.005204438000419032,43,2028,,,,,,,,,,
linear_mac_matched,5,25,0.1509417229542096,0.16341578713219346,0.9730983302411874,0.9665738161559888,0.00801634199979162,0.006386344000020472,43,2028,,,,,,,,,,
linear_mac_matched,6,26,0.14606644447025066,0.16132746678655663,0.974025974025974,0.958217270194986,0.009394321999934618,0.007537823999882676,43,2028,,,,,,,,,,
linear_mac_matched,7,27,0.14205814573626543,0.1571563978247237,0.9730983302411874,0.958217270194986,0.01099144099998739,0.008886940999673243,43,2028,,,,,,,,,,
linear_mac_matched,8,28,0.13798949895731968,0.1547766576159277,0.9758812615955473,0.9637883008356546,0.01240171899962661,0.010069817999465158,43,2028,,,,,,,,,,
linear_mac_matched,9,29,0.13406131326861628,0.15184444158419771,0.9768089053803339,0.9637883008356546,0.013766268999916065,0.011210911999569362,43,2028,,,,,,,,,,
linear_mac_matched,10,30,0.13109510374857555,0.1498033577962334,0.9749536178107606,0.9665738161559888,0.015317007999783527,0.012529822999567841,43,2028,,,,,,,,,,
linear_mac_matched,11,31,0.12777055149529817,0.14846937862299586,0.9786641929499073,0.9665738161559888,0.016735838999920816,0.013720961999297288,43,2028,,,,,,,,,,
linear_mac_matched,12,32,0.1245678549281497,0.1461220033006343,0.9777365491651205,0.958217270194986,0.01828929299972515,0.01504304699938075,43,2028,,,,,,,,,,
linear_mac_matched,13,33,0.12171343828795819,0.14364078859942767,0.9786641929499073,0.9637883008356546,0.01973687700001392,0.016232563999437843,43,2028,,,,,,,,,,
linear_mac_matched,14,34,0.11945495372405684,0.1427968483407973,0.9768089053803339,0.9665738161559888,0.021320615999684378,0.017586907999429968,43,2028,,,,,,,,,,
linear_mac_matched,15,35,0.11714927802047592,0.1408709385435055,0.9786641929499073,0.9665738161559888,0.022981741999956284,0.018991687999459828,43,2028,,,,,,,,,,
linear_mac_matched,16,36,0.11421625374907697,0.13884932025640348,0.9786641929499073,0.9637883008356546,0.024493171999893093,0.020191269999486394,43,2028,,,,,,,,,,
linear_mac_matched,17,37,0.11200432549722275,0.1377153316518576,0.9786641929499073,0.9637883008356546,0.02616370099985943,0.0216243429995302,43,2028,,,,,,,,,,
linear_mac_matched,18,38,0.10976008982070419,0.13602106104213946,0.9786641929499073,0.9637883008356546,0.02772900199988726,0.022921270999631815,43,2028,,,,,,,,,,
linear_mac_matched,19,39,0.10793933776065096,0.13505751546436395,0.9795918367346939,0.9637883008356546,0.02946320699993521,0.024398108999776014,43,2028,,,,,,,,,,
linear_mac_matched,20,40,0.10605437719322044,0.134595126030559,0.9777365491651205,0.9665738161559888,0.031070460999671923,0.02571191299966813,43,2028,,,,,,,,,,
linear_mac_matched,21,41,0.10419341904249745,0.13235750344237734,0.9795918367346939,0.9637883008356546,0.03280328399978316,0.027046537999922293,43,2028,,,,,,,,,,
linear_mac_matched,22,42,0.10214163941735216,0.13117945465930794,0.9814471243042672,0.9637883008356546,0.034498079999593756,0.028503937000095902,43,2028,,,,,,,,,,
linear_mac_matched,23,43,0.1002487127591191,0.12985225560440294,0.9823747680890538,0.9637883008356546,0.036095048999868595,0.029829118000179733,43,2028,,,,,,,,,,
linear_mac_matched,24,44,0.09870195053525935,0.12948059565369852,0.9823747680890538,0.9637883008356546,0.03768441699958203,0.031187658999897394,43,2028,,,,,,,,,,
linear_mac_matched,25,45,0.0971531028139997,0.1288263248499963,0.9814471243042672,0.9665738161559888,0.03917728899978101,0.03245072600020649,43,2028,,,,,,,,,,
linear_mac_matched,26,46,0.09552926518770384,0.12690741824562782,0.9833024118738405,0.9637883008356546,0.04088954099961484,0.033890909000092506,43,2028,,,,,,,,,,
linear_mac_matched,27,47,0.09406348751372015,0.12685547636618624,0.9842300556586271,0.9665738161559888,0.0424859789995935,0.03525321500001155,43,2028,,,,,,,,,,
linear_mac_matched,28,48,0.09252184855467,0.1254599029333093,0.9851576994434137,0.9637883008356546,0.04391185999975278,0.03640593699992678,43,2028,,,,,,,,,,
linear_mac_matched,29,49,0.09128235790475557,0.12479256002230713,0.9833024118738405,0.9665738161559888,0.045674097999835794,0.03792965599996023,43,2028,,,,,,,,,,
linear_mac_matched,30,50,0.08978850905639991,0.12419311418008673,0.9851576994434137,0.9637883008356546,0.047325207999620034,0.039348467999843706,43,2028,,,,,,,,,,
linear_mac_matched,31,51,0.08854237344161918,0.12295101357469528,0.9860853432282004,0.9637883008356546,0.048794714999985445,0.040526246999888826,43,2028,,,,,,,,,,
linear_mac_matched,32,52,0.08732066607740711,0.1226461623836655,0.9851576994434137,0.9665738161559888,0.05053397799974846,0.04190687099981005,43,2028,,,,,,,,,,
linear_mac_matched,33,53,0.0860446039632852,0.12160412694832771,0.9860853432282004,0.9637883008356546,0.05221917899962136,0.04335468599992964,43,2028,,,,,,,,,,
linear_mac_matched,34,54,0.08483146327295439,0.12100934722304563,0.9860853432282004,0.9637883008356546,0.05405478699958621,0.044822441000178515,43,2028,,,,,,,,,,
linear_mac_matched,35,55,0.083726127929657,0.12046896005169228,0.987012987012987,0.9637883008356546,0.055582081000011385,0.046001331000297796,43,2028,,,,,,,,,,
linear_mac_matched,36,56,0.08259309432383223,0.11998317001367981,0.9860853432282004,0.9665738161559888,0.057209795999824564,0.04739183000037883,43,2028,,,,,,,,,,
linear_mac_matched,37,57,0.08158698678371504,0.11897358184492414,0.9860853432282004,0.9665738161559888,0.05869249299985313,0.048641767000390246,43,2028,,,,,,,,,,
linear_mac_matched,38,58,0.08042376919709644,0.11842348041850846,0.9860853432282004,0.9637883008356546,0.06026654699962819,0.04997663200038005,43,2028,,,,,,,,,,
linear_mac_matched,39,59,0.07937960560720053,0.11805132388539288,0.9860853432282004,0.9637883008356546,0.06194272499988074,0.05131510300043374,43,2028,,,,,,,,,,
linear_mac_matched,40,60,0.07838905022230887,0.1178105650787479,0.987012987012987,0.9665738161559888,0.06334008399971935,0.05248219700069967,43,2028,,,,,,,,,,
linear_mac_matched,41,61,0.07757062588835796,0.11688014043815546,0.9879406307977736,0.9665738161559888,0.06480827899986252,0.05367740300107471,43,2028,,,,,,,,,,
linear_mac_matched,42,62,0.07658357109268911,0.11674355220610207,0.9888682745825603,0.9637883008356546,0.06653621499981455,0.055167291000998375,43,2028,,,,,,,,,,
linear_mac_matched,43,63,0.07554571415650485,0.11569148251134716,0.9897959183673469,0.9637883008356546,0.06802159599965307,0.05639631700114478,43,2028,,,,,,,,,,
linear_mac_matched,44,64,0.07472488232632798,0.11562774527064522,0.9879406307977736,0.9665738161559888,0.06939244499972119,0.05753900300078385,43,2028,,,,,,,,,,
linear_mac_matched,45,65,0.0741131929237489,0.11509249587326793,0.9897959183673469,0.9637883008356546,0.07092103099967062,0.05867470900057015,43,2028,,,,,,,,,,
linear_mac_matched,46,66,0.07357015595487605,0.11481871330199385,0.987012987012987,0.9693593314763231,0.07252269699984026,0.060037016000478616,43,2028,,,,,,,,,,
linear_mac_matched,47,67,0.07213848120458334,0.11436507228547903,0.9897959183673469,0.9637883008356546,0.07404683599997952,0.06122704400058865,43,2028,,,,,,,,,,
linear_mac_matched,48,68,0.07123444098738559,0.11304251160078095,0.9888682745825603,0.9665738161559888,0.07555631399964113,0.06250548400066691,43,2028,,,,,,,,,,
linear_mac_matched,49,69,0.07042040070343443,0.11311645471995603,0.9897959183673469,0.9665738161559888,0.07716351799990662,0.06387186600068162,43,2028,,,,,,,,,,
linear_mac_matched,50,70,0.06973045634138453,0.11260393080804044,0.9897959183673469,0.9637883008356546,0.07863710199990237,0.06511261000059676,43,2028,,,,,,,,,,
linear_mac_matched,51,71,0.0690359327555317,0.11201772075451906,0.9879406307977736,0.9665738161559888,0.08005994899986035,0.06628778500089538,43,2028,,,,,,,,,,
linear_mac_matched,52,72,0.06834161278563144,0.11178759016547665,0.9907235621521335,0.9637883008356546,0.08169220099989616,0.06768168900089222,43,2028,,,,,,,,,,
linear_mac_matched,53,73,0.06762869192381932,0.11184867677372703,0.9888682745825603,0.9665738161559888,0.08337414799962062,0.06911628400121117,43,2028,,,,,,,,,,
linear_mac_matched,54,74,0.06670185971269967,0.11070979928552717,0.9897959183673469,0.9665738161559888,0.0849627539996618,0.07042018300126074,43,2028,,,,,,,,,,
linear_mac_matched,55,75,0.06596083657615047,0.11015198638972264,0.9907235621521335,0.9637883008356546,0.08652534099974218,0.07174577400155613,43,2028,,,,,,,,,,
linear_mac_matched,56,76,0.06531988125527706,0.10966061771573715,0.9897959183673469,0.9665738161559888,0.08807925499968405,0.07302273200139098,43,2028,,,,,,,,,,
linear_mac_matched,57,77,0.0647274708157611,0.11004519284545415,0.9916512059369202,0.9637883008356546,0.08956312399959643,0.0742769260014029,43,2028,,,,,,,,,,
linear_mac_matched,58,78,0.06402232053404468,0.10933021535911938,0.9907235621521335,0.9665738161559888,0.09104706299967802,0.07551292200105308,43,2028,,,,,,,,,,
linear_mac_matched,59,79,0.06324752876690513,0.10822071640263026,0.9916512059369202,0.9637883008356546,0.09296359199970539,0.07714794800085656,43,2028,,,,,,,,,,
linear_mac_matched,60,80,0.06262861961670114,0.10825407816057397,0.9907235621521335,0.9665738161559888,0.09445857699984117,0.07841144600115513,43,2028,,,,,,,,,,
linear_mac_matched,61,81,0.061988381737251665,0.10816499886126935,0.9907235621521335,0.9665738161559888,0.09630960799995592,0.07987136900146652,43,2028,,,,,,,,,,
linear_mac_matched,62,82,0.06138102684337417,0.10772703300498533,0.9916512059369202,0.9665738161559888,0.09794349200001307,0.08116750600174782,43,2028,,,,,,,,,,
linear_mac_matched,63,83,0.06076686312461149,0.10703988495786065,0.9916512059369202,0.9665738161559888,0.09947562299976198,0.08246627700191311,43,2028,,,,,,,,,,
linear_mac_matched,64,84,0.06032853119066971,0.10682892107350705,0.9916512059369202,0.9637883008356546,0.10099971299996469,0.08371690600188231,43,2028,,,,,,,,,,
linear_mac_matched,65,85,0.059641592699785785,0.106505102533233,0.9916512059369202,0.9665738161559888,0.10275138399993011,0.08522271800211456,43,2028,,,,,,,,,,
linear_mac_matched,66,86,0.0590544820202161,0.10586818413838375,0.9916512059369202,0.9665738161559888,0.10444324499985669,0.08667362700225567,43,2028,,,,,,,,,,
linear_mac_matched,67,87,0.05845081813909631,0.10559932498945783,0.9907235621521335,0.9665738161559888,0.10600945799978945,0.08792853200202444,43,2028,,,,,,,,,,
linear_mac_matched,68,88,0.0579111052117726,0.10536583486890178,0.9925788497217068,0.9637883008356546,0.10768488499979867,0.08934222600237263,43,2028,,,,,,,,,,
linear_mac_matched,69,89,0.0573444033075225,0.10538353094054952,0.9925788497217068,0.9637883008356546,0.10922184299988658,0.09064392100253826,43,2028,,,,,,,,,,
linear_mac_matched,70,90,0.05676935972848927,0.10520457109670504,0.9925788497217068,0.9665738161559888,0.11073672899965459,0.09192617700273331,43,2028,,,,,,,,,,
linear_mac_matched,71,91,0.056239454152298286,0.10470415524388485,0.9925788497217068,0.9665738161559888,0.11259785499987629,0.0933123990025706,43,2028,,,,,,,,,,
linear_mac_matched,72,92,0.0557230100665038,0.10446617048289104,0.9916512059369202,0.9665738161559888,0.11421223899969846,0.09468511100249088,43,2028,,,,,,,,,,
linear_mac_matched,73,93,0.055277768226504445,0.10464749400951175,0.9935064935064936,0.9665738161559888,0.11559160099977817,0.09583426700237396,43,2028,,,,,,,,,,
linear_mac_matched,74,94,0.05478014587061694,0.10363128298492277,0.9916512059369202,0.9665738161559888,0.11730286199963302,0.09723404900205423,43,2028,,,,,,,,,,
linear_mac_matched,75,95,0.05428746288583121,0.10379483922729456,0.9944341372912802,0.9665738161559888,0.11880667099967468,0.09849995100194064,43,2028,,,,,,,,,,
linear_mac_matched,76,96,0.053895342455787386,0.10279759929240803,0.9944341372912802,0.9665738161559888,0.12033302299960269,0.09970404000205235,43,2028,,,,,,,,,,
linear_mac_matched,77,97,0.05331506948212016,0.10318446789947253,0.9935064935064936,0.9665738161559888,0.12273414999981469,0.10184369400212745,43,2028,,,,,,,,,,
linear_mac_matched,78,98,0.05284450762406984,0.10259256685860157,0.9944341372912802,0.9665738161559888,0.12433541599966702,0.10312087200190945,43,2028,,,,,,,,,,
linear_mac_matched,79,99,0.05236366671164741,0.10243528329881796,0.9935064935064936,0.9637883008356546,0.12690972299969872,0.10522959000172705,43,2028,,,,,,,,,,
linear_mac_matched,80,100,0.05194099957911831,0.10185545838771806,0.9944341372912802,0.9665738161559888,0.12891630699959933,0.1068862980018821,43,2028,,,,,,,,,,
linear_mac_matched,81,101,0.05143926615636367,0.1021284888214083,0.9944341372912802,0.9637883008356546,0.13105370699986452,0.10851603600212911,43,2028,,,,,,,,,,
linear_mac_matched,82,102,0.05105700513345229,0.10205694216300706,0.9944341372912802,0.9665738161559888,0.133683156999723,0.11089186500203141,43,2028,,,,,,,,,,
linear_mac_matched,83,103,0.050522309122228305,0.10110891294983726,0.9935064935064936,0.9665738161559888,0.1354871869998533,0.11244955500205833,43,2028,,,,,,,,,,
linear_mac_matched,84,104,0.050132849906868907,0.10083529142193261,0.9944341372912802,0.9665738161559888,0.13709978899987618,0.11365329300224403,43,2028,,,,,,,,,,
linear_mac_matched,85,105,0.049721554223699185,0.10097343807816968,0.9944341372912802,0.9665738161559888,0.13873447499963731,0.11504592500205035,43,2028,,,,,,,,,,
linear_mac_matched,86,106,0.04932358626653039,0.10097661320852097,0.9944341372912802,0.9665738161559888,0.1401986239998223,0.11627244700184747,43,2028,,,,,,,,,,
linear_mac_matched,87,107,0.04891313806395335,0.10097240297570705,0.9944341372912802,0.9665738161559888,0.14173493099997359,0.11757760700174913,43,2028,,,,,,,,,,
linear_mac_matched,88,108,0.04857551044333668,0.09995772781010702,0.9935064935064936,0.9637883008356546,0.14344233599967993,0.11905157100181896,43,2028,,,,,,,,,,
linear_mac_matched,89,109,0.04811087201037721,0.09962303637697224,0.9944341372912802,0.9665738161559888,0.1451883789995918,0.12030458300205282,43,2028,,,,,,,,,,
linear_mac_matched,90,110,0.04775978090272995,0.09996363073852436,0.9944341372912802,0.9665738161559888,0.1467360529995858,0.1216153820018917,43,2028,,,,,,,,,,
linear_mac_matched,91,111,0.04737072728437077,0.09992707256668722,0.9944341372912802,0.9637883008356546,0.14872157599984348,0.1232907490020807,43,2028,,,,,,,,,,
linear_mac_matched,92,112,0.04699457325691285,0.09937170107398788,0.9944341372912802,0.9665738161559888,0.15075514099999054,0.1250757800021347,43,2028,,,,,,,,,,
linear_mac_matched,93,113,0.046714326120301936,0.09939485742498115,0.9953617810760668,0.9665738161559888,0.1523270119996596,0.1263925480020589,43,2028,,,,,,,,,,
linear_mac_matched,94,114,0.04654843992071889,0.09923082028118027,0.9935064935064936,0.9637883008356546,0.15378037499976926,0.12760247600181174,43,2028,,,,,,,,,,
linear_mac_matched,95,115,0.045815861592667935,0.09843674859919899,0.9953617810760668,0.9637883008356546,0.1555766129999938,0.12915342600172153,43,2028,,,,,,,,,,
linear_mac_matched,96,116,0.045571422447840876,0.09883676974213755,0.9944341372912802,0.9665738161559888,0.157153341999674,0.13048884100180658,43,2028,,,,,,,,,,
linear_mac_matched,97,117,0.04518173633248397,0.09875503985933022,0.9944341372912802,0.9637883008356546,0.15874818699967364,0.1318351730019458,43,2028,,,,,,,,,,
linear_mac_matched,98,118,0.0447647634972059,0.09765013537335603,0.9953617810760668,0.9665738161559888,0.16021070399983728,0.13305903200216562,43,2028,,,,,,,,,,
linear_mac_matched,99,119,0.044476025787194874,0.09879679113526271,0.9944341372912802,0.9665738161559888,0.16169112799980212,0.1343046230017535,43,2028,,,,,,,,,,
linear_mac_matched,100,120,0.04433686629334873,0.09809635260623566,0.9953617810760668,0.9637883008356546,0.1632816069995897,0.13565798500212622,43,2028,,,,,,,,,,
linear_mac_matched,101,121,0.043933081435554744,0.0979052901602777,0.9944341372912802,0.9665738161559888,0.16490663799959293,0.1368806220020815,43,2028,,,,,,,,,,
linear_mac_matched,102,122,0.043385705212085596,0.09754147690183759,0.9944341372912802,0.9665738161559888,0.16631863899965538,0.13805638800249653,43,2028,,,,,,,,,,
linear_mac_matched,103,123,0.04311220795933543,0.09710887933621877,0.9953617810760668,0.9637883008356546,0.16773519699972894,0.13921713100262423,43,2028,,,,,,,,,,
linear_mac_matched,104,124,0.042759478495687196,0.0974076747640918,0.9944341372912802,0.9665738161559888,0.16934353199985708,0.1405914050028514,43,2028,,,,,,,,,,
linear_mac_matched,105,125,0.042413319759208354,0.09702387905716017,0.9953617810760668,0.9665738161559888,0.1707125489997452,0.14173570300317806,43,2028,,,,,,,,,,
linear_mac_matched,106,126,0.042178102356425155,0.096797698967046,0.9953617810760668,0.9637883008356546,0.1722179599996707,0.14300899600311823,43,2028,,,,,,,,,,
linear_mac_matched,107,127,0.0418617205295674,0.0968156475997929,0.9953617810760668,0.9637883008356546,0.17373546899989378,0.14429687000347258,43,2028,,,,,,,,,,
linear_mac_matched,108,128,0.04167274463878977,0.09669046521512592,0.9962894248608535,0.9693593314763231,0.17528198199988765,0.14561683300371442,43,2028,,,,,,,,,,
linear_mac_matched,109,129,0.0413900530626185,0.09670253723628947,0.9953617810760668,0.9637883008356546,0.17675613699975656,0.14678887400350504,43,2028,,,,,,,,,,
linear_mac_matched,110,130,0.04094771545189743,0.0958946496210548,0.9962894248608535,0.9665738161559888,0.17827077199990526,0.1479836890034676,43,2028,,,,,,,,,,
linear_mac_matched,111,131,0.04056848969338407,0.0959115578313237,0.9962894248608535,0.9665738161559888,0.17971458099964366,0.1491640720032592,43,2028,,,,,,,,,,
linear_mac_matched,112,132,0.04033237575846812,0.09599603124424087,0.9962894248608535,0.9637883008356546,0.18127238099987153,0.1504880800034698,43,2028,,,,,,,,,,
linear_mac_matched,113,133,0.040002930683343485,0.09590516747243347,0.9972170686456401,0.9665738161559888,0.18266365099998438,0.15164472700371334,43,2028,,,,,,,,,,
linear_mac_matched,114,134,0.039743268872826795,0.09484748751116884,0.9972170686456401,0.9665738161559888,0.18440890199963178,0.15315308200388245,43,2028,,,,,,,,,,
linear_mac_matched,115,135,0.0394992234089131,0.09574035460416422,0.9972170686456401,0.9665738161559888,0.18591569599993818,0.1544090090037571,43,2028,,,,,,,,,,
linear_mac_matched,116,136,0.039154176911017434,0.09526479140572,0.9972170686456401,0.9665738161559888,0.1872947369997746,0.15556201100389444,43,2028,,,,,,,,,,
linear_mac_matched,117,137,0.03899105550378245,0.09457513807965434,0.9962894248608535,0.9665738161559888,0.18895552200001475,0.15692985600389875,43,2028,,,,,,,,,,
linear_mac_matched,118,138,0.038749178338683465,0.09573339531167144,0.9972170686456401,0.9610027855153204,0.1903490149998106,0.15809663800382623,43,2028,,,,,,,,,,
linear_mac_matched,119,139,0.03843140386443763,0.0948943789312298,0.9962894248608535,0.9637883008356546,0.1918998940000165,0.15933783300397408,43,2028,,,,,,,,,,
linear_mac_matched,120,140,0.03811179509418176,0.09510916024013791,0.9972170686456401,0.9665738161559888,0.19337533099997017,0.1604903750039739,43,2028,,,,,,,,,,
linear_mac_matched,121,141,0.037861979660252676,0.09425373863054967,0.9972170686456401,0.9665738161559888,0.19487206899975718,0.16168985600370434,43,2028,,,,,,,,,,
linear_mac_matched,122,142,0.037580658061105644,0.09447965460822601,0.9972170686456401,0.9665738161559888,0.19648641399999178,0.1630652330036355,43,2028,,,,,,,,,,
linear_mac_matched,123,143,0.037301641086632094,0.09505721715240299,0.9972170686456401,0.9637883008356546,0.19800539599964395,0.1643326970038288,43,2028,,,,,,,,,,
linear_mac_matched,124,144,0.03704576819280164,0.09392635072981709,0.9972170686456401,0.9637883008356546,0.19965318099957585,0.16574743200362718,43,2028,,,,,,,,,,
linear_mac_matched,125,145,0.03693515971627327,0.09366052029457027,0.9972170686456401,0.9637883008356546,0.20129078099989783,0.16711846100361072,43,2028,,,,,,,,,,
linear_mac_matched,126,146,0.03653477034835296,0.09406149077308137,0.9972170686456401,0.9665738161559888,0.2026825509997252,0.16828186800375988,43,2028,,,,,,,,,,
linear_mac_matched,127,147,0.03632378497479781,0.09445599830374879,0.9972170686456401,0.9665738161559888,0.2042970359998435,0.16965754400371225,43,2028,,,,,,,,,,
linear_mac_matched,128,148,0.036045445527791965,0.093708619049977,0.9972170686456401,0.9665738161559888,0.20578762499962977,0.17091818800372494,43,2028,,,,,,,,,,
linear_mac_matched,129,149,0.0358728210094685,0.09419290397298866,0.9972170686456401,0.9637883008356546,0.20719076299974404,0.17208697400383244,43,2028,,,,,,,,,,
linear_mac_matched,130,150,0.035591068592803955,0.0934779687013741,0.9972170686456401,0.9610027855153204,0.20876792199987904,0.17326105700385597,43,2028,,,,,,,,,,
linear_mac_matched,131,151,0.03534261718806737,0.09343596916142828,0.9972170686456401,0.9637883008356546,0.21021374399970227,0.17447585200397953,43,2028,,,,,,,,,,
linear_mac_matched,132,152,0.03518008312765086,0.09263603333953545,0.9972170686456401,0.9665738161559888,0.21170844899961594,0.17562067200378806,43,2028,,,,,,,,,,
linear_mac_matched,133,153,0.034939323416229524,0.09355729292132016,0.9972170686456401,0.9665738161559888,0.21314417599978697,0.17682905700348783,43,2028,,,,,,,,,,
linear_mac_matched,134,154,0.0346287532053687,0.09294638648094063,0.9972170686456401,0.9665738161559888,0.21467811999991682,0.17812333100346223,43,2028,,,,,,,,,,
linear_mac_matched,135,155,0.03447692882334824,0.09269744634745312,0.9972170686456401,0.9665738161559888,0.21625246399980824,0.17946028000324077,43,2028,,,,,,,,,,
linear_mac_matched,136,156,0.0342130637477308,0.09306935468073349,0.9972170686456401,0.9637883008356546,0.2179307449996486,0.1808633270034079,43,2028,,,,,,,,,,
linear_mac_matched,137,157,0.03409634075691771,0.09330101277225834,0.9972170686456401,0.9610027855153204,0.21972297799993612,0.18230407100327284,43,2028,,,,,,,,,,
linear_mac_matched,138,158,0.03388030820608332,0.09220873895435797,0.9972170686456401,0.9665738161559888,0.2212576529996113,0.18360519600355474,43,2028,,,,,,,,,,
linear_mac_matched,139,159,0.033571854538014326,0.09224132728682809,0.9972170686456401,0.9665738161559888,0.22317221899993456,0.1852763760034577,43,2028,,,,,,,,,,
linear_mac_matched,140,160,0.03344690193971081,0.09317468374501718,0.9972170686456401,0.9637883008356546,0.2250041509996663,0.18683860300370725,43,2028,,,,,,,,,,
linear_mac_matched,141,161,0.03309021444023276,0.09207409218553865,0.9972170686456401,0.9665738161559888,0.22645423899984962,0.1880073690035715,43,2028,,,,,,,,,,
linear_mac_matched,142,162,0.03291524464452732,0.0919927458761506,0.9972170686456401,0.9637883008356546,0.22805474299957496,0.18934166300368815,43,2028,,,,,,,,,,
linear_mac_matched,143,163,0.032688725942522014,0.0926199308562967,0.9972170686456401,0.9637883008356546,0.22974984899974515,0.19062055400354438,43,2028,,,,,,,,,,
linear_mac_matched,144,164,0.03248356799499179,0.09199600084236487,0.9972170686456401,0.9665738161559888,0.23120546599966474,0.1918354490035199,43,2028,,,,,,,,,,
linear_mac_matched,145,165,0.032321863840691654,0.092278053490088,0.9972170686456401,0.9665738161559888,0.23326538999981494,0.1933218110038979,43,2028,,,,,,,,,,
linear_mac_matched,146,166,0.03215208916810717,0.0911452038991665,0.9972170686456401,0.9637883008356546,0.23479590899978575,0.1946027750036592,43,2028,,,,,,,,,,
linear_mac_matched,147,167,0.03192772536228334,0.09244350184184938,0.9972170686456401,0.9610027855153204,0.23648136099973271,0.19604783500381018,43,2028,,,,,,,,,,
linear_mac_matched,148,168,0.03167588900153168,0.09175131713457593,0.9972170686456401,0.9665738161559888,0.23802306699963083,0.19732753700372996,43,2028,,,,,,,,,,
linear_mac_matched,149,169,0.031573915145155694,0.0913197769685287,0.9972170686456401,0.9665738161559888,0.2397338759997183,0.19860173100369138,43,2028,,,,,,,,,,
linear_mac_matched,150,170,0.03148283846261506,0.09104417689338032,0.9972170686456401,0.9637883008356546,0.2412898539996604,0.1999205330039331,43,2028,,,,,,,,,,
linear_mac_matched,151,171,0.031101374438150038,0.09183202261034727,0.9972170686456401,0.9637883008356546,0.24274905599986596,0.20106547300383681,43,2028,,,,,,,,,,
linear_mac_matched,152,172,0.030910019621852847,0.09159859820322591,0.9972170686456401,0.9637883008356546,0.2443765599996368,0.20245344800423482,43,2028,,,,,,,,,,
linear_mac_matched,153,173,0.03069430078654559,0.09113385537915931,0.9972170686456401,0.9637883008356546,0.24598904200001925,0.20381149700415335,43,2028,,,,,,,,,,
linear_mac_matched,154,174,0.030520248118056852,0.0916810529325059,0.9972170686456401,0.9637883008356546,0.2475746039999649,0.20516544000383874,43,2028,,,,,,,,,,
linear_mac_matched,155,175,0.030313926710103002,0.09103325939369224,0.9972170686456401,0.9637883008356546,0.24913791199969637,0.206385553004111,43,2028,,,,,,,,,,
linear_mac_matched,156,176,0.030152214335437775,0.09098097345027431,0.9972170686456401,0.9665738161559888,0.2507837739999559,0.20778418400414012,43,2028,,,,,,,,,,
linear_mac_matched,157,177,0.029974992555012788,0.09045901155510927,0.9972170686456401,0.9665738161559888,0.25234358699981385,0.20900237400428523,43,2028,,,,,,,,,,
linear_mac_matched,158,178,0.029761838495722757,0.09110267342777127,0.9972170686456401,0.9637883008356546,0.25411785299957046,0.2104194930043377,43,2028,,,,,,,,,,
linear_mac_matched,159,179,0.02963947441088131,0.09026639464393145,0.9972170686456401,0.9637883008356546,0.2557669499997246,0.21173182400434598,43,2028,,,,,,,,,,
linear_mac_matched,160,180,0.029493391267394663,0.09063051446276893,0.9972170686456401,0.9637883008356546,0.25730580099980216,0.2130375850042583,43,2028,,,,,,,,,,
linear_mac_matched,161,181,0.029248438364558836,0.09104473394989099,0.9972170686456401,0.9637883008356546,0.25899860399977115,0.21440838400394568,43,2028,,,,,,,,,,
linear_mac_matched,162,182,0.02912771711094353,0.09115412942383291,0.9972170686456401,0.9637883008356546,0.2607766849996551,0.2158830990038041,43,2028,,,,,,,,,,
linear_mac_matched,163,183,0.02889380582205265,0.08983432086729329,0.9972170686456401,0.9637883008356546,0.26222125499998583,0.2170986750038537,43,2028,,,,,,,,,,
linear_mac_matched,164,184,0.028703766069380916,0.09019581187947416,0.9972170686456401,0.9637883008356546,0.2640810079997209,0.21861488300419296,43,2028,,,,,,,,,,
linear_mac_matched,165,185,0.02854740754878257,0.09025997789186951,0.9972170686456401,0.9637883008356546,0.26579603399977714,0.2200922320043901,43,2028,,,,,,,,,,
linear_mac_matched,166,186,0.02836331282473116,0.08992859393183156,0.9972170686456401,0.9637883008356546,0.2673102689996085,0.22137450800437364,43,2028,,,,,,,,,,
linear_mac_matched,167,187,0.028257935220301452,0.09011368380611638,0.9972170686456401,0.9637883008356546,0.26919268699975873,0.2230128290043467,43,2028,,,,,,,,,,
linear_mac_matched,168,188,0.028088935630386107,0.08983828479727453,0.9972170686456401,0.9637883008356546,0.2710659209997175,0.22450908600421826,43,2028,,,,,,,,,,
linear_mac_matched,169,189,0.02789989350627623,0.0902743345027064,0.9972170686456401,0.9637883008356546,0.27292180799986454,0.22600710600409002,43,2028,,,,,,,,,,
linear_mac_matched,170,190,0.027776867820442978,0.08972658623192888,0.9972170686456401,0.9637883008356546,0.27508134199979395,0.22763418000386082,43,2028,,,,,,,,,,
linear_mac_matched,171,191,0.02759094128698681,0.09026312743740468,0.9972170686456401,0.9637883008356546,0.2773635399998966,0.2296665130038491,43,2028,,,,,,,,,,
linear_mac_matched,172,192,0.0273869555581019,0.08958140331140468,0.9972170686456401,0.9665738161559888,0.27931273799958944,0.23130361300400182,43,2028,,,,,,,,,,
linear_mac_matched,173,193,0.027269032925738682,0.08948407066695713,0.9972170686456401,0.9637883008356546,0.28152320799972586,0.2332666020038232,43,2028,,,,,,,,,,
linear_mac_matched,174,194,0.027058768273170157,0.0899709616356715,0.9972170686456401,0.9637883008356546,0.28315666199978295,0.23465157200371323,43,2028,,,,,,,,,,
linear_mac_matched,175,195,0.026933038768754032,0.08960500850133736,0.9972170686456401,0.9637883008356546,0.28532160399981876,0.23646191100397118,43,2028,,,,,,,,,,
linear_mac_matched,176,196,0.026806072685786695,0.0903088977822632,0.9972170686456401,0.9637883008356546,0.2870241709997572,0.23787885900401307,43,2028,,,,,,,,,,
linear_mac_matched,177,197,0.026584477998517746,0.08931893907855834,0.9972170686456401,0.9637883008356546,0.289182112999697,0.23952092500394428,43,2028,,,,,,,,,,
linear_mac_matched,178,198,0.026488638762062366,0.09023000871650301,0.9972170686456401,0.9637883008356546,0.29146155699982046,0.24138931100378613,43,2028,,,,,,,,,,
linear_mac_matched,179,199,0.026328064920966475,0.08908389926639487,0.9972170686456401,0.9637883008356546,0.29365784599986,0.24316000100361634,43,2028,,,,,,,,,,
linear_mac_matched,180,200,0.026146361735042558,0.08858029672917224,0.9972170686456401,0.9637883008356546,0.2960118319997491,0.2451388230037992,43,2028,,,,,,,,,,
linear_mac_matched,181,201,0.025966400181368417,0.08936544243806481,0.9972170686456401,0.9637883008356546,0.29770144999974946,0.24653640200358495,43,2028,,,,,,,,,,
linear_mac_matched,182,202,0.025859998114857667,0.08959224090049323,0.9972170686456401,0.9637883008356546,0.29973361199972715,0.24812120300384777,43,2028,,,,,,,,,,
linear_mac_matched,183,203,0.02573841880070926,0.0888904330362333,0.9972170686456401,0.9637883008356546,0.30179412699999375,0.2498665940038336,43,2028,,,,,,,,,,
linear_mac_matched,184,204,0.02556490218097856,0.0893829621004048,0.9972170686456401,0.9637883008356546,0.3034994489999008,0.2513302330039551,43,2028,,,,,,,,,,
linear_mac_matched,185,205,0.025387628630002754,0.08916096358460755,0.9972170686456401,0.9637883008356546,0.3055859529999907,0.25306768300424665,43,2028,,,,,,,,,,
linear_mac_matched,186,206,0.025306789084792204,0.08920472399122219,0.9972170686456401,0.9637883008356546,0.30739638299974104,0.2545630990043719,43,2028,,,,,,,,,,
linear_mac_matched,187,207,0.02531131913016648,0.0888419932140269,0.9972170686456401,0.9637883008356546,0.30933925099998305,0.25626002800436254,43,2028,,,,,,,,,,
linear_mac_matched,188,208,0.024954834359833696,0.08860662752127108,0.9972170686456401,0.9637883008356546,0.3111544779999349,0.2578331210042961,43,2028,,,,,,,,,,
linear_mac_matched,189,209,0.025028901923427622,0.0887051917406216,0.9972170686456401,0.9637883008356546,0.31293283899958624,0.2593551770041813,43,2028,,,,,,,,,,
linear_mac_matched,190,210,0.024867741116708517,0.08927178774927579,0.9972170686456401,0.9637883008356546,0.31479431499974453,0.26097019300414104,43,2028,,,,,,,,,,
linear_mac_matched,191,211,0.02457129938184684,0.08897453460131906,0.9972170686456401,0.9637883008356546,0.31674077899970143,0.2625392700037992,43,2028,,,,,,,,,,
linear_mac_matched,192,212,0.02451763712705559,0.0889697108878076,0.9972170686456401,0.9637883008356546,0.31830575999993016,0.2638676960036719,43,2028,,,,,,,,,,
moe_no_balance,0,20,0.18169436323007204,0.18757390012862446,0.9666048237476809,0.9637883008356546,0.0016044099997998273,0.0,43,2028,1.0316750112577338,0.18169436323007204,0.9948750446422557,0.9975246669984325,3.509482005871229e-18,0.0,0.14981447124304267,0.22356215213358072,0.4582560296846011,0.1683673469387755
moe_no_balance,1,21,0.16800499143166847,0.1820149827429949,0.9693877551020408,0.9637883008356546,0.014289404000010109,0.0069793339998796,43,2028,1.056728208234707,0.16800499143166847,0.9928834488087898,0.9970789831574902,,,0.08719851576994433,0.2810760667903525,0.4911873840445269,0.14053803339517626
moe_no_balance,2,22,0.16047487787255174,0.1684967813554788,0.974025974025974,0.9637883008356546,0.023203955000099086,0.01383126699965942,43,2028,1.0410804510466565,0.16047487787255174,0.9912131134498252,0.9921507939006353,,,0.05797773654916512,0.37430426716141,0.2523191094619666,0.31539888682745826
moe_no_balance,3,23,0.15085467588416654,0.16622875637067733,0.974025974025974,0.9637883008356546,0.03233943699979136,0.020952953999767487,43,2028,1.0785347325148407,0.15085467588416654,0.9837895135930075,0.9814994433109244,,,0.07699443413729128,0.44341372912801486,0.17393320964749537,0.30565862708719854
moe_no_balance,4,24,0.1420840598325342,0.15973891351575287,0.9721706864564007,0.9637883008356546,0.041215159999865136,0.027641320999919117,43,2028,1.0708176008859307,0.1420840598325342,0.9804818164957931,0.9777400674196094,,,0.09415584415584416,0.3622448979591837,0.1549165120593692,0.38868274582560297
moe_no_balance,5,25,0.1299969099252256,0.15584275510924558,0.9805194805194806,0.9610027855153204,0.0506308529998023,0.034584040000027017,43,2028,1.0344993878338138,0.1299969099252256,0.9795326030535191,0.9781086366158996,,,0.15584415584415584,0.3682745825602968,0.21567717996289426,0.2602040816326531
moe_no_balance,6,26,0.12705707678684336,0.14840639350027682,0.9814471243042672,0.958217270194986,0.05948052599978837,0.04110779899974659,43,2028,1.069905667920501,0.12705707678684336,0.9719990956010085,0.9684369383314639,,,0.15584415584415584,0.39471243042671617,0.12894248608534323,0.3205009276437848
moe_no_balance,7,27,0.11899323449428797,0.1442087949156721,0.9777365491651205,0.9665738161559888,0.06768016300020463,0.04706879399964237,43,2028,1.104766723232773,0.11899323449428797,0.9605094043076661,0.9551642003079311,,,0.10667903525046382,0.43042671614100186,0.17439703153988867,0.2884972170686456
moe_no_balance,8,28,0.11174293000991889,0.14106321653204912,0.9814471243042672,0.958217270194986,0.07575731499991889,0.052863908999370324,43,2028,1.0828166288168792,0.11174293000991889,0.9581550892460996,0.953252553015236,,,0.12476808905380334,0.39332096474953615,0.17578849721706866,0.30612244897959184
moe_no_balance,9,29,0.10672633892783039,0.13605839416458423,0.9823747680890538,0.9637883008356546,0.083719765999831,0.058793995999621984,43,2028,1.1053111437701328,0.10672633892783039,0.9488229946763089,0.942968927752845,,,0.12291280148423006,0.4104823747680891,0.16280148423005567,0.3038033395176252
moe_no_balance,10,30,0.10174812588656987,0.13180928414675336,0.9814471243042672,0.9693593314763231,0.09236933900001532,0.06546993399933854,43,2028,1.1136943940448008,0.10174812588656987,0.9428895193906681,0.9372473886023776,,,0.12476808905380334,0.4072356215213358,0.14888682745825602,0.31910946196660483
moe_no_balance,11,31,0.09733538023957039,0.13144349293133945,0.9833024118738405,0.9665738161559888,0.10051989100020364,0.07132760199920085,43,2028,1.1119041510742982,0.09733538023957039,0.9367736891859126,0.9317759465933646,,,0.11410018552875696,0.41233766233766234,0.2017625231910946,0.2717996289424861
moe_no_balance,12,32,0.094017361556215,0.1229296705434214,0.9842300556586271,0.9693593314763231,0.10876786100016034,0.07758837599931212,43,2028,1.1411318237009707,0.094017361556215,0.9271534083003407,0.9211428043910479,,,0.12940630797773656,0.41883116883116883,0.1284786641929499,0.3232838589981447
moe_no_balance,13,33,0.08884703515490211,0.12827223889863165,0.9851576994434137,0.9637883008356546,0.1174714240000867,0.0843705839993163,43,2028,1.11526957700186,0.08884703515490211,0.9238269377095552,0.9191835231717727,,,0.13218923933209648,0.4095547309833024,0.21289424860853431,0.2453617810760668
moe_no_balance,14,34,0.08383246667957814,0.11578687127044256,0.987012987012987,0.9721448467966574,0.12563330400007544,0.09058036199940034,43,2028,1.1123831414763403,0.08383246667957814,0.9227685143352561,0.918059158855492,,,0.11456400742115028,0.387291280148423,0.1836734693877551,0.3144712430426716
moe_no_balance,15,35,0.08198663239377657,0.11556769142147981,0.9888682745825603,0.9721448467966574,0.13488168699996095,0.09750250999968557,43,2028,1.1488050089758552,0.08198663239377657,0.9090830170348201,0.9051626623731518,,,0.0862708719851577,0.40862708719851576,0.19619666048237477,0.30890538033395176
moe_no_balance,16,36,0.07628186014838939,0.11565367023504834,0.9916512059369202,0.9665738161559888,0.14367540500006726,0.1038961839994954,43,2028,1.0931841442121253,0.07628186014838939,0.9170937614112938,0.913834698584576,,,0.15213358070500926,0.38358070500927643,0.1971243042671614,0.26716141001855287
moe_no_balance,17,37,0.07537999350033696,0.11018119337374264,0.9907235621521335,0.9721448467966574,0.152381122999941,0.11031947299943567,43,2028,1.1371970370072426,0.07537999350033696,0.9037379310747649,0.8992115250065552,,,0.14192949907235622,0.4067717996289425,0.150278293135436,0.3010204081632653
moe_no_balance,18,38,0.07138539303059738,0.11324775815262547,0.9916512059369202,0.9665738161559888,0.16119719500011342,0.11689408799929879,43,2028,1.1356558795175016,0.07138539303059738,0.8972167558634294,0.8949008779962412,,,0.10714285714285714,0.4044526901669759,0.22031539888682747,0.2680890538033395
moe_no_balance,19,39,0.06772698529526713,0.10477544642076482,0.9925788497217068,0.9749303621169917,0.17163625600005616,0.12500114599924927,43,2028,1.129021090552972,0.06772698529526713,0.8970412259971213,0.8941146658608472,,,0.13126159554730985,0.39935064935064934,0.18089053803339517,0.2884972170686456
moe_no_balance,20,40,0.06886713039300758,0.10467825645894425,0.9925788497217068,0.9721448467966574,0.18018752099987978,0.13152572699937082,43,2028,1.1925752318916136,0.06886713039300758,0.8764396426789177,0.8751377177580341,0.014386845277448804,0.0,0.09601113172541743,0.424860853432282,0.16001855287569575,0.31910946196660483
moe_no_balance,21,41,0.06394388989624016,0.10471007641883755,0.9925788497217068,0.9721448467966574,0.19189956299987898,0.1377182489995903,43,2028,1.124185996861356,0.06394388989624016,0.889471959694579,0.8895858881877627,,,0.12152133580705009,0.3910018552875696,0.20500927643784786,0.2824675324675325
moe_no_balance,22,42,0.0621705857988382,0.0987443914553789,0.9935064935064936,0.9721448467966574,0.2000165660001585,0.1437085369993838,43,2028,1.1509884135565793,0.0621705857988382,0.8787875656376498,0.8785289768614034,,,0.13543599257884972,0.39981447124304265,0.1525974025974026,0.312152133580705
moe_no_balance,23,43,0.05958441622886392,0.10178893607765861,0.9944341372912802,0.9693593314763231,0.20891125700018165,0.1503240339993681,43,2028,1.1235391784463908,0.05958441622886392,0.8815028056243833,0.8839756887191889,,,0.11317254174397032,0.3752319109461967,0.2036178107606679,0.3079777365491651
moe_no_balance,24,44,0.057525169871812075,0.10009469194280003,0.9944341372912802,0.9693593314763231,0.21716125900002226,0.15659872899914262,43,2028,1.1305617166400352,0.057525169871812075,0.8760264766791777,0.8775835407910335,,,0.12987012987012986,0.3868274582560297,0.18460111317254174,0.2987012987012987
moe_no_balance,25,45,0.055579169130320426,0.09572488994155326,0.9944341372912802,0.9749303621169917,0.22647506000021167,0.1634349479991215,43,2028,1.143620625587267,0.055579169130320426,0.8691515801219033,0.8715076999964214,,,0.13079777365491652,0.39332096474953615,0.17393320964749537,0.30194805194805197
moe_no_balance,26,46,0.05442110577005461,0.09626057327708856,0.9935064935064936,0.9721448467966574,0.23621817499997633,0.17104897499939398,43,2028,1.1199434178535093,0.05442110577005461,0.8722717882827815,0.8762711974876133,,,0.1326530612244898,0.37244897959183676,0.187847866419295,0.3070500927643785
moe_no_balance,27,47,0.05213801029836795,0.09962157730488759,0.9944341372912802,0.9721448467966574,0.2452654150001763,0.17807120199950077,43,2028,1.1300320421047756,0.05213801029836795,0.8644512384611578,0.8686510113552027,,,0.14332096474953618,0.38636363636363635,0.1859925788497217,0.28432282003710574
moe_no_balance,28,48,0.050389478173265195,0.09697862825084258,0.9953617810760668,0.9665738161559888,0.2551776240002255,0.18577787799949874,43,2028,1.1163251069167994,0.050389478173265195,0.8653319075148762,0.872366942169367,,,0.11873840445269017,0.36178107606679033,0.20964749536178107,0.3098330241187384
moe_no_balance,29,49,0.04851729336336183,0.09619563421595088,0.9953617810760668,0.9665738161559888,0.26436825900009353,0.19246840799951315,43,2028,1.1530054452045668,0.04851729336336183,0.8525352676210393,0.8592927415692309,,,0.11224489795918367,0.3891465677179963,0.187847866419295,0.310760667903525
moe_no_balance,30,50,0.0488207182753698,0.09600367014670821,0.9944341372912802,0.9665738161559888,0.2735568319999402,0.1992435949996434,43,2028,1.1034901724101644,0.0488207182753698,0.8626023847988303,0.8697530451188398,,,0.15352504638218925,0.35992578849721707,0.18970315398886828,0.29684601113172543
moe_no_balance,31,51,0.04556907515968112,0.09310806834475382,0.9953617810760668,0.9693593314763231,0.2824928039999577,0.2060439399997449,43,2028,1.1455201236625614,0.04556907515968112,0.8475485947811301,0.8560938115945651,,,0.1377551020408163,0.37987012987012986,0.1637291280148423,0.3186456400742115
moe_no_balance,32,52,0.04391031314798984,0.09373026436097479,0.9953617810760668,0.9693593314763231,0.29232822799986025,0.2136279920000561,43,2028,1.1429241728854325,0.04391031314798984,0.8453535506683264,0.855023527538256,,,0.12708719851576994,0.3807977736549165,0.18460111317254174,0.3075139146567718
moe_no_balance,33,53,0.043567750063875414,0.09314948833385352,0.9953617810760668,0.9665738161559888,0.3013255629998639,0.2205511120000665,43,2028,1.135931454533893,0.043567750063875414,0.8446881314216852,0.8551454496423007,,,0.1345083487940631,0.37059369202226344,0.17578849721706866,0.31910946196660483
moe_no_balance,34,54,0.041228957657044166,0.09418296279233337,0.9953617810760668,0.9665738161559888,0.3101058520001061,0.2271775060003165,43,2028,1.129968269459864,0.041228957657044166,0.8437533493124614,0.85464953809433,,,0.13821892393320964,0.3738404452690167,0.18552875695732837,0.30241187384044527
moe_no_balance,35,55,0.03981791975827846,0.09359042696258531,0.9962894248608535,0.9693593314763231,0.3186309070001698,0.2334478640004818,43,2028,1.1406955794006641,0.03981791975827846,0.8377547305843346,0.8495916035359259,,,0.1331168831168831,0.3784786641929499,0.18274582560296845,0.30565862708719854
moe_no_balance,36,56,0.04350596879194426,0.09065300593828689,0.9935064935064936,0.9665738161559888,0.32761898899980224,0.24027579100038565,43,2028,1.155069113900568,0.04350596879194426,0.8303122779111486,0.8428041782369186,,,0.15816326530612246,0.387291280148423,0.14795918367346939,0.30658627087198514
moe_no_balance,37,57,0.0402681045527038,0.09303637714778516,0.9962894248608535,0.9721448467966574,0.3370323180001833,0.2471833370004788,43,2028,1.1120124746976805,0.0402681045527038,0.8420536201884691,0.8559205138365008,,,0.1461038961038961,0.35528756957328383,0.18831168831168832,0.3102968460111317
moe_no_balance,38,58,0.03937893633564993,0.08876941970474417,0.9962894248608535,0.9721448467966574,0.34521857500021724,0.2533394540005247,43,2028,1.1354928601839995,0.03937893633564993,0.8315800368619994,0.8456903162475733,,,0.1507421150278293,0.3719851576994434,0.16651205936920221,0.310760667903525
moe_no_balance,39,59,0.0361644329120967,0.09132640822984678,0.9972170686456401,0.9749303621169917,0.35457192500007295,0.26058581900042554,43,2028,1.1417930015369235,0.0361644329120967,0.8272760857577311,0.842832012536983,,,0.1266233766233766,0.36688311688311687,0.1836734693877551,0.3228200371057514
moe_no_balance,40,60,0.03699303875355712,0.09042326592213704,0.9962894248608535,0.9693593314763231,0.36314935900009004,0.26670580100017105,43,2028,1.1016828390733988,0.03699303875355712,0.8357396439890052,0.8511364945353616,0.006361494874594669,0.0,0.16001855287569575,0.3525046382189239,0.19387755102040816,0.29359925788497215
moe_no_balance,41,61,0.035794229766873194,0.09035604094099113,0.9962894248608535,0.9693593314763231,0.3748953829999664,0.2727114720000827,43,2028,1.1039191448852201,0.035794229766873194,0.8323370670181061,0.8484040310437075,,,0.1549165120593692,0.3515769944341373,0.19619666048237477,0.29730983302411873
moe_no_balance,42,62,0.034218154596033196,0.08951589798875488,0.9972170686456401,0.9721448467966574,0.38397019400008503,0.2793603489999441,43,2028,1.1049065985299213,0.034218154596033196,0.8299113138458826,0.8464500289685353,,,0.1590909090909091,0.3515769944341373,0.1901669758812616,0.29916512059369205
moe_no_balance,43,63,0.03725804746859155,0.08572899406386358,0.9953617810760668,0.9777158774373259,0.39307159500003763,0.28659705900008703,43,2028,1.1543982536780966,0.03725804746859155,0.8123133630403155,0.830227380286448,,,0.15630797773654917,0.3784786641929499,0.15120593692022263,0.3140074211502783
moe_no_balance,44,64,0.034809765097537616,0.0849542818146533,0.9972170686456401,0.9777158774373259,0.4024267680001685,0.29375100500010376,43,2028,1.1214011798899632,0.034809765097537616,0.8202294384350004,0.8383844257870425,,,0.16280148423005567,0.35482374768089053,0.16651205936920221,0.31586270871985156
moe_no_balance,45,65,0.03270604591802938,0.08245532624844659,0.9972170686456401,0.9777158774373259,0.41208555699995486,0.3007443599999533,43,2028,1.11261799496145,0.03270604591802938,0.8225375860172052,0.8413887609477698,,,0.16651205936920221,0.36038961038961037,0.17717996289424862,0.29591836734693877
moe_no_balance,46,66,0.031076569975440015,0.08348033902250512,0.9962894248608535,0.9777158774373259,0.42151330800015785,0.3080239649998475,43,2028,1.1266865811909221,0.031076569975440015,0.8147662502848151,0.834719305097203,,,0.1414656771799629,0.36131725417439703,0.18831168831168832,0.30890538033395176
moe_no_balance,47,67,0.03325838929484385,0.08354807051954474,0.9944341372912802,0.9777158774373259,0.4303413980001096,0.31456429999980173,43,2028,1.1182643112731003,0.03325838929484385,0.8150951930023721,0.8353350729047881,,,0.1836734693877551,0.3622448979591837,0.1572356215213358,0.29684601113172543
moe_no_balance,48,68,0.03148236474417841,0.08365887016369278,0.9972170686456401,0.9749303621169917,0.44000834899998154,0.322071176999998,43,2028,1.149542098239772,0.03148236474417841,0.8026345191904154,0.82468467399054,,,0.15352504638218925,0.3696660482374768,0.1567717996289425,0.3200371057513915
moe_no_balance,49,69,0.02968698654597547,0.08075352707228398,0.9972170686456401,0.9777158774373259,0.45004773900018336,0.3289233300001797,43,2028,1.127871690248697,0.02968698654597547,0.8073312143675591,0.829161302667281,,,0.16001855287569575,0.3622448979591837,0.17115027829313545,0.30658627087198514
moe_no_balance,50,70,0.02862079248879995,0.07903412841891347,0.9972170686456401,0.9777158774373259,0.45988070000021253,0.33658529000013004,43,2028,1.1144792492832412,0.02862079248879995,0.8109393516407999,0.8326400217484372,,,0.16558441558441558,0.35435992578849723,0.174860853432282,0.3051948051948052
moe_no_balance,51,71,0.02740365064169908,0.07982932470672885,0.9972170686456401,0.9749303621169917,0.47076842400019814,0.3452349330004836,43,2028,1.113548174360133,0.02740365064169908,0.8082992395663923,0.8305076847567407,,,0.16048237476808905,0.3534322820037106,0.18181818181818182,0.3042671614100185
moe_no_balance,52,72,0.028291921664788146,0.07749284264863984,0.9962894248608535,0.9777158774373259,0.47906730000022435,0.35166534200061506,43,2028,1.1117507739299466,0.028291921664788146,0.8084476112891601,0.8313673216890957,,,0.18460111317254174,0.3608534322820037,0.16512059369202226,0.2894248608534323
moe_no_balance,53,73,0.025749243257936157,0.08057805620839967,0.9972170686456401,0.9721448467966574,0.4886555429998225,0.3588207910006531,43,2028,1.1045602671085961,0.025749243257936157,0.8069649146213408,0.8301706351108892,,,0.16094619666048238,0.3450834879406308,0.18970315398886828,0.3042671614100185
moe_no_balance,54,74,0.026721444270733176,0.07700765712570752,0.9972170686456401,0.9777158774373259,0.49640371099985714,0.36461236000059216,43,2028,1.1077249460154968,0.026721444270733176,0.8041620564977427,0.8273016160074879,,,0.17996289424860853,0.34879406307977734,0.1683673469387755,0.30287569573283857
moe_no_balance,55,75,0.02537541277426944,0.07784634773267056,0.9981447124304267,0.9749303621169917,0.5056795840000632,0.3720347490007043,43,2028,1.1256228460161706,0.02537541277426944,0.7971147422724694,0.8210378991646102,,,0.15816326530612246,0.36178107606679033,0.17625231910946196,0.3038033395176252
moe_no_balance,56,76,0.023837166541759214,0.07865345777621484,0.9981447124304267,0.9749303621169917,0.5143149360001189,0.3786650990009548,43,2028,1.1054868480066662,0.023837166541759214,0.799974674950122,0.8238069873994154,,,0.17346938775510204,0.3432282003710575,0.17764378478664192,0.30565862708719854
moe_no_balance,57,77,0.025217483901217544,0.07751862993070634,0.9972170686456401,0.9777158774373259,0.5228624450001007,0.38524458200117806,43,2028,1.1181915394483866,0.025217483901217544,0.7962900458214189,0.821142817359499,,,0.17068645640074212,0.36410018552875695,0.1767161410018553,0.2884972170686456
moe_no_balance,58,78,0.024578208227555624,0.07873233611647608,0.9981447124304267,0.9777158774373259,0.5310485420000077,0.39129083400075615,43,2028,1.1261527557797266,0.024578208227555624,0.7891407470094604,0.8154457070751033,,,0.19666048237476808,0.3562152133580705,0.14192949907235622,0.3051948051948052
moe_no_balance,59,79,0.024019832135185496,0.07883929602000722,0.9981447124304267,0.9749303621169917,0.5386066239998399,0.3968357730009302,43,2028,1.1169070424144025,0.024019832135185496,0.7897204928830704,0.8154357268679387,,,0.18645640074211503,0.3455473098330241,0.1549165120593692,0.31307977736549164
moe_no_balance,60,80,0.02232348029351802,0.07954374141756863,0.9981447124304267,0.9749303621169917,0.5462892740001735,0.4025160850010252,43,2028,1.1075531076853642,0.02232348029351802,0.7910129527055503,0.8171876619565294,0.006863035544956027,0.0,0.17996289424860853,0.3427643784786642,0.1702226345083488,0.3070500927643785
moe_no_balance,61,81,0.021830847615280598,0.07728903044751602,0.9981447124304267,0.9777158774373259,0.5593192569999701,0.41028642700121054,43,2028,1.121383390691126,0.021830847615280598,0.7867074809287344,0.8134357840513996,,,0.1660482374768089,0.3557513914656772,0.1725417439703154,0.30565862708719854
moe_no_balance,62,82,0.02160085458941378,0.07725741669108603,0.9981447124304267,0.9777158774373259,0.5678680579999309,0.41636118100086605,43,2028,1.1218632104233643,0.02160085458941378,0.7843114160988588,0.8114895214319974,,,0.17439703153988867,0.3608534322820037,0.16883116883116883,0.29591836734693877
moe_no_balance,63,83,0.0204926999907871,0.07463271748117244,0.9981447124304267,0.9749303621169917,0.5765685880001001,0.4229660720006905,43,2028,1.1043629946724385,0.0204926999907871,0.7872198952376315,0.813738821515378,,,0.18089053803339517,0.34137291280148424,0.17393320964749537,0.3038033395176252
moe_no_balance,64,84,0.02003795176741034,0.07598232385330625,0.9981447124304267,0.9749303621169917,0.5853193120001379,0.4295295610008907,43,2028,1.1078755219959264,0.02003795176741034,0.7852184104761063,0.8122191517639616,,,0.1725417439703154,0.3460111317254174,0.18042671614100186,0.3010204081632653
moe_no_balance,65,85,0.019961692995878494,0.07685965511053151,0.9981447124304267,0.9749303621169917,0.5947248200000104,0.4366873830008444,43,2028,1.1124508994125593,0.019961692995878494,0.7819718824977087,0.8093483521600049,,,0.17857142857142858,0.3538961038961039,0.17346938775510204,0.2940630797773655
moe_no_balance,66,86,0.019022361828447038,0.07412698139760539,0.9990723562152134,0.9749303621169917,0.6026552829998764,0.44257937400061564,43,2028,1.1051710776302905,0.019022361828447038,0.7807620539089867,0.8078804418976022,,,0.18552875695732837,0.34137291280148424,0.1702226345083488,0.30287569573283857
moe_no_balance,67,87,0.01844306474578752,0.07510246954128746,0.9990723562152134,0.9749303621169917,0.6108719949997976,0.448699557000964,43,2028,1.106487120151082,0.01844306474578752,0.7788480312931002,0.8064317772874052,,,0.17996289424860853,0.3450834879406308,0.17625231910946196,0.2987012987012987
moe_no_balance,68,88,0.018176014873451326,0.07522052055229851,0.9981447124304267,0.9749303621169917,0.6193018570002096,0.45472537800105783,43,2028,1.1097426149987346,0.018176014873451326,0.7777075655367303,0.8058829679768759,,,0.17810760667903525,0.35064935064935066,0.17532467532467533,0.29591836734693877
moe_no_balance,69,89,0.018144735302645966,0.0750287236313423,0.9990723562152134,0.9749303621169917,0.6272390499998437,0.46035634700092487,43,2028,1.1144325610100574,0.018144735302645966,0.7741408905752467,0.8026304774165057,,,0.17764378478664192,0.3534322820037106,0.17346938775510204,0.29545454545454547
moe_no_balance,70,90,0.017413244176253947,0.07415075590119669,0.9990723562152134,0.9749303621169917,0.6356490419998408,0.4665553490012826,43,2028,1.1072783878092582,0.017413244176253947,0.7741670122368026,0.8025088577230621,,,0.1859925788497217,0.3464749536178108,0.16975881261595546,0.29777365491651203
moe_no_balance,71,91,0.01700146167198309,0.07445886109184388,0.9990723562152134,0.9749303621169917,0.6435571920001166,0.4723248850013988,43,2028,1.1061462209102508,0.01700146167198309,0.7724115358181226,0.8009880451574118,,,0.18274582560296845,0.3450834879406308,0.17532467532467533,0.29684601113172543
moe_no_balance,72,92,0.017286323779429468,0.07498751119233157,1.0,0.9749303621169917,0.6516670629998771,0.4784165750011198,43,2028,1.1087137069811723,0.017286323779429468,0.7697469575744347,0.7984862448803018,,,0.17625231910946196,0.3460111317254174,0.18042671614100186,0.29730983302411873
moe_no_balance,73,93,0.017522064910560377,0.0833820163857183,1.0,0.9749303621169917,0.6599415730001965,0.4847527130009439,43,2028,1.1351070443857403,0.017522064910560377,0.7594722936656098,0.7902185676220572,,,0.19480519480519481,0.3580705009276438,0.1414656771799629,0.30565862708719854
moe_no_balance,74,94,0.016896804784224766,0.07229250094467603,1.0,0.9777158774373259,0.668121759999849,0.49077994600111197,43,2028,1.11005747826846,0.016896804784224766,0.7663345280001346,0.7960378947307866,,,0.19944341372912802,0.34183673469387754,0.15445269016697588,0.3042671614100185
moe_no_balance,75,95,0.01642842060581747,0.07260755225389,1.0,0.9777158774373259,0.6770323949999693,0.49748681000119177,43,2028,1.1060346492391824,0.01642842060581747,0.767906284278546,0.7982828099726483,,,0.1971243042671614,0.3469387755102041,0.16233766233766234,0.29359925788497215
moe_no_balance,76,96,0.015755452727441884,0.07199028326302993,1.0,0.9777158774373259,0.6851360370001203,0.5036214040010236,43,2028,1.104997387783264,0.015755452727441884,0.7665296919944451,0.796935561538584,,,0.19294990723562153,0.3455473098330241,0.16651205936920221,0.2949907235621521
moe_no_balance,77,97,0.01535401254574207,0.07200925178180377,1.0,0.9777158774373259,0.6934216829999968,0.5100473360012074,43,2028,1.098906546368524,0.01535401254574207,0.7663412842327806,0.7965750387022351,,,0.19387755102040816,0.3390538033395176,0.1702226345083488,0.29684601113172543
moe_no_balance,78,98,0.015136704342071181,0.07095245170953499,1.0,0.9777158774373259,0.7008786540000074,0.5154887900012,43,2028,1.0966632449675673,0.015136704342071181,0.765260814630706,0.7955870057257128,,,0.1971243042671614,0.3325602968460111,0.1683673469387755,0.30194805194805197
moe_no_balance,79,99,0.014754964611699884,0.07277854038398972,1.0,0.9777158774373259,0.7088702080000076,0.5216387470013615,43,2028,1.1094078735307404,0.014754964611699884,0.7610904770318626,0.7927150570285758,,,0.19434137291280149,0.35064935064935066,0.1637291280148423,0.2912801484230056
moe_no_balance,80,100,0.01421304647402287,0.07181111218485747,1.0,0.9777158774373259,0.7168953529999271,0.5275384590013346,43,2028,1.1053328043108366,0.01421304647402287,0.7611442048864042,0.7924468095341322,0.0030553683774202775,0.0,0.18970315398886828,0.3469387755102041,0.16975881261595546,0.29359925788497215
scratch_continue,0,20,0.1232659588034523,0.15926949130338855,0.9823747680890538,0.958217270194986,0.0012401330000102462,0.0,43,2028,1.129180250898106,0.13455776131243335,0.8683359049377316,0.8678517985601508,0.02343609011976815,0.005821762110934808,0.21150278293135436,0.26762523191094617,0.1331168831168831,0.3877551020408163
scratch_continue,1,21,0.12120650245794276,0.1576598464090171,0.9833024118738405,0.9610027855153204,0.013177064000046812,0.006343378000110533,43,2028,1.1509157326166088,0.13271565978410885,0.8576625656068023,0.8587018005050006,,,0.17068645640074212,0.3033395176252319,0.13636363636363635,0.38961038961038963
scratch_continue,2,22,0.1159373363706532,0.1531266044653578,0.9795918367346939,0.958217270194986,0.023595734000082302,0.01470888499989087,43,2028,1.122576117348217,0.12716309754413538,0.8627490052313291,0.8686985141392053,,,0.2537105751391466,0.2662337662337662,0.10667903525046382,0.37337662337662336
scratch_continue,3,23,0.10812961228842946,0.14649461172914263,0.9851576994434137,0.9637883008356546,0.03234581700007766,0.021420415999727993,43,2028,1.1549020078540877,0.11967863236697034,0.8507766625147,0.8537448672651081,,,0.17393320964749537,0.2949907235621521,0.13636363636363635,0.39471243042671617
scratch_continue,4,24,0.10157982449186206,0.13709447646603826,0.9823747680890538,0.9665738161559888,0.040537941999900795,0.027401188999647275,43,2028,1.1390982632427373,0.11297080712428943,0.8515600483344172,0.8555483154614933,,,0.21335807050092764,0.2634508348794063,0.13172541743970315,0.3914656771799629
scratch_continue,5,25,0.09602881523942175,0.13728337989743836,0.9851576994434137,0.9637883008356546,0.048513862999698176,0.03334955399941464,43,2028,1.1339763124503723,0.10736857836392548,0.8508051897177017,0.8563463997169677,,,0.20408163265306123,0.27782931354359924,0.13358070500927643,0.3845083487940631
scratch_continue,6,26,0.094318703047236,0.13750940792302999,0.9851576994434137,0.9637883008356546,0.05803154999966864,0.040552913999817974,43,2028,1.1806547760483417,0.10612525080771941,0.8359211695498125,0.8432030968528819,,,0.20593692022263452,0.27782931354359924,0.10575139146567718,0.4104823747680891
scratch_continue,7,27,0.09073170019521667,0.14956366733298465,0.9842300556586271,0.9637883008356546,0.06626767199986716,0.04652871099960976,43,2028,1.1347075160878828,0.1020787753560955,0.8466994815773768,0.854873379066115,,,0.2147495361781076,0.2722634508348794,0.1280148423005566,0.3849721706864564
scratch_continue,8,28,0.08497145902938164,0.12859688276632517,0.9888682745825603,0.9665738161559888,0.07456947199989372,0.05246699999952398,43,2028,1.1410590047056772,0.09638204907643841,0.8425221919830713,0.8506046342377082,,,0.20500927643784786,0.2653061224489796,0.13682745825602968,0.39285714285714285
scratch_continue,9,29,0.08396903611539046,0.12507061898841307,0.987012987012987,0.9693593314763231,0.09318419300007008,0.06074323099983303,43,2028,1.154033522323944,0.0955093713386299,0.8372849132268225,0.8456735721746947,,,0.18181818181818182,0.2694805194805195,0.14703153988868276,0.40166975881261596
scratch_continue,10,30,0.08219975935312666,0.14734050789992567,0.9879406307977736,0.9665738161559888,0.10047087799966903,0.06581864400004633,43,2028,1.1488675908971213,0.09368843526209787,0.8380945241758929,0.8496124513166924,,,0.19758812615955473,0.287569573283859,0.12430426716141002,0.39053803339517623
scratch_continue,11,31,0.07866512156709667,0.1365719160673109,0.9888682745825603,0.9665738161559888,0.10844599799975185,0.07171285800041005,43,2028,1.140038439498719,0.09006550596208386,0.8383382388924463,0.8497208275921367,,,0.19480519480519481,0.2750463821892393,0.14007421150278293,0.39007421150278293
scratch_continue,12,32,0.07558595675397617,0.13151931281098514,0.9897959183673469,0.9693593314763231,0.11658425199993872,0.07727997000074538,43,2028,1.1455950839626325,0.0870419075936025,0.8356785619551922,0.8475444310043704,,,0.19990723562152132,0.27133580705009275,0.1345083487940631,0.3942486085343228
scratch_continue,13,33,0.07646148803866623,0.12716159519580217,0.9888682745825603,0.9749303621169917,0.12438323700007459,0.08310725300088961,43,2028,1.1098584300523262,0.0875600723391895,0.8451015064340068,0.8580579457960728,,,0.2054730983302412,0.26716141001855287,0.15352504638218925,0.3738404452690167
scratch_continue,14,34,0.07338445988446328,0.13453713666860964,0.9907235621521335,0.9693593314763231,0.133014842999728,0.08914094600095268,43,2028,1.144172790769784,0.08482618779216113,0.8339017263603565,0.8474895757776151,,,0.18089053803339517,0.288961038961039,0.1414656771799629,0.38868274582560297
scratch_continue,15,35,0.07124265885353419,0.13188860657692697,0.9907235621521335,0.9693593314763231,0.14090305199988507,0.09483172400086914,43,2028,1.1023401154641788,0.08226606000817598,0.8441497430904092,0.8596155984815159,,,0.20964749536178107,0.275974025974026,0.1507421150278293,0.36363636363636365
scratch_continue,16,36,0.06813936975565998,0.12257525730776099,0.9897959183673469,0.9693593314763231,0.14859575699983907,0.10070078000080684,43,2028,1.1326611647492224,0.07946598140315221,0.8338085565230274,0.8488020407887115,,,0.20640074211502782,0.27133580705009275,0.13636363636363635,0.38589981447124305
scratch_continue,17,37,0.06715329126573273,0.12565948271947108,0.9916512059369202,0.9693593314763231,0.15649084599999696,0.10674100200094472,43,2028,1.1159828403373084,0.07831311966910581,0.8378658968673794,0.8545687765489649,,,0.19666048237476808,0.29081632653061223,0.1442486085343228,0.3682745825602968
scratch_continue,18,38,0.0634875507696702,0.12424394778127165,0.9916512059369202,0.9665738161559888,0.16385489799995412,0.11208375800106296,43,2028,1.1057907943925354,0.07454545871359555,0.8388651082173578,0.8561069389952113,,,0.20454545454545456,0.2829313543599258,0.14935064935064934,0.3631725417439703
scratch_continue,19,39,0.06238848465053809,0.12289049620472199,0.9925788497217068,0.9665738161559888,0.1711676519998946,0.1174455720010883,43,2028,1.1047103213912761,0.07343558786445085,0.8385542411240385,0.8559555061002792,,,0.19619666048237477,0.2847866419294991,0.15584415584415584,0.3631725417439703
scratch_continue,20,40,0.0615344403357983,0.12464785361640252,0.9916512059369202,0.9665738161559888,0.17985514299971328,0.123496762000741,43,2028,1.1106266972574181,0.07264070730837248,0.8344493177400999,0.8531046315615949,0.011502171925862777,0.004824196019178625,0.19990723562152132,0.288961038961039,0.14703153988868276,0.36410018552875695
scratch_continue,21,41,0.05919371639124358,0.11272501749857075,0.9944341372912802,0.9665738161559888,0.19558231599967257,0.13171937300057834,43,2028,1.1123306028541429,0.070317022419785,0.8329592209584319,0.8510856184856067,,,0.19387755102040816,0.2750463821892393,0.1572356215213358,0.3738404452690167
scratch_continue,22,42,0.057036363051263694,0.12140790825785214,0.9944341372912802,0.9665738161559888,0.20546301800004585,0.1392364450007335,43,2028,1.1029010309245606,0.0680653733605093,0.8336404604349493,0.8534391319172929,,,0.1906307977736549,0.2922077922077922,0.15862708719851576,0.3585343228200371
scratch_continue,23,43,0.055500381833777535,0.11275850941606276,0.9944341372912802,0.9693593314763231,0.2161795849997361,0.1475010690005547,43,2028,1.1042482766972894,0.06654286460075043,0.8323421188569157,0.8522730433184219,,,0.19341372912801486,0.2815398886827458,0.15955473098330242,0.3654916512059369
scratch_continue,24,44,0.0607245997583845,0.11483996529155688,0.9935064935064936,0.9665738161559888,0.225288128000102,0.15469343300037508,43,2028,1.0914115413788499,0.07163871517217299,0.8342429472209648,0.8548132473219419,,,0.19434137291280149,0.2810760667903525,0.16929499072356216,0.35528756957328383
scratch_continue,25,45,0.05324139651667703,0.11813624125581976,0.9944341372912802,0.9637883008356546,0.2346649129999605,0.1617577940000956,43,2028,1.1171997002518212,0.06441339351919524,0.825406555125845,0.8476504180737948,,,0.1841372912801484,0.300556586270872,0.150278293135436,0.3650278293135436
scratch_continue,26,46,0.053441838778673305,0.11058441957519853,0.9944341372912802,0.9665738161559888,0.24308116399970459,0.16768051999997624,43,2028,1.0879347281294367,0.06432118605996767,0.8325753729464904,0.854925005239998,,,0.19944341372912802,0.2810760667903525,0.1660482374768089,0.3534322820037106
scratch_continue,27,47,0.05120626805759958,0.10983518971577094,0.9935064935064936,0.9693593314763231,0.2527760479997596,0.17490623399999095,43,2028,1.0956182790923097,0.06216245084852268,0.8281940453070524,0.851335564122613,,,0.19619666048237477,0.2847866419294991,0.161873840445269,0.35714285714285715
scratch_continue,28,48,0.050012614160124924,0.11554564200667981,0.9935064935064936,0.9665738161559888,0.2677531689996613,0.1843823720000728,43,2028,1.1059263868725226,0.061071878028850154,0.8232595585097957,0.8473759020389482,,,0.18970315398886828,0.29081632653061223,0.15769944341372913,0.36178107606679033
scratch_continue,29,49,0.049721044049419905,0.11489050452462696,0.9935064935064936,0.9637883008356546,0.2772818720000032,0.19208410999999614,43,2028,1.09181064514968,0.06063915050091671,0.825805941448537,0.8509164798155398,,,0.19294990723562153,0.2922077922077922,0.16465677179962895,0.35018552875695735
scratch_continue,30,50,0.0480006685425939,0.11285022758879137,0.9935064935064936,0.9693593314763231,0.284491271999741,0.1974986830000489,43,2028,1.0993608124844756,0.05899427666743865,0.8221637114657927,0.8478211996847549,,,0.1924860853432282,0.2884972170686456,0.16094619666048238,0.3580705009276438
scratch_continue,31,51,0.045767681430666,0.11358103576925088,0.9944341372912802,0.9693593314763231,0.29180429699999877,0.2027521939999133,43,2028,1.0943811569689872,0.05671149300035587,0.8227357122248457,0.8499162125338805,,,0.19294990723562153,0.2963821892393321,0.16001855287569575,0.35064935064935066
scratch_continue,32,52,0.046720126216911295,0.10443664102591342,0.9935064935064936,0.9721448467966574,0.2990688979998595,0.20814015699988886,43,2028,1.08520993377449,0.057572225554656194,0.8241481318661493,0.8511751927724291,,,0.19434137291280149,0.28432282003710574,0.17161410018552875,0.349721706864564
scratch_continue,33,53,0.04513296670050764,0.10787915382677804,0.9953617810760668,0.9693593314763231,0.3069757559997015,0.21375883699965925,43,2028,1.0849613267063143,0.055982579967570785,0.8235176904957237,0.8524707857874935,,,0.19480519480519481,0.29916512059369205,0.16419294990723562,0.34183673469387754
scratch_continue,34,54,0.04432751009523989,0.10602339376851698,0.9944341372912802,0.9693593314763231,0.31410577599990575,0.2190543209999305,43,2028,1.0931775453003603,0.0552592855482435,0.8190661301660935,0.8484824021225967,,,0.19526901669758812,0.29777365491651203,0.15862708719851576,0.34833024118738404
scratch_continue,35,55,0.04220446156937338,0.10068260615006444,0.9944341372912802,0.9721448467966574,0.32131882099974973,0.2244260000002214,43,2028,1.0776080845286427,0.052980542414659805,0.822555922455533,0.8523220821375939,,,0.19851576994434136,0.2912801484230056,0.1702226345083488,0.3399814471243043
scratch_continue,36,56,0.04123607487236482,0.09845134077182244,0.9972170686456401,0.9721448467966574,0.32858028800001193,0.2297554060000948,43,2028,1.0793236824524863,0.05202931169688968,0.8199417615017626,0.8497330537562339,,,0.19573283858998144,0.28432282003710574,0.17439703153988867,0.3455473098330241
scratch_continue,37,57,0.04031816374616396,0.10378009800285572,0.9953617810760668,0.9721448467966574,0.33848943299972234,0.2375562339998396,43,2028,1.0842767349054128,0.05116093109521809,0.8174510799622253,0.8482187823054655,,,0.18831168831168832,0.29545454545454547,0.1725417439703154,0.34369202226345086
scratch_continue,38,58,0.04083665843562403,0.09431520179199866,0.9962894248608535,0.9749303621169917,0.34682640499977424,0.24350829400009388,43,2028,1.071345733418067,0.0515501157698047,0.8193204043917865,0.850560844009882,,,0.20222634508348794,0.2824675324675325,0.17532467532467533,0.3399814471243043
scratch_continue,39,59,0.03864339059467895,0.1050373793663235,0.9962894248608535,0.9665738161559888,0.35521259300003294,0.24995123200005764,43,2028,1.0813884729787837,0.04945727532446679,0.8140862856042586,0.8466705486665989,,,0.18970315398886828,0.30009276437847865,0.1730055658627087,0.33719851576994436
scratch_continue,40,60,0.03805544687548665,0.09281896702041569,0.9972170686456401,0.9749303621169917,0.3626437549996808,0.2555287899999712,43,2028,1.0781900307601273,0.04883734718308792,0.8133914501148055,0.8452225009930516,0.01357615208106997,0.003951127209755497,0.19294990723562153,0.2815398886827458,0.1794990723562152,0.3460111317254174
scratch_continue,41,61,0.037160780207958044,0.09528660648440675,0.9972170686456401,0.9693593314763231,0.3727952239996739,0.26110188099983134,43,2028,1.0695989093505927,0.04785676930146397,0.8150212230651482,0.8483157464467357,,,0.18923933209647495,0.29267161410018555,0.18552875695732837,0.3325602968460111
scratch_continue,42,62,0.03779356025539953,0.09194900239887688,0.9953617810760668,0.9749303621169917,0.3829857809996611,0.269066484999712,43,2028,1.0839944404471793,0.048633504659871325,0.8082308844232585,0.8408644989511315,,,0.19480519480519481,0.2852504638218924,0.17207792207792208,0.34786641929499074
scratch_continue,43,63,0.03605679873792518,0.09475712891193713,0.9972170686456401,0.9721448467966574,0.39002532499989684,0.27425501800007623,43,2028,1.0654543725624046,0.04671134246354923,0.8133682873614554,0.8468979474433498,,,0.19341372912801486,0.28014842300556586,0.1901669758812616,0.3362708719851577
scratch_continue,44,64,0.034780464082773445,0.09459328466220042,0.9962894248608535,0.9693593314763231,0.39698656199971083,0.27945228500038866,43,2028,1.0787406838073852,0.0455678709208473,0.8076783615358682,0.8415971220517058,,,0.18970315398886828,0.29313543599257885,0.17764378478664192,0.3395176252319109
scratch_continue,45,65,0.034096497378764384,0.09245534245024127,0.9972170686456401,0.9721448467966574,0.40458609699999215,0.2851485710002635,43,2028,1.0763228643349145,0.04485972602211353,0.8063221621738929,0.8400912289726896,,,0.19109461966604824,0.2782931354359926,0.18506493506493507,0.3455473098330241
scratch_continue,46,66,0.033433420126006724,0.09219873648717118,0.9972170686456401,0.9693593314763231,0.4140873289998126,0.29263183200009735,43,2028,1.0716326635103257,0.044149746761109984,0.8067473801751306,0.8412070286756115,,,0.19434137291280149,0.2810760667903525,0.18460111317254174,0.3399814471243043
scratch_continue,47,67,0.032211901924543075,0.09146792332392244,0.9972170686456401,0.9721448467966574,0.42122855599973263,0.2979609270000765,43,2028,1.073503670874272,0.042946938633285796,0.8049254918150587,0.8396556417923416,,,0.19619666048237477,0.28339517625231914,0.18042671614100186,0.3399814471243043
scratch_continue,48,68,0.03239556644152645,0.09026574221947364,0.9972170686456401,0.9693593314763231,0.4287829529998817,0.3032197669999732,43,2028,1.0621732166928832,0.04301729860845528,0.8070131893928295,0.8428325377454914,,,0.19480519480519481,0.2820037105751391,0.1924860853432282,0.33070500927643787
scratch_continue,49,69,0.03137456091718789,0.09441219966580325,0.9962894248608535,0.9693593314763231,0.4361743959998421,0.30880635899984554,43,2028,1.0787099343586382,0.042161660260774274,0.8012488961201093,0.8369527507560872,,,0.18923933209647495,0.2922077922077922,0.1794990723562152,0.3390538033395176
scratch_continue,50,70,0.03201834079695623,0.09134709808914253,0.9962894248608535,0.9721448467966574,0.4438812829998824,0.31470234499965954,43,2028,1.07172947465692,0.04273563554352543,0.8014473155256808,0.837123474437629,,,0.19805194805194806,0.27040816326530615,0.18645640074211503,0.3450834879406308
scratch_continue,51,71,0.030158846044143314,0.09174387282587843,0.9972170686456401,0.9693593314763231,0.4533483529999103,0.3222118449998561,43,2028,1.0711471452284658,0.04087031749642797,0.8004683995396933,0.8377654349773214,,,0.18923933209647495,0.28664192949907236,0.187847866419295,0.3362708719851577
scratch_continue,52,72,0.029356580050818967,0.08925579454953088,0.9972170686456401,0.9693593314763231,0.4604391139996551,0.32725587100003395,43,2028,1.0670198746956987,0.040026778797775955,0.8004356087742995,0.8379132671030238,,,0.19758812615955473,0.2820037105751391,0.1859925788497217,0.3344155844155844
scratch_continue,53,73,0.02931207280569664,0.08933446388183919,0.9972170686456401,0.9693593314763231,0.46948074600004475,0.3340633070001786,43,2028,1.0642120228513212,0.03995419303420985,0.8006008567118575,0.8382941111482745,,,0.19573283858998144,0.27782931354359924,0.19155844155844157,0.33487940630797774
scratch_continue,54,74,0.02780575036184718,0.08841416627215831,0.9972170686456401,0.9693593314763231,0.4776606319996972,0.3397429380001995,43,2028,1.0708514685104062,0.03851426504695124,0.7970424794589007,0.8349514545368963,,,0.19526901669758812,0.2852504638218924,0.1836734693877551,0.3358070500927644
scratch_continue,55,75,0.02872091689193716,0.08656258170442202,0.9972170686456401,0.9721448467966574,0.4861024530000577,0.34588447300029657,43,2028,1.062472290663138,0.03934563979856854,0.7992424046496992,0.8375587789147811,,,0.1971243042671614,0.2699443413729128,0.19480519480519481,0.33812615955473097
scratch_continue,56,76,0.027556213929870562,0.08811743456811867,0.9972170686456401,0.9693593314763231,0.49328875799983507,0.3511616989999311,43,2028,1.058633047461208,0.03814254440448264,0.7993880829399684,0.8386960312610829,,,0.19573283858998144,0.2782931354359926,0.19619666048237477,0.3297773654916512
scratch_continue,57,77,0.028524671786248065,0.08749322976913317,0.9953617810760668,0.9693593314763231,0.5006988279997131,0.3567397679998976,43,2028,1.0746335329639576,0.03927100711588764,0.7924337775211141,0.8313162234689128,,,0.19990723562152132,0.28061224489795916,0.17810760667903525,0.34137291280148424
scratch_continue,58,78,0.026903848441939375,0.09697838609380324,0.9972170686456401,0.9721448467966574,0.5079101409996838,0.36200917299993307,43,2028,1.0573824115781867,0.03747767255772124,0.7972482793844845,0.8373151080239147,,,0.19666048237476808,0.274582560296846,0.19851576994434136,0.3302411873840445
scratch_continue,59,79,0.02684724517137079,0.09542354362897298,0.9962894248608535,0.9693593314763231,0.516122496999742,0.36742500799982736,43,2028,1.0633962099494831,0.037481207270865624,0.7938012831423849,0.8342183582365307,,,0.1971243042671614,0.2847866419294991,0.18877551020408162,0.3293135435992579
scratch_continue,60,80,0.02502422897548901,0.08657790430392004,0.9972170686456401,0.9693593314763231,0.5232153510000899,0.372669434999807,43,2028,1.061239968183597,0.03563662865732498,0.7943582534038908,0.8351249985590612,0.005394303866816943,0.003294970480614189,0.19109461966604824,0.2820037105751391,0.1971243042671614,0.3297773654916512
scratch_continue,61,81,0.025854509346605097,0.09536792433407099,0.9962894248608535,0.9693593314763231,0.532879075999972,0.3777345929997864,43,2028,1.0586449865617185,0.03644095921222228,0.7937322700750955,0.8347042335963394,,,0.20083487940630798,0.2792207792207792,0.19202226345083487,0.32792207792207795
scratch_continue,62,82,0.02458195338463003,0.09649310589388956,0.9972170686456401,0.9693593314763231,0.5399707789997592,0.38273950099983267,43,2028,1.0577678276316205,0.03515963166094623,0.7932706448582397,0.834395375689568,,,0.19758812615955473,0.27319109461966606,0.1989795918367347,0.3302411873840445
scratch_continue,63,83,0.02395758612544247,0.09557174210602694,0.9972170686456401,0.9693593314763231,0.5469804979998116,0.3878501879999021,43,2028,1.0570637067893522,0.03452822319333599,0.793307271116038,0.8350564995662018,,,0.1971243042671614,0.2810760667903525,0.19526901669758812,0.32653061224489793
scratch_continue,64,84,0.024158079280126036,0.08732820673542913,0.9972170686456401,0.9693593314763231,0.5537608029999319,0.3928439989999788,43,2028,1.0641914206790954,0.034799993486916994,0.789695932739231,0.8310738714409363,,,0.18738404452690166,0.2727272727272727,0.20315398886827457,0.336734693877551
scratch_continue,65,85,0.02350721271609283,0.09598335613990348,0.9972170686456401,0.9693593314763231,0.5605263759998707,0.3978273249999802,43,2028,1.0511954162011448,0.03401916687810428,0.7928484120914044,0.8352971965143192,,,0.20269016697588127,0.27319109461966606,0.19990723562152132,0.32421150278293137
scratch_continue,66,86,0.023272365044608802,0.09503183982434105,0.9972170686456401,0.9693593314763231,0.5673626349998813,0.4028955680000763,43,2028,1.0521957535293462,0.03379432257990227,0.7918642294282554,0.8344881747344335,,,0.19619666048237477,0.2690166975881262,0.20640074211502782,0.32838589981447125
scratch_continue,67,87,0.023172573984878427,0.094889312104163,0.9962894248608535,0.9693593314763231,0.5743149279996942,0.4079961390002609,43,2028,1.054271616622467,0.0337152901511031,0.7901096226358304,0.8330336736569309,,,0.1924860853432282,0.27365491651205937,0.20593692022263452,0.32792207792207795
scratch_continue,68,88,0.022969483227343646,0.09509139604138624,0.9962894248608535,0.9693593314763231,0.581407992000095,0.4131885790002343,43,2028,1.052088756391855,0.0334903707912622,0.7893750974146647,0.8325860927943329,,,0.19851576994434136,0.27087198515769945,0.2036178107606679,0.3269944341372913
scratch_continue,69,89,0.022255379017548444,0.09542587859988813,0.9972170686456401,0.9693593314763231,0.588616159999674,0.4186088610003935,43,2028,1.0532068552624947,0.03278744757017339,0.7874441139190003,0.831018229751746,,,0.19758812615955473,0.27087198515769945,0.2036178107606679,0.32792207792207795
scratch_continue,70,90,0.022006239638817524,0.09524747982205138,0.9972170686456401,0.9693593314763231,0.5958010419999482,0.4238014610000391,43,2028,1.051652732574025,0.032522766964557775,0.7866870535010286,0.830486669938518,,,0.19666048237476808,0.2694805194805195,0.20640074211502782,0.3274582560296846
scratch_continue,71,91,0.021313530468958793,0.0959251033175891,0.9981447124304267,0.9693593314763231,0.6031942780000463,0.4294266710003285,43,2028,1.0494482680871193,0.031808013149829985,0.7861237157346019,0.8302561951654589,,,0.19944341372912802,0.2690166975881262,0.2054730983302412,0.32606679035250463
scratch_continue,72,92,0.021954468004270828,0.09464133514223279,0.9962894248608535,0.9693593314763231,0.6103079829999842,0.4347227760003989,43,2028,1.0540656184095856,0.032495124188366684,0.7834704257115473,0.8275619658489892,,,0.19619666048237477,0.2634508348794063,0.20732838589981448,0.33302411873840443
scratch_continue,73,93,0.020472848641239775,0.09714284676842079,0.9972170686456401,0.9637883008356546,0.6178670079998483,0.4402053010007876,43,2028,1.053308464594468,0.031005933287184456,0.7818128742002732,0.8265344780986166,,,0.19619666048237477,0.2690166975881262,0.20454545454545456,0.3302411873840445
scratch_continue,74,94,0.022344433522780507,0.09462845082833,0.9962894248608535,0.9693593314763231,0.6254265029997441,0.4458450730007826,43,2028,1.0504144647853235,0.03284857817063374,0.7817291814459482,0.8264776193398639,,,0.1971243042671614,0.26159554730983303,0.21057513914656772,0.33070500927643787
scratch_continue,75,95,0.020218727553377672,0.08601058000228999,0.9972170686456401,0.9693593314763231,0.6334631350000564,0.4519021110008907,43,2028,1.064213748692636,0.030860865040304032,0.7748751941376407,0.8192377614672539,,,0.18738404452690166,0.2680890538033395,0.20500927643784786,0.3395176252319109
scratch_continue,76,96,0.02027923068827359,0.09480379408402813,0.9972170686456401,0.9693593314763231,0.6429414519998318,0.4593227880009181,43,2028,1.047820624582626,0.030757436934099852,0.7792124795335889,0.8247926218953987,,,0.2012987012987013,0.27040816326530615,0.20454545454545456,0.323747680890538
scratch_continue,77,97,0.021483896010805876,0.09470221077495652,0.9962894248608535,0.9693593314763231,0.6518471189997399,0.4660020000010263,43,2028,1.048148047283534,0.031965376483641214,0.7784888134729134,0.8242603447616771,,,0.19990723562152132,0.26716141001855287,0.20640074211502782,0.32653061224489793
scratch_continue,78,98,0.019025316372626496,0.09526974330697562,0.9972170686456401,0.9693593314763231,0.6599090589998013,0.472059008000997,43,2028,1.060307759309298,0.029628393965719476,0.7731399532304372,0.8184114453994787,,,0.1906307977736549,0.26855287569573283,0.20454545454545456,0.3362708719851577
scratch_continue,79,99,0.020063340775426666,0.09402300964511234,0.9962894248608535,0.9721448467966574,0.6683786409998902,0.47856021400093596,43,2028,1.0507677136541889,0.030571017911968555,0.7751422892776264,0.8214247307166017,,,0.1971243042671614,0.26484230055658625,0.20732838589981448,0.33070500927643787
scratch_continue,80,100,0.018550545276777332,0.09445432420133397,0.9972170686456401,0.9693593314763231,0.6772766569997657,0.48541700400119225,43,2028,1.0520908525341166,0.0290714538021185,0.773004882871108,0.8194259222561674,0.0034943866307614977,0.003041623267977461,0.1971243042671614,0.2657699443413729,0.20640074211502782,0.33070500927643787
