phase,epoch,global_epoch,train_ce,val_ce,train_accuracy,val_accuracy,elapsed_seconds,training_seconds,seed,split_seed,balance_loss,objective,router_entropy_normalized,selected_gate_entropy_normalized,task_router_grad_l2,aux_router_grad_l2,expert_0_assignment_share,expert_1_assignment_share,expert_2_assignment_share,expert_3_assignment_share
linear_pretrain,0,0,2.307850725320017,2.3068895916922125,0.1456400742115028,0.14763231197771587,0.00030262500013122917,0.0,44,2028,,,,,,,,,,
linear_pretrain,1,1,1.4947130582060186,1.4737764081183053,0.8348794063079777,0.871866295264624,0.0022978120000516356,0.0016383209999730752,44,2028,,,,,,,,,,
linear_pretrain,2,2,1.0013602729063233,0.970159228244022,0.9090909090909091,0.9192200557103064,0.00417979900021237,0.0032698319996598,44,2028,,,,,,,,,,
linear_pretrain,3,3,0.7344992708011538,0.7032462027241793,0.9183673469387755,0.9303621169916435,0.0059895970002799,0.004827852999369497,44,2028,,,,,,,,,,
linear_pretrain,4,4,0.5896951685991844,0.558159019707574,0.9109461966604824,0.935933147632312,0.008230683999954636,0.006714897999245295,44,2028,,,,,,,,,,
linear_pretrain,5,5,0.4952082973977639,0.4686365645164578,0.9276437847866419,0.9387186629526463,0.009926291000283527,0.008164294999005506,44,2028,,,,,,,,,,
linear_pretrain,6,6,0.43133414076066107,0.40719019968689146,0.9313543599257885,0.9442896935933147,0.012151934000030451,0.009709154998745362,44,2028,,,,,,,,,,
linear_pretrain,7,7,0.3859544661064908,0.3653272470046653,0.9341372912801484,0.9498607242339833,0.014048391999949672,0.011356799998338829,44,2028,,,,,,,,,,
linear_pretrain,8,8,0.3507310881425615,0.33121623059810396,0.9397031539888683,0.9498607242339833,0.015705500999956712,0.012688189998243615,44,2028,,,,,,,,,,
linear_pretrain,9,9,0.32138492175134986,0.3054463904203013,0.9397031539888683,0.947075208913649,0.017728119999901537,0.01446431799831771,44,2028,,,,,,,,,,
linear_pretrain,10,10,0.2981423437518325,0.28542570151242963,0.9415584415584416,0.9442896935933147,0.019143185000302765,0.01564343899826781,44,2028,,,,,,,,,,
linear_pretrain,11,11,0.27820287182039904,0.26676102641758515,0.9461966604823747,0.958217270194986,0.021095187999890186,0.017265345998112025,44,2028,,,,,,,,,,
linear_pretrain,12,12,0.26190011664755597,0.25334491800154524,0.9499072356215214,0.9526462395543176,0.022823494000022038,0.018752779998521873,44,2028,,,,,,,,,,
linear_pretrain,13,13,0.2476620273232907,0.2414934616637523,0.9545454545454546,0.9554317548746518,0.024326862000179972,0.020018340998376516,44,2028,,,,,,,,,,
linear_pretrain,14,14,0.23447363379370648,0.22937883323246966,0.9564007421150278,0.9637883008356546,0.02639311600023575,0.021803151998483372,44,2028,,,,,,,,,,
linear_pretrain,15,15,0.22315442387463919,0.22062855959901698,0.961038961038961,0.9637883008356546,0.027870805000020482,0.022976624998591433,44,2028,,,,,,,,,,
linear_pretrain,16,16,0.2128301404781347,0.21305442415441891,0.9619666048237476,0.958217270194986,0.029322374999992462,0.024166101998616796,44,2028,,,,,,,,,,
linear_pretrain,17,17,0.20379169503722466,0.20474474417234786,0.9619666048237476,0.9610027855153204,0.03150146899997708,0.02603583099835305,44,2028,,,,,,,,,,
linear_pretrain,18,18,0.1957494086897305,0.19871195757613636,0.9619666048237476,0.958217270194986,0.033325399000204925,0.027486419998240308,44,2028,,,,,,,,,,
linear_pretrain,19,19,0.18833727549728574,0.1930202112033157,0.9656771799628943,0.9610027855153204,0.035118362000048364,0.029030559998318495,44,2028,,,,,,,,,,
linear_pretrain,20,20,0.1818423148420866,0.1876439183829463,0.9656771799628943,0.9637883008356546,0.03742151100004776,0.03089798499831886,44,2028,,,,,,,,,,
scratch_pretrain,0,0,2.299612438241768,2.3000435060039877,0.13172541743970315,0.14763231197771587,0.001406642999882024,0.0,44,2028,1.0651564994925358,2.3102640032366932,0.993377087814617,0.9959537110374566,0.011441674065852803,0.009599501147487182,0.00974025974025974,0.4313543599257885,0.2212430426716141,0.33766233766233766
scratch_pretrain,1,1,1.3005777450429086,1.2774277706061494,0.7959183673469388,0.8217270194986073,0.03336281500014593,0.010229806000097597,44,2028,1.0360510244773617,1.3109382552876823,0.9929370366980118,0.9934143921929387,,,0.03432282003710575,0.3334879406307978,0.3269944341372913,0.3051948051948052
scratch_pretrain,2,2,0.8377132004332299,0.8164271167302848,0.8571428571428571,0.8997214484679665,0.046242730999892956,0.01794492499993794,44,2028,1.0690662868469232,0.8484038633016991,0.9842970596563443,0.9845835372539341,,,0.036178107606679034,0.37059369202226344,0.3877551020408163,0.2054730983302412
scratch_pretrain,3,3,0.6021620605973693,0.5869681207416038,0.8951762523191095,0.9136490250696379,0.05511949499987168,0.024401774000125442,44,2028,1.0604978366049376,0.6127670389634187,0.9783348116273458,0.9768696144222409,,,0.05009276437847866,0.3474025974025974,0.3650278293135436,0.23747680890538034
scratch_pretrain,4,4,0.48799061129240817,0.4689363819734139,0.911873840445269,0.9275766016713092,0.0645067159998689,0.031426356000338274,44,2028,1.0909569168476716,0.4989001804608849,0.9680438490868373,0.9679644905173792,,,0.03339517625231911,0.35667903525046385,0.3807977736549165,0.22912801484230055
scratch_pretrain,5,5,0.40652296681286015,0.40849526042907747,0.9192949907235621,0.9331476323119777,0.0743374019998555,0.03891672700001436,44,2028,1.0663919108269104,0.41718688592112924,0.966484723338913,0.9634133304287015,,,0.060760667903525044,0.3320964749536178,0.36595547309833026,0.24118738404452691
scratch_pretrain,6,6,0.33839648981139553,0.3593525290279326,0.948051948051948,0.9387186629526463,0.08471983800018279,0.047091887000078714,44,2028,1.1128485355135895,0.3495249751665314,0.9544212900716339,0.9536689313757585,,,0.04081632653061224,0.38636363636363635,0.3761595547309833,0.19666048237476808
scratch_pretrain,7,7,0.30264079634247515,0.30451108189071885,0.9489795918367347,0.9415041782729805,0.09436748000007356,0.054032422000091174,44,2028,1.0903525930117406,0.31354432227259255,0.9547667189398964,0.951952835751523,,,0.06307977736549165,0.3460111317254174,0.38821892393320967,0.20269016697588127
scratch_pretrain,8,8,0.26618074292809496,0.2814502026419404,0.9536178107606679,0.9415041782729805,0.10381623300008869,0.06130504600014319,44,2028,1.0966490105033064,0.27714723303312805,0.950014928112673,0.9471115815160877,,,0.05519480519480519,0.35946196660482377,0.37430426716141,0.21103896103896103
scratch_pretrain,9,9,0.24499729472249143,0.2651532832368273,0.963821892393321,0.947075208913649,0.1133314359999531,0.06862462100025368,44,2028,1.1170407683707766,0.2561677024061992,0.943504071997994,0.9429156537417615,,,0.0774582560296846,0.3492578849721707,0.41280148423005564,0.16048237476808905
scratch_pretrain,10,10,0.22150289411624582,0.23760677315210474,0.961038961038961,0.9526462395543176,0.1252174000001105,0.07819484699984969,44,2028,1.1042734900806517,0.23254562901705234,0.9415129796357901,0.9394407124326342,,,0.0686456400742115,0.3464749536178108,0.39239332096474955,0.1924860853432282
scratch_pretrain,11,11,0.19859527995132067,0.22900210101757215,0.9675324675324676,0.9526462395543176,0.13575042200000098,0.08615427299946532,44,2028,1.1059947657495817,0.2096552276088165,0.9383033291413618,0.9365266798192148,,,0.08487940630797773,0.34415584415584416,0.3984230055658627,0.1725417439703154
scratch_pretrain,12,12,0.18601673213726913,0.22551168380285277,0.9656771799628943,0.9526462395543176,0.14827003800019156,0.09596847399961916,44,2028,1.100703778312531,0.19702376992039444,0.9361197563603599,0.9338760440193662,,,0.08441558441558442,0.3395176252319109,0.3910018552875696,0.18506493506493507
scratch_pretrain,13,13,0.17192613620162653,0.2041244470096364,0.9712430426716141,0.958217270194986,0.15944524399992588,0.10408647899976131,44,2028,1.1197396759008695,0.18312353296063522,0.9308428786295362,0.9299205954396333,,,0.07699443413729128,0.35435992578849723,0.39888682745825604,0.16975881261595546
scratch_pretrain,14,14,0.1675526344701224,0.1868317470812992,0.9712430426716141,0.9498607242339833,0.16771391500014943,0.10988757299946883,44,2028,1.1036690194344208,0.1785893246644666,0.9312052497294998,0.9291157727797454,,,0.08719851576994433,0.33163265306122447,0.3965677179962894,0.18460111317254174
scratch_pretrain,15,15,0.15479888507243875,0.20038279042638343,0.9777365491651205,0.9498607242339833,0.17875838400004795,0.11852332499938711,44,2028,1.1124791809899397,0.16592367688233814,0.927022421163222,0.9259161815342752,,,0.09137291280148423,0.33487940630797774,0.4025974025974026,0.17115027829313545
scratch_pretrain,16,16,0.1456038777864559,0.18340929560915217,0.9768089053803339,0.958217270194986,0.18751079100002244,0.12493314299945268,44,2028,1.1122639954549656,0.15672651774100554,0.9243105151403238,0.9229651629914963,,,0.08441558441558442,0.3455473098330241,0.39053803339517623,0.1794990723562152
scratch_pretrain,17,17,0.13939682410167084,0.18077171943479425,0.9777365491651205,0.958217270194986,0.19857405999982802,0.13324222399933205,44,2028,1.1310326642493047,0.15070715074416388,0.9184984812169473,0.9192472508489313,,,0.08209647495361781,0.3562152133580705,0.39888682745825604,0.16280148423005567
scratch_pretrain,18,18,0.13005052561791025,0.1776952664859853,0.9786641929499073,0.9526462395543176,0.20815293800023937,0.1408044229992811,44,2028,1.1070665566257034,0.14112119118416727,0.9208708317872388,0.9205878825797275,,,0.10296846011131726,0.3395176252319109,0.3891465677179963,0.1683673469387755
scratch_pretrain,19,19,0.12241608570963951,0.16907199000656029,0.9795918367346939,0.9554317548746518,0.2185498550002194,0.14903746999925715,44,2028,1.1190302653617263,0.13360638836325678,0.9161456981611984,0.9161799327117486,,,0.08673469387755102,0.35064935064935066,0.387291280148423,0.17532467532467533
scratch_pretrain,20,20,0.11931852544150948,0.17842219251728111,0.9805194805194806,0.958217270194986,0.22954925700014428,0.15711765699916214,44,2028,1.096086905154442,0.1302793944930539,0.9183513598128491,0.9178134194483779,0.039102368786622696,0.006457056179446302,0.11641929499072357,0.3232838589981447,0.38589981447124305,0.17439703153988867
linear_continue,0,20,0.1818423148420866,0.1876439183829463,0.9656771799628943,0.9637883008356546,0.00033082699974329444,0.0,44,2028,,,,,,,,,,
linear_continue,1,21,0.17391245013703888,0.1803877097333838,0.9656771799628943,0.9665738161559888,0.002634877999753371,0.0019901599998775055,44,2028,,,,,,,,,,
linear_continue,2,22,0.1669252682583784,0.17695867460023196,0.9712430426716141,0.9610027855153204,0.004356704999736394,0.00324252099972,44,2028,,,,,,,,,,
linear_continue,3,23,0.16064061771967214,0.17135343243101794,0.9684601113172542,0.9693593314763231,0.006002096999964124,0.004615192999608553,44,2028,,,,,,,,,,
linear_continue,4,24,0.1554807972946011,0.1661346146066035,0.9703153988868275,0.9665738161559888,0.0076037519997953495,0.0059665329995368666,44,2028,,,,,,,,,,
linear_continue,5,25,0.15033635997243472,0.16375196032550746,0.9730983302411874,0.9665738161559888,0.009234040999672288,0.007292754999525641,44,2028,,,,,,,,,,
linear_continue,6,26,0.14559184535182781,0.16008051507061877,0.974025974025974,0.9665738161559888,0.010659922999820992,0.008483482999508851,44,2028,,,,,,,,,,
linear_continue,7,27,0.14163525818221,0.15786974795015918,0.974025974025974,0.9610027855153204,0.012386385999889171,0.009968983999442571,44,2028,,,,,,,,,,
linear_continue,8,28,0.13818497942662772,0.15402609954023758,0.9730983302411874,0.9665738161559888,0.01392447699981858,0.011271299999407347,44,2028,,,,,,,,,,
linear_continue,9,29,0.1340916451505704,0.15210591882339197,0.9768089053803339,0.9665738161559888,0.015367974999662692,0.012483210999562289,44,2028,,,,,,,,,,
linear_continue,10,30,0.13061137257184113,0.14975458621609364,0.9777365491651205,0.9637883008356546,0.017178654999952414,0.013980800999433995,44,2028,,,,,,,,,,
linear_continue,11,31,0.12757700281125064,0.14722494939929726,0.9777365491651205,0.9665738161559888,0.018571647000044322,0.015143136999085982,44,2028,,,,,,,,,,
linear_continue,12,32,0.12453307666461556,0.14565636927372874,0.9777365491651205,0.9637883008356546,0.02034339900001214,0.016418161999354197,44,2028,,,,,,,,,,
linear_continue,13,33,0.12182356595272431,0.14459739686842724,0.9777365491651205,0.9637883008356546,0.022227458999623195,0.01796932199931689,44,2028,,,,,,,,,,
linear_continue,14,34,0.11925791089727936,0.14192193653328783,0.9777365491651205,0.9637883008356546,0.024851108999882854,0.02026912699921013,44,2028,,,,,,,,,,
linear_continue,15,35,0.11676980696972201,0.1411586243257161,0.9786641929499073,0.9637883008356546,0.027370873999643663,0.022441499999331427,44,2028,,,,,,,,,,
linear_continue,16,36,0.11432293905634226,0.13914323553097901,0.9786641929499073,0.9665738161559888,0.029555856999650132,0.024319280999407056,44,2028,,,,,,,,,,
linear_continue,17,37,0.11224359795174922,0.1378165352667168,0.9795918367346939,0.9637883008356546,0.03166250100002799,0.026127256999643578,44,2028,,,,,,,,,,
linear_continue,18,38,0.11012370702625493,0.13650024139563716,0.9777365491651205,0.9637883008356546,0.0338317000000643,0.02798629999961122,44,2028,,,,,,,,,,
linear_continue,19,39,0.10798995776369923,0.13549039247375125,0.9786641929499073,0.9665738161559888,0.03653371799964589,0.030328658999678737,44,2028,,,,,,,,,,
linear_continue,20,40,0.10596587815698948,0.1341068021097772,0.9795918367346939,0.9637883008356546,0.039037299000028725,0.03251649499998166,44,2028,,,,,,,,,,
linear_continue,21,41,0.1042022257308172,0.1324902698918431,0.9805194805194806,0.9637883008356546,0.04139849499961201,0.03448653399982504,44,2028,,,,,,,,,,
linear_continue,22,42,0.10223152653327411,0.13166801209445494,0.9805194805194806,0.9637883008356546,0.04358043299998826,0.036361789999773464,44,2028,,,,,,,,,,
linear_continue,23,43,0.10045512676561644,0.130508954451593,0.9814471243042672,0.9637883008356546,0.04598846999988382,0.03846011199948407,44,2028,,,,,,,,,,
linear_continue,24,44,0.09890943251852863,0.1289936459446949,0.9814471243042672,0.9637883008356546,0.048266251999848464,0.04039516899956652,44,2028,,,,,,,,,,
linear_continue,25,45,0.09754389601993943,0.12872432008807316,0.9833024118738405,0.9637883008356546,0.05053330700002334,0.042353891999482585,44,2028,,,,,,,,,,
linear_continue,26,46,0.09583665568267813,0.12766231627426552,0.9823747680890538,0.9665738161559888,0.0527737529996557,0.04428700599964941,44,2028,,,,,,,,,,
linear_continue,27,47,0.0942471444119826,0.12709580998335535,0.9833024118738405,0.9637883008356546,0.05500801899961516,0.046188912999696186,44,2028,,,,,,,,,,
linear_continue,28,48,0.0927991057435103,0.12574948483159687,0.9823747680890538,0.9637883008356546,0.05737679699996079,0.04821639799956756,44,2028,,,,,,,,,,
linear_continue,29,49,0.09166937849701574,0.12448866492062283,0.9833024118738405,0.9665738161559888,0.059532484999635926,0.05006677699975626,44,2028,,,,,,,,,,
linear_continue,30,50,0.0902001522114879,0.12411181754135125,0.9842300556586271,0.9665738161559888,0.06178956499979904,0.05201676599972416,44,2028,,,,,,,,,,
linear_continue,31,51,0.08883499902458512,0.12418141283714143,0.9842300556586271,0.9637883008356546,0.06394303999968542,0.05386725599964848,44,2028,,,,,,,,,,
linear_continue,32,52,0.0878300975093131,0.12276762589526719,0.9833024118738405,0.9665738161559888,0.06617946899996241,0.05577017399991746,44,2028,,,,,,,,,,
linear_continue,33,53,0.08637459099278337,0.12217790498760478,0.9851576994434137,0.9637883008356546,0.06840569299993149,0.057632690999980696,44,2028,,,,,,,,,,
linear_continue,34,54,0.08521742718032459,0.12129507384385889,0.9851576994434137,0.9637883008356546,0.07065248799972323,0.05957297599979938,44,2028,,,,,,,,,,
linear_continue,35,55,0.08409541169465715,0.12112567882986947,0.9851576994434137,0.9637883008356546,0.07281656899976952,0.06143699599988395,44,2028,,,,,,,,,,
linear_continue,36,56,0.08299771440231705,0.11998910308144213,0.9851576994434137,0.9637883008356546,0.07503791599992837,0.06335809200027143,44,2028,,,,,,,,,,
linear_continue,37,57,0.0820326026842406,0.11920680474482509,0.9851576994434137,0.9665738161559888,0.07726543199987645,0.06523889700019936,44,2028,,,,,,,,,,
linear_continue,38,58,0.08080829476883618,0.11890875023584974,0.9860853432282004,0.9637883008356546,0.079434289999881,0.06710149500031548,44,2028,,,,,,,,,,
linear_continue,39,59,0.07983012419626025,0.11818284084500014,0.987012987012987,0.9665738161559888,0.0817153159996451,0.06907388700028605,44,2028,,,,,,,,,,
linear_continue,40,60,0.07878437941788809,0.11796517078917712,0.9860853432282004,0.9665738161559888,0.08382531500001278,0.07087429200009865,44,2028,,,,,,,,,,
linear_continue,41,61,0.07780624156661818,0.1169469086686352,0.9860853432282004,0.9665738161559888,0.08596625099971789,0.07264236700029869,44,2028,,,,,,,,,,
linear_continue,42,62,0.07699543369161908,0.11667442202747902,0.987012987012987,0.9665738161559888,0.08794409199981601,0.07432075800033999,44,2028,,,,,,,,,,
linear_continue,43,63,0.07616231545994741,0.11655526433027003,0.9879406307977736,0.9693593314763231,0.08996586900002512,0.07603076700024758,44,2028,,,,,,,,,,
linear_continue,44,64,0.075093412922397,0.11530374383227888,0.9879406307977736,0.9637883008356546,0.0919988129999183,0.07770829700029935,44,2028,,,,,,,,,,
linear_continue,45,65,0.07417589966919798,0.11468188393032888,0.9879406307977736,0.9665738161559888,0.09391331799997715,0.07936437400030627,44,2028,,,,,,,,,,
linear_continue,46,66,0.07338879528116704,0.1140715571728358,0.9879406307977736,0.9665738161559888,0.09554411799990703,0.08067973900051584,44,2028,,,,,,,,,,
linear_continue,47,67,0.07258440001686577,0.11452643392096087,0.9897959183673469,0.9637883008356546,0.09859631199969954,0.08313245300041672,44,2028,,,,,,,,,,
linear_continue,48,68,0.07176921598393962,0.11329460142981482,0.9897959183673469,0.9637883008356546,0.10212963999993008,0.08633706700038601,44,2028,,,,,,,,,,
linear_continue,49,69,0.0708625922406418,0.11327873816112201,0.9888682745825603,0.9665738161559888,0.10452797299967642,0.0883175920002941,44,2028,,,,,,,,,,
linear_continue,50,70,0.07013704723505483,0.1129289178037297,0.9897959183673469,0.9665738161559888,0.110680413999944,0.09415302800016434,44,2028,,,,,,,,,,
linear_continue,51,71,0.06936456644985757,0.11197939615210246,0.9907235621521335,0.9637883008356546,0.1153120310000304,0.0984592459999476,44,2028,,,,,,,,,,
linear_continue,52,72,0.06872711597244555,0.11233863920571378,0.9897959183673469,0.9637883008356546,0.11837272899992968,0.10111436399984086,44,2028,,,,,,,,,,
linear_continue,53,73,0.06814880999762195,0.1112836287679769,0.9907235621521335,0.9665738161559888,0.12166145899982439,0.10412773000007292,44,2028,,,,,,,,,,
linear_continue,54,74,0.06715128093118394,0.11070030947703156,0.9907235621521335,0.9665738161559888,0.1251246709998668,0.10671804100047666,44,2028,,,,,,,,,,
linear_continue,55,75,0.06645095422218625,0.11077633643807829,0.9897959183673469,0.9665738161559888,0.12725140599968654,0.1083853160007493,44,2028,,,,,,,,,,
linear_continue,56,76,0.06567022762798895,0.10987855300100721,0.9897959183673469,0.9665738161559888,0.12969836100000975,0.11047075900069103,44,2028,,,,,,,,,,
linear_continue,57,77,0.06509140565545685,0.11009357825662434,0.9907235621521335,0.9637883008356546,0.13128740799993466,0.11178192800070974,44,2028,,,,,,,,,,
linear_continue,58,78,0.06442744690628772,0.10965281974731082,0.9916512059369202,0.9637883008356546,0.13412397899992357,0.11424709100083419,44,2028,,,,,,,,,,
linear_continue,59,79,0.0638008963613266,0.10869075133642608,0.9916512059369202,0.9665738161559888,0.13630289200000334,0.11603426500096248,44,2028,,,,,,,,,,
linear_continue,60,80,0.06310056696268536,0.10825307374298256,0.9907235621521335,0.9637883008356546,0.14117993299987575,0.12056659800100533,44,2028,,,,,,,,,,
linear_continue,61,81,0.062448063135087856,0.10832117111081402,0.9907235621521335,0.9665738161559888,0.14541964599993662,0.12442803300109517,44,2028,,,,,,,,,,
linear_continue,62,82,0.061899918312798,0.10824513538792967,0.9916512059369202,0.9665738161559888,0.14855671899977096,0.12713795300078345,44,2028,,,,,,,,,,
linear_continue,63,83,0.061239201493341895,0.10742532279299996,0.9916512059369202,0.9665738161559888,0.15104281300000366,0.12921463200063954,44,2028,,,,,,,,,,
linear_continue,64,84,0.060738877345639576,0.10736685177625296,0.9907235621521335,0.9665738161559888,0.1533149259998936,0.13119821200052684,44,2028,,,,,,,,,,
linear_continue,65,85,0.06009836579749952,0.10715800154022977,0.9925788497217068,0.9665738161559888,0.15480824899987056,0.13243618100068488,44,2028,,,,,,,,,,
linear_continue,66,86,0.0594378281366918,0.1063102874726625,0.9916512059369202,0.9665738161559888,0.1566163150000648,0.13388915400082624,44,2028,,,,,,,,,,
linear_continue,67,87,0.059013695955553294,0.10646766998343585,0.9897959183673469,0.9637883008356546,0.15830034400005388,0.13529124000069714,44,2028,,,,,,,,,,
linear_continue,68,88,0.05841456840863985,0.10597584015000154,0.9916512059369202,0.9665738161559888,0.16009268699963286,0.13675197400107209,44,2028,,,,,,,,,,
linear_continue,69,89,0.057892069138806526,0.10601006276591675,0.9916512059369202,0.9637883008356546,0.16195311100000254,0.13836504700111618,44,2028,,,,,,,,,,
linear_continue,70,90,0.057314524651628805,0.10566960730617088,0.9935064935064936,0.9637883008356546,0.1637156789997789,0.13988098500112756,44,2028,,,,,,,,,,
linear_continue,71,91,0.05688430257120774,0.10462804618836898,0.9907235621521335,0.9665738161559888,0.16560791099982453,0.1415309930011972,44,2028,,,,,,,,,,
linear_continue,72,92,0.05648040242616237,0.10517683367438023,0.9925788497217068,0.9637883008356546,0.16765233199976137,0.14320936400145,44,2028,,,,,,,,,,
linear_continue,73,93,0.0558019772573432,0.10502356183292397,0.9935064935064936,0.9637883008356546,0.16952883099975224,0.1448369490017285,44,2028,,,,,,,,,,
linear_continue,74,94,0.05524655580135085,0.1039809224164253,0.9935064935064936,0.9665738161559888,0.17100264500004414,0.1459881990017493,44,2028,,,,,,,,,,
linear_continue,75,95,0.05512418324158103,0.1052411193561564,0.9925788497217068,0.9637883008356546,0.17338104700002077,0.14811305000148423,44,2028,,,,,,,,,,
linear_continue,76,96,0.05432319071568752,0.10364478383841898,0.9935064935064936,0.9665738161559888,0.1752631439999277,0.14958810600182915,44,2028,,,,,,,,,,
linear_continue,77,97,0.05383960496656412,0.10288601128962738,0.9916512059369202,0.9665738161559888,0.17737203199976648,0.15133637200142402,44,2028,,,,,,,,,,
linear_continue,78,98,0.053357369841545606,0.1030345628405174,0.9944341372912802,0.9610027855153204,0.17928749999964566,0.1528895750011543,44,2028,,,,,,,,,,
linear_continue,79,99,0.05281592623278522,0.10284962953622782,0.9944341372912802,0.9665738161559888,0.181455485999777,0.1547050730009687,44,2028,,,,,,,,,,
linear_continue,80,100,0.05237971925706101,0.10260747553232415,0.9944341372912802,0.9665738161559888,0.1835186549997161,0.156462984000882,44,2028,,,,,,,,,,
moe_continue,0,20,0.18184231484208663,0.1876439183829463,0.9656771799628943,0.9637883008356546,0.001301315000091563,0.0,44,2028,1.0651564994925358,0.192493879837012,0.993377087814617,0.9959537110374566,2.7919240307565735e-18,0.009599501147487182,0.00974025974025974,0.4313543599257885,0.2212430426716141,0.33766233766233766
moe_continue,1,21,0.17253793801791353,0.17969240274806175,0.9666048237476809,0.9693593314763231,0.016908193999825016,0.009388002000378037,44,2028,1.016622969250156,0.1827041677104151,0.9966398063004914,0.9975573253803749,,,0.12940630797773656,0.1906307977736549,0.3780148423005566,0.30194805194805197
moe_continue,2,22,0.15746549209578262,0.17264330707034528,0.9712430426716141,0.9610027855153204,0.028381787999933294,0.01830304300028729,44,2028,1.0131261447075175,0.1675967535428578,0.9953899543985512,0.9959952130433226,,,0.21614100185528756,0.16001855287569575,0.3525046382189239,0.27133580705009275
moe_continue,3,23,0.15142449802957894,0.16858923855312857,0.9721706864564007,0.9610027855153204,0.03779678099999728,0.025501225999960297,44,2028,1.0276773030526702,0.16170127106010565,0.9926393179828522,0.9929831494741652,,,0.1326530612244898,0.24860853432282004,0.39888682745825604,0.21985157699443414
moe_continue,4,24,0.14167045988550345,0.16018661871572548,0.9730983302411874,0.9693593314763231,0.04830123000010644,0.03382843400004276,44,2028,1.023086423391818,0.15190132411942162,0.9899574143588695,0.9902414683385364,,,0.2054730983302412,0.16743970315398887,0.37012987012987014,0.2569573283858998
moe_continue,5,25,0.13270020774818958,0.15304294400884969,0.9777365491651205,0.9721448467966574,0.06098412499977712,0.044031325000105426,44,2028,1.0081449095079968,0.14278165684326954,0.988512249997528,0.9896935471748903,,,0.22541743970315398,0.20871985157699444,0.3167903525046382,0.24907235621521337
moe_continue,6,26,0.12522966219365478,0.14812039608502764,0.9768089053803339,0.9721448467966574,0.07145303000015701,0.051792002999718534,44,2028,1.0215565368088138,0.1354452275617429,0.9838715240378672,0.98590043934017,,,0.23515769944341372,0.1989795918367347,0.35528756957328383,0.21057513914656772
moe_continue,7,27,0.1207899844709641,0.1473717820137121,0.9795918367346939,0.9637883008356546,0.0809551540000939,0.0590942119997635,44,2028,1.0254233023288575,0.13104421749425268,0.9803029255013775,0.9829007421704732,,,0.2212430426716141,0.15816326530612246,0.3427643784786642,0.27782931354359924
moe_continue,8,28,0.11302234403318204,0.14102367260032272,0.9814471243042672,0.9749303621169917,0.09185623799976383,0.06735645199978535,44,2028,1.027267191088421,0.12329501594406625,0.9762731605416062,0.9791074667952269,,,0.2101113172541744,0.1924860853432282,0.36178107606679033,0.23562152133580705
moe_continue,9,29,0.10783397789679948,0.1363065725202227,0.9814471243042672,0.9721448467966574,0.10311495999985709,0.07575754199979201,44,2028,1.02332631429248,0.11806724103972428,0.9735682725100621,0.9759649077936899,,,0.14981447124304267,0.23794063079777367,0.34183673469387754,0.27040816326530615
moe_continue,10,30,0.10112931918858588,0.13485607728747503,0.9833024118738405,0.9693593314763231,0.11513938200005214,0.08293003699964174,44,2028,1.0097367401874922,0.1112266865904608,0.9722773715114633,0.9766752012236254,,,0.2054730983302412,0.23191094619666047,0.3167903525046382,0.24582560296846012
moe_continue,11,31,0.0978091968853457,0.13186990900290302,0.9842300556586271,0.9721448467966574,0.1263215589997344,0.09130818199992063,44,2028,1.0246363709973048,0.10805556059531875,0.9669770829443551,0.9712947165797899,,,0.16558441558441558,0.2323747680890538,0.35018552875695735,0.25185528756957326
moe_continue,12,32,0.09260472178054034,0.12954906401524854,0.9860853432282004,0.9721448467966574,0.13727360999973826,0.09983637099958287,44,2028,1.0213967707948137,0.10281868948848848,0.9630829426328992,0.9692150723472057,,,0.20408163265306123,0.20871985157699444,0.34415584415584416,0.24304267161410018
moe_continue,13,33,0.0887240740832949,0.12725758262092615,0.9851576994434137,0.9693593314763231,0.1476730909998878,0.10774224599936133,44,2028,1.0316857046466408,0.09904093112976131,0.9573131051092836,0.9638063369894762,,,0.18181818181818182,0.21799628942486085,0.36038961038961037,0.23979591836734693
moe_continue,14,34,0.08456986209950905,0.12371529299451003,0.9860853432282004,0.9721448467966574,0.15807753999979468,0.11579733599910469,44,2028,1.0336286141543167,0.09490614824105222,0.9530757751325798,0.9601990181397219,,,0.17996289424860853,0.21846011131725418,0.36178107606679033,0.23979591836734693
moe_continue,15,35,0.0826466244373319,0.12004236691502183,0.9851576994434137,0.9721448467966574,0.1681787229999827,0.12351254499890274,44,2028,1.0300597920422774,0.09294722235775467,0.9496298914447647,0.9566822844053181,,,0.1679035250463822,0.23330241187384043,0.3520408163265306,0.24675324675324675
moe_continue,16,36,0.07966843618130237,0.11830619890377057,0.987012987012987,0.9721448467966574,0.17865175499991892,0.13159988199868167,44,2028,1.0172325825852224,0.0898407620071546,0.9473633169158272,0.9556713849795792,,,0.19387755102040816,0.23747680890538034,0.32838589981447125,0.24025974025974026
moe_continue,17,37,0.07583624862186661,0.11585872875649268,0.987012987012987,0.9721448467966574,0.18933410999989064,0.13975278799853186,44,2028,1.0392136579544062,0.08622838520141067,0.9388847767985699,0.9491094064949653,,,0.18181818181818182,0.21799628942486085,0.3650278293135436,0.23515769944341372
moe_continue,18,38,0.07252876748643766,0.10989501439051438,0.987012987012987,0.9721448467966574,0.1996994609999092,0.14766733699843826,44,2028,1.0223804247338564,0.08275257173377623,0.9372542539016772,0.948186162886364,,,0.1859925788497217,0.24443413729128013,0.33766233766233766,0.23191094619666047
moe_continue,19,39,0.06968773764369725,0.10806445964199363,0.9897959183673469,0.9749303621169917,0.21042221700008668,0.1559412649985461,44,2028,1.021828046332004,0.0799060181070173,0.9331185301368098,0.945821574224294,,,0.19109461966604824,0.24025974025974026,0.3358070500927644,0.23283858998144713
moe_continue,20,40,0.06814206611900733,0.1073575494600045,0.9907235621521335,0.9749303621169917,0.22096694599986222,0.16407263799828797,44,2028,1.0198897384994234,0.07834096350400156,0.9292036510845927,0.9426360832988226,0.009911146210426741,0.003163598811786786,0.19341372912801486,0.2305194805194805,0.32884972170686455,0.24721706864564008
moe_continue,21,41,0.06563866925059963,0.104690795914398,0.9916512059369202,0.9777158774373259,0.23525568000013664,0.17219234499816594,44,2028,1.026321122646998,0.07590188047706961,0.9245688665723752,0.9395956839269577,,,0.17764378478664192,0.2597402597402597,0.34183673469387754,0.22077922077922077
moe_continue,22,42,0.06359662253828324,0.10512558958313759,0.9907235621521335,0.9749303621169917,0.2452399769999829,0.1798301579983672,44,2028,1.0332570730365176,0.07392919326864841,0.917750549457608,0.934840971282995,,,0.1989795918367347,0.2258812615955473,0.3534322820037106,0.22170686456400743
moe_continue,23,43,0.06020727177444899,0.10330292273889609,0.9925788497217068,0.9777158774373259,0.25580248300002495,0.18789287899835472,44,2028,1.0193808725150373,0.07040108049959937,0.9162618756363368,0.9321742736749041,,,0.18181818181818182,0.25510204081632654,0.32421150278293137,0.2388682745825603
moe_continue,24,44,0.05923915101742662,0.1024077114282016,0.9897959183673469,0.9777158774373259,0.2662007019998782,0.1959522149982149,44,2028,1.0227173606009705,0.06946632462343633,0.9120502219230908,0.9302825901917456,,,0.20222634508348794,0.23654916512059368,0.33719851576994436,0.22402597402597402
moe_continue,25,45,0.057501684589114234,0.10214343788423834,0.9935064935064936,0.9777158774373259,0.2765470939998522,0.20391026899824283,44,2028,1.027153171111412,0.06777321630022835,0.907147864924539,0.9261916774118366,,,0.1906307977736549,0.22866419294990722,0.3395176252319109,0.24118738404452691
moe_continue,26,46,0.05570950316681238,0.10343292336804616,0.9935064935064936,0.9749303621169917,0.28695744200012996,0.2119420939984593,44,2028,1.0133074696753468,0.06584257786356584,0.9059070960604025,0.9264791766309317,,,0.21521335807050093,0.24860853432282004,0.31586270871985156,0.22031539888682747
moe_continue,27,47,0.053435774893729346,0.09928061758676526,0.9916512059369202,0.9777158774373259,0.2959483670001646,0.21882162699830587,44,2028,1.0291055199915475,0.06372683009364483,0.8995616693433688,0.9215183249759454,,,0.19434137291280149,0.2342300556586271,0.34461966604823746,0.22680890538033396
moe_continue,28,48,0.05157353940310307,0.09944410031632278,0.9953617810760668,0.9777158774373259,0.30281266700012566,0.22391478699819345,44,2028,1.0235546989960602,0.06180908639306368,0.896908611777011,0.9199530693400364,,,0.19480519480519481,0.2435064935064935,0.33487940630797774,0.22680890538033396
moe_continue,29,49,0.04992727196205499,0.09860604629476358,0.9935064935064936,0.9777158774373259,0.30964512099990316,0.2289129049981966,44,2028,1.0266222026452074,0.06019349398850707,0.8920264049581648,0.9151906245064078,,,0.17346938775510204,0.2537105751391466,0.3339517625231911,0.2388682745825603
moe_continue,30,50,0.04868388019975529,0.09787128549787992,0.9925788497217068,0.9749303621169917,0.31653559100004713,0.23403273599797103,44,2028,1.0183577483912696,0.05886745768366798,0.8911671254531713,0.9158374588715451,,,0.20918367346938777,0.23562152133580705,0.32560296846011133,0.22959183673469388
moe_continue,31,51,0.04700748520973129,0.09813355306730699,0.9953617810760668,0.9777158774373259,0.3234481340000457,0.2391295519983032,44,2028,1.0154852763613664,0.057162337973344954,0.8879826753932596,0.9128056295752118,,,0.19619666048237477,0.24628942486085342,0.31307977736549164,0.24443413729128013
moe_continue,32,52,0.04532216910577748,0.09628745337958583,0.9962894248608535,0.9805013927576601,0.3307112339998639,0.24452614799838557,44,2028,1.0216364653350622,0.0555385337591281,0.8834476493808351,0.9096525161025746,,,0.1813543599257885,0.2560296846011132,0.3232838589981447,0.23933209647495363
moe_continue,33,53,0.04414061820535239,0.09418519809696334,0.9962894248608535,0.9805013927576601,0.3375055699998484,0.24951602299825026,44,2028,1.0100832144120249,0.054241450349472635,0.8836208641069726,0.9109360391901603,,,0.2147495361781076,0.24304267161410018,0.30612244897959184,0.23608534322820038
moe_continue,34,54,0.04258202469746249,0.09384557816892244,0.9972170686456401,0.9805013927576601,0.3448572629999944,0.25506711199795973,44,2028,1.0172055450438455,0.05275408014790094,0.8776897536132362,0.9063039447512237,,,0.19666048237476808,0.24257884972170687,0.3167903525046382,0.24397031539888683
moe_continue,35,55,0.041634511462935335,0.0921930661259902,0.9972170686456401,0.9805013927576601,0.3517378579999786,0.260003647998019,44,2028,1.0139210036942794,0.05177372149987813,0.875477668939901,0.9054084989960238,,,0.21150278293135436,0.23979591836734693,0.31493506493506496,0.23376623376623376
moe_continue,36,56,0.040056971426843925,0.09456644879947163,0.9972170686456401,0.9805013927576601,0.3596800489999623,0.2658521739981552,44,2028,1.0107118925683674,0.0501640903525276,0.8718402729222166,0.901956054554279,,,0.20871985157699444,0.2523191094619666,0.3038033395176252,0.23515769944341372
moe_continue,37,57,0.03883704294322685,0.09126215432660505,0.9972170686456401,0.9805013927576601,0.3673022379998656,0.2716753499985316,44,2028,1.0223208330389688,0.049060251273616545,0.8671777333352081,0.8992848828656368,,,0.1906307977736549,0.24582560296846012,0.3293135435992579,0.2342300556586271
moe_continue,38,58,0.037430111100631235,0.09139784942238736,0.9972170686456401,0.9805013927576601,0.37535627599982035,0.27755892799859794,44,2028,1.0126102584069296,0.04755621368470053,0.8656962676449271,0.8976343075197036,,,0.2054730983302412,0.24628942486085342,0.30890538033395176,0.23933209647495363
moe_continue,39,59,0.03645455021564136,0.09057965192621131,0.9972170686456401,0.9777158774373259,0.38346820100014156,0.28350585099860837,44,2028,1.0178552528448244,0.046633102744089605,0.861068362085373,0.894260026367652,,,0.1971243042671614,0.24257884972170687,0.3186456400742115,0.24165120593692022
moe_continue,40,60,0.0358709030550628,0.09379753477846704,0.9972170686456401,0.9777158774373259,0.3908819969997239,0.28905081999846516,44,2028,1.0103496557761364,0.045974399612824166,0.8597703191965075,0.8928935690948206,0.016611190901043803,0.0018542956332184449,0.20269016697588127,0.2541743970315399,0.29730983302411873,0.24582560296846012
moe_continue,41,61,0.03472291267772685,0.08953738890149462,0.9981447124304267,0.9777158774373259,0.4021941490000245,0.2949817989983785,44,2028,1.007476531827634,0.04479767799600319,0.8577551332014763,0.8925778559131532,,,0.22541743970315398,0.23979591836734693,0.2987012987012987,0.23608534322820038
moe_continue,42,62,0.03364413465982696,0.0915811676819739,0.9981447124304267,0.9805013927576601,0.41010558300013145,0.3009491919983702,44,2028,1.0265465791435888,0.043909600451262853,0.8495921956401692,0.8857383107003168,,,0.16883116883116883,0.2564935064935065,0.323747680890538,0.25092764378478666
moe_continue,43,63,0.032876727103228344,0.08774616520648268,0.9981447124304267,0.9777158774373259,0.41795459300010407,0.30671163699798853,44,2028,1.010784383488886,0.04298457093811721,0.8510729131603136,0.8878928625071684,,,0.2189239332096475,0.24072356215213359,0.3070500927643785,0.23330241187384043
moe_continue,44,64,0.03156280521628564,0.08818523839637804,0.9981447124304267,0.9805013927576601,0.42628170099987983,0.3130269929979477,44,2028,1.0133308796085327,0.04169611401237097,0.8468113264420656,0.8837241712996193,,,0.19944341372912802,0.24907235621521337,0.3070500927643785,0.24443413729128013
moe_continue,45,65,0.030866676699618283,0.08635147217861712,0.9981447124304267,0.9805013927576601,0.4349257949997991,0.31960548499819197,44,2028,1.0123390170406192,0.040990066870024475,0.8444770053914128,0.8824826139091564,,,0.2077922077922078,0.24257884972170687,0.3079777365491651,0.24165120593692022
moe_continue,46,66,0.030434720936121637,0.0888452513911595,0.9981447124304267,0.9805013927576601,0.44277600799978245,0.32552272399789217,44,2028,1.0085079490094389,0.04051980042621603,0.8421884368459622,0.8802526786631394,,,0.21335807050092764,0.2532467532467532,0.29684601113172543,0.23654916512059368
moe_continue,47,67,0.029213182760617486,0.08955185180985593,0.9981447124304267,0.9777158774373259,0.45425325699989116,0.33467321899797753,44,2028,1.0183367230768012,0.0393965499913855,0.8371042320705736,0.8769123496728312,,,0.18692022263450836,0.24907235621521337,0.313543599257885,0.2504638218923933
moe_continue,48,68,0.028715862107186782,0.08522821772316627,0.9981447124304267,0.9805013927576601,0.46953034499983914,0.34653489599804743,44,2028,1.0111090843734534,0.03882695295092131,0.8363599130137382,0.8766952290130946,,,0.21196660482374768,0.2453617810760668,0.3051948051948052,0.23747680890538034
moe_continue,49,69,0.02807880171672531,0.08500530446071386,0.9981447124304267,0.9805013927576601,0.4787670099999559,0.3529966019978019,44,2028,1.0183906869700483,0.038262708586425796,0.8320140815365199,0.8738336598737975,,,0.19109461966604824,0.24582560296846012,0.3181818181818182,0.24489795918367346
moe_continue,50,70,0.027238913228237207,0.08734160538929762,0.9981447124304267,0.9777158774373259,0.4879842949999329,0.3601379399979123,44,2028,1.0126994093357535,0.03736590732159474,0.8299038550661763,0.8711690756806572,,,0.19573283858998144,0.25556586270871984,0.30241187384044527,0.24628942486085342
moe_continue,51,71,0.026511440953495554,0.08418338706653439,0.9981447124304267,0.9805013927576601,0.49751804600009564,0.3672503129978395,44,2028,1.0118212336231411,0.03662965328972696,0.827924974983122,0.8701781735468187,,,0.20269016697588127,0.24489795918367346,0.3014842300556586,0.25092764378478666
moe_continue,52,72,0.025776651865435863,0.08456941382898753,0.9981447124304267,0.9777158774373259,0.5063702329998705,0.3735261299980266,44,2028,1.0111144693226892,0.035887796558662755,0.8256991597701311,0.8684538577760051,,,0.20640074211502782,0.24953617810760667,0.3033395176252319,0.24072356215213359
moe_continue,53,73,0.02536415374099733,0.08534676227161117,0.9981447124304267,0.9777158774373259,0.5149283880000439,0.37969497599806346,44,2028,1.0169122232581753,0.03553327597357908,0.8218696532203512,0.8656730559879542,,,0.18831168831168832,0.25139146567717996,0.31307977736549164,0.24721706864564008
moe_continue,54,74,0.02469909484118625,0.0854215978481817,0.9981447124304267,0.9777158774373259,0.5242595340000662,0.38672306299804404,44,2028,1.0126795575231486,0.03482589041641774,0.8207670959984004,0.8645950192747562,,,0.19851576994434136,0.25139146567717996,0.30658627087198514,0.2435064935064935
moe_continue,55,75,0.023798047440096108,0.08292193077468907,0.9981447124304267,0.9805013927576601,0.5343816390000029,0.3947616379982719,44,2028,1.0085663481590326,0.03388371092168643,0.8194813211110022,0.8640740366431556,,,0.21614100185528756,0.24257884972170687,0.29916512059369205,0.24211502782931354
moe_continue,56,76,0.02339603292898662,0.08256481952513668,0.9981447124304267,0.9805013927576601,0.5431680669998968,0.4013688629979697,44,2028,1.0073368288071913,0.033469401217058534,0.8178073264705402,0.862867357717997,,,0.21753246753246752,0.24397031539888683,0.29684601113172543,0.24165120593692022
moe_continue,57,77,0.02297351093460157,0.08451115967170807,0.9981447124304267,0.9777158774373259,0.5517808839999816,0.4078102489979756,44,2028,1.0087180895847805,0.03306069183044937,0.8144965129064522,0.8595631045815111,,,0.2082560296846011,0.25092764378478666,0.2949907235621521,0.24582560296846012
moe_continue,58,78,0.02263334840396927,0.08143346942465768,0.9981447124304267,0.9805013927576601,0.5624407259997497,0.4165334119979889,44,2028,1.0118411223758357,0.032751759627727625,0.8127807425458324,0.8595757761477011,,,0.20918367346938777,0.24211502782931354,0.30890538033395176,0.23979591836734693
moe_continue,59,79,0.02162237966958151,0.08191795346913654,0.9981447124304267,0.9805013927576601,0.5703323610000552,0.42240239799775736,44,2028,1.0057230431392843,0.03167961010097435,0.8115584317956577,0.8576527681095029,,,0.22031539888682747,0.24675324675324675,0.29313543599257885,0.23979591836734693
moe_continue,60,80,0.02120966064656282,0.08124685635151797,0.9981447124304267,0.9805013927576601,0.5782373649999499,0.4284297809981581,44,2028,1.0095120732316725,0.03130478137887954,0.8082914264064709,0.8556341916492108,0.0028171635872369276,0.0017908453976064763,0.21196660482374768,0.24675324675324675,0.30287569573283857,0.23840445269016697
moe_continue,61,81,0.02180001961882715,0.08263917802156585,0.9981447124304267,0.9805013927576601,0.5924712360001649,0.43675974399820916,44,2028,1.007152834823816,0.03187154796706531,0.8069566392934676,0.8548429551922798,,,0.21985157699443414,0.2342300556586271,0.2949907235621521,0.25092764378478666
moe_continue,62,82,0.02052562140904155,0.08106898442246362,0.9981447124304267,0.9832869080779945,0.6005092599998534,0.4426863059984498,44,2028,1.0075139504480874,0.030600760913522426,0.8049748989722796,0.8533327271952658,,,0.21799628942486085,0.24675324675324675,0.29962894248608535,0.23562152133580705
moe_continue,63,83,0.020198813510427596,0.08103448768326045,0.9981447124304267,0.9832869080779945,0.6108309239998562,0.45073450499876344,44,2028,1.0106945140296912,0.030305758650724508,0.8015798698010403,0.8505199590836788,,,0.20408163265306123,0.25092764378478666,0.3051948051948052,0.23979591836734693
moe_continue,64,84,0.01968236590482278,0.07993392344511506,0.9981447124304267,0.9805013927576601,0.6214610719998745,0.45914981599844396,44,2028,1.0104878222614115,0.029787244127436895,0.7993191698577616,0.8489309938106188,,,0.20686456400742115,0.24489795918367346,0.3042671614100185,0.24397031539888683
moe_continue,65,85,0.019224456092209585,0.08079244003058614,0.9981447124304267,0.9805013927576601,0.6305448160001106,0.46605711199845246,44,2028,1.0053026289329012,0.029277482381538596,0.7990132539469477,0.8483577310440938,,,0.2193877551020408,0.24397031539888683,0.2922077922077922,0.24443413729128013
moe_continue,66,86,0.018970314265907843,0.07950375291205691,0.9981447124304267,0.9805013927576601,0.6387795659998119,0.47244984499866405,44,2028,1.009124004244739,0.029061554308355234,0.7971530860159821,0.8477835501826181,,,0.21428571428571427,0.24443413729128013,0.30658627087198514,0.23469387755102042
moe_continue,67,87,0.018452845437210163,0.08039875054286956,0.9981447124304267,0.9777158774373259,0.6483796659999825,0.47977766299845825,44,2028,1.0127789072125786,0.02858063450933595,0.793114761784309,0.8440054816603456,,,0.19619666048237477,0.25510204081632654,0.3079777365491651,0.24072356215213359
moe_continue,68,88,0.018101280499926584,0.07973075301586481,0.9990723562152134,0.9805013927576601,0.6580449949997274,0.4868701159984994,44,2028,1.0069692546887667,0.02817097304681425,0.7934947224287182,0.844428361387287,,,0.2166048237476809,0.24489795918367346,0.2987012987012987,0.23979591836734693
moe_continue,69,89,0.017848676980016877,0.0793042449996436,0.9981447124304267,0.9805013927576601,0.6669652129999122,0.4937390439986302,44,2028,1.009748288713132,0.0279461598671482,0.7903160826460982,0.8417435224585635,,,0.2077922077922078,0.2569573283858998,0.30287569573283857,0.2323747680890538
moe_continue,70,90,0.0174110763524586,0.07917155083376562,0.9990723562152134,0.9805013927576601,0.6763716830000703,0.5004749119989356,44,2028,1.0084988606997987,0.027496064959456588,0.7888802368922478,0.8410527092104113,,,0.20871985157699444,0.24397031539888683,0.30241187384044527,0.24489795918367346
moe_continue,71,91,0.017260240468194354,0.07933009008024712,0.9981447124304267,0.9805013927576601,0.6858119829998941,0.5076489479988595,44,2028,1.0086164977352319,0.027346405445546673,0.7872570687310778,0.8397289656530633,,,0.21196660482374768,0.2541743970315399,0.30287569573283857,0.23098330241187384
moe_continue,72,92,0.0168422360232797,0.07973002751051234,0.9990723562152134,0.9805013927576601,0.6960770430000593,0.5156287339987102,44,2028,1.0083452688464374,0.026925688711744077,0.7850961571324245,0.8381929666298175,,,0.21196660482374768,0.23933209647495363,0.3014842300556586,0.24721706864564008
moe_continue,73,93,0.01645970896980664,0.07933941129205174,0.9990723562152134,0.9805013927576601,0.7075897159998021,0.5246503659986956,44,2028,1.006410769524753,0.02652381666505417,0.7836147065714502,0.8365009550097602,,,0.212430426716141,0.25185528756957326,0.29359925788497215,0.24211502782931354
moe_continue,74,94,0.01628161710620414,0.07911136104051421,0.9990723562152134,0.9805013927576601,0.7172336720000203,0.5317487179986529,44,2028,1.004893328706007,0.02633055039326421,0.7821633457840843,0.8356580198900594,,,0.22263450834879406,0.24628942486085342,0.2922077922077922,0.2388682745825603
moe_continue,75,95,0.015986080733915258,0.0793262480563025,0.9990723562152134,0.9805013927576601,0.7258398589997341,0.538305946998662,44,2028,1.0054446284329408,0.026040527018244667,0.7805905513010489,0.8345664050099267,,,0.21985157699443414,0.24443413729128013,0.2949907235621521,0.24072356215213359
moe_continue,76,96,0.015427928137061927,0.0789532925691735,0.9990723562152134,0.9805013927576601,0.7345464079999147,0.5450124209983187,44,2028,1.0067708222764724,0.02549563635982665,0.7782230888520767,0.8324810379968537,,,0.21196660482374768,0.25139146567717996,0.29591836734693877,0.24072356215213359
moe_continue,77,97,0.015277906023652107,0.07678269866175164,0.9990723562152134,0.9805013927576601,0.743421338999724,0.5512967609984116,44,2028,1.0085772331594596,0.0253636783552467,0.7756831881386443,0.830451393325989,,,0.20500927643784786,0.2532467532467532,0.29777365491651203,0.24397031539888683
moe_continue,78,98,0.015206953209199812,0.07876632078213192,0.9990723562152134,0.9805013927576601,0.7518624489998729,0.5573782959982054,44,2028,1.0034923694402076,0.02524187690360189,0.776205265400969,0.830916985866786,,,0.22680890538033396,0.24582560296846012,0.2898886827458256,0.23747680890538034
moe_continue,79,99,0.01462993711106252,0.0782252869651204,0.9990723562152134,0.9805013927576601,0.7603655110001455,0.5636427359982008,44,2028,1.0066526277416752,0.02469646338847927,0.7735729993562903,0.8294385414803728,,,0.21614100185528756,0.24304267161410018,0.30009276437847865,0.24072356215213359
moe_continue,80,100,0.014649580816857268,0.07819729195997391,1.0,0.9805013927576601,0.7681717159998698,0.5693950759982727,44,2028,1.0045295702382036,0.024694876519239302,0.7723110064718353,0.8280271426784619,0.00537256440475615,0.0014077305048054074,0.2258812615955473,0.24628942486085342,0.2949907235621521,0.23283858998144713
linear_mac_matched,0,20,0.1818423148420866,0.1876439183829463,0.9656771799628943,0.9637883008356546,0.0003173370000695286,0.0,44,2028,,,,,,,,,,
linear_mac_matched,1,21,0.17391245013703888,0.1803877097333838,0.9656771799628943,0.9665738161559888,0.002967296999941027,0.002363660000355594,44,2028,,,,,,,,,,
linear_mac_matched,2,22,0.1669252682583784,0.17695867460023196,0.9712430426716141,0.9610027855153204,0.004777706999902875,0.0036844230003225675,44,2028,,,,,,,,,,
linear_mac_matched,3,23,0.16064061771967214,0.17135343243101794,0.9684601113172542,0.9693593314763231,0.0064779509998516005,0.005139880000569974,44,2028,,,,,,,,,,
linear_mac_matched,4,24,0.1554807972946011,0.1661346146066035,0.9703153988868275,0.9665738161559888,0.008401600000070175,0.006816298000558163,44,2028,,,,,,,,,,
linear_mac_matched,5,25,0.15033635997243472,0.16375196032550746,0.9730983302411874,0.9665738161559888,0.010146261000045342,0.008303873000386375,44,2028,,,,,,,,,,
linear_mac_matched,6,26,0.14559184535182781,0.16008051507061877,0.974025974025974,0.9665738161559888,0.012651674999688112,0.010063837000416243,44,2028,,,,,,,,,,
linear_mac_matched,7,27,0.14163525818221,0.15786974795015918,0.974025974025974,0.9610027855153204,0.015294012999675033,0.012222009000197431,44,2028,,,,,,,,,,
linear_mac_matched,8,28,0.13818497942662772,0.15402609954023758,0.9730983302411874,0.9665738161559888,0.017290812999817717,0.013897565000206669,44,2028,,,,,,,,,,
linear_mac_matched,9,29,0.1340916451505704,0.15210591882339197,0.9768089053803339,0.9665738161559888,0.01970090299982985,0.015901956000561768,44,2028,,,,,,,,,,
linear_mac_matched,10,30,0.13061137257184113,0.14975458621609364,0.9777365491651205,0.9637883008356546,0.021876831999634305,0.01772157900086313,44,2028,,,,,,,,,,
linear_mac_matched,11,31,0.12757700281125064,0.14722494939929726,0.9777365491651205,0.9665738161559888,0.0233833649999724,0.018913600000814768,44,2028,,,,,,,,,,
linear_mac_matched,12,32,0.12453307666461556,0.14565636927372874,0.9777365491651205,0.9637883008356546,0.025973815999805083,0.021186123000916268,44,2028,,,,,,,,,,
linear_mac_matched,13,33,0.12182356595272431,0.14459739686842724,0.9777365491651205,0.9637883008356546,0.02752656799975739,0.022496472000966605,44,2028,,,,,,,,,,
linear_mac_matched,14,34,0.11925791089727936,0.14192193653328783,0.9777365491651205,0.9637883008356546,0.030176588999893283,0.024715606000881962,44,2028,,,,,,,,,,
linear_mac_matched,15,35,0.11676980696972201,0.1411586243257161,0.9786641929499073,0.9637883008356546,0.03257899699974587,0.026682120001169096,44,2028,,,,,,,,,,
linear_mac_matched,16,36,0.11432293905634226,0.13914323553097901,0.9786641929499073,0.9665738161559888,0.034489676999783114,0.028252589001112938,44,2028,,,,,,,,,,
linear_mac_matched,17,37,0.11224359795174922,0.1378165352667168,0.9795918367346939,0.9637883008356546,0.03675918599992656,0.030223780001051637,44,2028,,,,,,,,,,
linear_mac_matched,18,38,0.11012370702625493,0.13650024139563716,0.9777365491651205,0.9637883008356546,0.03849018699975204,0.03170860100090067,44,2028,,,,,,,,,,
linear_mac_matched,19,39,0.10798995776369923,0.13549039247375125,0.9786641929499073,0.9665738161559888,0.040871444000003976,0.0337887560008312,44,2028,,,,,,,,,,
linear_mac_matched,20,40,0.10596587815698948,0.1341068021097772,0.9795918367346939,0.9637883008356546,0.043260281999664585,0.03566894100094942,44,2028,,,,,,,,,,
linear_mac_matched,21,41,0.1042022257308172,0.1324902698918431,0.9805194805194806,0.9637883008356546,0.04506391099994289,0.03710204300114128,44,2028,,,,,,,,,,
linear_mac_matched,22,42,0.10223152653327411,0.13166801209445494,0.9805194805194806,0.9637883008356546,0.046464193999781855,0.03826536100132216,44,2028,,,,,,,,,,
linear_mac_matched,23,43,0.10045512676561644,0.130508954451593,0.9814471243042672,0.9637883008356546,0.048474373999852105,0.03999212500139038,44,2028,,,,,,,,,,
linear_mac_matched,24,44,0.09890943251852863,0.1289936459446949,0.9814471243042672,0.9637883008356546,0.05020452300004763,0.04148056100166286,44,2028,,,,,,,,,,
linear_mac_matched,25,45,0.09754389601993943,0.12872432008807316,0.9833024118738405,0.9637883008356546,0.05210505800005194,0.04297690900193629,44,2028,,,,,,,,,,
linear_mac_matched,26,46,0.09583665568267813,0.12766231627426552,0.9823747680890538,0.9665738161559888,0.05375324299984641,0.04434916000218436,44,2028,,,,,,,,,,
linear_mac_matched,27,47,0.0942471444119826,0.12709580998335535,0.9833024118738405,0.9637883008356546,0.05557126399980916,0.04567622300237417,44,2028,,,,,,,,,,
linear_mac_matched,28,48,0.0927991057435103,0.12574948483159687,0.9823747680890538,0.9637883008356546,0.05742906499972378,0.047290959002566524,44,2028,,,,,,,,,,
linear_mac_matched,29,49,0.09166937849701574,0.12448866492062283,0.9833024118738405,0.9665738161559888,0.05926682499966773,0.048697712002649496,44,2028,,,,,,,,,,
linear_mac_matched,30,50,0.0902001522114879,0.12411181754135125,0.9842300556586271,0.9665738161559888,0.061007599999811646,0.05019757500258493,44,2028,,,,,,,,,,
linear_mac_matched,31,51,0.08883499902458512,0.12418141283714143,0.9842300556586271,0.9637883008356546,0.06276943600005325,0.051673342002686695,44,2028,,,,,,,,,,
linear_mac_matched,32,52,0.0878300975093131,0.12276762589526719,0.9833024118738405,0.9665738161559888,0.06465512899967507,0.05324560400276823,44,2028,,,,,,,,,,
linear_mac_matched,33,53,0.08637459099278337,0.12217790498760478,0.9851576994434137,0.9637883008356546,0.06681880899986936,0.05512788200258001,44,2028,,,,,,,,,,
linear_mac_matched,34,54,0.08521742718032459,0.12129507384385889,0.9851576994434137,0.9637883008356546,0.06865620899998248,0.05665949200238174,44,2028,,,,,,,,,,
linear_mac_matched,35,55,0.08409541169465715,0.12112567882986947,0.9851576994434137,0.9637883008356546,0.0704527979996783,0.05809434700267957,44,2028,,,,,,,,,,
linear_mac_matched,36,56,0.08299771440231705,0.11998910308144213,0.9851576994434137,0.9637883008356546,0.07251157099972261,0.059873179002806864,44,2028,,,,,,,,,,
linear_mac_matched,37,57,0.0820326026842406,0.11920680474482509,0.9851576994434137,0.9665738161559888,0.07436886999994385,0.06147940200253288,44,2028,,,,,,,,,,
linear_mac_matched,38,58,0.08080829476883618,0.11890875023584974,0.9860853432282004,0.9637883008356546,0.07676474899972163,0.06357762400239153,44,2028,,,,,,,,,,
linear_mac_matched,39,59,0.07983012419626025,0.11818284084500014,0.987012987012987,0.9665738161559888,0.0785697699998309,0.06513883000252463,44,2028,,,,,,,,,,
linear_mac_matched,40,60,0.07878437941788809,0.11796517078917712,0.9860853432282004,0.9665738161559888,0.08087811799987321,0.06714740700272159,44,2028,,,,,,,,,,
linear_mac_matched,41,61,0.07780624156661818,0.1169469086686352,0.9860853432282004,0.9665738161559888,0.08279709999987972,0.06870496700275908,44,2028,,,,,,,,,,
linear_mac_matched,42,62,0.07699543369161908,0.11667442202747902,0.987012987012987,0.9665738161559888,0.08435441999972682,0.07002578100264145,44,2028,,,,,,,,,,
linear_mac_matched,43,63,0.07616231545994741,0.11655526433027003,0.9879406307977736,0.9693593314763231,0.0863777689996823,0.07180577500275831,44,2028,,,,,,,,,,
linear_mac_matched,44,64,0.075093412922397,0.11530374383227888,0.9879406307977736,0.9637883008356546,0.08819585999981427,0.07331731500244132,44,2028,,,,,,,,,,
linear_mac_matched,45,65,0.07417589966919798,0.11468188393032888,0.9879406307977736,0.9665738161559888,0.09000840199996674,0.07453789800274535,44,2028,,,,,,,,,,
linear_mac_matched,46,66,0.07338879528116704,0.1140715571728358,0.9879406307977736,0.9665738161559888,0.09212340899966875,0.07632353000281,44,2028,,,,,,,,,,
linear_mac_matched,47,67,0.07258440001686577,0.11452643392096087,0.9897959183673469,0.9637883008356546,0.09384369300005346,0.07755782400272437,44,2028,,,,,,,,,,
linear_mac_matched,48,68,0.07176921598393962,0.11329460142981482,0.9897959183673469,0.9637883008356546,0.09552594999968278,0.07899973000257887,44,2028,,,,,,,,,,
linear_mac_matched,49,69,0.0708625922406418,0.11327873816112201,0.9888682745825603,0.9665738161559888,0.09754881899971224,0.08077723100268486,44,2028,,,,,,,,,,
linear_mac_matched,50,70,0.07013704723505483,0.1129289178037297,0.9897959183673469,0.9665738161559888,0.09917550299996947,0.08216482600255404,44,2028,,,,,,,,,,
linear_mac_matched,51,71,0.06936456644985757,0.11197939615210246,0.9907235621521335,0.9637883008356546,0.10152498199977344,0.08383503500226652,44,2028,,,,,,,,,,
linear_mac_matched,52,72,0.06872711597244555,0.11233863920571378,0.9897959183673469,0.9637883008356546,0.10318784899982347,0.08517139200239399,44,2028,,,,,,,,,,
linear_mac_matched,53,73,0.06814880999762195,0.1112836287679769,0.9907235621521335,0.9665738161559888,0.1052048889996513,0.08665877600242311,44,2028,,,,,,,,,,
linear_mac_matched,54,74,0.06715128093118394,0.11070030947703156,0.9907235621521335,0.9665738161559888,0.10736825899994074,0.08853162000241355,44,2028,,,,,,,,,,
linear_mac_matched,55,75,0.06645095422218625,0.11077633643807829,0.9897959183673469,0.9665738161559888,0.10913474199969642,0.0900569610025741,44,2028,,,,,,,,,,
linear_mac_matched,56,76,0.06567022762798895,0.10987855300100721,0.9897959183673469,0.9665738161559888,0.11091429499992955,0.09151328900270528,44,2028,,,,,,,,,,
linear_mac_matched,57,77,0.06509140565545685,0.11009357825662434,0.9907235621521335,0.9637883008356546,0.1131868789998407,0.09346025400236613,44,2028,,,,,,,,,,
linear_mac_matched,58,78,0.06442744690628772,0.10965281974731082,0.9916512059369202,0.9637883008356546,0.11558102599974518,0.09544763900248654,44,2028,,,,,,,,,,
linear_mac_matched,59,79,0.0638008963613266,0.10869075133642608,0.9916512059369202,0.9665738161559888,0.11752166999986002,0.09706921500264798,44,2028,,,,,,,,,,
linear_mac_matched,60,80,0.06310056696268536,0.10825307374298256,0.9907235621521335,0.9637883008356546,0.11939201999985016,0.09869035000247095,44,2028,,,,,,,,,,
linear_mac_matched,61,81,0.062448063135087856,0.10832117111081402,0.9907235621521335,0.9665738161559888,0.12142908999976498,0.10037362800267147,44,2028,,,,,,,,,,
linear_mac_matched,62,82,0.061899918312798,0.10824513538792967,0.9916512059369202,0.9665738161559888,0.12327437099975214,0.10197685600269324,44,2028,,,,,,,,,,
linear_mac_matched,63,83,0.061239201493341895,0.10742532279299996,0.9916512059369202,0.9665738161559888,0.1249681059998693,0.10342940800273936,44,2028,,,,,,,,,,
linear_mac_matched,64,84,0.060738877345639576,0.10736685177625296,0.9907235621521335,0.9665738161559888,0.1267472380000072,0.10484470400251666,44,2028,,,,,,,,,,
linear_mac_matched,65,85,0.06009836579749952,0.10715800154022977,0.9925788497217068,0.9665738161559888,0.13237847699974736,0.106462465002096,44,2028,,,,,,,,,,
linear_mac_matched,66,86,0.0594378281366918,0.1063102874726625,0.9916512059369202,0.9665738161559888,0.13428553099993223,0.10811427600219758,44,2028,,,,,,,,,,
linear_mac_matched,67,87,0.059013695955553294,0.10646766998343585,0.9897959183673469,0.9637883008356546,0.1359186539998518,0.1095029420021092,44,2028,,,,,,,,,,
linear_mac_matched,68,88,0.05841456840863985,0.10597584015000154,0.9916512059369202,0.9665738161559888,0.1375288129997898,0.1107698850023553,44,2028,,,,,,,,,,
linear_mac_matched,69,89,0.057892069138806526,0.10601006276591675,0.9916512059369202,0.9637883008356546,0.14003642999978183,0.11211501600246265,44,2028,,,,,,,,,,
linear_mac_matched,70,90,0.057314524651628805,0.10566960730617088,0.9935064935064936,0.9637883008356546,0.14272617599999649,0.11427191200255038,44,2028,,,,,,,,,,
linear_mac_matched,71,91,0.05688430257120774,0.10462804618836898,0.9907235621521335,0.9665738161559888,0.145536557000014,0.11669096600235207,44,2028,,,,,,,,,,
linear_mac_matched,72,92,0.05648040242616237,0.10517683367438023,0.9925788497217068,0.9637883008356546,0.14754672599974583,0.11841846100242037,44,2028,,,,,,,,,,
linear_mac_matched,73,93,0.0558019772573432,0.10502356183292397,0.9935064935064936,0.9637883008356546,0.14990006099969833,0.12026525500277785,44,2028,,,,,,,,,,
linear_mac_matched,74,94,0.05524655580135085,0.1039809224164253,0.9935064935064936,0.9665738161559888,0.15259018200003993,0.12254454900312339,44,2028,,,,,,,,,,
linear_mac_matched,75,95,0.05512418324158103,0.1052411193561564,0.9925788497217068,0.9637883008356546,0.15510607199985316,0.12480368200340308,44,2028,,,,,,,,,,
linear_mac_matched,76,96,0.05432319071568752,0.10364478383841898,0.9935064935064936,0.9665738161559888,0.15734086899965405,0.12678449700342753,44,2028,,,,,,,,,,
linear_mac_matched,77,97,0.05383960496656412,0.10288601128962738,0.9916512059369202,0.9665738161559888,0.1589983779999784,0.12818078500367847,44,2028,,,,,,,,,,
linear_mac_matched,78,98,0.053357369841545606,0.1030345628405174,0.9944341372912802,0.9610027855153204,0.16112139699998806,0.12992255100380135,44,2028,,,,,,,,,,
linear_mac_matched,79,99,0.05281592623278522,0.10284962953622782,0.9944341372912802,0.9665738161559888,0.16275137599996015,0.13126664900391916,44,2028,,,,,,,,,,
linear_mac_matched,80,100,0.05237971925706101,0.10260747553232415,0.9944341372912802,0.9665738161559888,0.16539238299992576,0.13365014900364258,44,2028,,,,,,,,,,
linear_mac_matched,81,101,0.0520376464791621,0.10268417879981456,0.9925788497217068,0.9637883008356546,0.16777098600005047,0.13541136500361972,44,2028,,,,,,,,,,
linear_mac_matched,82,102,0.05149206791123677,0.10203592850972668,0.9944341372912802,0.9665738161559888,0.17017206699983944,0.13746129000355722,44,2028,,,,,,,,,,
linear_mac_matched,83,103,0.051037828983005754,0.10187276509000935,0.9935064935064936,0.9665738161559888,0.1733159400000659,0.1403199240039612,44,2028,,,,,,,,,,
linear_mac_matched,84,104,0.05061286886472385,0.10159180813914108,0.9944341372912802,0.9637883008356546,0.1774493079997228,0.14418919500394622,44,2028,,,,,,,,,,
linear_mac_matched,85,105,0.05024926833877644,0.10203492922266805,0.9944341372912802,0.9637883008356546,0.1805585889997019,0.14701184500381714,44,2028,,,,,,,,,,
linear_mac_matched,86,106,0.04983427571690072,0.10072260001087187,0.9935064935064936,0.9665738161559888,0.18385775499973533,0.1500252620039646,44,2028,,,,,,,,,,
linear_mac_matched,87,107,0.04938763631309891,0.10123680173755999,0.9944341372912802,0.9637883008356546,0.18878098999994108,0.1530350230041222,44,2028,,,,,,,,,,
linear_mac_matched,88,108,0.04895674254295086,0.10071294407402119,0.9944341372912802,0.9665738161559888,0.19762916599984237,0.16100141400420398,44,2028,,,,,,,,,,
linear_mac_matched,89,109,0.04850835546923514,0.1000652505098273,0.9944341372912802,0.9665738161559888,0.19931393699971522,0.16242199800444723,44,2028,,,,,,,,,,
linear_mac_matched,90,110,0.04814899265113326,0.10051590785169984,0.9944341372912802,0.9637883008356546,0.20187687599991477,0.16367654200439574,44,2028,,,,,,,,,,
linear_mac_matched,91,111,0.04777953695588697,0.10010355533832895,0.9944341372912802,0.9665738161559888,0.20395285399990826,0.16538575000458877,44,2028,,,,,,,,,,
linear_mac_matched,92,112,0.04744395220511581,0.10001799556854457,0.9944341372912802,0.9665738161559888,0.20652363599992896,0.16762218900430526,44,2028,,,,,,,,,,
linear_mac_matched,93,113,0.04711877814884951,0.09971599504898698,0.9944341372912802,0.9637883008356546,0.20876138699986768,0.16943865800431013,44,2028,,,,,,,,,,
linear_mac_matched,94,114,0.046693831251173094,0.09939772297646263,0.9944341372912802,0.9637883008356546,0.21071406099963497,0.17100642300420077,44,2028,,,,,,,,,,
linear_mac_matched,95,115,0.04642347210580953,0.09960448374685595,0.9925788497217068,0.9637883008356546,0.2132348869999987,0.17325721400402472,44,2028,,,,,,,,,,
linear_mac_matched,96,116,0.04587846244876377,0.0992201931752677,0.9944341372912802,0.9665738161559888,0.21553202799987048,0.1751448490040275,44,2028,,,,,,,,,,
linear_mac_matched,97,117,0.04555364133819127,0.09861874151225775,0.9944341372912802,0.9665738161559888,0.21747579799966843,0.17684005600403907,44,2028,,,,,,,,,,
linear_mac_matched,98,118,0.04519807725455661,0.09867449510323259,0.9944341372912802,0.9637883008356546,0.2193600079999669,0.17839817700405547,44,2028,,,,,,,,,,
linear_mac_matched,99,119,0.04488689898336708,0.09817459755444423,0.9944341372912802,0.9665738161559888,0.22105752699962977,0.17985447400405974,44,2028,,,,,,,,,,
linear_mac_matched,100,120,0.04452900739121251,0.0984344270138678,0.9944341372912802,0.9637883008356546,0.222543408999627,0.18110679500432525,44,2028,,,,,,,,,,
linear_mac_matched,101,121,0.04414871805823909,0.09753080571925613,0.9944341372912802,0.9637883008356546,0.22447727400003714,0.18264329300427562,44,2028,,,,,,,,,,
linear_mac_matched,102,122,0.04382584690132545,0.09799616854898724,0.9944341372912802,0.9665738161559888,0.226377718999629,0.1841687840042141,44,2028,,,,,,,,,,
linear_mac_matched,103,123,0.04353484808042625,0.09758010605244571,0.9953617810760668,0.9665738161559888,0.22807973599992692,0.1856299090045468,44,2028,,,,,,,,,,
linear_mac_matched,104,124,0.04340584304784705,0.09785744239117801,0.9953617810760668,0.9637883008356546,0.23034033199974147,0.18741591200432595,44,2028,,,,,,,,,,
linear_mac_matched,105,125,0.04288353842048167,0.09702696052326609,0.9953617810760668,0.9665738161559888,0.2329571219997888,0.1897786110043853,44,2028,,,,,,,,,,
linear_mac_matched,106,126,0.04263933299838738,0.09736493801353557,0.9953617810760668,0.9693593314763231,0.23496683099983784,0.19154141800436264,44,2028,,,,,,,,,,
linear_mac_matched,107,127,0.042273680662747275,0.0972884637862382,0.9962894248608535,0.9665738161559888,0.23665670899981706,0.19293179700434848,44,2028,,,,,,,,,,
linear_mac_matched,108,128,0.04195803679468179,0.09618540328382903,0.9953617810760668,0.9665738161559888,0.2382702629997766,0.19430385800433214,44,2028,,,,,,,,,,
linear_mac_matched,109,129,0.0416615712013,0.0969668407959725,0.9962894248608535,0.9637883008356546,0.24024438800006465,0.196028629004104,44,2028,,,,,,,,,,
linear_mac_matched,110,130,0.04129538564860063,0.09653916722601316,0.9953617810760668,0.9693593314763231,0.2422936769999069,0.1978312870037371,44,2028,,,,,,,,,,
linear_mac_matched,111,131,0.041074111542701325,0.09661409193697486,0.9953617810760668,0.9665738161559888,0.24465792799992414,0.19950054400351291,44,2028,,,,,,,,,,
linear_mac_matched,112,132,0.04072087786974781,0.09586418651244322,0.9962894248608535,0.9637883008356546,0.24772598599975026,0.20226836100391665,44,2028,,,,,,,,,,
linear_mac_matched,113,133,0.04048271984315279,0.0965617424931701,0.9962894248608535,0.9637883008356546,0.2494949839997389,0.20351417300389585,44,2028,,,,,,,,,,
linear_mac_matched,114,134,0.04041990647648184,0.09549490560929658,0.9962894248608535,0.9665738161559888,0.2521846039999218,0.20594751800399536,44,2028,,,,,,,,,,
linear_mac_matched,115,135,0.03991497005203546,0.09616333343454768,0.9972170686456401,0.9637883008356546,0.2569923659998494,0.2104789850036468,44,2028,,,,,,,,,,
linear_mac_matched,116,136,0.03962229898425587,0.09622468487248585,0.9972170686456401,0.9665738161559888,0.26132933999997476,0.21453247400359032,44,2028,,,,,,,,,,
linear_mac_matched,117,137,0.03931023402976855,0.09486593625933563,0.9972170686456401,0.9665738161559888,0.2633055090000198,0.2161129680034719,44,2028,,,,,,,,,,
linear_mac_matched,118,138,0.039139005575688175,0.09585817755647477,0.9972170686456401,0.9637883008356546,0.2661166210000374,0.21866285800342666,44,2028,,,,,,,,,,
linear_mac_matched,119,139,0.038869537814302024,0.09463804384524523,0.9962894248608535,0.9637883008356546,0.2691191409999192,0.22132831200315195,44,2028,,,,,,,,,,
linear_mac_matched,120,140,0.03866298535529858,0.09600847890672752,0.9972170686456401,0.9610027855153204,0.27117202499994164,0.22305969200351683,44,2028,,,,,,,,,,
linear_mac_matched,121,141,0.038304785837093056,0.09439576337709606,0.9962894248608535,0.9665738161559888,0.2734231669996916,0.22499910500346232,44,2028,,,,,,,,,,
linear_mac_matched,122,142,0.03796920598175877,0.09436455687790245,0.9972170686456401,0.9637883008356546,0.27725364999969315,0.22847388500349552,44,2028,,,,,,,,,,
linear_mac_matched,123,143,0.03765497126491763,0.09453628576657865,0.9972170686456401,0.9665738161559888,0.2799527849997503,0.230902463003531,44,2028,,,,,,,,,,
linear_mac_matched,124,144,0.03746284350444494,0.09528396810558491,0.9972170686456401,0.9637883008356546,0.28272785299986936,0.2332691080036966,44,2028,,,,,,,,,,
linear_mac_matched,125,145,0.03715147308461285,0.09469012088333176,0.9972170686456401,0.9665738161559888,0.28508500399993864,0.2353723470037039,44,2028,,,,,,,,,,
linear_mac_matched,126,146,0.036901675892500846,0.09438769327563432,0.9972170686456401,0.9637883008356546,0.28909935799993036,0.23911065700349354,44,2028,,,,,,,,,,
linear_mac_matched,127,147,0.036659729659864304,0.09418961561811375,0.9972170686456401,0.9665738161559888,0.29196585399995456,0.2410268560033728,44,2028,,,,,,,,,,
linear_mac_matched,128,148,0.036418114962225606,0.09385449190737441,0.9972170686456401,0.9665738161559888,0.29398046000005706,0.24260913300349785,44,2028,,,,,,,,,,
linear_mac_matched,129,149,0.03617405151422993,0.09355702004045108,0.9972170686456401,0.9665738161559888,0.29570027399995524,0.2440396320034779,44,2028,,,,,,,,,,
linear_mac_matched,130,150,0.035906882697546834,0.09363448704433279,0.9972170686456401,0.9665738161559888,0.29799264699977357,0.2458503320035561,44,2028,,,,,,,,,,
linear_mac_matched,131,151,0.0357246809239414,0.09416499341920319,0.9972170686456401,0.9637883008356546,0.30018295699983355,0.24771921900355665,44,2028,,,,,,,,,,
linear_mac_matched,132,152,0.03549823820589277,0.09350569634422286,0.9972170686456401,0.9665738161559888,0.3017128749997937,0.24896364900359913,44,2028,,,,,,,,,,
linear_mac_matched,133,153,0.03531565460636479,0.0927401239846694,0.9972170686456401,0.9665738161559888,0.3034887329999947,0.2502682580034161,44,2028,,,,,,,,,,
linear_mac_matched,134,154,0.03516839382477155,0.09410118138257005,0.9972170686456401,0.9637883008356546,0.3054643299997224,0.2519860790034727,44,2028,,,,,,,,,,
linear_mac_matched,135,155,0.03486291669226124,0.09375605096567353,0.9972170686456401,0.9610027855153204,0.30716247099962857,0.25343898200344483,44,2028,,,,,,,,,,
linear_mac_matched,136,156,0.03452063404533485,0.09265073459643718,0.9972170686456401,0.9665738161559888,0.3093920500000422,0.2553765920033584,44,2028,,,,,,,,,,
linear_mac_matched,137,157,0.034321831806018964,0.09291981473199527,0.9972170686456401,0.9637883008356546,0.3111508120000508,0.2568696650032507,44,2028,,,,,,,,,,
linear_mac_matched,138,158,0.03409516850283496,0.09262218074299287,0.9972170686456401,0.9665738161559888,0.313765500000045,0.25902885800314834,44,2028,,,,,,,,,,
linear_mac_matched,139,159,0.03384295952756827,0.09259574694021122,0.9972170686456401,0.9637883008356546,0.3161673169997812,0.2611101140032588,44,2028,,,,,,,,,,
linear_mac_matched,140,160,0.033672151741574716,0.09331297288216493,0.9972170686456401,0.9637883008356546,0.3179565249997722,0.26250387800337194,44,2028,,,,,,,,,,
linear_mac_matched,141,161,0.03344237418178462,0.09284383322380234,0.9972170686456401,0.9637883008356546,0.3203205659997366,0.2642946980031411,44,2028,,,,,,,,,,
linear_mac_matched,142,162,0.03327033210685265,0.09185485466806506,0.9972170686456401,0.9637883008356546,0.322057975000007,0.26576575800299906,44,2028,,,,,,,,,,
linear_mac_matched,143,163,0.03321837136803667,0.09117061746959694,0.9972170686456401,0.9665738161559888,0.32477229300002364,0.2679894390030313,44,2028,,,,,,,,,,
linear_mac_matched,144,164,0.0328910687409732,0.092946538499693,0.9972170686456401,0.9610027855153204,0.32633865599973433,0.26928441400332304,44,2028,,,,,,,,,,
linear_mac_matched,145,165,0.03258290644339721,0.09196804538170004,0.9972170686456401,0.9665738161559888,0.32872877599993444,0.2709262600033071,44,2028,,,,,,,,,,
linear_mac_matched,146,166,0.03255569627364896,0.09113540156238864,0.9972170686456401,0.9665738161559888,0.3311351909997029,0.27296478200332785,44,2028,,,,,,,,,,
linear_mac_matched,147,167,0.032203852522505655,0.09227051779633343,0.9972170686456401,0.9665738161559888,0.3330737629999021,0.2746526570031165,44,2028,,,,,,,,,,
linear_mac_matched,148,168,0.032023662174947655,0.09268235200192325,0.9972170686456401,0.9637883008356546,0.33534935099987706,0.2765892150032414,44,2028,,,,,,,,,,
linear_mac_matched,149,169,0.031942805822239045,0.09116372462444876,0.9972170686456401,0.9637883008356546,0.33717681600001015,0.2781702200031759,44,2028,,,,,,,,,,
linear_mac_matched,150,170,0.03162080434290771,0.09162109463075746,0.9972170686456401,0.9665738161559888,0.33925030000000334,0.2799758720029786,44,2028,,,,,,,,,,
linear_mac_matched,151,171,0.03152254807508705,0.09196663450715982,0.9972170686456401,0.9610027855153204,0.3420005919997493,0.28215356300324856,44,2028,,,,,,,,,,
linear_mac_matched,152,172,0.031176813742126077,0.09145016484542536,0.9972170686456401,0.9637883008356546,0.3444855939997069,0.284112526003355,44,2028,,,,,,,,,,
linear_mac_matched,153,173,0.031048306429986888,0.092086343865132,0.9972170686456401,0.9665738161559888,0.34720907599967177,0.28642338700365144,44,2028,,,,,,,,,,
linear_mac_matched,154,174,0.030862862344178593,0.09116410524898477,0.9972170686456401,0.9637883008356546,0.3489450530000795,0.28778845700389866,44,2028,,,,,,,,,,
linear_mac_matched,155,175,0.03062036742968019,0.0911651058030951,0.9972170686456401,0.9665738161559888,0.351554011999724,0.2900490020037978,44,2028,,,,,,,,,,
linear_mac_matched,156,176,0.030546979120974562,0.09140336536345671,0.9972170686456401,0.9665738161559888,0.3535918429997764,0.29170911600385807,44,2028,,,,,,,,,,
linear_mac_matched,157,177,0.030267660015480854,0.09106437881557988,0.9972170686456401,0.9637883008356546,0.35573708499987333,0.29357223400393195,44,2028,,,,,,,,,,
linear_mac_matched,158,178,0.030101766460672436,0.09052925707012074,0.9972170686456401,0.9637883008356546,0.3573481250000441,0.29491124500418664,44,2028,,,,,,,,,,
linear_mac_matched,159,179,0.02987877408085644,0.09130024146788564,0.9972170686456401,0.9637883008356546,0.359686347999741,0.2966800720041647,44,2028,,,,,,,,,,
linear_mac_matched,160,180,0.029722815163492393,0.09124370159732853,0.9972170686456401,0.9637883008356546,0.36175680799988186,0.298299725004199,44,2028,,,,,,,,,,
linear_mac_matched,161,181,0.0295840789510151,0.09116568006176315,0.9972170686456401,0.9637883008356546,0.3635179029997744,0.299756473004436,44,2028,,,,,,,,,,
linear_mac_matched,162,182,0.029395611745099637,0.09163192229407188,0.9972170686456401,0.9610027855153204,0.36536105100003624,0.30134837400464676,44,2028,,,,,,,,,,
linear_mac_matched,163,183,0.029172610500986705,0.09020757762142062,0.9972170686456401,0.9665738161559888,0.3670695480000177,0.302817221004716,44,2028,,,,,,,,,,
linear_mac_matched,164,184,0.029043716811125445,0.09035301365887063,0.9972170686456401,0.9637883008356546,0.36891606099970886,0.3044190470045578,44,2028,,,,,,,,,,
linear_mac_matched,165,185,0.028835883649149293,0.09074047453681343,0.9972170686456401,0.9637883008356546,0.3711918199996944,0.30617727800472494,44,2028,,,,,,,,,,
linear_mac_matched,166,186,0.028689944770832684,0.09000202692304898,0.9972170686456401,0.9637883008356546,0.3732211879996612,0.3079540070048097,44,2028,,,,,,,,,,
linear_mac_matched,167,187,0.028551805936941937,0.09059235139483868,0.9972170686456401,0.9610027855153204,0.3756838379999863,0.3101225550049094,44,2028,,,,,,,,,,
linear_mac_matched,168,188,0.02832707863986098,0.08989083650101398,0.9972170686456401,0.9637883008356546,0.3777412879999247,0.3118090990046767,44,2028,,,,,,,,,,
linear_mac_matched,169,189,0.028154215179364867,0.08981211936422234,0.9972170686456401,0.9637883008356546,0.3808088659998248,0.3145652480047829,44,2028,,,,,,,,,,
linear_mac_matched,170,190,0.02811419951596873,0.09086172192968689,0.9972170686456401,0.9610027855153204,0.3827470070000345,0.31616620200475154,44,2028,,,,,,,,,,
linear_mac_matched,171,191,0.027860058734404843,0.09035450100933198,0.9972170686456401,0.9637883008356546,0.38527065799962656,0.3184318260045984,44,2028,,,,,,,,,,
linear_mac_matched,172,192,0.02767372039794572,0.08919963332344585,0.9972170686456401,0.9665738161559888,0.38728324099975,0.3201808430044366,44,2028,,,,,,,,,,
linear_mac_matched,173,193,0.027521581418239644,0.09040870144641135,0.9972170686456401,0.9665738161559888,0.3892014019997987,0.32171632000427053,44,2028,,,,,,,,,,
linear_mac_matched,174,194,0.02743437426034404,0.0895392712597453,0.9972170686456401,0.9637883008356546,0.39150395099977686,0.32364561800432057,44,2028,,,,,,,,,,
linear_mac_matched,175,195,0.027230568332950768,0.09032997017818323,0.9972170686456401,0.9637883008356546,0.3935280519999651,0.32531703800395917,44,2028,,,,,,,,,,
linear_mac_matched,176,196,0.027077161258374484,0.09011582646300469,0.9972170686456401,0.9665738161559888,0.39758063899989793,0.329057837003802,44,2028,,,,,,,,,,
linear_mac_matched,177,197,0.026849543832022274,0.08956152931700964,0.9972170686456401,0.9637883008356546,0.40077468699973906,0.33187359700377783,44,2028,,,,,,,,,,
linear_mac_matched,178,198,0.026728570836246638,0.08942205982720197,0.9972170686456401,0.9637883008356546,0.40320921400007137,0.33387174900371974,44,2028,,,,,,,,,,
linear_mac_matched,179,199,0.026539141624391725,0.09010029165585624,0.9972170686456401,0.9637883008356546,0.40606002599997737,0.3363620090040058,44,2028,,,,,,,,,,
linear_mac_matched,180,200,0.026467292560949277,0.08939277354933206,0.9972170686456401,0.9665738161559888,0.40841093699964404,0.33809668500407497,44,2028,,,,,,,,,,
linear_mac_matched,181,201,0.026366494282708094,0.08981915235448866,0.9972170686456401,0.9637883008356546,0.41113552999968306,0.34033465700395027,44,2028,,,,,,,,,,
linear_mac_matched,182,202,0.02624612695003104,0.09036285455666443,0.9972170686456401,0.9610027855153204,0.41308907399979944,0.34203190600419475,44,2028,,,,,,,,,,
linear_mac_matched,183,203,0.02596712047856842,0.08901438227172011,0.9972170686456401,0.9637883008356546,0.4157249539998702,0.3443565680040592,44,2028,,,,,,,,,,
linear_mac_matched,184,204,0.02578807533254337,0.08940761239696264,0.9972170686456401,0.9637883008356546,0.41793302999985826,0.3463126260039644,44,2028,,,,,,,,,,
linear_mac_matched,185,205,0.025624835354158212,0.08882693664489687,0.9972170686456401,0.9637883008356546,0.4209961920000751,0.3490142140040007,44,2028,,,,,,,,,,
linear_mac_matched,186,206,0.025540747029500172,0.08928831891167537,0.9972170686456401,0.9637883008356546,0.42314992699994036,0.35084450300428216,44,2028,,,,,,,,,,
linear_mac_matched,187,207,0.025424983632194646,0.08881923381465072,0.9972170686456401,0.9637883008356546,0.42593589099988094,0.35319981100428777,44,2028,,,,,,,,,,
linear_mac_matched,188,208,0.025360169884326607,0.0895334817484556,0.9972170686456401,0.9665738161559888,0.4276782289998664,0.35465912400422894,44,2028,,,,,,,,,,
linear_mac_matched,189,209,0.025054588518404457,0.08913792132055885,0.9972170686456401,0.9637883008356546,0.429920175999996,0.3564637850040526,44,2028,,,,,,,,,,
linear_mac_matched,190,210,0.024958681474448022,0.08886560431286661,0.9972170686456401,0.9637883008356546,0.43202241399967534,0.3582589420043405,44,2028,,,,,,,,,,
linear_mac_matched,191,211,0.024798508101875706,0.08869973805752086,0.9972170686456401,0.9637883008356546,0.43383253299998614,0.35978526400458577,44,2028,,,,,,,,,,
linear_mac_matched,192,212,0.024677934086984113,0.08962603562670649,0.9972170686456401,0.9637883008356546,0.43622993400003907,0.3617157730045619,44,2028,,,,,,,,,,
moe_no_balance,0,20,0.18184231484208663,0.1876439183829463,0.9656771799628943,0.9637883008356546,0.0016428180001639703,0.0,44,2028,1.0651564994925358,0.18184231484208663,0.993377087814617,0.9959537110374566,2.7919240307565735e-18,0.0,0.00974025974025974,0.4313543599257885,0.2212430426716141,0.33766233766233766
moe_no_balance,1,21,0.17006786028467905,0.1770446722383832,0.9703153988868275,0.9637883008356546,0.016775618999872677,0.0071691190000819915,44,2028,1.0351363584204474,0.17006786028467905,0.9953740399831047,0.9955164147924346,,,0.18831168831168832,0.2230983302411874,0.4550092764378479,0.13358070500927643
moe_no_balance,2,22,0.16173417758334216,0.17581235434053466,0.9703153988868275,0.9637883008356546,0.026537411999925098,0.014718839000124717,44,2028,1.091903064359361,0.16173417758334216,0.9871907006421572,0.9931087227375789,,,0.19758812615955473,0.0037105751391465678,0.3854359925788497,0.413265306122449
moe_no_balance,3,23,0.15381999099790356,0.16872967616666404,0.9721706864564007,0.9637883008356546,0.03927209099992979,0.0246513390002292,44,2028,1.1502324982495122,0.15381999099790356,0.9747312564463337,0.9738802641232975,,,0.22263450834879406,0.006493506493506494,0.48330241187384043,0.287569573283859
moe_no_balance,4,24,0.14445762205429588,0.1625218414136746,0.9749536178107606,0.9693593314763231,0.05102929700024106,0.03419633100020292,44,2028,1.132759067852447,0.14445762205429588,0.9704495364007177,0.9683080259343256,,,0.2592764378478664,0.00927643784786642,0.4355287569573284,0.29591836734693877
moe_no_balance,5,25,0.13693524022220022,0.15625374917292034,0.9758812615955473,0.9637883008356546,0.061216267999952834,0.0419069830004446,44,2028,1.124653759824294,0.13693524022220022,0.9655879827459554,0.9634356661523866,,,0.27968460111317256,0.00927643784786642,0.4025974025974026,0.30844155844155846
moe_no_balance,6,26,0.1303927192365729,0.15026035153469477,0.9777365491651205,0.9665738161559888,0.07098458200016466,0.048981490000642225,44,2028,1.1356815849963606,0.1303927192365729,0.9571970771417319,0.9535216668417141,,,0.27133580705009275,0.00974025974025974,0.40120593692022266,0.3177179962894249
moe_no_balance,7,27,0.1225537873570578,0.1460665319288479,0.9777365491651205,0.9665738161559888,0.08227518100011366,0.05790046700030871,44,2028,1.1533266043140364,0.1225537873570578,0.9479730094296492,0.9433322688893734,,,0.29591836734693877,0.00927643784786642,0.41233766233766234,0.2824675324675325
moe_no_balance,8,28,0.1168501750526326,0.1428265256401798,0.9777365491651205,0.9693593314763231,0.09200879199988776,0.06574684300039735,44,2028,1.1770670410891864,0.1168501750526326,0.9350930139577568,0.9301178075391285,,,0.2690166975881262,0.008348794063079777,0.4202226345083488,0.30241187384044527
moe_no_balance,9,29,0.11113553842329695,0.13646458511856416,0.9805194805194806,0.9665738161559888,0.10146755000005214,0.07298210100043434,44,2028,1.184747961141723,0.11113553842329695,0.9275956180898347,0.9203781192677467,,,0.25510204081632654,0.012059369202226345,0.42346938775510207,0.30936920222634506
moe_no_balance,10,30,0.10702674515015895,0.13395523077355126,0.9805194805194806,0.9665738161559888,0.11082584699988729,0.08016510100060259,44,2028,1.1923089147034291,0.10702674515015895,0.9190345910249001,0.9119819472741304,,,0.28339517625231914,0.011131725417439703,0.4230055658627087,0.2824675324675325
moe_no_balance,11,31,0.10266475923719545,0.12931683129325172,0.9833024118738405,0.9665738161559888,0.11918453299995235,0.08639907500037225,44,2028,1.1927793975160017,0.10266475923719545,0.9141812736066691,0.9138727273812766,,,0.2597402597402597,0.00510204081632653,0.40816326530612246,0.3269944341372913
moe_no_balance,12,32,0.09891339105789006,0.1261221960530794,0.9833024118738405,0.9693593314763231,0.12897418800002924,0.09374440900046466,44,2028,1.1940657726250727,0.09891339105789006,0.9071062461770486,0.9075000507242368,,,0.2982374768089054,0.006029684601113173,0.40630797773654914,0.2894248608534323
moe_no_balance,13,33,0.09475276489781172,0.12373150983365498,0.9842300556586271,0.9637883008356546,0.13918295299981764,0.10170812200067303,44,2028,1.2049126724891772,0.09475276489781172,0.8977149886668014,0.8952311597970318,,,0.2987012987012987,0.008812615955473098,0.4141929499072356,0.2782931354359926
moe_no_balance,14,34,0.09042844968272001,0.11838138919500553,0.9860853432282004,0.9693593314763231,0.14858037400017565,0.10841890200026683,44,2028,1.206745002591818,0.09042844968272001,0.8927142256754208,0.892690205039369,,,0.25510204081632654,0.00974025974025974,0.40816326530612246,0.3269944341372913
moe_no_balance,15,35,0.0875085220529723,0.11654190598783123,0.9851576994434137,0.9721448467966574,0.16014332199983983,0.11743986300052711,44,2028,1.1918632853951214,0.0875085220529723,0.8930706952304811,0.9006280528279798,,,0.29035250463821893,0.004174397031539889,0.387291280148423,0.3181818181818182
moe_no_balance,16,36,0.08403229499863245,0.1128010833086992,0.9888682745825603,0.9721448467966574,0.17076418600026955,0.12467487100047947,44,2028,1.201572379069392,0.08403229499863245,0.8840350399663437,0.8859667145700387,,,0.2653061224489796,0.012523191094619666,0.400278293135436,0.32189239332096475
moe_no_balance,17,37,0.08050841520714136,0.1105131956411546,0.9879406307977736,0.9721448467966574,0.1816905890000271,0.13313940600028218,44,2028,1.1868057313827582,0.08050841520714136,0.8841958194682282,0.8883194407768463,,,0.2987012987012987,0.011131725417439703,0.387291280148423,0.30287569573283857
moe_no_balance,18,38,0.07798601609089482,0.1085666111149356,0.9879406307977736,0.9749303621169917,0.1897388580000552,0.13913298900070004,44,2028,1.2112516299145015,0.07798601609089482,0.8711218355788226,0.874736665950392,,,0.2810760667903525,0.011131725417439703,0.40213358070500926,0.30565862708719854
moe_no_balance,19,39,0.07571801027396678,0.1060148594978257,0.9897959183673469,0.9721448467966574,0.19920198299996628,0.1461122130003787,44,2028,1.2122352772813672,0.07571801027396678,0.8691744375174689,0.8783492187119709,,,0.25,0.00974025974025974,0.3937847866419295,0.3464749536178108
moe_no_balance,20,40,0.07186041478018829,0.10591796355782071,0.9897959183673469,0.9693593314763231,0.20967253100025118,0.15411505400061287,44,2028,1.1992950138800198,0.07186041478018829,0.8674345965304137,0.878256158087258,0.008713288186682697,0.0,0.29591836734693877,0.01020408163265306,0.3849721706864564,0.30890538033395176
moe_no_balance,21,41,0.06975487586507918,0.10375471527998369,0.9907235621521335,0.9721448467966574,0.2239685150002515,0.1624375450005573,44,2028,1.1934953408948001,0.06975487586507918,0.8676674747246427,0.8816666134947048,,,0.28061224489795916,0.00974025974025974,0.37569573283859,0.3339517625231911
moe_no_balance,22,42,0.06751874545096612,0.10119876891269688,0.9888682745825603,0.9693593314763231,0.23674359000006007,0.17237362500054587,44,2028,1.2103118396856958,0.06751874545096612,0.8551795562007599,0.8638101502031175,,,0.2847866419294991,0.012987012987012988,0.3937847866419295,0.30844155844155846
moe_no_balance,23,43,0.06497641934671734,0.09897847067959985,0.9925788497217068,0.9721448467966574,0.24761726299993825,0.1803911680008241,44,2028,1.2062754762809047,0.06497641934671734,0.8547702005416814,0.8647682525086701,,,0.2634508348794063,0.015769944341372914,0.3891465677179963,0.33163265306122447
moe_no_balance,24,44,0.06264650973126061,0.09733921448439829,0.9925788497217068,0.9693593314763231,0.25801165700022466,0.18834346400080904,44,2028,1.2098246892217914,0.06264650973126061,0.8519340347128974,0.8722509674749543,,,0.27087198515769945,0.007884972170686457,0.3780148423005566,0.3432282003710575
moe_no_balance,25,45,0.06065989144773749,0.09635459288481889,0.9916512059369202,0.9665738161559888,0.2677865999999085,0.1955594830010341,44,2028,1.1907838573952723,0.06065989144773749,0.85742197993055,0.8752301783234108,,,0.2792207792207792,0.011595547309833023,0.3692022263450835,0.3399814471243043
moe_no_balance,26,46,0.05860624647289135,0.09480119797364643,0.9935064935064936,0.9693593314763231,0.2771479409998392,0.20269027400127015,44,2028,1.19553240334056,0.05860624647289135,0.8515196089732631,0.8695422086218569,,,0.2792207792207792,0.012059369202226345,0.37291280148423006,0.3358070500927644
moe_no_balance,27,47,0.05700996744354312,0.0923233922800883,0.9935064935064936,0.9721448467966574,0.28711653500022294,0.2104653130013503,44,2028,1.2091291147598904,0.05700996744354312,0.8437122254228419,0.8634418846641257,,,0.2602040816326531,0.012523191094619666,0.37755102040816324,0.349721706864564
moe_no_balance,28,48,0.05545296705112739,0.09169094831004876,0.9925788497217068,0.9693593314763231,0.2965908070000296,0.21755646500105286,44,2028,1.182449410108277,0.05545296705112739,0.8508320618222218,0.8681709158094902,,,0.287569573283859,0.016233766233766232,0.3650278293135436,0.33116883116883117
moe_no_balance,29,49,0.05353485915481458,0.08890293357053326,0.9944341372912802,0.9721448467966574,0.3066717990000143,0.22538568500067413,44,2028,1.1991024449011716,0.05353485915481458,0.8416516726748429,0.8582671275464825,,,0.2527829313543599,0.020871985157699443,0.37662337662337664,0.349721706864564
moe_no_balance,30,50,0.0515782397126092,0.0871049239842085,0.9953617810760668,0.9721448467966574,0.3140099620000001,0.23085656400053267,44,2028,1.20406892186471,0.0515782397126092,0.8381972408087455,0.8603181306387395,,,0.26113172541743973,0.01437847866419295,0.37244897959183676,0.3520408163265306
moe_no_balance,31,51,0.050223628947319986,0.08646104317749602,0.9953617810760668,0.9721448467966574,0.32333949600024425,0.23821784100027799,44,2028,1.195409200277129,0.050223628947319986,0.8387952566419231,0.8620851201498242,,,0.2750463821892393,0.01437847866419295,0.3673469387755102,0.3432282003710575
moe_no_balance,32,52,0.05003756781993651,0.08515130027349918,0.9935064935064936,0.9749303621169917,0.33258418200011874,0.24525386000050275,44,2028,1.1808589163706498,0.05003756781993651,0.8415595812381761,0.8632189524073349,,,0.27736549165120594,0.019944341372912802,0.35946196660482377,0.3432282003710575
moe_no_balance,33,53,0.0474268599342182,0.08239127435190252,0.9953617810760668,0.9749303621169917,0.3415217980000307,0.252191572000811,44,2028,1.1956593405728528,0.0474268599342182,0.835258971823069,0.8614925905472167,,,0.26113172541743973,0.016233766233766232,0.35992578849721707,0.362708719851577
moe_no_balance,34,54,0.05033235036195002,0.0826380103916217,0.9935064935064936,0.9721448467966574,0.3491603410002426,0.25805274600088524,44,2028,1.1735639423030733,0.05033235036195002,0.8399260800943047,0.8611590400747601,,,0.26762523191094617,0.02922077922077922,0.36038961038961037,0.3427643784786642
moe_no_balance,35,55,0.0448170866701194,0.07786442076501006,0.9962894248608535,0.9749303621169917,0.35644563500000004,0.2635197880008491,44,2028,1.1869350328183779,0.0448170866701194,0.8349671126186551,0.8563183005650064,,,0.2258812615955473,0.038033395176252316,0.3650278293135436,0.37105751391465674
moe_no_balance,36,56,0.043342930624744896,0.07871239414784083,0.9962894248608535,0.9777158774373259,0.3641028570000344,0.2690003500010789,44,2028,1.1810847036566265,0.043342930624744896,0.8323650677480289,0.8555940473952075,,,0.25,0.032467532467532464,0.362708719851577,0.35482374768089053
moe_no_balance,37,57,0.0423716641331621,0.07756397213860988,0.9962894248608535,0.9749303621169917,0.3717655969999214,0.2748215940009686,44,2028,1.181134975143261,0.0423716641331621,0.8316087948931447,0.8507071631379477,,,0.22170686456400743,0.04591836734693878,0.3692022263450835,0.3631725417439703
moe_no_balance,38,58,0.0410527390691752,0.0756398011441018,0.9981447124304267,0.9777158774373259,0.3794827390001956,0.28058634300077756,44,2028,1.1947579152450425,0.0410527390691752,0.825406607721067,0.8538901952974178,,,0.23747680890538034,0.02922077922077922,0.3589981447124304,0.37430426716141
moe_no_balance,39,59,0.04013501662812462,0.07545918842086055,0.9972170686456401,0.9777158774373259,0.38875975400014795,0.287819849000698,44,2028,1.1688105882877116,0.04013501662812462,0.8317765827583975,0.8560236028056982,,,0.2435064935064935,0.040352504638218926,0.3492578849721707,0.36688311688311687
moe_no_balance,40,60,0.03941351551265753,0.07417515132186961,0.9962894248608535,0.9777158774373259,0.39709318199993504,0.294025901000623,44,2028,1.193726632441749,0.03941351551265753,0.8203259352214628,0.8462235603346724,0.023293361106255867,0.0,0.21567717996289426,0.04267161410018553,0.3645640074211503,0.37708719851576994
moe_no_balance,41,61,0.03930686686374556,0.07527390737934879,0.9962894248608535,0.9721448467966574,0.41189623799982655,0.30299623500104644,44,2028,1.1622823441459085,0.03930686686374556,0.8283676971870474,0.8579888075955514,,,0.26391465677179965,0.038033395176252316,0.3339517625231911,0.36410018552875695
moe_no_balance,42,62,0.03691498231953036,0.07307596046139211,0.9981447124304267,0.9749303621169917,0.42211684999983845,0.3110245240009135,44,2028,1.1920597561730848,0.03691498231953036,0.8170156144584876,0.8453631017090113,,,0.21289424860853431,0.045454545454545456,0.35992578849721707,0.3817254174397032
moe_no_balance,43,63,0.03585986434436828,0.07257581088282895,0.9962894248608535,0.9749303621169917,0.43532924600003753,0.321829284001069,44,2028,1.1553466911791612,0.03585986434436828,0.8239934707101542,0.8538047555250234,,,0.25742115027829315,0.048701298701298704,0.33487940630797774,0.3589981447124304
moe_no_balance,44,64,0.034600331122695734,0.07096970445744005,0.9972170686456401,0.9777158774373259,0.44473077800012106,0.32894153800089043,44,2028,1.2042385077049194,0.034600331122695734,0.8063547866562606,0.8460041048574228,,,0.24118738404452691,0.0287569573283859,0.3474025974025974,0.3826530612244898
moe_no_balance,45,65,0.03376216559861432,0.0702207593954599,0.9972170686456401,0.9749303621169917,0.455940886999997,0.33805064000080165,44,2028,1.1925733973114698,0.03376216559861432,0.80765141612389,0.8417835221976652,,,0.22170686456400743,0.045454545454545456,0.35528756957328383,0.37755102040816324
moe_no_balance,46,66,0.03279139903084988,0.06955595289343952,0.9972170686456401,0.9777158774373259,0.46554990100003124,0.34504278200074623,44,2028,1.1829145401060757,0.03279139903084988,0.8098030885663178,0.8468559413101335,,,0.23840445269016697,0.04406307977736549,0.3334879406307978,0.38404452690166974
moe_no_balance,47,67,0.031530110943158364,0.06889445287385529,0.9981447124304267,0.9777158774373259,0.47688910299984855,0.35402905100045245,44,2028,1.196543818222921,0.031530110943158364,0.8038696710989965,0.8449566683607246,,,0.23654916512059368,0.040352504638218926,0.32838589981447125,0.39471243042671617
moe_no_balance,48,68,0.030381749158128954,0.06857659418275604,0.9981447124304267,0.9777158774373259,0.4857464980000259,0.36048139400054424,44,2028,1.1852722859842904,0.030381749158128954,0.804953959216385,0.8445679374562188,,,0.23469387755102042,0.04730983302411874,0.3325602968460111,0.3854359925788497
moe_no_balance,49,69,0.029571992803084736,0.06850975469243263,0.9981447124304267,0.9777158774373259,0.4958020330000181,0.36838660800049183,44,2028,1.2067427842532958,0.029571992803084736,0.7934503884988762,0.8414966689890337,,,0.24907235621521337,0.03200371057513915,0.3320964749536178,0.3868274582560297
moe_no_balance,50,70,0.028848070077340117,0.0677170078179988,0.9981447124304267,0.9777158774373259,0.50673484500021,0.3765801860004103,44,2028,1.2029298806727942,0.028848070077340117,0.7944842929785466,0.8374401546983339,,,0.22170686456400743,0.046846011131725415,0.336734693877551,0.39471243042671617
moe_no_balance,51,71,0.029937532746197187,0.06906924589828774,0.9981447124304267,0.9749303621169917,0.5162001230000897,0.3839310880002813,44,2028,1.2115459215453914,0.029937532746197187,0.7898713281908021,0.8354844734832592,,,0.2230983302411874,0.04730983302411874,0.32606679035250463,0.4035250463821892
moe_no_balance,52,72,0.02731236796915531,0.06810227447910103,0.9981447124304267,0.9777158774373259,0.5255978889999824,0.3907719330004511,44,2028,1.1968331747348178,0.02731236796915531,0.7893927844755374,0.8379129972149171,,,0.2481447124304267,0.039888682745825604,0.3297773654916512,0.3821892393320965
moe_no_balance,53,73,0.026698057779107123,0.06532758083840583,0.9981447124304267,0.9749303621169917,0.5352264120001564,0.3982567660004861,44,2028,1.1913955044681217,0.026698057779107123,0.7892413045887123,0.8350646144432595,,,0.23979591836734693,0.04638218923933209,0.33163265306122447,0.3821892393320965
moe_no_balance,54,74,0.025788901960538166,0.06813043414921872,0.9981447124304267,0.9749303621169917,0.5442254300000968,0.4051773920004962,44,2028,1.1934334776221933,0.025788901960538166,0.7870455746930144,0.8337342216547801,,,0.23608534322820038,0.048701298701298704,0.3293135435992579,0.38589981447124305
moe_no_balance,55,75,0.02720729144441788,0.06592320446675172,0.9962894248608535,0.9805013927576601,0.5527878210000381,0.41169780600057493,44,2028,1.2533752553294208,0.02720729144441788,0.7633539044123164,0.8230959650690371,,,0.22448979591836735,0.02736549165120594,0.34415584415584416,0.4039888682745826
moe_no_balance,56,76,0.027342291469799503,0.06447075125599,0.9972170686456401,0.9777158774373259,0.5611738379998314,0.41803280300064216,44,2028,1.208379490270366,0.027342291469799503,0.7775663276926313,0.8312356167071168,,,0.24628942486085342,0.03942486085343228,0.32653061224489793,0.3877551020408163
moe_no_balance,57,77,0.02567980111116123,0.06716712377021603,0.9972170686456401,0.9777158774373259,0.569495237999945,0.42413347700039594,44,2028,1.217829763215593,0.02567980111116123,0.7761543368973641,0.8272252736323643,,,0.21706864564007422,0.05102040816326531,0.32884972170686455,0.4030612244897959
moe_no_balance,58,78,0.023804489496756058,0.06751622382067873,0.9981447124304267,0.9721448467966574,0.5777563770002416,0.43021219800039034,44,2028,1.1905309656682823,0.023804489496756058,0.7800726720748123,0.8320136099393944,,,0.2435064935064935,0.04962894248608534,0.32884972170686455,0.3780148423005566
moe_no_balance,59,79,0.022965560077330666,0.06643943382356955,0.9981447124304267,0.9749303621169917,0.5869293360001393,0.43685032900020815,44,2028,1.206927001136746,0.022965560077330666,0.7729456713986432,0.8276544232412609,,,0.23654916512059368,0.044990723562152134,0.33163265306122447,0.3868274582560297
moe_no_balance,60,80,0.026270020751667095,0.06683156022793367,0.9972170686456401,0.9749303621169917,0.5964236969998638,0.4442811200001415,44,2028,1.1872584915490088,0.026270020751667095,0.7778217166407233,0.8311242906859929,0.026973292544863747,0.0,0.24907235621521337,0.05102040816326531,0.31910946196660483,0.3807977736549165
moe_no_balance,61,81,0.022151895649864466,0.06252336793453814,0.9990723562152134,0.9805013927576601,0.6083991460000107,0.450854554000216,44,2028,1.2176379218260092,0.022151895649864466,0.7654856594188962,0.8236123587553437,,,0.2342300556586271,0.04406307977736549,0.32792207792207795,0.3937847866419295
moe_no_balance,62,82,0.024881710242921764,0.06552399891900605,0.9972170686456401,0.9749303621169917,0.6163123320002342,0.4567006560000664,44,2028,1.2005186135285757,0.024881710242921764,0.7693691239318637,0.8263178650242899,,,0.24257884972170687,0.04916512059369202,0.32142857142857145,0.3868274582560297
moe_no_balance,63,83,0.021708518877945043,0.06635394428617103,0.9981447124304267,0.9777158774373259,0.6250387300001421,0.4632237340001666,44,2028,1.2177198788574757,0.021708518877945043,0.7629757806213668,0.8210717668545349,,,0.2189239332096475,0.05612244897959184,0.323747680890538,0.40120593692022266
moe_no_balance,64,84,0.02127449830859922,0.06673408469482155,0.9981447124304267,0.9721448467966574,0.6343886049999128,0.4705932440001561,44,2028,1.191809411889863,0.02127449830859922,0.7686352772690896,0.8255256788420654,,,0.23608534322820038,0.05658627087198516,0.32653061224489793,0.3807977736549165
moe_no_balance,65,85,0.02171284357112948,0.06452097328549626,0.9990723562152134,0.9749303621169917,0.6434933609998552,0.47732682800051407,44,2028,1.2224848949171987,0.02171284357112948,0.7563299330195216,0.8178565217024637,,,0.2305194805194805,0.054267161410018555,0.30936920222634506,0.40584415584415584
moe_no_balance,66,86,0.021759929791367583,0.06652028572307225,0.9981447124304267,0.9721448467966574,0.6523867490000157,0.4843694660003166,44,2028,1.18675358201708,0.021759929791367583,0.7657088501709935,0.8247036578332869,,,0.2453617810760668,0.05844155844155844,0.313543599257885,0.3826530612244898
moe_no_balance,67,87,0.01944061253182181,0.06553816516123656,1.0,0.9777158774373259,0.6617282920001344,0.4910949590002929,44,2028,1.2326209077968973,0.01944061253182181,0.747901005124127,0.8149869533054602,,,0.23330241187384043,0.04313543599257885,0.32560296846011133,0.3979591836734694
moe_no_balance,68,88,0.01890049632005718,0.065654293757663,0.9990723562152134,0.9749303621169917,0.6727411790002407,0.49990571400030603,44,2028,1.2153201175327508,0.01890049632005718,0.7523698989669187,0.817892132611055,,,0.24118738404452691,0.04777365491651206,0.3200371057513915,0.3910018552875696
moe_no_balance,69,89,0.018470684383542078,0.06527493078444264,1.0,0.9777158774373259,0.6827491520002695,0.5078497670001525,44,2028,1.2094187568596415,0.018470684383542078,0.7551496097773712,0.8163020499762302,,,0.22263450834879406,0.06261595547309833,0.3177179962894249,0.3970315398886827
moe_no_balance,70,90,0.019833351456223978,0.06065887156373748,0.9981447124304267,0.9805013927576601,0.6909258539999428,0.5139836510002169,44,2028,1.24871655677333,0.019833351456223978,0.7368190009796204,0.8100186598034429,,,0.23794063079777367,0.03896103896103896,0.3177179962894249,0.40538033395176254
moe_no_balance,71,91,0.02019813161985178,0.061385907211274966,0.9990723562152134,0.9777158774373259,0.6987206829999195,0.5197886010005277,44,2028,1.236729246574808,0.02019813161985178,0.7372395505968072,0.8160015951278496,,,0.2662337662337662,0.02829313543599258,0.31539888682745826,0.39007421150278293
moe_no_balance,72,92,0.017645380574529662,0.06039009109848972,1.0,0.9832869080779945,0.7062920060002398,0.5253614620005465,44,2028,1.23741137514677,0.017645380574529662,0.7357954991210189,0.8102166577585778,,,0.24304267161410018,0.04220779220779221,0.3163265306122449,0.3984230055658627
moe_no_balance,73,93,0.01721385486117584,0.06058635456642189,1.0,0.9777158774373259,0.7154782349998641,0.5322233290007716,44,2028,1.2185053078583388,0.01721385486117584,0.7425121114339844,0.8126738901652758,,,0.24443413729128013,0.04916512059369202,0.313543599257885,0.39285714285714285
moe_no_balance,74,94,0.018190799654786868,0.06346130957306034,0.9981447124304267,0.9749303621169917,0.7236673950001205,0.5383782040007645,44,2028,1.2025452315246414,0.018190799654786868,0.7477161085114641,0.8154342201026585,,,0.24721706864564008,0.0575139146567718,0.30287569573283857,0.39239332096474955
moe_no_balance,75,95,0.016725156572022903,0.06372566852164051,0.9990723562152134,0.9777158774373259,0.7322898180000266,0.5449468410006375,44,2028,1.211627004928834,0.016725156572022903,0.7432444776399251,0.8108547092790366,,,0.23376623376623376,0.060760667903525044,0.30890538033395176,0.3965677179962894
moe_no_balance,76,96,0.016509816752207893,0.0648843476407985,0.9990723562152134,0.9749303621169917,0.7404825240000719,0.5513724030006415,44,2028,1.203888531456414,0.016509816752207893,0.7445949281493213,0.813366482920638,,,0.2453617810760668,0.0575139146567718,0.30565862708719854,0.3914656771799629
moe_no_balance,77,97,0.016120300116050174,0.06415917879938994,0.9990723562152134,0.9749303621169917,0.7485093010000128,0.5574781850004911,44,2028,1.208126188749793,0.016120300116050174,0.7412400300480793,0.8118969852122568,,,0.24768089053803338,0.054267161410018555,0.30565862708719854,0.39239332096474955
moe_no_balance,78,98,0.015468060971050664,0.06364915849851867,1.0,0.9749303621169917,0.7575114629999007,0.5639054390003366,44,2028,1.222909170058902,0.015468060971050664,0.7336560932095468,0.8071030999022073,,,0.24165120593692022,0.05241187384044527,0.30936920222634506,0.3965677179962894
moe_no_balance,79,99,0.017013115236423817,0.0651164232667738,0.9990723562152134,0.9749303621169917,0.7679858010001226,0.5719507140006499,44,2028,1.2014346754130507,0.017013115236423817,0.7412300442340384,0.8122994873341423,,,0.25185528756957326,0.05519480519480519,0.3042671614100185,0.38868274582560297
moe_no_balance,80,100,0.014848723986963786,0.06446751616074656,1.0,0.9749303621169917,0.7777148159998433,0.5789953260009497,44,2028,1.2086543277320994,0.014848723986963786,0.7368265979320847,0.8087697443144886,0.007725498128106984,0.0,0.23979591836734693,0.059369202226345084,0.30936920222634506,0.3914656771799629
scratch_continue,0,20,0.11931852544150948,0.17842219251728111,0.9805194805194806,0.958217270194986,0.001608516000032978,0.0,44,2028,1.096086905154442,0.1302793944930539,0.9183513598128491,0.9178134194483779,0.039102368786622696,0.006457056179446302,0.11641929499072357,0.3232838589981447,0.38589981447124305,0.17439703153988867
scratch_continue,1,21,0.12129757327058234,0.16834753248922596,0.9814471243042672,0.9554317548746518,0.014009903999976814,0.006870560000152182,44,2028,1.1290638851396828,0.13258821212197916,0.9087364058377643,0.9111419151014941,,,0.0950834879406308,0.36363636363636365,0.38358070500927643,0.15769944341372913
scratch_continue,2,22,0.1063806420784665,0.1665552720321498,0.9842300556586271,0.9637883008356546,0.028106808999837085,0.018941452000490244,44,2028,1.1076892838312153,0.11745753491677866,0.9108967957358529,0.9132751084397341,,,0.1303339517625232,0.31910946196660483,0.39471243042671617,0.15584415584415584
scratch_continue,3,23,0.09815035053543772,0.15230812653332965,0.9833024118738405,0.9637883008356546,0.04295978500022102,0.03159379200042167,44,2028,1.1224929129580163,0.10937527966501788,0.9048036244802531,0.90689155991209,,,0.09693877551020408,0.35111317254174396,0.3817254174397032,0.1702226345083488
scratch_continue,4,24,0.0935630250197733,0.15581530358514,0.9860853432282004,0.9665738161559888,0.05202378000012686,0.038142548000450915,44,2028,1.1151667152427696,0.104714692172201,0.9047413074513861,0.907615843130572,,,0.11641929499072357,0.33487940630797774,0.38821892393320967,0.16048237476808905
scratch_continue,5,25,0.09235943592301739,0.17327505073012953,0.9842300556586271,0.9554317548746518,0.06105917300010333,0.04465880700035996,44,2028,1.1058016648628581,0.10341745257164597,0.9048732466392078,0.908226540613301,,,0.12940630797773656,0.3302411873840445,0.3817254174397032,0.15862708719851576
scratch_continue,6,26,0.08497740764390058,0.15164602852437087,0.987012987012987,0.9610027855153204,0.07107423600018592,0.052257741000175884,44,2028,1.1221625789169418,0.09619903343307,0.8988494536039469,0.9032702878951232,,,0.12152133580705009,0.32884972170686455,0.39471243042671617,0.1549165120593692
scratch_continue,7,27,0.08179104222485147,0.12813355921482492,0.987012987012987,0.9637883008356546,0.08083341500014285,0.05972999499999787,44,2028,1.140808814370959,0.09319913036856106,0.8913962083773819,0.8966752720197297,,,0.10807050092764378,0.3302411873840445,0.4049165120593692,0.1567717996289425
scratch_continue,8,28,0.09317507244474235,0.1391659584012808,0.9842300556586271,0.9610027855153204,0.09110357200006547,0.06695178300014959,44,2028,1.1466934787563074,0.10464200723230543,0.8880842813121043,0.8955467513791839,,,0.11734693877551021,0.3423005565862709,0.40120593692022266,0.1391465677179963
scratch_continue,9,29,0.07801291263077963,0.1363315700911377,0.9888682745825603,0.9610027855153204,0.10222303000000466,0.07580176200008282,44,2028,1.1344306220355345,0.08935721885113497,0.8871540517033124,0.8929664016169281,,,0.12384044526901669,0.31910946196660483,0.4025974025974026,0.15445269016697588
scratch_continue,10,30,0.07925944360974078,0.12782575248839714,0.9888682745825603,0.9665738161559888,0.11231589099998018,0.08355513900050937,44,2028,1.167750397416657,0.09093694758390736,0.8768708582108443,0.8858620838602619,,,0.10899814471243043,0.3404452690166976,0.4095547309833024,0.14100185528756956
scratch_continue,11,31,0.07202899405845758,0.1370284251068154,0.9907235621521335,0.9637883008356546,0.12239560199986954,0.09128355800021382,44,2028,1.1433153594374594,0.08346214765283218,0.8812749494461851,0.8884353447638866,,,0.1280148423005566,0.31261595547309834,0.4095547309833024,0.14981447124304267
scratch_continue,12,32,0.07335393594655998,0.1379701649113308,0.9907235621521335,0.9665738161559888,0.13270393599987074,0.09920177100048022,44,2028,1.1625336044779924,0.08497927199133991,0.8733806318690174,0.8828452917312356,,,0.11920222634508348,0.3293135435992579,0.4090909090909091,0.14239332096474955
scratch_continue,13,33,0.06960598962168132,0.13001289036596583,0.9897959183673469,0.9693593314763231,0.1427620240001488,0.10691069000040443,44,2028,1.1423816293428852,0.08102980591511018,0.8762757424916342,0.883637249633637,,,0.12708719851576994,0.31586270871985156,0.4025974025974026,0.15445269016697588
scratch_continue,14,34,0.06926161877697003,0.12047939358742832,0.9888682745825603,0.9610027855153204,0.15177635500003817,0.1136347710003065,44,2028,1.187924706829874,0.08114086584526876,0.8612307795436158,0.873844697387918,,,0.1062152133580705,0.34415584415584416,0.41187384044526903,0.1377551020408163
scratch_continue,15,35,0.06527881075436674,0.13569030486701725,0.9888682745825603,0.9637883008356546,0.15933193399996526,0.11922387600043294,44,2028,1.1593346537106808,0.07687215729147355,0.8670475990737034,0.8779115400090036,,,0.12384044526901669,0.3344155844155844,0.4007421150278293,0.14100185528756956
scratch_continue,16,36,0.0637146475739486,0.12838331801692862,0.9907235621521335,0.9637883008356546,0.16758659300012368,0.12527622700054053,44,2028,1.1812092971707155,0.07552674054565575,0.8575915338152578,0.8704536919092404,,,0.11317254174397032,0.3334879406307978,0.4109461966604824,0.14239332096474955
scratch_continue,17,37,0.07182154231574725,0.12808283597293021,0.9897959183673469,0.9693593314763231,0.17601351199982673,0.13186922100021548,44,2028,1.1675849970209018,0.08349739228595626,0.8599115317514305,0.8747993939114392,,,0.14471243042671614,0.31261595547309834,0.41233766233766234,0.1303339517625232
scratch_continue,18,38,0.06004546752765088,0.1292584181391365,0.9916512059369202,0.9665738161559888,0.18299291499988612,0.13689985800056093,44,2028,1.1840486972710131,0.071885954500361,0.8518349772203269,0.8668908651673863,,,0.12105751391465677,0.3358070500927644,0.40816326530612246,0.1349721706864564
scratch_continue,19,39,0.05898914624343573,0.12433326381041984,0.9907235621521335,0.9693593314763231,0.19097775999989608,0.1426557140002842,44,2028,1.168209915925416,0.07067124540268989,0.8542863713576985,0.867751190002045,,,0.12894248608534323,0.3232838589981447,0.40584415584415584,0.14192949907235622
scratch_continue,20,40,0.05803402312077277,0.12628116719340796,0.9907235621521335,0.9693593314763231,0.1985291320002034,0.14815444400028355,44,2028,1.1754230294471166,0.06978825341524394,0.8506086173930262,0.8660003215351847,0.013680279600568267,0.006683745819426168,0.1284786641929499,0.33116883116883117,0.4044526901669759,0.13589981447124305
scratch_continue,21,41,0.05562437807119689,0.12437586941758695,0.9916512059369202,0.9693593314763231,0.2094212229999357,0.154075178000312,44,2028,1.1671758560504473,0.06729613663170136,0.8500556312733233,0.8651431250449988,,,0.13358070500927643,0.32884972170686455,0.39981447124304265,0.1377551020408163
scratch_continue,22,42,0.05311795291637289,0.12265312218079508,0.9925788497217068,0.9665738161559888,0.22177839000005406,0.16231721300027857,44,2028,1.1754526860410666,0.06487247977678355,0.8455130140114897,0.86120828365643,,,0.13079777365491652,0.3232838589981447,0.40630797773654914,0.1396103896103896
scratch_continue,23,43,0.05345924855838698,0.12474894953235999,0.9916512059369202,0.9665738161559888,0.23678430100017067,0.17463673800057222,44,2028,1.1581212674850114,0.06504046123323709,0.8478424312281073,0.8635323249304883,,,0.1456400742115028,0.31910946196660483,0.3970315398886827,0.13821892393320964
scratch_continue,24,44,0.049572423523099124,0.1197607236135897,0.9944341372912802,0.9693593314763231,0.24837185700016562,0.18372430800036454,44,2028,1.180136125461767,0.061373784777716794,0.8390622115873008,0.8562213046211807,,,0.12894248608534323,0.323747680890538,0.40630797773654914,0.14100185528756956
scratch_continue,25,45,0.04973134823907037,0.11873161894947976,0.9916512059369202,0.9693593314763231,0.2590859800002363,0.19141436900054032,44,2028,1.1596945084892534,0.061328293323962904,0.8433546090245472,0.8597422529344039,,,0.1391465677179963,0.32560296846011133,0.39332096474953615,0.14192949907235622
scratch_continue,26,46,0.045437000404529804,0.11696972012168767,0.9944341372912802,0.9693593314763231,0.2698932739999691,0.19984169800090967,44,2028,1.1685017748774518,0.057122018153304324,0.8387029975188466,0.8558151389576972,,,0.13126159554730985,0.32653061224489793,0.3974953617810761,0.14471243042671614
scratch_continue,27,47,0.04654479576263412,0.12296000476796921,0.9935064935064936,0.9637883008356546,0.2795069449998664,0.20686629000101675,44,2028,1.1618842504103402,0.058163638266737525,0.839312377562407,0.8576591727082421,,,0.14517625231910947,0.3228200371057514,0.39471243042671617,0.137291280148423
scratch_continue,28,48,0.04432406512341913,0.12120243588356892,0.9935064935064936,0.9637883008356546,0.2901995560000614,0.21501258700072867,44,2028,1.165980736021947,0.055983872483638605,0.8352651317065816,0.8546382173347769,,,0.1442486085343228,0.323747680890538,0.39564007421150277,0.13636363636363635
scratch_continue,29,49,0.04177118846286542,0.11221618334273034,0.9953617810760668,0.9665738161559888,0.300150573999872,0.22189956100055497,44,2028,1.153131688565213,0.05330250534851755,0.8386157861731602,0.8569226553630767,,,0.14332096474953618,0.3172541743970315,0.39239332096474955,0.14703153988868276
scratch_continue,30,50,0.04213636256314158,0.11835695971929613,0.9953617810760668,0.9665738161559888,0.3087784939998528,0.22861691100069947,44,2028,1.1606087010291932,0.053742449573433514,0.8341728153719811,0.8539241683694473,,,0.14332096474953618,0.32142857142857145,0.39332096474953615,0.14192949907235622
scratch_continue,31,51,0.04111549611199943,0.11149357084542567,0.9953617810760668,0.9693593314763231,0.31824232899998606,0.23613306100060072,44,2028,1.1540071460329533,0.05265556757232896,0.8351127901473953,0.8553316252569279,,,0.1507421150278293,0.31586270871985156,0.3937847866419295,0.1396103896103896
scratch_continue,32,52,0.040228976868346,0.11682836942895469,0.9953617810760668,0.9665738161559888,0.32974864300012996,0.24242873800085363,44,2028,1.15891251538483,0.0518181020221943,0.831672888966363,0.8533220102438027,,,0.14935064935064934,0.3205009276437848,0.39285714285714285,0.137291280148423
scratch_continue,33,53,0.03837716500520213,0.11550307212414762,0.9953617810760668,0.9665738161559888,0.33818495500008794,0.24849877600081527,44,2028,1.1682954046817315,0.050060119052019444,0.8267953490361969,0.8494210247101085,,,0.1437847866419295,0.32142857142857145,0.3961038961038961,0.13868274582560297
scratch_continue,34,54,0.03913170256181237,0.11131316769365908,0.9953617810760668,0.9693593314763231,0.3475487310001881,0.25558311700115155,44,2028,1.148638053782577,0.05061808309963814,0.8313611239366316,0.8541679727210248,,,0.16326530612244897,0.3102968460111317,0.39053803339517623,0.13589981447124305
scratch_continue,35,55,0.03712688568443492,0.11208138179436508,0.9962894248608535,0.9721448467966574,0.3570930370001406,0.26294554600144693,44,2028,1.1584466771945392,0.04871135245638031,0.8262294268395456,0.8496825156173827,,,0.15398886827458255,0.30936920222634506,0.3961038961038961,0.14053803339517626
scratch_continue,36,56,0.03572525863003072,0.110899306626709,0.9953617810760668,0.9693593314763231,0.36652844999980516,0.2700346640017415,44,2028,1.1566734556738034,0.04729199318676875,0.825265268787953,0.8486444015757736,,,0.15166975881261596,0.3186456400742115,0.39007421150278293,0.1396103896103896
scratch_continue,37,57,0.034594139976392754,0.11125452852366417,0.9962894248608535,0.9665738161559888,0.3792148409997935,0.2772018690020559,44,2028,1.154737476353459,0.04614151473992734,0.8243410227735054,0.8478486195927318,,,0.150278293135436,0.31539888682745826,0.39007421150278293,0.1442486085343228
scratch_continue,38,58,0.03423388584799293,0.10912080704186054,0.9962894248608535,0.9665738161559888,0.3893596500001877,0.2847315790022549,44,2028,1.1611618087212474,0.04584550393520541,0.8204881419660937,0.8455095808023022,,,0.14935064935064934,0.3116883116883117,0.39471243042671617,0.1442486085343228
scratch_continue,39,59,0.03252353361815038,0.10880974518600751,0.9981447124304267,0.9693593314763231,0.3995251390001613,0.29280549600252925,44,2028,1.144426853919624,0.04396780215734662,0.8248226088959275,0.8492771876779328,,,0.15862708719851576,0.3116883116883117,0.3854359925788497,0.1442486085343228
scratch_continue,40,60,0.032017806115430154,0.104601059607956,0.9981447124304267,0.9721448467966574,0.4079965840001023,0.2992715390023477,44,2028,1.1633672001068627,0.04365147811649878,0.8168736473721593,0.8422552434746555,0.02450845121877359,0.005907261714014905,0.1437847866419295,0.3079777365491651,0.3965677179962894,0.15166975881261596
scratch_continue,41,61,0.03211294346841536,0.11137497395899751,0.9972170686456401,0.9693593314763231,0.4199573910000254,0.3060025700024198,44,2028,1.1538434258253172,0.043651377726668536,0.818210743488902,0.8434190030279562,,,0.15213358070500926,0.3228200371057514,0.3826530612244898,0.14239332096474955
scratch_continue,42,62,0.030596033089255122,0.10329898331626397,0.9981447124304267,0.9721448467966574,0.42829348299983394,0.31236723100255404,44,2028,1.1523664644027454,0.04211969773328258,0.8176323178883289,0.8436717376655204,,,0.15398886827458255,0.30565862708719854,0.3919294990723562,0.14842300556586271
scratch_continue,43,63,0.02990170621822269,0.1066647994509722,0.9990723562152134,0.9721448467966574,0.43671268900016,0.31894904800265067,44,2028,1.1515669000377078,0.04141737521859977,0.8166810987749924,0.8429219044880649,,,0.15584415584415584,0.31261595547309834,0.3877551020408163,0.1437847866419295
scratch_continue,44,64,0.0294397795602306,0.10496206745274972,0.9972170686456401,0.9721448467966574,0.44528142999979536,0.32533387900275557,44,2028,1.1519860815646428,0.04095964037587703,0.8156808244583881,0.8433435658027658,,,0.1590909090909091,0.30565862708719854,0.3910018552875696,0.1442486085343228
scratch_continue,45,65,0.02784642856499298,0.10129471184358337,0.9990723562152134,0.9749303621169917,0.45472524600018005,0.3314077320023898,44,2028,1.1436399017230154,0.03928282758222314,0.8159550382082671,0.8423003388564543,,,0.1572356215213358,0.312152133580705,0.3817254174397032,0.14888682745825602
scratch_continue,46,66,0.02790592085627902,0.10165481694367955,0.9990723562152134,0.9721448467966574,0.4632139969999116,0.33754182600250715,44,2028,1.1593747221493167,0.039499668077772186,0.8096001684811283,0.8380541547435858,,,0.1553803339517625,0.3070500927643785,0.39285714285714285,0.14471243042671614
scratch_continue,47,67,0.029351313571446446,0.10262917177800997,0.9981447124304267,0.9721448467966574,0.4716864430001806,0.3440557510025428,44,2028,1.1414840398473327,0.040766153969919776,0.8139602040203154,0.8416783207040178,,,0.16558441558441558,0.310760667903525,0.3812615955473098,0.14239332096474955
scratch_continue,48,68,0.02642729303322415,0.10172952033276011,0.9990723562152134,0.9749303621169917,0.4801202319999902,0.3504642170023544,44,2028,1.1640173696637535,0.038067466729861686,0.8047342912804484,0.8340032635154078,,,0.14935064935064934,0.30844155844155846,0.39332096474953615,0.14888682745825602
scratch_continue,49,69,0.02499460335864249,0.10318874796111795,1.0,0.9721448467966574,0.49006153500022265,0.35830956100244293,44,2028,1.1496321294981204,0.0364909246536237,0.80888472972742,0.8389966856918178,,,0.16558441558441558,0.3051948051948052,0.3868274582560297,0.14239332096474955
scratch_continue,50,70,0.024080012904196455,0.1022839184587965,1.0,0.9749303621169917,0.4982435950000763,0.3644533500023499,44,2028,1.153900935099549,0.035619022255191944,0.8054938052919661,0.8350762207802105,,,0.1553803339517625,0.3079777365491651,0.387291280148423,0.14935064935064934
scratch_continue,51,71,0.023394783555846174,0.10241966972151961,1.0,0.9721448467966574,0.5065214189999097,0.3705477240023356,44,2028,1.1476058386947712,0.034870841942793884,0.807331823427636,0.8380868235197617,,,0.16419294990723562,0.30612244897959184,0.3854359925788497,0.1442486085343228
scratch_continue,52,72,0.02345267475246,0.09849752593973421,1.0,0.9777158774373259,0.5147376210002221,0.37644331000228703,44,2028,1.1472711607127808,0.03492538635958781,0.8071470549342458,0.8382140832707683,,,0.1660482374768089,0.3010204081632653,0.38868274582560297,0.1442486085343228
scratch_continue,53,73,0.025016263076911145,0.1036555575954549,0.9990723562152134,0.9721448467966574,0.5232632769998418,0.38289046500221957,44,2028,1.1624342170485809,0.03664060524739696,0.7990110876372164,0.8305768994792345,,,0.1572356215213358,0.3140074211502783,0.3877551020408163,0.14100185528756956
scratch_continue,54,74,0.022100628719188057,0.09727705726889518,1.0,0.9777158774373259,0.531476935000228,0.38902606100191406,44,2028,1.13928832787558,0.033493511997943856,0.8069488181128828,0.8386641974826914,,,0.17115027829313545,0.30241187384044527,0.3821892393320965,0.1442486085343228
scratch_continue,55,75,0.021711298063742442,0.09819642280822792,1.0,0.9777158774373259,0.5402255670001068,0.39554282000199237,44,2028,1.1503149101886996,0.033214447165629435,0.801919065772666,0.8336713930131612,,,0.16233766233766234,0.3047309833024119,0.38636363636363635,0.14656771799628943
scratch_continue,56,76,0.021886366610492453,0.0995687435515643,0.9990723562152134,0.9749303621169917,0.5495775039998989,0.4025744820023647,44,2028,1.1533246092088656,0.033419612702581106,0.7990293501235718,0.8318162517157662,,,0.16326530612244897,0.30936920222634506,0.3849721706864564,0.14239332096474955
scratch_continue,57,77,0.020588432180501805,0.0969909634452109,1.0,0.9777158774373259,0.5583001859999968,0.40886527200245837,44,2028,1.1447539116262657,0.032035971296764464,0.8015375929450236,0.8344216907257445,,,0.16697588126159554,0.30009276437847865,0.38589981447124305,0.14703153988868276
scratch_continue,58,78,0.01988544328386001,0.09580253470760063,1.0,0.9777158774373259,0.5670453429997906,0.41527931700238696,44,2028,1.137361518727588,0.031259058471135893,0.802085608492372,0.8353257572463789,,,0.17115027829313545,0.3010204081632653,0.37987012987012986,0.14795918367346939
scratch_continue,59,79,0.019447205702206462,0.09454914371290721,1.0,0.9777158774373259,0.5758470340001622,0.42206115300223246,44,2028,1.1400805292879899,0.030848010995086363,0.8003655007054676,0.8332754614106909,,,0.16465677179962895,0.3038033395176252,0.3807977736549165,0.1507421150278293
scratch_continue,60,80,0.019557330678721965,0.09545600708695792,0.9990723562152134,0.9777158774373259,0.5844545529998868,0.42844808700192516,44,2028,1.1420394122932118,0.03097772480165408,0.7979309486089669,0.8317170574701938,0.007013185718624313,0.005195718885779519,0.16697588126159554,0.3051948051948052,0.3803339517625232,0.14749536178107606
scratch_continue,61,81,0.018602407043663796,0.09562193801456143,1.0,0.9777158774373259,0.6025943810000172,0.43885137400229723,44,2028,1.1445728819166474,0.03004813586283027,0.7957459601092277,0.8300556649267329,,,0.16094619666048238,0.30658627087198514,0.3803339517625232,0.15213358070500926
scratch_continue,62,82,0.02054920417344018,0.09539480374479051,0.9981447124304267,0.9777158774373259,0.6176077830000395,0.45046289700212583,44,2028,1.1294321527632547,0.031843525701072725,0.8017432769449694,0.8363537810662464,,,0.17068645640074212,0.29777365491651203,0.3780148423005566,0.15352504638218925
scratch_continue,63,83,0.018002999817056234,0.09703371671049628,1.0,0.9777158774373259,0.6285654530001921,0.4588814730022932,44,2028,1.1536954165449305,0.02953995398250554,0.7907864423120323,0.8262124582504136,,,0.1553803339517625,0.30565862708719854,0.3854359925788497,0.15352504638218925
scratch_continue,64,84,0.019359603895983138,0.0976095627766423,0.9981447124304267,0.9777158774373259,0.6408745220001038,0.46683215600205585,44,2028,1.1410041454047481,0.03076964535003062,0.7927580849750167,0.8270134316341714,,,0.15398886827458255,0.313543599257885,0.3719851576994434,0.16048237476808905
scratch_continue,65,85,0.016534053424609705,0.09232966054377534,1.0,0.9777158774373259,0.6509362960000544,0.47449263300177336,44,2028,1.142241143217928,0.027956464856788987,0.7928940839514285,0.8292767175181568,,,0.16326530612244897,0.30287569573283857,0.3812615955473098,0.1525974025974026
scratch_continue,66,86,0.01630223584839332,0.09126115959804232,1.0,0.9777158774373259,0.6601132609998785,0.48111927700165324,44,2028,1.1456332406716918,0.027758568255110236,0.7912647298379101,0.8282245143233269,,,0.161873840445269,0.300556586270872,0.38404452690166974,0.15352504638218925
scratch_continue,67,87,0.017117142877436407,0.09121197368622984,1.0,0.9777158774373259,0.669570566999937,0.4880566580013692,44,2028,1.134667497960879,0.028463817857045198,0.7945331928438331,0.8315631350534954,,,0.16883116883116883,0.30194805194805197,0.37755102040816324,0.15166975881261596
scratch_continue,68,88,0.01605998048483684,0.0948761922133928,1.0,0.9777158774373259,0.6810293339999589,0.4963753140013978,44,2028,1.1527664084651694,0.027587644569488534,0.7840901016442888,0.8208431659399565,,,0.14795918367346939,0.31493506493506496,0.3761595547309833,0.16094619666048238
scratch_continue,69,89,0.015144478983146241,0.09043655067393841,1.0,0.9805013927576601,0.6924471749998702,0.5055694140014566,44,2028,1.1408746581651799,0.02655322556479804,0.788800016425966,0.8261924066353317,,,0.15816326530612246,0.3070500927643785,0.37569573283859,0.1590909090909091
scratch_continue,70,90,0.01487913781671813,0.0892791611183261,1.0,0.9777158774373259,0.7009060010000212,0.5121773400014717,44,2028,1.1418032745072864,0.026297170561790994,0.7883030675847025,0.8269361894345795,,,0.16326530612244897,0.29962894248608535,0.3807977736549165,0.15630797773654917
scratch_continue,71,91,0.015070907965888022,0.08981785524548236,1.0,0.9805013927576601,0.7114555680000194,0.5197240670013343,44,2028,1.1328452082350913,0.026399360048238937,0.7905802026977318,0.8289221080351613,,,0.16697588126159554,0.3051948051948052,0.37337662337662336,0.15445269016697588
scratch_continue,72,92,0.014180257402603699,0.09046285753432094,1.0,0.9777158774373259,0.7219309930001145,0.5276289710013771,44,2028,1.1398324840213594,0.025578582242817293,0.7871629884830513,0.8267186294921793,,,0.16419294990723562,0.3038033395176252,0.37662337662337664,0.1553803339517625
scratch_continue,73,93,0.014661496911228413,0.08919943188074003,1.0,0.9777158774373259,0.7346104630000809,0.5367434670015427,44,2028,1.137742112752764,0.026038918038756055,0.7887752356486457,0.8287988182073778,,,0.16697588126159554,0.29916512059369205,0.37987012987012986,0.15398886827458255
scratch_continue,74,94,0.015830854967221877,0.08803451548526907,0.9990723562152134,0.9805013927576601,0.7446817220002231,0.5440233620015533,44,2028,1.1312799830432905,0.027143654797654782,0.7889990804334441,0.8291914281171616,,,0.17207792207792208,0.3038033395176252,0.37337662337662336,0.1507421150278293
scratch_continue,75,95,0.013513483260438332,0.08915872872885462,1.0,0.9777158774373259,0.7550579079997988,0.5511926710018997,44,2028,1.1386474780705453,0.024899958041143786,0.7851158303479664,0.8258652310631934,,,0.16651205936920221,0.300556586270872,0.3784786641929499,0.15445269016697588
scratch_continue,76,96,0.014960844584867749,0.08858188454946178,0.9990723562152134,0.9777158774373259,0.7689049280002109,0.5605612430017572,44,2028,1.1319064484694081,0.026279909069561833,0.7865458986869,0.8268636890564174,,,0.1679035250463822,0.3033395176252319,0.37291280148423006,0.15584415584415584
scratch_continue,77,97,0.01458920701420855,0.08822540690161339,0.9990723562152134,0.9805013927576601,0.7860740119999718,0.5730821150018528,44,2028,1.1289953575281044,0.025879160589489594,0.7863787949763547,0.826756385618342,,,0.16651205936920221,0.30612244897959184,0.3696660482374768,0.15769944341372913
scratch_continue,78,98,0.012955907099051556,0.08939768295678636,1.0,0.9777158774373259,0.7962139729997944,0.5809002990017689,44,2028,1.1388970916590755,0.02434487801564231,0.7822418955087376,0.824022249704886,,,0.16465677179962895,0.30565862708719854,0.37569573283859,0.15398886827458255
scratch_continue,79,99,0.013187045801767681,0.08660961267888267,1.0,0.9777158774373259,0.8205273349999516,0.5999181160013904,44,2028,1.132459728179209,0.02451164308355977,0.7851950286997481,0.8270996142298982,,,0.16512059369202226,0.30287569573283857,0.3752319109461967,0.1567717996289425
scratch_continue,80,100,0.012786305531940363,0.08731627118042762,1.0,0.9777158774373259,0.8352263140000105,0.6090157320013532,44,2028,1.133902709217147,0.02412533262411183,0.7843278548795801,0.8268964226130419,0.006574627678386732,0.005041931396531611,0.16651205936920221,0.29684601113172543,0.37940630797773656,0.1572356215213358
