phase,epoch,global_epoch,train_ce,val_ce,train_accuracy,val_accuracy,elapsed_seconds,training_seconds,seed,split_seed,balance_loss,objective,router_entropy_normalized,selected_gate_entropy_normalized,task_router_grad_l2,aux_router_grad_l2,expert_0_assignment_share,expert_1_assignment_share,expert_2_assignment_share,expert_3_assignment_share
linear_pretrain,0,0,2.2973727912528723,2.296683823050222,0.18181818181818182,0.17827298050139276,0.0003956139998990693,0.0,43,2026,,,,,,,,,,
linear_pretrain,1,1,1.5143901693428714,1.5301090472229442,0.8469387755102041,0.8272980501392758,0.0026943900002152077,0.0019777630000135105,43,2026,,,,,,,,,,
linear_pretrain,2,2,1.0135391018770132,1.0375261275160585,0.8970315398886828,0.8746518105849582,0.00487918399994669,0.003827062999789632,43,2026,,,,,,,,,,
linear_pretrain,3,3,0.7429675970457817,0.7706715933578269,0.9230055658627088,0.9192200557103064,0.007039932000225235,0.0056549509999967995,43,2026,,,,,,,,,,
linear_pretrain,4,4,0.5917663687776812,0.621419079795386,0.9257884972170687,0.9220055710306406,0.009156553000138956,0.007470550000107323,43,2026,,,,,,,,,,
linear_pretrain,5,5,0.4954885971216209,0.5247984339055001,0.9304267161410018,0.9303621169916435,0.011365103000116505,0.009382895000271674,43,2026,,,,,,,,,,
linear_pretrain,6,6,0.4306436214024629,0.46294046159748564,0.9397031539888683,0.9331476323119777,0.01344247599990922,0.011171714000283828,43,2026,,,,,,,,,,
linear_pretrain,7,7,0.38376401992687875,0.4184116372660637,0.937847866419295,0.9303621169916435,0.015596274000017729,0.013033974000336457,43,2026,,,,,,,,,,
linear_pretrain,8,8,0.34658296459787974,0.38238959071046624,0.9434137291280148,0.9303621169916435,0.017734787999870605,0.014820490000602149,43,2026,,,,,,,,,,
linear_pretrain,9,9,0.31686488654440426,0.35494165413155987,0.948051948051948,0.9331476323119777,0.01991916199995103,0.01669563800078322,43,2026,,,,,,,,,,
linear_pretrain,10,10,0.2934038512861924,0.3348196041523329,0.9526901669758813,0.935933147632312,0.02189740499989057,0.01828682000086701,43,2026,,,,,,,,,,
linear_pretrain,11,11,0.2733852152564864,0.31328144702730004,0.950834879406308,0.9415041782729805,0.023504962000060914,0.01964786500093396,43,2026,,,,,,,,,,
linear_pretrain,12,12,0.256090330838748,0.30117306831451496,0.9573283858998145,0.9387186629526463,0.02492414500011364,0.020810243001051276,43,2026,,,,,,,,,,
linear_pretrain,13,13,0.24091506242112465,0.2859072586169696,0.9564007421150278,0.9442896935933147,0.026488967000204866,0.022131469000669313,43,2026,,,,,,,,,,
linear_pretrain,14,14,0.2282393870893434,0.27473828836699793,0.961038961038961,0.9442896935933147,0.02790033900009803,0.0232914720008921,43,2026,,,,,,,,,,
linear_pretrain,15,15,0.21691985586176035,0.2676890167717199,0.9619666048237476,0.9415041782729805,0.029308184999990772,0.02446697900086292,43,2026,,,,,,,,,,
linear_pretrain,16,16,0.20747054172888812,0.255119042092295,0.9647495361781077,0.9442896935933147,0.030817734000265773,0.02570964700089462,43,2026,,,,,,,,,,
linear_pretrain,17,17,0.19780917677267174,0.2500880170419739,0.9619666048237476,0.9387186629526463,0.032931532000020525,0.027528090000487282,43,2026,,,,,,,,,,
linear_pretrain,18,18,0.1894737862846316,0.24358010821195233,0.9656771799628943,0.9387186629526463,0.03446877199985465,0.028819461000239244,43,2026,,,,,,,,,,
linear_pretrain,19,19,0.1817443123988451,0.23615918280458467,0.9666048237476809,0.9442896935933147,0.035880715000075725,0.029978894000578293,43,2026,,,,,,,,,,
linear_pretrain,20,20,0.17527819542100526,0.23006971737631432,0.9693877551020408,0.9442896935933147,0.03725133499983713,0.031123846000809863,43,2026,,,,,,,,,,
scratch_pretrain,0,0,2.3044220063002996,2.3048106477299894,0.08812615955473098,0.08635097493036212,0.0016567200000281446,0.0,43,2026,1.033944398868027,2.3147614502889797,0.9949309665193004,0.9974446170848588,0.008978234330622394,0.008598036668486695,0.14100185528756956,0.24025974025974026,0.45918367346938777,0.15955473098330242
scratch_pretrain,1,1,1.4401170584391545,1.4667673094008353,0.8061224489795918,0.7604456824512534,0.015497245000005933,0.007171198999913031,43,2026,1.1419367824567812,1.4515364262637223,0.9804863762974343,0.9812162829562507,,,0.10018552875695733,0.46289424860853434,0.0074211502782931356,0.4294990723562152
scratch_pretrain,2,2,0.861462408697915,0.9174683692528335,0.9016697588126159,0.8495821727019499,0.02533858800006783,0.014854357999865897,43,2026,1.1370371756931752,0.8728327804548468,0.9674143748203616,0.9610400187040133,,,0.14749536178107606,0.424860853432282,0.0287569573283859,0.39888682745825604
scratch_pretrain,3,3,0.6073220629125397,0.6544216990953424,0.9230055658627088,0.8885793871866295,0.03526403800015032,0.02252617000021928,43,2026,1.1894381538222192,0.6192164444507618,0.9460745852645518,0.9361442257826004,,,0.12569573283858998,0.4359925788497217,0.025510204081632654,0.41280148423005564
scratch_pretrain,4,4,0.4702223022537383,0.5371161083935525,0.9230055658627088,0.883008356545961,0.043911065999964194,0.029005319000134477,43,2026,1.1540945699046008,0.4817632479527843,0.9371185555587114,0.9215209362938115,,,0.15862708719851576,0.3970315398886827,0.05658627087198516,0.3877551020408163
scratch_pretrain,5,5,0.3852714979549245,0.4453346608508574,0.9397031539888683,0.9025069637883009,0.05189837299985811,0.034843485000237706,43,2026,1.2030230170932028,0.3973017281258565,0.9197453863560755,0.9058298236773916,,,0.14795918367346939,0.4267161410018553,0.03200371057513915,0.39332096474953615
scratch_pretrain,6,6,0.3307349378302575,0.3842633173706344,0.9452690166975881,0.9192200557103064,0.059667710999747214,0.040511454999887064,43,2026,1.1746632781719961,0.3424815706119774,0.9146076669449776,0.8958450127913681,,,0.12523191094619665,0.40213358070500926,0.08951762523191095,0.38311688311688313
scratch_pretrain,7,7,0.2892088675099959,0.35420188508707406,0.9489795918367347,0.9220055710306406,0.06826951099992584,0.04706145099953574,43,2026,1.2023414143512787,0.3012322816535087,0.9000516265308396,0.881385890106089,,,0.13636363636363635,0.4035250463821892,0.06586270871985157,0.3942486085343228
scratch_pretrain,8,8,0.2577933300285062,0.32778300678241395,0.9582560296846011,0.9303621169916435,0.07754309099982493,0.05397771699972509,43,2026,1.220733554954778,0.27000066557805397,0.8885277354817395,0.8709297152345821,,,0.1525974025974026,0.4044526901669759,0.044990723562152134,0.3979591836734694
scratch_pretrain,9,9,0.23628851706132598,0.3004268248987426,0.961038961038961,0.935933147632312,0.08676792699998259,0.061082526999598485,43,2026,1.18804727270113,0.24816898978833726,0.8887869507723166,0.8690401454520295,,,0.13079777365491652,0.38589981447124305,0.09833024118738404,0.3849721706864564
scratch_pretrain,10,10,0.21696272966283903,0.27720872079400716,0.9656771799628943,0.9442896935933147,0.0960517720000098,0.06782592399986243,43,2026,1.2318357997596843,0.22928108766043587,0.8734428588436053,0.8564942095492745,,,0.14981447124304267,0.3942486085343228,0.05241187384044527,0.4035250463821892
scratch_pretrain,11,11,0.20063562537139668,0.2612568785438688,0.9693877551020408,0.9387186629526463,0.10520049499973538,0.07461172500006796,43,2026,1.185347353911922,0.2124890989105159,0.8766472000377219,0.8584145029430018,,,0.1303339517625232,0.3719851576994434,0.1150278293135436,0.3826530612244898
scratch_pretrain,12,12,0.18975235329899642,0.2526015872367811,0.9684601113172542,0.9387186629526463,0.11439573699999528,0.08180396599982487,43,2026,1.2040768631636973,0.2017931219306334,0.8664388581726191,0.8494949063252479,,,0.15862708719851576,0.37059369202226344,0.07931354359925788,0.3914656771799629
scratch_pretrain,13,13,0.16989255941992185,0.24575849271796754,0.9758812615955473,0.9387186629526463,0.12358969699971567,0.08865003699975205,43,2026,1.223639560731637,0.18212895502723822,0.8572577962145717,0.8420170760584945,,,0.12476808905380334,0.3845083487940631,0.09693877551020408,0.3937847866419295
scratch_pretrain,14,14,0.16123164225593906,0.23354988821780828,0.9777365491651205,0.947075208913649,0.13233343000001696,0.09551666799961822,43,2026,1.2211483521009232,0.1734431257769483,0.8534103164991445,0.8390852404157286,,,0.14053803339517626,0.3812615955473098,0.08673469387755102,0.3914656771799629
scratch_pretrain,15,15,0.15624428771964063,0.22551065430175565,0.9730983302411874,0.9442896935933147,0.14382905499996923,0.10471137399963482,43,2026,1.2145820587147989,0.16839010830678863,0.8493258324500335,0.8344534209514071,,,0.16094619666048238,0.36131725417439703,0.08209647495361781,0.39564007421150277
scratch_pretrain,16,16,0.14190179073556572,0.21573689668159637,0.9805194805194806,0.9442896935933147,0.15319992100012314,0.11194267399923774,43,2026,1.2342263536682956,0.1542440542722487,0.8423800429245559,0.8318791483053142,,,0.1150278293135436,0.3854359925788497,0.10714285714285714,0.39239332096474955
scratch_pretrain,17,17,0.13568667185926897,0.2104830701647627,0.9833024118738405,0.9498607242339833,0.16343517099994642,0.11966223199897286,43,2026,1.2526290091768655,0.14821296195103761,0.8331519064925159,0.8223651499799068,,,0.14656771799628943,0.3719851576994434,0.07189239332096475,0.4095547309833024
scratch_pretrain,18,18,0.12634411270797366,0.20396628450536525,0.9860853432282004,0.947075208913649,0.17277979799973764,0.12692886499917222,43,2026,1.2198541055401344,0.138542653763375,0.8390377000398972,0.8291789434546805,,,0.14981447124304267,0.3696660482374768,0.09044526901669758,0.39007421150278293
scratch_pretrain,19,19,0.11913332421746253,0.20211313928528,0.9860853432282004,0.9442896935933147,0.18162395199988168,0.13351058899934287,43,2026,1.2121023078733477,0.131254347296196,0.8355020638516248,0.824780757893748,,,0.1377551020408163,0.3589981447124304,0.11363636363636363,0.38961038961038963
scratch_pretrain,20,20,0.1138288097303427,0.19613218348078604,0.9842300556586271,0.9498607242339833,0.1906765799999448,0.1404876969995712,43,2026,1.2109320291525347,0.12593813002186804,0.8331647582590469,0.8232867971636905,0.021998021094516956,0.006551075796529205,0.14192949907235622,0.35667903525046385,0.11178107606679036,0.38961038961038963
linear_continue,0,20,0.17527819542100526,0.23006971737631432,0.9693877551020408,0.9442896935933147,0.0002984580000884307,0.0,43,2026,,,,,,,,,,
linear_continue,1,21,0.16706230959851387,0.22580884496074358,0.9712430426716141,0.9387186629526463,0.001968198000213306,0.0013615170000775834,43,2026,,,,,,,,,,
linear_continue,2,22,0.1599234912252117,0.21747301927293894,0.9730983302411874,0.9415041782729805,0.003824558999895089,0.0027980069999102852,43,2026,,,,,,,,,,
linear_continue,3,23,0.15353794198122314,0.21270518911202618,0.9749536178107606,0.9442896935933147,0.005702451000161091,0.004427235999628465,43,2026,,,,,,,,,,
linear_continue,4,24,0.14802882028399644,0.20746062175725313,0.9730983302411874,0.947075208913649,0.007476117999885901,0.005956965999757813,43,2026,,,,,,,,,,
linear_continue,5,25,0.14275494098678315,0.2031080845639249,0.974025974025974,0.947075208913649,0.009185497000089526,0.007386484999642562,43,2026,,,,,,,,,,
linear_continue,6,26,0.13821944036168818,0.1986857692276875,0.9758812615955473,0.9498607242339833,0.011442879999776778,0.00939613599985023,43,2026,,,,,,,,,,
linear_continue,7,27,0.13402652399321138,0.19628508853088453,0.9777365491651205,0.9526462395543176,0.01298379699983343,0.010671633999663754,43,2026,,,,,,,,,,
linear_continue,8,28,0.13019260545242636,0.19282268432225422,0.9768089053803339,0.947075208913649,0.01527662299986332,0.012522736999471817,43,2026,,,,,,,,,,
linear_continue,9,29,0.1266503577285594,0.19027622742177078,0.9777365491651205,0.947075208913649,0.01676463000012518,0.013769771999704972,43,2026,,,,,,,,,,
linear_continue,10,30,0.12313687782726361,0.1864248090322862,0.9795918367346939,0.9498607242339833,0.018454529999871738,0.015138418999868009,43,2026,,,,,,,,,,
linear_continue,11,31,0.11992926063634875,0.18437574111154414,0.9795918367346939,0.9498607242339833,0.020411251000041375,0.01671525899973858,43,2026,,,,,,,,,,
linear_continue,12,32,0.11692855531793399,0.18187974372826468,0.9795918367346939,0.9554317548746518,0.02200889300002018,0.018031026999778987,43,2026,,,,,,,,,,
linear_continue,13,33,0.114144827766775,0.17804199195786283,0.9814471243042672,0.9526462395543176,0.023773626000092918,0.019471271999918827,43,2026,,,,,,,,,,
linear_continue,14,34,0.11151357096714866,0.17745075726015616,0.9805194805194806,0.9498607242339833,0.025781654000184062,0.021234391999769286,43,2026,,,,,,,,,,
linear_continue,15,35,0.10898232885373069,0.17675768144008525,0.9805194805194806,0.9526462395543176,0.027701970000180154,0.022853725999993912,43,2026,,,,,,,,,,
linear_continue,16,36,0.1067263078368597,0.17320870248786796,0.9833024118738405,0.9554317548746518,0.02939733899984276,0.024141021000104956,43,2026,,,,,,,,,,
linear_continue,17,37,0.10432466111880545,0.17184294280818513,0.9833024118738405,0.9554317548746518,0.03232406400002219,0.02653290200032643,43,2026,,,,,,,,,,
linear_continue,18,38,0.10214078520823662,0.1705799456559736,0.9833024118738405,0.9554317548746518,0.03495700099983878,0.028719299000385945,43,2026,,,,,,,,,,
linear_continue,19,39,0.10019457012832164,0.16930800336123372,0.9833024118738405,0.9526462395543176,0.039021551000132604,0.0323763860001236,43,2026,,,,,,,,,,
linear_continue,20,40,0.09813040041472175,0.16832393200675327,0.9842300556586271,0.9554317548746518,0.040753593999852455,0.03385787300021548,43,2026,,,,,,,,,,
linear_continue,21,41,0.09649475259362197,0.16406341485450057,0.9851576994434137,0.9554317548746518,0.042477685999983805,0.035287342000628996,43,2026,,,,,,,,,,
linear_continue,22,42,0.09447631155492933,0.1655754237072735,0.9851576994434137,0.9526462395543176,0.04452379199983625,0.03708552500074802,43,2026,,,,,,,,,,
linear_continue,23,43,0.09294382337966381,0.1650557467757593,0.9860853432282004,0.958217270194986,0.04625212000019019,0.03856839400077661,43,2026,,,,,,,,,,
linear_continue,24,44,0.09099660989704157,0.1623183004507318,0.9851576994434137,0.9554317548746518,0.04843585700018593,0.04022630100098468,43,2026,,,,,,,,,,
linear_continue,25,45,0.08951889724008305,0.16230930741025237,0.9842300556586271,0.9526462395543176,0.05063291999977082,0.04216537600086667,43,2026,,,,,,,,,,
linear_continue,26,46,0.08791340051881501,0.16053857813495023,0.987012987012987,0.9498607242339833,0.05275395799981197,0.043893283000670635,43,2026,,,,,,,,,,
linear_continue,27,47,0.08628020574851888,0.15888452352920662,0.9879406307977736,0.9498607242339833,0.05495803099984187,0.045735242000773724,43,2026,,,,,,,,,,
linear_continue,28,48,0.08490975084461609,0.15760295385828743,0.9879406307977736,0.9554317548746518,0.05667951899977197,0.04704654300076072,43,2026,,,,,,,,,,
linear_continue,29,49,0.08354028404602347,0.15548791981881468,0.9888682745825603,0.9554317548746518,0.0598439350001172,0.04985793900050339,43,2026,,,,,,,,,,
linear_continue,30,50,0.08221991392427816,0.157575586741107,0.9888682745825603,0.958217270194986,0.0615282170001592,0.0512944680003784,43,2026,,,,,,,,,,
linear_continue,31,51,0.0807768048507716,0.15489299743785515,0.9888682745825603,0.958217270194986,0.06367626600012954,0.05319641699998101,43,2026,,,,,,,,,,
linear_continue,32,52,0.07960415103923585,0.15248789823037953,0.9888682745825603,0.958217270194986,0.0654690810001739,0.05472932100019534,43,2026,,,,,,,,,,
linear_continue,33,53,0.07834193296328477,0.15385231653178336,0.9888682745825603,0.9554317548746518,0.06730790499977957,0.05632222600024761,43,2026,,,,,,,,,,
linear_continue,34,54,0.07703202021075153,0.15265061431426818,0.9897959183673469,0.9554317548746518,0.06921315899990077,0.05775832500012257,43,2026,,,,,,,,,,
linear_continue,35,55,0.0760658964282982,0.15243191426556849,0.9888682745825603,0.9554317548746518,0.0712721039999451,0.05937885100047424,43,2026,,,,,,,,,,
linear_continue,36,56,0.07470865060689365,0.15039114903704834,0.9888682745825603,0.958217270194986,0.07341493500007346,0.06125876700070876,43,2026,,,,,,,,,,
linear_continue,37,57,0.07376963617330433,0.14970863700738904,0.9916512059369202,0.9610027855153204,0.07579094699985944,0.06323878400098693,43,2026,,,,,,,,,,
linear_continue,38,58,0.07262967507644898,0.15150296373342653,0.9888682745825603,0.958217270194986,0.07942826499993316,0.0664987850009311,43,2026,,,,,,,,,,
linear_continue,39,59,0.07154842479593315,0.14833165452225566,0.9907235621521335,0.9610027855153204,0.08191938900017703,0.06850090400121189,43,2026,,,,,,,,,,
linear_continue,40,60,0.07060645100981355,0.1479272228167609,0.9897959183673469,0.9610027855153204,0.08419082399996114,0.07038124100108689,43,2026,,,,,,,,,,
linear_continue,41,61,0.06945050793468643,0.1473517520481968,0.9907235621521335,0.9610027855153204,0.08641191200013054,0.07230056600110402,43,2026,,,,,,,,,,
linear_continue,42,62,0.06853557143089978,0.14750552192543848,0.9916512059369202,0.9610027855153204,0.08886325699995723,0.0738651680012481,43,2026,,,,,,,,,,
linear_continue,43,63,0.06769368584488025,0.1470958988892617,0.9916512059369202,0.9610027855153204,0.0907083900001453,0.07545956400099385,43,2026,,,,,,,,,,
linear_continue,44,64,0.06672652851797936,0.14610272246340517,0.9907235621521335,0.9610027855153204,0.09305279399995925,0.07748691200094981,43,2026,,,,,,,,,,
linear_continue,45,65,0.06585389582256694,0.14384400594157734,0.9925788497217068,0.9610027855153204,0.09572407999985444,0.07951888700108611,43,2026,,,,,,,,,,
linear_continue,46,66,0.06492589690461734,0.14543491678237813,0.9916512059369202,0.9610027855153204,0.09846990799997002,0.08179111300114528,43,2026,,,,,,,,,,
linear_continue,47,67,0.06407649813236571,0.1422421361089744,0.9925788497217068,0.9610027855153204,0.10062823199996274,0.08350195400134908,43,2026,,,,,,,,,,
linear_continue,48,68,0.06323324136715545,0.1433185299363363,0.9925788497217068,0.9610027855153204,0.10246770699995977,0.0850915030014221,43,2026,,,,,,,,,,
linear_continue,49,69,0.06242892107486349,0.14527744401351844,0.9935064935064936,0.9610027855153204,0.10477817999981198,0.08706221600141362,43,2026,,,,,,,,,,
linear_continue,50,70,0.061589040527594,0.14239398126213892,0.9925788497217068,0.9610027855153204,0.1064658469999813,0.08850446500127873,43,2026,,,,,,,,,,
linear_continue,51,71,0.06099598605440283,0.13981856397124975,0.9935064935064936,0.9610027855153204,0.10824091499989663,0.0900388620011654,43,2026,,,,,,,,,,
linear_continue,52,72,0.060033200764526194,0.14102597495007843,0.9925788497217068,0.9610027855153204,0.11027127699981065,0.0918252970013782,43,2026,,,,,,,,,,
linear_continue,53,73,0.05925725842521965,0.14057465714348208,0.9944341372912802,0.9610027855153204,0.11181135200013159,0.09305777000145099,43,2026,,,,,,,,,,
linear_continue,54,74,0.05866824971535071,0.14193866321349927,0.9925788497217068,0.958217270194986,0.11372674099993674,0.09470910200116123,43,2026,,,,,,,,,,
linear_continue,55,75,0.05795678617786343,0.13844719028411698,0.9944341372912802,0.9610027855153204,0.11576315199999954,0.09649800100123684,43,2026,,,,,,,,,,
linear_continue,56,76,0.05727551755917092,0.14230455367921324,0.9953617810760668,0.9610027855153204,0.11721873999977106,0.0977077690013175,43,2026,,,,,,,,,,
linear_continue,57,77,0.056569649554836676,0.13876687395900786,0.9944341372912802,0.9610027855153204,0.11908214100003534,0.099137288001657,43,2026,,,,,,,,,,
linear_continue,58,78,0.05577712240318002,0.13964248543024213,0.9944341372912802,0.9610027855153204,0.12057808000008663,0.1003939670017644,43,2026,,,,,,,,,,
linear_continue,59,79,0.05528889297296937,0.13800372396037294,0.9953617810760668,0.9610027855153204,0.12211526000010053,0.10157817700201122,43,2026,,,,,,,,,,
linear_continue,60,80,0.05457045320689973,0.1390808902469758,0.9944341372912802,0.9610027855153204,0.12410691400009455,0.10316485200200987,43,2026,,,,,,,,,,
linear_continue,61,81,0.053854556324410593,0.13852379912714569,0.9953617810760668,0.9610027855153204,0.12636612000005698,0.10512482800186262,43,2026,,,,,,,,,,
linear_continue,62,82,0.05323074019003651,0.13641128979244857,0.9953617810760668,0.9610027855153204,0.12865068400014934,0.10695943600194369,43,2026,,,,,,,,,,
linear_continue,63,83,0.052657543286559035,0.13758865842658952,0.9953617810760668,0.9610027855153204,0.1304118319999361,0.10847822900223036,43,2026,,,,,,,,,,
linear_continue,64,84,0.052096070635584496,0.1371470211134012,0.9953617810760668,0.9610027855153204,0.13243313000020862,0.11024857000211341,43,2026,,,,,,,,,,
linear_continue,65,85,0.051633578924362315,0.13527058027362482,0.9953617810760668,0.9610027855153204,0.13498225200009983,0.1123959280021154,43,2026,,,,,,,,,,
linear_continue,66,86,0.050987976203494774,0.13498396962604897,0.9944341372912802,0.9610027855153204,0.1366948360000606,0.11379589200214468,43,2026,,,,,,,,,,
linear_continue,67,87,0.05032711266740956,0.13739273127922555,0.9953617810760668,0.9610027855153204,0.13966790499989656,0.11651596100227835,43,2026,,,,,,,,,,
linear_continue,68,88,0.04981458090940435,0.1373421804544566,0.9953617810760668,0.9610027855153204,0.14136629799986622,0.11796927500199672,43,2026,,,,,,,,,,
linear_continue,69,89,0.049354602419363076,0.13190868582920479,0.9953617810760668,0.9610027855153204,0.14358803799996167,0.11984482400202978,43,2026,,,,,,,,,,
linear_continue,70,90,0.048742665171714626,0.13572709362069374,0.9953617810760668,0.9610027855153204,0.1453198210001574,0.12133284000219646,43,2026,,,,,,,,,,
linear_continue,71,91,0.04817264176272478,0.13544614232842034,0.9953617810760668,0.9610027855153204,0.14788347500007148,0.12364822100244055,43,2026,,,,,,,,,,
linear_continue,72,92,0.04772689032333347,0.13153281281909243,0.9953617810760668,0.9610027855153204,0.15008858900000632,0.12557026000240512,43,2026,,,,,,,,,,
linear_continue,73,93,0.047250255155927734,0.1364440553125791,0.9953617810760668,0.9610027855153204,0.15174300599983326,0.12698443600220344,43,2026,,,,,,,,,,
linear_continue,74,94,0.04669902046984636,0.13358989987154962,0.9953617810760668,0.9610027855153204,0.15313629000002038,0.12812959800203316,43,2026,,,,,,,,,,
linear_continue,75,95,0.046371401374908076,0.1340276431854592,0.9953617810760668,0.9610027855153204,0.15507174000003943,0.1297844350019659,43,2026,,,,,,,,,,
linear_continue,76,96,0.045660035106855866,0.13401998203926124,0.9953617810760668,0.9610027855153204,0.15667270599988115,0.13107057800198163,43,2026,,,,,,,,,,
linear_continue,77,97,0.04527784007317525,0.13186906803990864,0.9962894248608535,0.9610027855153204,0.15827704799994535,0.1324188840021634,43,2026,,,,,,,,,,
linear_continue,78,98,0.04481003264240392,0.13426029831621047,0.9953617810760668,0.9610027855153204,0.1601899729998877,0.13397006600234818,43,2026,,,,,,,,,,
linear_continue,79,99,0.04429234069911619,0.13377578012835342,0.9972170686456401,0.9610027855153204,0.1618818070000998,0.1353576120022808,43,2026,,,,,,,,,,
linear_continue,80,100,0.043900028218892904,0.13070178426564866,0.9972170686456401,0.9610027855153204,0.16356716000018423,0.13680468700204074,43,2026,,,,,,,,,,
moe_continue,0,20,0.17527819542100526,0.23006971737631432,0.9693877551020408,0.9442896935933147,0.0016071049999482057,0.0,43,2026,1.033944398868027,0.18561763940968554,0.9949309665193004,0.9974446170848588,1.9659494827779895e-18,0.008598036668486696,0.14100185528756956,0.24025974025974026,0.45918367346938777,0.15955473098330242
moe_continue,1,21,0.15962765188899425,0.21757261174931913,0.9721706864564007,0.9498607242339833,0.013251108000076783,0.0063566049998371454,43,2026,1.0045232226663385,0.16967288411565765,0.9960266739098687,0.9980101789334861,,,0.23747680890538034,0.2388682745825603,0.3320964749536178,0.19155844155844157
moe_continue,2,22,0.14712740740923003,0.20854815719413808,0.974025974025974,0.958217270194986,0.022319530000004306,0.013229505999788671,43,2026,1.0002972181086922,0.15713037959031695,0.9954514770724288,0.9970570080610869,,,0.237012987012987,0.26855287569573283,0.25742115027829315,0.237012987012987
moe_continue,3,23,0.1406809716338118,0.20168393173268134,0.9730983302411874,0.9554317548746518,0.0308208689998537,0.019783258000188653,43,2026,1.0129681370062897,0.1508106530038747,0.9926705993662055,0.9930809192356963,,,0.18089053803339517,0.3302411873840445,0.20269016697588127,0.28617810760667906
moe_continue,4,24,0.12624404987260804,0.1921929535359185,0.9814471243042672,0.9554317548746518,0.040474079999967216,0.026600665999922057,43,2026,1.0053089651420632,0.13629713952402867,0.9909605986084488,0.9923976363283347,,,0.20964749536178107,0.30194805194805197,0.26669758812615957,0.22170686456400743
moe_continue,5,25,0.12219764728408539,0.1931113387332205,0.9805194805194806,0.9526462395543176,0.048705613000038284,0.032667083999513125,43,2026,1.042476875221175,0.13262241603629712,0.9834255600317497,0.9810415792096983,,,0.21103896103896103,0.38404452690166974,0.14656771799628943,0.25834879406307976
moe_continue,6,26,0.11449567549989394,0.18661785557347807,0.9823747680890538,0.9554317548746518,0.05767773899970052,0.03921908199936297,43,2026,1.035970338284359,0.12485537888273752,0.982224927448955,0.9806778677476186,,,0.13543599257884972,0.3650278293135436,0.24907235621521337,0.2504638218923933
moe_continue,7,27,0.10414498662351607,0.1768610721889057,0.9842300556586271,0.9554317548746518,0.06637557399972138,0.04546449999907054,43,2026,1.0268771078107708,0.11441375770162378,0.9801958435330349,0.9790241053913591,,,0.19434137291280149,0.3492578849721707,0.20454545454545456,0.25185528756957326
moe_continue,8,28,0.1015190765999535,0.17359290246525438,0.9823747680890538,0.9610027855153204,0.07598546899998837,0.05309012199904828,43,2026,1.0246119063556622,0.11176519566351012,0.9774614558406031,0.9774782973205488,,,0.21196660482374768,0.3423005565862709,0.24304267161410018,0.20269016697588127
moe_continue,9,29,0.0947185927892081,0.17298129259330358,0.9842300556586271,0.958217270194986,0.08540717100004258,0.06059281899888447,43,2026,1.0218848917556003,0.10493744170676411,0.9757049083317805,0.9754443866190646,,,0.19109461966604824,0.3302411873840445,0.22959183673469388,0.24907235621521337
moe_continue,10,30,0.09226917830898725,0.16620984107141046,0.9851576994434137,0.9610027855153204,0.09508040199989409,0.0682628089989521,43,2026,1.0581535575476795,0.10285071388446404,0.9670988322048499,0.9639271859442102,,,0.1679035250463822,0.3682745825602968,0.15584415584415584,0.3079777365491651
moe_continue,11,31,0.08585759020462949,0.16371450552272113,0.9888682745825603,0.9637883008356546,0.10311078299992005,0.07429293299901474,43,2026,1.029477946275361,0.09615236966738311,0.9694720267862988,0.969153967075142,,,0.18877551020408162,0.3293135435992579,0.1924860853432282,0.2894248608534323
moe_continue,12,32,0.08549435002267097,0.159776547360961,0.9888682745825603,0.9554317548746518,0.11246404299981805,0.08131072199921618,43,2026,1.033113900307753,0.0958254890257485,0.9659944154233734,0.9670389018011759,,,0.2564935064935065,0.3399814471243043,0.14888682745825602,0.25463821892393323
moe_continue,13,33,0.07916342975125538,0.15130126414013687,0.9907235621521335,0.9610027855153204,0.12184701699970901,0.08835141499912424,43,2026,1.0440028689975933,0.08960345844123131,0.9613773638610938,0.9621647100789393,,,0.12244897959183673,0.3358070500927644,0.2588126159554731,0.2829313543599258
moe_continue,14,34,0.07405968349389691,0.15079105415251035,0.9935064935064936,0.9610027855153204,0.13116806799962433,0.09541669499913041,43,2026,1.0328583447286086,0.084388266941183,0.9606773421862268,0.9628343811139441,,,0.16326530612244897,0.31910946196660483,0.21799628942486085,0.29962894248608535
moe_continue,15,35,0.07110376774601913,0.15368340301793398,0.9925788497217068,0.9526462395543176,0.14082531499980178,0.10269988299933175,43,2026,1.0368351026132625,0.08147211877215176,0.9557755060181448,0.957764213482302,,,0.21382189239332097,0.33812615955473097,0.17764378478664192,0.27040816326530615
moe_continue,16,36,0.06880880451410133,0.14764911142803755,0.9944341372912802,0.9554317548746518,0.1503988350000327,0.1101782139990064,43,2026,1.033861559735146,0.07914742011145279,0.9546966810213123,0.958206919230625,,,0.17115027829313545,0.3228200371057514,0.21428571428571427,0.2917439703153989
moe_continue,17,37,0.06438622379714168,0.13719893834102054,0.9944341372912802,0.9610027855153204,0.15968151900005978,0.1168916449992139,43,2026,1.0364292202135486,0.07475051599927716,0.9505515306374922,0.9540410508201151,,,0.1725417439703154,0.3339517625231911,0.2342300556586271,0.2592764378478664
moe_continue,18,38,0.06377614220141267,0.15085097517978596,0.9935064935064936,0.9526462395543176,0.1696137489998364,0.12405310099939015,43,2026,1.0329836218320276,0.07410597841973295,0.9500205145780543,0.9562955920065517,,,0.2537105751391466,0.3232838589981447,0.15213358070500926,0.27087198515769945
moe_continue,19,39,0.06046789875428268,0.13847471957843668,0.9944341372912802,0.9554317548746518,0.1788044439999794,0.13128266799913035,43,2026,1.038298041861798,0.07085087917290066,0.9468683916392798,0.95471649426172,,,0.14703153988868276,0.31307977736549164,0.23747680890538034,0.30241187384044527
moe_continue,20,40,0.05718531015778977,0.14110492795320526,0.9953617810760668,0.9554317548746518,0.1893950879998556,0.13919401099929019,43,2026,1.0317382925937482,0.06750269308372725,0.9451451819049423,0.9528597922352945,0.009005171425101325,0.003428243721593523,0.22541743970315398,0.32235621521335805,0.17578849721706866,0.2764378478664193
moe_continue,21,41,0.05570521413176404,0.13474795038831233,0.9953617810760668,0.9554317548746518,0.20089901099981944,0.14536680999935925,43,2026,1.0269519351396494,0.06597473348316053,0.9434790601449161,0.9522922603879644,,,0.23515769944341372,0.32606679035250463,0.20593692022263452,0.23283858998144713
moe_continue,22,42,0.05323259968586158,0.1331133127846867,0.9953617810760668,0.958217270194986,0.209794071000033,0.1519505659994138,43,2026,1.0297740473478425,0.06353034015934,0.9423570485650684,0.9534847387158523,,,0.1767161410018553,0.3010204081632653,0.21706864564007422,0.3051948051948052
moe_continue,23,43,0.048469241868581224,0.13287625767073352,0.9972170686456401,0.9554317548746518,0.217322207000052,0.1575217009994958,43,2026,1.0200356374848798,0.05866959824343002,0.9421613506214923,0.9544241505218399,,,0.21335807050092764,0.3051948051948052,0.2054730983302412,0.275974025974026
moe_continue,24,44,0.050126846579698646,0.1324418670063872,0.9953617810760668,0.9554317548746518,0.2257060389997605,0.1636127559995657,43,2026,1.0260941046210272,0.06038778762590892,0.9384536972106565,0.9512407594265758,,,0.2564935064935065,0.3098330241187384,0.161873840445269,0.2717996289424861
moe_continue,25,45,0.04502609084692934,0.12276216462772231,0.9962894248608535,0.9637883008356546,0.234899218999999,0.1707169649998832,43,2026,1.0333881798963231,0.05535997264589257,0.9340687827064005,0.9466283921648087,,,0.18552875695732837,0.3167903525046382,0.21103896103896103,0.28664192949907236
moe_continue,26,46,0.04560192313296745,0.12041864270346532,0.9962894248608535,0.9637883008356546,0.2438974439996855,0.17742449800016402,43,2026,1.0200248800069027,0.05580217193303648,0.9367442796381992,0.9513893512868895,,,0.23840445269016697,0.3070500927643785,0.18877551020408162,0.2657699443413729
moe_continue,27,47,0.04286115655017078,0.12118289173590066,0.9972170686456401,0.9637883008356546,0.2521586129996649,0.18380379800009905,43,2026,1.0254080007004989,0.053115236557175774,0.9330322901380448,0.9481733214307778,,,0.22680890538033396,0.30844155844155846,0.18042671614100186,0.28432282003710574
moe_continue,28,48,0.03959559163697634,0.12062924731710548,0.9981447124304267,0.9665738161559888,0.2599081309999747,0.18972622000001138,43,2026,1.0219296473283515,0.04981488811025985,0.9312568549966989,0.9476068074863256,,,0.2082560296846011,0.3042671614100185,0.2077922077922078,0.27968460111317256
moe_continue,29,49,0.03820512842409276,0.11809292372239304,0.9981447124304267,0.9665738161559888,0.2675740139998197,0.19560412500004531,43,2026,1.0236704791306868,0.048441833215399625,0.9294076583078917,0.9468872551426553,,,0.20593692022263452,0.3010204081632653,0.20269016697588127,0.29035250463821893
moe_continue,30,50,0.03621283546500013,0.11747596860515125,0.9981447124304267,0.9637883008356546,0.2759730899997521,0.20193914699984816,43,2026,1.0307529909388768,0.046520365374388896,0.9247318732861572,0.9421163295887796,,,0.2054730983302412,0.310760667903525,0.19387755102040816,0.2898886827458256
moe_continue,31,51,0.0379392662703016,0.119040632658684,0.9972170686456401,0.9665738161559888,0.28447533999997177,0.20814926200000627,43,2026,1.0155307118856347,0.048094573389157944,0.9272990952342752,0.9470008438194001,,,0.23098330241187384,0.29916512059369205,0.20686456400742115,0.262987012987013
moe_continue,32,52,0.03491706506452779,0.11429012194105814,0.9981447124304267,0.9665738161559888,0.2924759559996346,0.21425222600009874,43,2026,1.0213996147627544,0.045131061212155335,0.9239313125300834,0.9440077414544553,,,0.20640074211502782,0.30009276437847865,0.21196660482374768,0.2815398886827458
moe_continue,33,53,0.03307753275325293,0.11102932715434283,0.9981447124304267,0.9665738161559888,0.3005887609997444,0.22053307699979996,43,2026,1.0222857102307625,0.04330038985556056,0.922238792333393,0.9426685768455306,,,0.21614100185528756,0.3075139146567718,0.20408163265306123,0.2722634508348794
moe_continue,34,54,0.03235096848078357,0.11301794420050944,0.9981447124304267,0.9665738161559888,0.30804957600003036,0.22608605399955195,43,2026,1.0252613443991658,0.04260358192477523,0.9194311474329149,0.9405364144680363,,,0.19805194805194806,0.3070500927643785,0.2166048237476809,0.2782931354359926
moe_continue,35,55,0.03177576167085552,0.11515964989453735,0.9981447124304267,0.9665738161559888,0.31570110799975737,0.23164870599975984,43,2026,1.0201384256064308,0.041977145926919826,0.9191641063571221,0.9415629693471553,,,0.21289424860853431,0.29684601113172543,0.20871985157699444,0.2815398886827458
moe_continue,36,56,0.03194051507459906,0.1137803387489163,0.9990723562152134,0.9665738161559888,0.32280557700005374,0.23683058499955223,43,2026,1.015907990235203,0.042099594976951094,0.9183703217015371,0.9419217016243423,,,0.22356215213358072,0.2917439703153989,0.20918367346938777,0.2755102040816326
moe_continue,37,57,0.030193195066106127,0.11276422425678026,0.9990723562152134,0.9665738161559888,0.3311977119997209,0.24337988899969787,43,2026,1.0195907656761105,0.040389102722867234,0.9159225859047171,0.9397841738780947,,,0.22356215213358072,0.2987012987012987,0.2012987012987013,0.2764378478664193
moe_continue,38,58,0.02975160823697075,0.11325513739208284,0.9990723562152134,0.9665738161559888,0.33887593400004334,0.24904391299969575,43,2026,1.0220734442201667,0.03997234267917242,0.912855381439938,0.9379123019401705,,,0.23191094619666047,0.2987012987012987,0.18970315398886828,0.27968460111317256
moe_continue,39,59,0.02901645653542713,0.1118182478934914,0.9981447124304267,0.9665738161559888,0.34718826900007116,0.25506292099998973,43,2026,1.0195845810312518,0.03921230234573965,0.9123667481221673,0.9387280603609787,,,0.23191094619666047,0.28617810760667906,0.19202226345083487,0.2898886827458256
moe_continue,40,60,0.027055303264301205,0.1063889615930267,0.9990723562152134,0.9665738161559888,0.3550336109997261,0.26104169800009913,43,2026,1.0187368409590802,0.03724267167389201,0.9100109932620718,0.9367821046785747,0.006920564163782743,0.00214468956671563,0.20964749536178107,0.3010204081632653,0.22541743970315398,0.26391465677179965
moe_continue,41,61,0.02660396151089068,0.10717318859979072,0.9990723562152134,0.9665738161559888,0.36602828800005227,0.26681727000004685,43,2026,1.0208840683841245,0.036812802194731924,0.9085579491059512,0.9361402539266,,,0.19990723562152132,0.29730983302411873,0.2258812615955473,0.27690166975881264
moe_continue,42,62,0.026488385311612073,0.11245865817200917,0.9990723562152134,0.9665738161559888,0.3740623849998883,0.2727370890002021,43,2026,1.0127505154070886,0.03661589046568296,0.9095902564288263,0.938018935544813,,,0.2300556586270872,0.2894248608534323,0.21428571428571427,0.2662337662337662
moe_continue,43,63,0.02536495353830197,0.10758994275633765,0.9990723562152134,0.9665738161559888,0.38251968799977476,0.278974436000226,43,2026,1.0214523459368483,0.03557947699767046,0.9053109409844158,0.9337292912446596,,,0.21196660482374768,0.3014842300556586,0.212430426716141,0.27411873840445267
moe_continue,44,64,0.0253662714711192,0.11240077252857696,0.9990723562152134,0.9637883008356546,0.3901880250000431,0.28472012300017013,43,2026,1.0155473926455705,0.035521745397574904,0.9061010937105902,0.9361538400147603,,,0.24025974025974026,0.2810760667903525,0.19526901669758812,0.28339517625231914
moe_continue,45,65,0.023615950215503407,0.10671919555091643,0.9990723562152134,0.9665738161559888,0.39777906499966775,0.29028687000027276,43,2026,1.018579080305903,0.03380174101856244,0.9029995574541441,0.933304238767394,,,0.2077922077922078,0.2949907235621521,0.22402597402597402,0.27319109461966606
moe_continue,46,66,0.0232526650857397,0.10736425548615343,0.9990723562152134,0.9665738161559888,0.4052830549999271,0.29587921600023037,43,2026,1.0160680266835231,0.03341334535257493,0.9021816607383079,0.933190112638635,,,0.22217068645640073,0.29684601113172543,0.21753246753246752,0.2634508348794063
moe_continue,47,67,0.02349274060171777,0.11510736484311536,0.9990723562152134,0.9637883008356546,0.4145491189997301,0.3028182719999677,43,2026,1.0164796127537334,0.0336575367292551,0.901698798015998,0.9336287337096201,,,0.24304267161410018,0.2810760667903525,0.19155844155844157,0.28432282003710574
moe_continue,48,68,0.02194577648132995,0.10567304740760237,0.9990723562152134,0.9665738161559888,0.42316113399965616,0.3093252529997699,43,2026,1.021651845282465,0.032162294934154595,0.8974558245621872,0.9295559581842212,,,0.1989795918367347,0.2945269016697588,0.22727272727272727,0.2792207792207792
moe_continue,49,69,0.02208369967880669,0.10809124774757217,0.9990723562152134,0.9665738161559888,0.4316670200000772,0.3158359389999532,43,2026,1.0124433894900673,0.03220813357370736,0.8992212756116316,0.9325070411971879,,,0.2258812615955473,0.287569573283859,0.2212430426716141,0.2653061224489796
moe_continue,50,70,0.021528481101901253,0.10694177383438201,0.9990723562152134,0.9665738161559888,0.4400471059998381,0.32228483200015035,43,2026,1.0162278947317613,0.031690760049218863,0.8966892584701216,0.9305396054244198,,,0.20918367346938777,0.2829313543599258,0.22820037105751392,0.27968460111317256
moe_continue,51,71,0.020617267290181984,0.1068199357850259,0.9990723562152134,0.9637883008356546,0.4486177690000659,0.32882363099997747,43,2026,1.0159406147282193,0.030776673437464177,0.8954528362198817,0.929535977095735,,,0.23098330241187384,0.2894248608534323,0.20593692022263452,0.27365491651205937
moe_continue,52,72,0.020129555043073514,0.10585957165456045,0.9990723562152134,0.9665738161559888,0.4571753129998797,0.33505892399989534,43,2026,1.0193925578561833,0.030323480621635347,0.8926622132505406,0.9274108635222825,,,0.20640074211502782,0.29545454545454547,0.22634508348794063,0.2717996289424861
moe_continue,53,73,0.020083543801151012,0.10762296467798124,0.9990723562152134,0.9637883008356546,0.46974221299979035,0.3422629329998017,43,2026,1.0120701537208698,0.030204245338359713,0.8943848279111604,0.9304140946455881,,,0.2342300556586271,0.2787569573283859,0.21103896103896103,0.275974025974026
moe_continue,54,74,0.019399478487967445,0.10655288152335997,0.9990723562152134,0.9665738161559888,0.4796481439998388,0.3498337029996037,43,2026,1.0096486671476652,0.029495965159444096,0.8933745657575203,0.9302260278409539,,,0.2230983302411874,0.28339517625231914,0.23562152133580705,0.25788497217068646
moe_continue,55,75,0.01874547765274363,0.10476856973560696,0.9990723562152134,0.9665738161559888,0.4908548489997884,0.35886155399975905,43,2026,1.017492258273408,0.028920400235477713,0.8888442877860967,0.9256447226494322,,,0.21614100185528756,0.28710575139146566,0.2193877551020408,0.27736549165120594
moe_continue,56,76,0.018752339079209496,0.1074644304934213,0.9990723562152134,0.9637883008356546,0.5010292829997525,0.36671053199961534,43,2026,1.0099341346739836,0.028851680425949332,0.8903459638629649,0.9284782945748864,,,0.23144712430426717,0.28061224489795916,0.22356215213358072,0.26437847866419295
moe_continue,57,77,0.01789776808782445,0.10656607568628448,0.9990723562152134,0.9665738161559888,0.5114427660000729,0.3746351449995018,43,2026,1.0130690460048717,0.02802845854787317,0.8878922221882264,0.9260886462514022,,,0.2277365491651206,0.2894248608534323,0.22077922077922077,0.26205936920222633
moe_continue,58,78,0.017681651748619246,0.10768952251062107,1.0,0.9665738161559888,0.5215879170000335,0.3823137279991897,43,2026,1.017729475348449,0.027858946502103736,0.8853421467165289,0.9236687865183042,,,0.2082560296846011,0.2847866419294991,0.22680890538033396,0.28014842300556586
moe_continue,59,79,0.017847107096840734,0.10553694118300683,0.9990723562152134,0.9693593314763231,0.5318107929997495,0.390237819999129,43,2026,1.017342213430427,0.028020529231145005,0.8839854444968731,0.9232836505514709,,,0.20037105751391465,0.28385899814471244,0.23933209647495363,0.2764378478664193
moe_continue,60,80,0.01656309226652009,0.10634246107609494,0.9990723562152134,0.9665738161559888,0.542163724999682,0.3981953019992943,43,2026,1.0126197618374497,0.026689289884894586,0.883895561902674,0.9236771308873676,0.004558843689487669,0.001541943494608947,0.2258812615955473,0.28710575139146566,0.22448979591836735,0.2625231910946197
moe_continue,61,81,0.01684330403191396,0.10786325517692531,1.0,0.9665738161559888,0.5563442309999118,0.406234776999554,43,2026,1.0110534369275617,0.026953838401189575,0.8835122880847109,0.9240189323217322,,,0.23562152133580705,0.28014842300556586,0.2166048237476809,0.26762523191094617
moe_continue,62,82,0.016124989418938345,0.10408632182490106,1.0,0.9693593314763231,0.5667527969999355,0.4142491639995569,43,2026,1.0130373548585936,0.02625536296752428,0.88111664367247,0.9221924500899852,,,0.21521335807050093,0.288961038961039,0.2388682745825603,0.2569573283858998
moe_continue,63,83,0.01570546647732561,0.10537531295980286,1.0,0.9693593314763231,0.5770918979997077,0.42224457299926144,43,2026,1.0142437018553627,0.02584790349587924,0.87929299639433,0.9204452114474918,,,0.21567717996289426,0.28710575139146566,0.23283858998144713,0.26437847866419295
moe_continue,64,84,0.015945975180654035,0.10696973137109213,1.0,0.9665738161559888,0.5872662319998199,0.43006650099914623,43,2026,1.0091201063571478,0.02603717624422551,0.879833828280306,0.9222190778711189,,,0.2193877551020408,0.2722634508348794,0.24257884972170687,0.2657699443413729
moe_continue,65,85,0.015040350809967708,0.1055091793417601,1.0,0.9665738161559888,0.5973266239998338,0.4377742469991972,43,2026,1.010781401279541,0.02514816482276312,0.8778150677719303,0.9205797368179192,,,0.22031539888682747,0.2824675324675325,0.23747680890538034,0.2597402597402597
moe_continue,66,86,0.014558135294439601,0.10588329358952127,1.0,0.9665738161559888,0.6074805479997849,0.4455860699990808,43,2026,1.0121489533494599,0.024679624827934198,0.8762852706900754,0.9189891613950777,,,0.23098330241187384,0.28432282003710574,0.2193877551020408,0.2653061224489796
moe_continue,67,87,0.014538750403994738,0.10667829044256948,1.0,0.9665738161559888,0.6183465659996727,0.4540074329993331,43,2026,1.0144069564336025,0.024682819968330764,0.8741299649190021,0.9170706753187138,,,0.21753246753246752,0.2810760667903525,0.22866419294990722,0.2727272727272727
moe_continue,68,88,0.01411916573676799,0.10753837342595161,1.0,0.9665738161559888,0.627461146999849,0.46077323399958914,43,2026,1.0090034648404178,0.02420920038517217,0.8750270421557746,0.9192211171492503,,,0.22680890538033396,0.2782931354359926,0.2342300556586271,0.2606679035250464
moe_continue,69,89,0.013797607661532716,0.1042224541498403,1.0,0.9693593314763231,0.6469288799999049,0.4771482279998054,43,2026,1.01201748029045,0.023917782464437216,0.8723873040207489,0.9166894965510447,,,0.21753246753246752,0.28664192949907236,0.2388682745825603,0.2569573283858998
moe_continue,70,90,0.013595191360831796,0.10587089949496069,1.0,0.9665738161559888,0.6571977309999966,0.48522614599960434,43,2026,1.0107806597869597,0.023702997958701393,0.8718068179562157,0.916825012289521,,,0.22680890538033396,0.28014842300556586,0.2277365491651206,0.2653061224489796
moe_continue,71,91,0.0130854844704827,0.10665981833824714,1.0,0.9665738161559888,0.66614594199973,0.49207270699980654,43,2026,1.0132994885173392,0.02321847935565609,0.8696876273268735,0.915391257378861,,,0.21150278293135436,0.28617810760667906,0.24211502782931354,0.2602040816326531
moe_continue,72,92,0.013178000753425248,0.10230828101640982,1.0,0.9721448467966574,0.6747832349997225,0.4986376349997954,43,2026,1.011019142889964,0.02328819218232489,0.869225667859929,0.9156569363769872,,,0.21057513914656772,0.27690166975881264,0.25092764378478666,0.26159554730983303
moe_continue,73,93,0.012998054983797741,0.10428153063506528,1.0,0.9693593314763231,0.6827697999997326,0.504698585999904,43,2026,1.0095541126773302,0.023093596110571043,0.8684133845816226,0.9153556723394833,,,0.21521335807050093,0.274582560296846,0.24907235621521337,0.26113172541743973
moe_continue,74,94,0.012372428727479108,0.1081274742757419,1.0,0.9693593314763231,0.6904837359998055,0.510605865999878,43,2026,1.0116425485737681,0.022488854213216787,0.8662639765061602,0.9134233901854112,,,0.21799628942486085,0.27690166975881264,0.237012987012987,0.2680890538033395
moe_continue,75,95,0.012112770603359269,0.10391296293417636,1.0,0.9693593314763231,0.6983527239999603,0.5164323439998952,43,2026,1.0110154353297365,0.022222924956656634,0.8653354023489982,0.9132460863900085,,,0.21289424860853431,0.27782931354359924,0.24768089053803338,0.26159554730983303
moe_continue,76,96,0.012170274646342624,0.10354121271792059,1.0,0.9693593314763231,0.706390435999765,0.5225160489999325,43,2026,1.0114889011466108,0.02228516365780873,0.8642212127243275,0.9126799218692045,,,0.21103896103896103,0.27782931354359924,0.2481447124304267,0.262987012987013
moe_continue,77,97,0.011559537782706571,0.10551588471576237,1.0,0.9693593314763231,0.7161203020000357,0.5299167240000315,43,2026,1.0121431392163556,0.021680969174870127,0.8632352614457819,0.9115309879473072,,,0.21753246753246752,0.2810760667903525,0.23654916512059368,0.26484230055658625
moe_continue,78,98,0.011309244605197865,0.1025485430226182,1.0,0.9693593314763231,0.7246763829998599,0.5364017520000743,43,2026,1.0122763959888963,0.021432008565086827,0.8625916753003414,0.9117135432698834,,,0.20640074211502782,0.2787569573283859,0.2527829313543599,0.26205936920222633
moe_continue,79,99,0.010903924726959396,0.10309299289979287,1.0,0.9693593314763231,0.7333192649998637,0.5427771459999349,43,2026,1.0102719096314756,0.021006643823274152,0.8619349144909488,0.9116258934997419,,,0.21753246753246752,0.2824675324675325,0.24721706864564008,0.2527829313543599
moe_continue,80,100,0.010869754179905352,0.10271329257144375,1.0,0.9693593314763231,0.7417272839998077,0.5491978669997479,43,2026,1.0116117152807955,0.020985871332713305,0.8604844958646193,0.9103320525319117,0.0024098505859913065,0.0013209821306193453,0.21196660482374768,0.27736549165120594,0.24721706864564008,0.2634508348794063
linear_mac_matched,0,20,0.17527819542100526,0.23006971737631432,0.9693877551020408,0.9442896935933147,0.00031482299982599216,0.0,43,2026,,,,,,,,,,
linear_mac_matched,1,21,0.16706230959851387,0.22580884496074358,0.9712430426716141,0.9387186629526463,0.002426567999918916,0.0017830509996201727,43,2026,,,,,,,,,,
linear_mac_matched,2,22,0.1599234912252117,0.21747301927293894,0.9730983302411874,0.9415041782729805,0.004010568000012427,0.003123454999695241,43,2026,,,,,,,,,,
linear_mac_matched,3,23,0.15353794198122314,0.21270518911202618,0.9749536178107606,0.9442896935933147,0.005849783000030584,0.0047169199997370015,43,2026,,,,,,,,,,
linear_mac_matched,4,24,0.14802882028399644,0.20746062175725313,0.9730983302411874,0.947075208913649,0.007689468000080524,0.0062474009996549285,43,2026,,,,,,,,,,
linear_mac_matched,5,25,0.14275494098678315,0.2031080845639249,0.974025974025974,0.947075208913649,0.009671757999967667,0.007951352999953087,43,2026,,,,,,,,,,
linear_mac_matched,6,26,0.13821944036168818,0.1986857692276875,0.9758812615955473,0.9498607242339833,0.011385014000097726,0.009376235000218003,43,2026,,,,,,,,,,
linear_mac_matched,7,27,0.13402652399321138,0.19628508853088453,0.9777365491651205,0.9526462395543176,0.01309771800015369,0.010841638000329112,43,2026,,,,,,,,,,
linear_mac_matched,8,28,0.13019260545242636,0.19282268432225422,0.9768089053803339,0.947075208913649,0.01478456399991046,0.012254973000381142,43,2026,,,,,,,,,,
linear_mac_matched,9,29,0.1266503577285594,0.19027622742177078,0.9777365491651205,0.947075208913649,0.016720793999866146,0.013943210000434192,43,2026,,,,,,,,,,
linear_mac_matched,10,30,0.12313687782726361,0.1864248090322862,0.9795918367346939,0.9498607242339833,0.01829153500011671,0.015233800000714837,43,2026,,,,,,,,,,
linear_mac_matched,11,31,0.11992926063634875,0.18437574111154414,0.9795918367346939,0.9498607242339833,0.019904279000002134,0.016568276000725746,43,2026,,,,,,,,,,
linear_mac_matched,12,32,0.11692855531793399,0.18187974372826468,0.9795918367346939,0.9554317548746518,0.021811086000070645,0.018152768001073127,43,2026,,,,,,,,,,
linear_mac_matched,13,33,0.114144827766775,0.17804199195786283,0.9814471243042672,0.9526462395543176,0.0234446909998951,0.019541606000984757,43,2026,,,,,,,,,,
linear_mac_matched,14,34,0.11151357096714866,0.17745075726015616,0.9805194805194806,0.9498607242339833,0.024882182000055764,0.02070144900108062,43,2026,,,,,,,,,,
linear_mac_matched,15,35,0.10898232885373069,0.17675768144008525,0.9805194805194806,0.9526462395543176,0.02685232299972995,0.022422316001211584,43,2026,,,,,,,,,,
linear_mac_matched,16,36,0.1067263078368597,0.17320870248786796,0.9833024118738405,0.9554317548746518,0.028576534999956493,0.023901750001186883,43,2026,,,,,,,,,,
linear_mac_matched,17,37,0.10432466111880545,0.17184294280818513,0.9833024118738405,0.9554317548746518,0.030422549999912007,0.025441444001444324,43,2026,,,,,,,,,,
linear_mac_matched,18,38,0.10214078520823662,0.1705799456559736,0.9833024118738405,0.9554317548746518,0.03240009299997837,0.027131084001212002,43,2026,,,,,,,,,,
linear_mac_matched,19,39,0.10019457012832164,0.16930800336123372,0.9833024118738405,0.9526462395543176,0.0338982749999559,0.028391629001362162,43,2026,,,,,,,,,,
linear_mac_matched,20,40,0.09813040041472175,0.16832393200675327,0.9842300556586271,0.9554317548746518,0.03566758499982825,0.029907437001384096,43,2026,,,,,,,,,,
linear_mac_matched,21,41,0.09649475259362197,0.16406341485450057,0.9851576994434137,0.9554317548746518,0.03753881700004058,0.031301423001423245,43,2026,,,,,,,,,,
linear_mac_matched,22,42,0.09447631155492933,0.1655754237072735,0.9851576994434137,0.9526462395543176,0.03924182699984158,0.03262231800135851,43,2026,,,,,,,,,,
linear_mac_matched,23,43,0.09294382337966381,0.1650557467757593,0.9860853432282004,0.958217270194986,0.04073162599979696,0.033862623001368775,43,2026,,,,,,,,,,
linear_mac_matched,24,44,0.09099660989704157,0.1623183004507318,0.9851576994434137,0.9554317548746518,0.042676399999891146,0.035480975001519255,43,2026,,,,,,,,,,
linear_mac_matched,25,45,0.08951889724008305,0.16230930741025237,0.9842300556586271,0.9526462395543176,0.044215182999778335,0.03675379800142764,43,2026,,,,,,,,,,
linear_mac_matched,26,46,0.08791340051881501,0.16053857813495023,0.987012987012987,0.9498607242339833,0.04624441299984028,0.03832030300145561,43,2026,,,,,,,,,,
linear_mac_matched,27,47,0.08628020574851888,0.15888452352920662,0.9879406307977736,0.9498607242339833,0.0479315789998509,0.039761249001458054,43,2026,,,,,,,,,,
linear_mac_matched,28,48,0.08490975084461609,0.15760295385828743,0.9879406307977736,0.9554317548746518,0.04933818400013479,0.040915935001521575,43,2026,,,,,,,,,,
linear_mac_matched,29,49,0.08354028404602347,0.15548791981881468,0.9888682745825603,0.9554317548746518,0.0511051899998165,0.04230187800158092,43,2026,,,,,,,,,,
linear_mac_matched,30,50,0.08221991392427816,0.157575586741107,0.9888682745825603,0.958217270194986,0.05295579199992062,0.04390941500196277,43,2026,,,,,,,,,,
linear_mac_matched,31,51,0.0807768048507716,0.15489299743785515,0.9888682745825603,0.958217270194986,0.054627555000024586,0.0452597450016583,43,2026,,,,,,,,,,
linear_mac_matched,32,52,0.07960415103923585,0.15248789823037953,0.9888682745825603,0.958217270194986,0.0563337789999423,0.04655201700143152,43,2026,,,,,,,,,,
linear_mac_matched,33,53,0.07834193296328477,0.15385231653178336,0.9888682745825603,0.9554317548746518,0.05801295299988851,0.047985812001570594,43,2026,,,,,,,,,,
linear_mac_matched,34,54,0.07703202021075153,0.15265061431426818,0.9897959183673469,0.9554317548746518,0.059635291999711626,0.049366117001227394,43,2026,,,,,,,,,,
linear_mac_matched,35,55,0.0760658964282982,0.15243191426556849,0.9888682745825603,0.9554317548746518,0.06146791699984533,0.05072486000108256,43,2026,,,,,,,,,,
linear_mac_matched,36,56,0.07470865060689365,0.15039114903704834,0.9888682745825603,0.958217270194986,0.06320368599972426,0.05213757400133545,43,2026,,,,,,,,,,
linear_mac_matched,37,57,0.07376963617330433,0.14970863700738904,0.9916512059369202,0.9610027855153204,0.06461202299988145,0.053311810001559934,43,2026,,,,,,,,,,
linear_mac_matched,38,58,0.07262967507644898,0.15150296373342653,0.9888682745825603,0.958217270194986,0.0660616619998109,0.05452645600144024,43,2026,,,,,,,,,,
linear_mac_matched,39,59,0.07154842479593315,0.14833165452225566,0.9907235621521335,0.9610027855153204,0.06779892299982748,0.05602371700115327,43,2026,,,,,,,,,,
linear_mac_matched,40,60,0.07060645100981355,0.1479272228167609,0.9897959183673469,0.9610027855153204,0.06943782700000156,0.05731258400146544,43,2026,,,,,,,,,,
linear_mac_matched,41,61,0.06945050793468643,0.1473517520481968,0.9907235621521335,0.9610027855153204,0.07103900399988561,0.058575462001499545,43,2026,,,,,,,,,,
linear_mac_matched,42,62,0.06853557143089978,0.14750552192543848,0.9916512059369202,0.9610027855153204,0.07264260400006606,0.05994329900113371,43,2026,,,,,,,,,,
linear_mac_matched,43,63,0.06769368584488025,0.1470958988892617,0.9916512059369202,0.9610027855153204,0.07411259399987102,0.061179888000879146,43,2026,,,,,,,,,,
linear_mac_matched,44,64,0.06672652851797936,0.14610272246340517,0.9907235621521335,0.9610027855153204,0.0758633360001113,0.06261695800094458,43,2026,,,,,,,,,,
linear_mac_matched,45,65,0.06585389582256694,0.14384400594157734,0.9925788497217068,0.9610027855153204,0.07753663099992991,0.06398258100125531,43,2026,,,,,,,,,,
linear_mac_matched,46,66,0.06492589690461734,0.14543491678237813,0.9916512059369202,0.9610027855153204,0.07901418199980981,0.0651762650013552,43,2026,,,,,,,,,,
linear_mac_matched,47,67,0.06407649813236571,0.1422421361089744,0.9925788497217068,0.9610027855153204,0.08049979499992332,0.06638345000146728,43,2026,,,,,,,,,,
linear_mac_matched,48,68,0.06323324136715545,0.1433185299363363,0.9925788497217068,0.9610027855153204,0.08210050099978616,0.06774815200151352,43,2026,,,,,,,,,,
linear_mac_matched,49,69,0.06242892107486349,0.14527744401351844,0.9935064935064936,0.9610027855153204,0.08372509299988451,0.0691349770013403,43,2026,,,,,,,,,,
linear_mac_matched,50,70,0.061589040527594,0.14239398126213892,0.9925788497217068,0.9610027855153204,0.08510565799997494,0.07028625700104385,43,2026,,,,,,,,,,
linear_mac_matched,51,71,0.06099598605440283,0.13981856397124975,0.9935064935064936,0.9610027855153204,0.08682703600015884,0.07165447400120684,43,2026,,,,,,,,,,
linear_mac_matched,52,72,0.060033200764526194,0.14102597495007843,0.9925788497217068,0.9610027855153204,0.08833888799972556,0.07291063200136705,43,2026,,,,,,,,,,
linear_mac_matched,53,73,0.05925725842521965,0.14057465714348208,0.9944341372912802,0.9610027855153204,0.0899738560001424,0.07429513300166946,43,2026,,,,,,,,,,
linear_mac_matched,54,74,0.05866824971535071,0.14193866321349927,0.9925788497217068,0.958217270194986,0.0918261399997391,0.07579871300185914,43,2026,,,,,,,,,,
linear_mac_matched,55,75,0.05795678617786343,0.13844719028411698,0.9944341372912802,0.9610027855153204,0.09326972999997452,0.07698731000164116,43,2026,,,,,,,,,,
linear_mac_matched,56,76,0.05727551755917092,0.14230455367921324,0.9953617810760668,0.9610027855153204,0.09483867900007681,0.0783204340013981,43,2026,,,,,,,,,,
linear_mac_matched,57,77,0.056569649554836676,0.13876687395900786,0.9944341372912802,0.9610027855153204,0.09644173800006683,0.07956486400144058,43,2026,,,,,,,,,,
linear_mac_matched,58,78,0.05577712240318002,0.13964248543024213,0.9944341372912802,0.9610027855153204,0.09829699700003403,0.0811469530017348,43,2026,,,,,,,,,,
linear_mac_matched,59,79,0.05528889297296937,0.13800372396037294,0.9953617810760668,0.9610027855153204,0.09987882499990519,0.08242027700180188,43,2026,,,,,,,,,,
linear_mac_matched,60,80,0.05457045320689973,0.1390808902469758,0.9944341372912802,0.9610027855153204,0.10141176900015125,0.08371029600175461,43,2026,,,,,,,,,,
linear_mac_matched,61,81,0.053854556324410593,0.13852379912714569,0.9953617810760668,0.9610027855153204,0.10344594699972731,0.08544703600182402,43,2026,,,,,,,,,,
linear_mac_matched,62,82,0.05323074019003651,0.13641128979244857,0.9953617810760668,0.9610027855153204,0.10493605700003172,0.08661079500143387,43,2026,,,,,,,,,,
linear_mac_matched,63,83,0.052657543286559035,0.13758865842658952,0.9953617810760668,0.9610027855153204,0.10655689299983351,0.08792673300149545,43,2026,,,,,,,,,,
linear_mac_matched,64,84,0.052096070635584496,0.1371470211134012,0.9953617810760668,0.9610027855153204,0.10823583699993833,0.0893091410011948,43,2026,,,,,,,,,,
linear_mac_matched,65,85,0.051633578924362315,0.13527058027362482,0.9953617810760668,0.9610027855153204,0.10963179600003059,0.09047250000139684,43,2026,,,,,,,,,,
linear_mac_matched,66,86,0.050987976203494774,0.13498396962604897,0.9944341372912802,0.9610027855153204,0.11120781499994337,0.09171377600114283,43,2026,,,,,,,,,,
linear_mac_matched,67,87,0.05032711266740956,0.13739273127922555,0.9953617810760668,0.9610027855153204,0.11323780600014288,0.0934361450013057,43,2026,,,,,,,,,,
linear_mac_matched,68,88,0.04981458090940435,0.1373421804544566,0.9953617810760668,0.9610027855153204,0.1149200039999414,0.09487462700099059,43,2026,,,,,,,,,,
linear_mac_matched,69,89,0.049354602419363076,0.13190868582920479,0.9953617810760668,0.9610027855153204,0.11648752099972626,0.0962032040010854,43,2026,,,,,,,,,,
linear_mac_matched,70,90,0.048742665171714626,0.13572709362069374,0.9953617810760668,0.9610027855153204,0.11835838299975876,0.09775548700099534,43,2026,,,,,,,,,,
linear_mac_matched,71,91,0.04817264176272478,0.13544614232842034,0.9953617810760668,0.9610027855153204,0.12000609999995504,0.09916155100108881,43,2026,,,,,,,,,,
linear_mac_matched,72,92,0.04772689032333347,0.13153281281909243,0.9953617810760668,0.9610027855153204,0.12148160800006735,0.10039299200116147,43,2026,,,,,,,,,,
linear_mac_matched,73,93,0.047250255155927734,0.1364440553125791,0.9953617810760668,0.9610027855153204,0.12316276499996093,0.10172801800126763,43,2026,,,,,,,,,,
linear_mac_matched,74,94,0.04669902046984636,0.13358989987154962,0.9953617810760668,0.9610027855153204,0.12459161200013114,0.10290830200165146,43,2026,,,,,,,,,,
linear_mac_matched,75,95,0.046371401374908076,0.1340276431854592,0.9953617810760668,0.9610027855153204,0.12642207399994732,0.10440649400152324,43,2026,,,,,,,,,,
linear_mac_matched,76,96,0.045660035106855866,0.13401998203926124,0.9953617810760668,0.9610027855153204,0.12804661600011968,0.10568870100178174,43,2026,,,,,,,,,,
linear_mac_matched,77,97,0.04527784007317525,0.13186906803990864,0.9962894248608535,0.9610027855153204,0.12956873399980395,0.10689497400198888,43,2026,,,,,,,,,,
linear_mac_matched,78,98,0.04481003264240392,0.13426029831621047,0.9953617810760668,0.9610027855153204,0.13144787900000665,0.10844897000197307,43,2026,,,,,,,,,,
linear_mac_matched,79,99,0.04429234069911619,0.13377578012835342,0.9972170686456401,0.9610027855153204,0.1330537529997855,0.1098061000020607,43,2026,,,,,,,,,,
linear_mac_matched,80,100,0.043900028218892904,0.13070178426564866,0.9972170686456401,0.9610027855153204,0.13462625600004685,0.11113908300194453,43,2026,,,,,,,,,,
linear_mac_matched,81,101,0.043394440711443806,0.1321275236778368,0.9972170686456401,0.9610027855153204,0.13684376499986683,0.11239650300194626,43,2026,,,,,,,,,,
linear_mac_matched,82,102,0.042996726488063956,0.13302470495469662,0.9972170686456401,0.9610027855153204,0.13931332699985433,0.11453353600199989,43,2026,,,,,,,,,,
linear_mac_matched,83,103,0.0425923023281817,0.13221468867944694,0.9972170686456401,0.9610027855153204,0.14090079300012803,0.11586882400206377,43,2026,,,,,,,,,,
linear_mac_matched,84,104,0.042136096292088775,0.1293376494348635,0.9981447124304267,0.9610027855153204,0.1427562119997674,0.11726643500196587,43,2026,,,,,,,,,,
linear_mac_matched,85,105,0.0417536078433533,0.13144133157330185,0.9981447124304267,0.9610027855153204,0.1445131229997969,0.11877979900191349,43,2026,,,,,,,,,,
linear_mac_matched,86,106,0.041315435424591276,0.13034196531802728,0.9981447124304267,0.9610027855153204,0.14631695399975797,0.12029196200182923,43,2026,,,,,,,,,,
linear_mac_matched,87,107,0.040941094157243695,0.13133883823967293,0.9981447124304267,0.9610027855153204,0.1480005949997576,0.1217288620018735,43,2026,,,,,,,,,,
linear_mac_matched,88,108,0.04051491651286356,0.13067482159766783,0.9981447124304267,0.9610027855153204,0.1497812919997159,0.1232541050017062,43,2026,,,,,,,,,,
linear_mac_matched,89,109,0.040177875648650156,0.12933667580490943,0.9981447124304267,0.9637883008356546,0.15189697200003138,0.12490933300159668,43,2026,,,,,,,,,,
linear_mac_matched,90,110,0.039763168796940904,0.13130717391778143,0.9981447124304267,0.9610027855153204,0.15411468599995715,0.1267913420019795,43,2026,,,,,,,,,,
linear_mac_matched,91,111,0.039488052360707154,0.1299706925012523,0.9981447124304267,0.9610027855153204,0.15591794600004505,0.12834838200205922,43,2026,,,,,,,,,,
linear_mac_matched,92,112,0.03898433773547655,0.1302399747358412,0.9981447124304267,0.9610027855153204,0.1575218469997708,0.12969895200194514,43,2026,,,,,,,,,,
linear_mac_matched,93,113,0.038671061559766746,0.12786943476023602,0.9981447124304267,0.9610027855153204,0.1596915589998389,0.1316135710017079,43,2026,,,,,,,,,,
linear_mac_matched,94,114,0.038433613014898664,0.1305885149939162,0.9981447124304267,0.9610027855153204,0.16152014799990866,0.1330999150018215,43,2026,,,,,,,,,,
linear_mac_matched,95,115,0.03799369189941285,0.1287027846068798,0.9981447124304267,0.9637883008356546,0.16391024499989726,0.13510659700204997,43,2026,,,,,,,,,,
linear_mac_matched,96,116,0.03764411383637472,0.12874651511677715,0.9981447124304267,0.9637883008356546,0.16563082199991186,0.1364601710019997,43,2026,,,,,,,,,,
linear_mac_matched,97,117,0.03727245400332913,0.1283601813655861,0.9981447124304267,0.9637883008356546,0.16739995099987937,0.13792948900209012,43,2026,,,,,,,,,,
linear_mac_matched,98,118,0.03691734361764516,0.12800417246101747,0.9981447124304267,0.9637883008356546,0.16928922099987176,0.13935840700196422,43,2026,,,,,,,,,,
linear_mac_matched,99,119,0.03658044638281297,0.12670835303801048,0.9981447124304267,0.9637883008356546,0.17129144099999394,0.14094846700209018,43,2026,,,,,,,,,,
linear_mac_matched,100,120,0.03630629470800377,0.130991514407058,0.9981447124304267,0.9637883008356546,0.1727113349998035,0.1421259670019026,43,2026,,,,,,,,,,
linear_mac_matched,101,121,0.03595066635467378,0.12824657696184288,0.9981447124304267,0.9637883008356546,0.174849618999815,0.143970599001932,43,2026,,,,,,,,,,
linear_mac_matched,102,122,0.035746735678661705,0.12787661903343803,0.9981447124304267,0.9610027855153204,0.176326569000139,0.14519099300196103,43,2026,,,,,,,,,,
linear_mac_matched,103,123,0.03532201456964911,0.12975448386089464,0.9981447124304267,0.9637883008356546,0.17770788600000742,0.14633370100227694,43,2026,,,,,,,,,,
linear_mac_matched,104,124,0.03498122204085597,0.12717965653429458,0.9981447124304267,0.9637883008356546,0.17963279900004636,0.14801392700201177,43,2026,,,,,,,,,,
linear_mac_matched,105,125,0.03469005776650474,0.12856022568694211,0.9981447124304267,0.9637883008356546,0.18108463099997607,0.14920916400205897,43,2026,,,,,,,,,,
linear_mac_matched,106,126,0.034423682535968975,0.12655066406588122,0.9981447124304267,0.9637883008356546,0.18281815699992876,0.1506943970020984,43,2026,,,,,,,,,,
linear_mac_matched,107,127,0.0341339977262247,0.1292299598531588,0.9981447124304267,0.9637883008356546,0.1848470869999801,0.15247375200215174,43,2026,,,,,,,,,,
linear_mac_matched,108,128,0.03376205506183568,0.1283559757560866,0.9981447124304267,0.9637883008356546,0.18654964600000312,0.15385367700173447,43,2026,,,,,,,,,,
linear_mac_matched,109,129,0.03358051536901165,0.1282420589422568,0.9990723562152134,0.9637883008356546,0.18808010700013256,0.15513611500182378,43,2026,,,,,,,,,,
linear_mac_matched,110,130,0.03332720843557552,0.12481746039044135,0.9981447124304267,0.9637883008356546,0.19021225200003755,0.15698562600209698,43,2026,,,,,,,,,,
linear_mac_matched,111,131,0.0329321226830127,0.1292262991527698,0.9981447124304267,0.9637883008356546,0.19225533300004827,0.15831403300217062,43,2026,,,,,,,,,,
linear_mac_matched,112,132,0.03266022166985554,0.12708023853471723,0.9990723562152134,0.9637883008356546,0.19431305599982807,0.16007270700220033,43,2026,,,,,,,,,,
linear_mac_matched,113,133,0.032361917412352295,0.12725156020282058,0.9981447124304267,0.9610027855153204,0.19600655199974426,0.1615186610024466,43,2026,,,,,,,,,,
linear_mac_matched,114,134,0.03211411497052009,0.125596208420005,0.9981447124304267,0.9637883008356546,0.19795894599974417,0.16321574200264877,43,2026,,,,,,,,,,
linear_mac_matched,115,135,0.03190053652540013,0.12619163032296865,0.9981447124304267,0.9637883008356546,0.20022996999978204,0.16519349500276803,43,2026,,,,,,,,,,
linear_mac_matched,116,136,0.031601068175199726,0.12642195022679897,0.9981447124304267,0.9637883008356546,0.201846920999742,0.1665644050026458,43,2026,,,,,,,,,,
linear_mac_matched,117,137,0.0313281988894106,0.1286406639576812,0.9981447124304267,0.9610027855153204,0.2040178739998737,0.1682546160027414,43,2026,,,,,,,,,,
linear_mac_matched,118,138,0.031052236126405626,0.12593273586010884,0.9990723562152134,0.9637883008356546,0.2058413949998794,0.16978413600281783,43,2026,,,,,,,,,,
linear_mac_matched,119,139,0.0307976738122892,0.12479878439367603,0.9981447124304267,0.9637883008356546,0.20743746400012242,0.17113575800249237,43,2026,,,,,,,,,,
linear_mac_matched,120,140,0.03052692406711429,0.12553634003772668,0.9990723562152134,0.9637883008356546,0.20946477200004665,0.1727837850025935,43,2026,,,,,,,,,,
linear_mac_matched,121,141,0.030291310044404732,0.12566418312566516,0.9990723562152134,0.9637883008356546,0.21094672899971556,0.1739796030024081,43,2026,,,,,,,,,,
linear_mac_matched,122,142,0.030043180701460254,0.1266814821278243,0.9990723562152134,0.9637883008356546,0.21259675000010247,0.17537966800273352,43,2026,,,,,,,,,,
linear_mac_matched,123,143,0.02977868066836993,0.1252732933140289,0.9981447124304267,0.9637883008356546,0.21447679599987168,0.1768947160026073,43,2026,,,,,,,,,,
linear_mac_matched,124,144,0.029539352880339445,0.12608596540611175,0.9990723562152134,0.9637883008356546,0.21597882300011406,0.1781602890027898,43,2026,,,,,,,,,,
linear_mac_matched,125,145,0.029323278296796144,0.12504751837555686,0.9990723562152134,0.9637883008356546,0.2175001699997665,0.1794332920026136,43,2026,,,,,,,,,,
linear_mac_matched,126,146,0.029053901098234945,0.126296018063908,0.9990723562152134,0.9637883008356546,0.21912516299971685,0.18067412700247587,43,2026,,,,,,,,,,
linear_mac_matched,127,147,0.02885972760481159,0.12535571570977144,0.9990723562152134,0.9637883008356546,0.22056639899983566,0.18188428600251427,43,2026,,,,,,,,,,
linear_mac_matched,128,148,0.02868807802455337,0.12562567258078644,0.9990723562152134,0.9637883008356546,0.22208260800016433,0.18316328800256088,43,2026,,,,,,,,,,
linear_mac_matched,129,149,0.028376517166923923,0.12604410757396353,0.9990723562152134,0.9637883008356546,0.22365001499974824,0.18449723300273035,43,2026,,,,,,,,,,
linear_mac_matched,130,150,0.02815937881004604,0.12408701239793908,0.9990723562152134,0.9610027855153204,0.22531696999976703,0.1858050390023891,43,2026,,,,,,,,,,
linear_mac_matched,131,151,0.027965446331095996,0.1267612113761183,0.9990723562152134,0.9610027855153204,0.2267384070000844,0.18698777600229732,43,2026,,,,,,,,,,
linear_mac_matched,132,152,0.027747075442407624,0.12548403774647185,0.9990723562152134,0.9637883008356546,0.22830187699992166,0.18822464500226488,43,2026,,,,,,,,,,
linear_mac_matched,133,153,0.0275998479764833,0.12436025061974462,0.9990723562152134,0.9637883008356546,0.22986896299971704,0.18954719300245415,43,2026,,,,,,,,,,
linear_mac_matched,134,154,0.027269966083230818,0.12522598084432376,0.9990723562152134,0.9637883008356546,0.2314857229998779,0.1909229210027661,43,2026,,,,,,,,,,
linear_mac_matched,135,155,0.027104510226118757,0.12613876962647463,0.9990723562152134,0.9637883008356546,0.2328791770000862,0.1920805410027242,43,2026,,,,,,,,,,
linear_mac_matched,136,156,0.026932315609717133,0.12664415934578196,0.9990723562152134,0.9610027855153204,0.23461218300008113,0.1935580020026464,43,2026,,,,,,,,,,
linear_mac_matched,137,157,0.02671932789391653,0.12244605172866749,0.9990723562152134,0.9637883008356546,0.23616940300007627,0.1948305140026605,43,2026,,,,,,,,,,
linear_mac_matched,138,158,0.026466667383175702,0.1262487875958513,0.9990723562152134,0.9610027855153204,0.23768329899985474,0.19611124900256982,43,2026,,,,,,,,,,
linear_mac_matched,139,159,0.02630503723933055,0.12281725051535342,0.9990723562152134,0.9637883008356546,0.23924438599988207,0.19734302000279058,43,2026,,,,,,,,,,
linear_mac_matched,140,160,0.02606801400300681,0.125277984309679,0.9990723562152134,0.9637883008356546,0.2407946059997812,0.19866007900282057,43,2026,,,,,,,,,,
linear_mac_matched,141,161,0.02591581829193894,0.12703514519114922,0.9990723562152134,0.9637883008356546,0.24241167599984692,0.19994443000268802,43,2026,,,,,,,,,,
linear_mac_matched,142,162,0.025671910469447837,0.12385337106306152,0.9990723562152134,0.9637883008356546,0.24392078499977288,0.20122332200253368,43,2026,,,,,,,,,,
linear_mac_matched,143,163,0.025470224332768767,0.12385901730762118,0.9990723562152134,0.9637883008356546,0.2461024849999376,0.20304952700234935,43,2026,,,,,,,,,,
linear_mac_matched,144,164,0.025441338025593223,0.1274845482530792,0.9990723562152134,0.9610027855153204,0.24766064699997514,0.20436559500240037,43,2026,,,,,,,,,,
linear_mac_matched,145,165,0.025141913969697716,0.12404501481150405,0.9990723562152134,0.9637883008356546,0.24925789700000678,0.20568951500217736,43,2026,,,,,,,,,,
linear_mac_matched,146,166,0.024912831124798446,0.12355722667535363,0.9990723562152134,0.9637883008356546,0.2512707529999716,0.20736452200208078,43,2026,,,,,,,,,,
linear_mac_matched,147,167,0.0247366743110872,0.1261118605857952,0.9990723562152134,0.9637883008356546,0.2526574979997349,0.20851834700170002,43,2026,,,,,,,,,,
linear_mac_matched,148,168,0.02467367620456882,0.12230054631603282,0.9990723562152134,0.9610027855153204,0.25433848500006206,0.20992175700166626,43,2026,,,,,,,,,,
linear_mac_matched,149,169,0.024506572836138867,0.12646616377402226,0.9990723562152134,0.9637883008356546,0.2560923010000806,0.21143426100161378,43,2026,,,,,,,,,,
linear_mac_matched,150,170,0.02424157768164885,0.12428169418851075,0.9990723562152134,0.9610027855153204,0.2576346989999365,0.21273920200155771,43,2026,,,,,,,,,,
linear_mac_matched,151,171,0.0239957788048609,0.1236527104515597,0.9990723562152134,0.9637883008356546,0.2595659829999022,0.21442898300165325,43,2026,,,,,,,,,,
linear_mac_matched,152,172,0.0238037707340599,0.12466059982735746,0.9990723562152134,0.9637883008356546,0.26148288400008823,0.21609054000145989,43,2026,,,,,,,,,,
linear_mac_matched,153,173,0.02368955820476063,0.12318597596892075,0.9990723562152134,0.9610027855153204,0.26309374499987825,0.21743469000148252,43,2026,,,,,,,,,,
linear_mac_matched,154,174,0.023548337743361868,0.1280228840713722,0.9990723562152134,0.9637883008356546,0.2646564639999269,0.21875913100166144,43,2026,,,,,,,,,,
linear_mac_matched,155,175,0.023362959851678536,0.12459210307168056,0.9990723562152134,0.9610027855153204,0.2665851329998077,0.22037031300169474,43,2026,,,,,,,,,,
linear_mac_matched,156,176,0.023151498286387705,0.12304360861571532,0.9990723562152134,0.9637883008356546,0.2680708269999741,0.22161985200182244,43,2026,,,,,,,,,,
linear_mac_matched,157,177,0.022938745705720912,0.12434725664160104,0.9990723562152134,0.9637883008356546,0.26959332499973243,0.2228808170020784,43,2026,,,,,,,,,,
linear_mac_matched,158,178,0.022784054977507417,0.12574643455447249,0.9990723562152134,0.9637883008356546,0.27139740699976755,0.22439733700230136,43,2026,,,,,,,,,,
linear_mac_matched,159,179,0.022719217578658416,0.12351889939197097,0.9990723562152134,0.9610027855153204,0.27278242900001715,0.22555145200203697,43,2026,,,,,,,,,,
linear_mac_matched,160,180,0.022546308124182797,0.1256298621712039,0.9990723562152134,0.9637883008356546,0.2743962350000402,0.22685647300204437,43,2026,,,,,,,,,,
linear_mac_matched,161,181,0.02232520344083974,0.1248662390081805,0.9990723562152134,0.9637883008356546,0.27620617499997024,0.22833918200194603,43,2026,,,,,,,,,,
linear_mac_matched,162,182,0.022249760763208174,0.12234739615597046,0.9990723562152134,0.9637883008356546,0.27759725699979754,0.22949780400222153,43,2026,,,,,,,,,,
linear_mac_matched,163,183,0.021982560249577003,0.12531758006803673,0.9990723562152134,0.9637883008356546,0.27944597599980625,0.23109626700215813,43,2026,,,,,,,,,,
linear_mac_matched,164,184,0.02182228431711713,0.12391133533947103,0.9990723562152134,0.9610027855153204,0.2813622859998759,0.23226720700176884,43,2026,,,,,,,,,,
linear_mac_matched,165,185,0.02166786450267862,0.12302185330580018,0.9990723562152134,0.958217270194986,0.2837524689998645,0.23440221600185396,43,2026,,,,,,,,,,
linear_mac_matched,166,186,0.02149965501765198,0.12423339664215163,0.9990723562152134,0.9610027855153204,0.285400295999807,0.23563343700152473,43,2026,,,,,,,,,,
linear_mac_matched,167,187,0.021443297304192373,0.12568708464699274,0.9990723562152134,0.958217270194986,0.28715778800005864,0.23708319600154937,43,2026,,,,,,,,,,
linear_mac_matched,168,188,0.021297113586552743,0.12114055912040793,0.9990723562152134,0.9610027855153204,0.2887096700001166,0.2383946780014412,43,2026,,,,,,,,,,
linear_mac_matched,169,189,0.021098746543128898,0.1240006983820376,0.9990723562152134,0.9610027855153204,0.2904899469999691,0.2397426040015489,43,2026,,,,,,,,,,
linear_mac_matched,170,190,0.020915682143677953,0.12377063962020197,0.9990723562152134,0.958217270194986,0.292440218000138,0.24142927900129507,43,2026,,,,,,,,,,
linear_mac_matched,171,191,0.0207713159988744,0.12590609497844285,0.9990723562152134,0.9610027855153204,0.2939533419998952,0.24270288300158427,43,2026,,,,,,,,,,
linear_mac_matched,172,192,0.020605458083044863,0.12405092555136044,0.9990723562152134,0.9637883008356546,0.29585149600006844,0.24435697000171785,43,2026,,,,,,,,,,
linear_mac_matched,173,193,0.020465625572779093,0.12454505049974651,0.9990723562152134,0.9610027855153204,0.29753755000001547,0.24580180200155155,43,2026,,,,,,,,,,
linear_mac_matched,174,194,0.020342269255456052,0.12519175622157386,0.9990723562152134,0.9610027855153204,0.29912365400014096,0.24707666900121694,43,2026,,,,,,,,,,
linear_mac_matched,175,195,0.020212687178254148,0.12475782166710442,0.9990723562152134,0.9610027855153204,0.3007715419998931,0.24836171000106333,43,2026,,,,,,,,,,
linear_mac_matched,176,196,0.020081952544295355,0.12198707347516889,0.9990723562152134,0.9637883008356546,0.3026250479997543,0.24968460900072387,43,2026,,,,,,,,,,
linear_mac_matched,177,197,0.019936429507805314,0.12612602977694173,0.9990723562152134,0.9554317548746518,0.3043147879998287,0.25109577000102945,43,2026,,,,,,,,,,
linear_mac_matched,178,198,0.01977995332890131,0.1243780758747076,0.9990723562152134,0.9610027855153204,0.3058252179998817,0.25236993500129756,43,2026,,,,,,,,,,
linear_mac_matched,179,199,0.019672662724784132,0.1256014154919894,0.9990723562152134,0.958217270194986,0.3074974520000069,0.2538017370011403,43,2026,,,,,,,,,,
linear_mac_matched,180,200,0.01951542702797824,0.12239280168531468,0.9990723562152134,0.9637883008356546,0.3088762140000654,0.25495149500102343,43,2026,,,,,,,,,,
linear_mac_matched,181,201,0.019438762076282326,0.12532363366367022,0.9990723562152134,0.958217270194986,0.31050644500010094,0.25629626700083463,43,2026,,,,,,,,,,
linear_mac_matched,182,202,0.01924493241417292,0.12380520291030893,0.9990723562152134,0.958217270194986,0.31233291999978974,0.2578444150008181,43,2026,,,,,,,,,,
linear_mac_matched,183,203,0.019110313952590195,0.12380391224804597,0.9990723562152134,0.9610027855153204,0.31392235900011656,0.259195976000683,43,2026,,,,,,,,,,
linear_mac_matched,184,204,0.01896910609072241,0.12370878317442824,0.9990723562152134,0.958217270194986,0.3155465810000351,0.2605824500005838,43,2026,,,,,,,,,,
linear_mac_matched,185,205,0.01888606613204264,0.12334955474292239,0.9990723562152134,0.9610027855153204,0.3173945690000437,0.2620741020004971,43,2026,,,,,,,,,,
linear_mac_matched,186,206,0.018773118405731797,0.12430608186586925,1.0,0.9610027855153204,0.31890481899972656,0.2633427690007011,43,2026,,,,,,,,,,
linear_mac_matched,187,207,0.01861629568675112,0.12420710797839969,0.9990723562152134,0.958217270194986,0.320387517999734,0.26459250700054326,43,2026,,,,,,,,,,
linear_mac_matched,188,208,0.018508824888606137,0.12570959985245247,0.9990723562152134,0.958217270194986,0.32220806399982393,0.2661355170002935,43,2026,,,,,,,,,,
linear_mac_matched,189,209,0.018453478909704942,0.12125947526628493,0.9990723562152134,0.9610027855153204,0.32375925599990296,0.267442461000428,43,2026,,,,,,,,,,
linear_mac_matched,190,210,0.018266052794910087,0.12746417565281648,1.0,0.958217270194986,0.32538379800007533,0.26874906500006546,43,2026,,,,,,,,,,
linear_mac_matched,191,211,0.018107402454909167,0.12360695788979476,0.9990723562152134,0.9610027855153204,0.3271225809999123,0.27021652100029314,43,2026,,,,,,,,,,
linear_mac_matched,192,212,0.017978278059329132,0.12395265521226054,0.9990723562152134,0.958217270194986,0.328556497000136,0.27141675600068993,43,2026,,,,,,,,,,
moe_no_balance,0,20,0.17527819542100526,0.23006971737631432,0.9693877551020408,0.9442896935933147,0.0015103900000212889,0.0,43,2026,1.033944398868027,0.17527819542100526,0.9949309665193004,0.9974446170848588,1.9659494827779895e-18,0.0,0.14100185528756956,0.24025974025974026,0.45918367346938777,0.15955473098330242
moe_no_balance,1,21,0.16163683219589345,0.21866408465794127,0.9693877551020408,0.947075208913649,0.012558937999983755,0.005973229000119318,43,2026,1.0256200258711108,0.16163683219589345,0.9938704671091332,0.9944955306346784,,,0.21753246753246752,0.4049165120593692,0.21335807050092764,0.16419294990723562
moe_no_balance,2,22,0.15266272010502893,0.20989437661032834,0.974025974025974,0.947075208913649,0.02071424699988711,0.01214238300008219,43,2026,1.083329462821161,0.15266272010502893,0.9869429297178561,0.988581225006306,,,0.07467532467532467,0.44434137291280146,0.37012987012987014,0.11085343228200371
moe_no_balance,3,23,0.14852855302428233,0.20866358081109557,0.9749536178107606,0.9442896935933147,0.02949785000009797,0.01889204899998731,43,2026,1.0882138475244767,0.14852855302428233,0.9833934827082677,0.9806709086998188,,,0.09090909090909091,0.45083487940630795,0.1303339517625232,0.32792207792207795
moe_no_balance,4,24,0.13565446512146778,0.20213054626129,0.974025974025974,0.9442896935933147,0.03707662199985862,0.024475912999605498,43,2026,1.099825675845809,0.13565446512146778,0.9751646078650817,0.9684993354777374,,,0.10899814471243043,0.45918367346938777,0.20454545454545456,0.22727272727272727
moe_no_balance,5,25,0.13171154123332154,0.2015819420039882,0.9758812615955473,0.9415041782729805,0.05348450600013166,0.037107810999714275,43,2026,1.1123008594880686,0.13171154123332154,0.97062313002246,0.9640585704498521,,,0.174860853432282,0.45640074211502785,0.08719851576994433,0.2815398886827458
moe_no_balance,6,26,0.12242374886154032,0.19519464486428664,0.9795918367346939,0.9415041782729805,0.06514302100003988,0.045870081999964896,43,2026,1.1227577403378974,0.12242374886154032,0.964634710148607,0.9565257318684707,,,0.15445269016697588,0.45732838589981445,0.10343228200371057,0.2847866419294991
moe_no_balance,7,27,0.11600511227605696,0.1863014710455668,0.9805194805194806,0.9498607242339833,0.07569145700017543,0.053988915999980236,43,2026,1.1257138740667245,0.11600511227605696,0.9594418285788862,0.9510422493058662,,,0.16465677179962895,0.4577922077922078,0.11734693877551021,0.2602040816326531
moe_no_balance,8,28,0.1091385291744401,0.17975699533190073,0.9814471243042672,0.9442896935933147,0.08640707999984443,0.06239243199979683,43,2026,1.1145174774805706,0.1091385291744401,0.9578163589753633,0.9509553073507203,,,0.18042671614100186,0.4466604823747681,0.12337662337662338,0.24953617810760667
moe_no_balance,9,29,0.10463183843983546,0.18295986275248527,0.9805194805194806,0.9442896935933147,0.09625515300012921,0.0698483189999024,43,2026,1.0689688107480346,0.10463183843983546,0.9635620345312484,0.96209883853268,,,0.2189239332096475,0.3914656771799629,0.11410018552875696,0.2755102040816326
moe_no_balance,10,30,0.10176916452445577,0.17338672378244724,0.9842300556586271,0.958217270194986,0.10960059299986824,0.08055449299990869,43,2026,1.1599288947446247,0.10176916452445577,0.9452474558754592,0.946311507244879,,,0.19851576994434136,0.449443413729128,0.03896103896103896,0.31307977736549164
moe_no_balance,11,31,0.09698852433082131,0.17200487878602602,0.9842300556586271,0.958217270194986,0.12031379700010802,0.08903177599995615,43,2026,1.151526425152955,0.09698852433082131,0.94340181928985,0.9466805957688155,,,0.2077922077922078,0.4397031539888683,0.037569573283859,0.31493506493506496
moe_no_balance,12,32,0.09042490905518581,0.16650580619408561,0.9851576994434137,0.958217270194986,0.1290716319999774,0.09529712399989876,43,2026,1.1650826420998701,0.09042490905518581,0.934391259306584,0.9331165416639812,,,0.18274582560296845,0.4550092764378479,0.06354359925788497,0.2987012987012987
moe_no_balance,13,33,0.08725216101698874,0.1580851879361185,0.9907235621521335,0.958217270194986,0.13875064100011514,0.10251769800015609,43,2026,1.1086765400339473,0.08725216101698874,0.9430192565369471,0.9468840029321466,,,0.24165120593692022,0.4100185528756957,0.07003710575139147,0.2782931354359926
moe_no_balance,14,34,0.08206296035802242,0.15390122168884313,0.9897959183673469,0.958217270194986,0.1485292299998946,0.10902810400057206,43,2026,1.106252050964015,0.08206296035802242,0.9402557173305285,0.9433356291516056,,,0.22495361781076068,0.4035250463821892,0.07792207792207792,0.29359925788497215
moe_no_balance,15,35,0.07959801573093651,0.16090860682795644,0.9916512059369202,0.9526462395543176,0.1583365319997938,0.11662672600050428,43,2026,1.1023523827570596,0.07959801573093651,0.9391765918491811,0.9454018041199896,,,0.2523191094619666,0.39239332096474955,0.06261595547309833,0.29267161410018555
moe_no_balance,16,36,0.07635723666296342,0.1547413776182517,0.9925788497217068,0.9554317548746518,0.16848678999986078,0.12443625500054623,43,2026,1.108586712738142,0.07635723666296342,0.9351800894397029,0.9437808092601416,,,0.25788497217068646,0.39053803339517623,0.054267161410018555,0.29730983302411873
moe_no_balance,17,37,0.07333160611032652,0.15338188087461327,0.9925788497217068,0.9554317548746518,0.17785136600014084,0.13171069000054558,43,2026,1.119774789774887,0.07333160611032652,0.9296103969145045,0.9418132427889285,,,0.2694805194805195,0.39285714285714285,0.04406307977736549,0.29359925788497215
moe_no_balance,18,38,0.06917010764498237,0.14856530794041173,0.9916512059369202,0.9498607242339833,0.18679482000015923,0.13829845300051602,43,2026,1.1049805094436633,0.06917010764498237,0.9295257565622927,0.9407942974379829,,,0.2657699443413729,0.39007421150278293,0.06215213358070501,0.2820037105751391
moe_no_balance,19,39,0.06757065514319481,0.14443685278600069,0.9916512059369202,0.9526462395543176,0.19691957899976842,0.1455743700007588,43,2026,1.0912359760043158,0.06757065514319481,0.9294339055638942,0.9434787656540905,,,0.28710575139146566,0.349721706864564,0.05844155844155844,0.3047309833024119
moe_no_balance,20,40,0.06382580561845985,0.14028691917535716,0.9925788497217068,0.9554317548746518,0.20892856499995105,0.15462464900110717,43,2026,1.094731889651231,0.06382580561845985,0.9256561405544403,0.9410519808566481,0.009938084423176776,0.0,0.2894248608534323,0.35992578849721707,0.05844155844155844,0.2922077922077922
moe_no_balance,21,41,0.06067315046425379,0.13706318673594653,0.9925788497217068,0.9554317548746518,0.22551108200013914,0.16407087900097395,43,2026,1.0812432427223155,0.06067315046425379,0.9258656065743328,0.9405756844109421,,,0.2857142857142857,0.3520408163265306,0.07189239332096475,0.29035250463821893
moe_no_balance,22,42,0.05772380068374675,0.13845568059040192,0.9925788497217068,0.9526462395543176,0.23769874199979313,0.17366792500070005,43,2026,1.08193075569117,0.05772380068374675,0.9230403456641081,0.9395450503624108,,,0.2917439703153989,0.34137291280148424,0.06725417439703155,0.29962894248608535
moe_no_balance,23,43,0.05662457158570835,0.13629681006129335,0.9944341372912802,0.9554317548746518,0.24890319499991165,0.18177386000070328,43,2026,1.123495257908396,0.05662457158570835,0.9093178906458799,0.9353017965397008,,,0.300556586270872,0.3534322820037106,0.036178107606679034,0.3098330241187384
moe_no_balance,24,44,0.05351445948094671,0.13636577069242659,0.9935064935064936,0.9526462395543176,0.2591356259999884,0.18954082600066613,43,2026,1.1082307506041544,0.05351445948094671,0.9103415957601443,0.9347746955962826,,,0.3042671614100185,0.35482374768089053,0.048701298701298704,0.2922077922077922
moe_no_balance,25,45,0.05153734631755589,0.1332424827204956,0.9972170686456401,0.9526462395543176,0.26888382900006036,0.19673309800054994,43,2026,1.1048130608770736,0.05153734631755589,0.9081416354089725,0.9326673057254397,,,0.29777365491651203,0.34879406307977734,0.05148423005565863,0.30194805194805197
moe_no_balance,26,46,0.05004985674357493,0.1313229803092105,0.9953617810760668,0.9554317548746518,0.27868519200001174,0.20411325100076283,43,2026,1.1127870886222901,0.05004985674357493,0.9032397747764777,0.9301248642915023,,,0.2963821892393321,0.3580705009276438,0.04962894248608534,0.29591836734693877
moe_no_balance,27,47,0.046667376287378326,0.13138114161210282,0.9981447124304267,0.9554317548746518,0.28915234599980977,0.21138979900069899,43,2026,1.1024186223812003,0.046667376287378326,0.9035235165458269,0.9301451377447801,,,0.3047309833024119,0.3455473098330241,0.05380333951762523,0.29591836734693877
moe_no_balance,28,48,0.04513980240762601,0.12740057349355685,0.9972170686456401,0.9554317548746518,0.29835362699986945,0.21830593400090947,43,2026,1.0940955470051186,0.04513980240762601,0.9025018992104152,0.9273554087980386,,,0.29035250463821893,0.3515769944341373,0.06447124304267161,0.29359925788497215
moe_no_balance,29,49,0.04390798367786029,0.12793926819452303,0.9990723562152134,0.9554317548746518,0.30830518599987045,0.2258666080006151,43,2026,1.0871855326800242,0.04390798367786029,0.9017582001430646,0.9267823972168124,,,0.29777365491651203,0.3293135435992579,0.06818181818181818,0.3047309833024119
moe_no_balance,30,50,0.04202725678857538,0.1232153394254456,0.9990723562152134,0.9554317548746518,0.31766081900013887,0.23274515800085283,43,2026,1.1006268494184996,0.04202725678857538,0.8953329174211149,0.9223763642617132,,,0.29545454545454547,0.3325602968460111,0.05705009276437848,0.31493506493506496
moe_no_balance,31,51,0.04028546273894518,0.1243280172511989,1.0,0.958217270194986,0.3269818399999167,0.24003676800111862,43,2026,1.0891609055379619,0.04028546273894518,0.8952306856401601,0.9217891051048027,,,0.30009276437847865,0.3362708719851577,0.06818181818181818,0.29545454545454547
moe_no_balance,32,52,0.04026945294778799,0.12126811257630705,0.9990723562152134,0.9554317548746518,0.3350757970001723,0.24598171400111823,43,2026,1.1474882394361194,0.04026945294778799,0.8740182145128655,0.9146353154246699,,,0.30287569573283857,0.3409090909090909,0.02922077922077922,0.3269944341372913
moe_no_balance,33,53,0.039078236070518274,0.11989632239258181,1.0,0.9554317548746518,0.34325197699990895,0.2520192000010866,43,2026,1.1492214553707525,0.039078236070518274,0.8708623033678116,0.9135699427837259,,,0.30844155844155846,0.36038961038961037,0.029684601113172542,0.3014842300556586
moe_no_balance,34,54,0.037598096500674756,0.12261643086831359,1.0,0.958217270194986,0.3526479010001822,0.25912158600067414,43,2026,1.1319498155741137,0.037598096500674756,0.8731682461584519,0.9121464789629314,,,0.310760667903525,0.33116883116883117,0.03942486085343228,0.3186456400742115
moe_no_balance,35,55,0.035677350430837924,0.11585218605936456,1.0,0.9610027855153204,0.36152600600007645,0.26573624800039397,43,2026,1.1106552079708514,0.035677350430837924,0.8774872588763608,0.9125013637204652,,,0.3075139146567718,0.3325602968460111,0.05333951762523191,0.30658627087198514
moe_no_balance,36,56,0.0344192846042276,0.1146979696384792,1.0,0.958217270194986,0.36996485100007703,0.2721787920004317,43,2026,1.0979585560710476,0.0344192846042276,0.87886972988441,0.9115495748376959,,,0.3042671614100185,0.323747680890538,0.0640074211502783,0.3079777365491651
moe_no_balance,37,57,0.03327608636804937,0.11478687295249362,1.0,0.9610027855153204,0.3792353759999969,0.2792177530004665,43,2026,1.1021317767971242,0.03327608636804937,0.8755670916665977,0.909390768564697,,,0.3070500927643785,0.31957328385899814,0.061224489795918366,0.312152133580705
moe_no_balance,38,58,0.03206993361327866,0.11470082029662783,1.0,0.9610027855153204,0.3892553330001647,0.28673251400050503,43,2026,1.1056824257616173,0.03206993361327866,0.8718283144576792,0.9065972307808856,,,0.30890538033395176,0.3200371057513915,0.059369202226345084,0.3116883116883117
moe_no_balance,39,59,0.030909962786285074,0.11286244680885321,1.0,0.9610027855153204,0.4000407250000535,0.2950326300006054,43,2026,1.1036490016065426,0.030909962786285074,0.8710275015148748,0.905460038826807,,,0.30287569573283857,0.3246753246753247,0.06029684601113173,0.312152133580705
moe_no_balance,40,60,0.03078399212766146,0.10920892442596858,1.0,0.9693593314763231,0.40935582700012674,0.3019110500008537,43,2026,1.1037127293541213,0.03078399212766146,0.8676620510764006,0.9021921347407336,0.007011723528899427,0.0,0.3051948051948052,0.313543599257885,0.06307977736549165,0.3181818181818182
moe_no_balance,41,61,0.029232424475483774,0.11289377419211795,1.0,0.9637883008356546,0.42320531499990466,0.3089944680004919,43,2026,1.1077755721717901,0.029232424475483774,0.8644021599403277,0.9001791771239173,,,0.3112244897959184,0.3144712430426716,0.05983302411873841,0.3144712430426716
moe_no_balance,42,62,0.028264039583750622,0.10818959096727447,1.0,0.9665738161559888,0.43274822000012136,0.31656253400069545,43,2026,1.1062991608298776,0.028264039583750622,0.862858725270737,0.8984221280055097,,,0.3033395176252319,0.3181818181818182,0.061224489795918366,0.3172541743970315
moe_no_balance,43,63,0.02742444271166099,0.11119071086707151,1.0,0.9665738161559888,0.44140861799996856,0.3233693760003007,43,2026,1.1127088362282989,0.02742444271166099,0.8582690862046773,0.8954171944940529,,,0.30936920222634506,0.31539888682745826,0.05705009276437848,0.3181818181818182
moe_no_balance,44,64,0.02644178913118931,0.10829127337121316,1.0,0.9665738161559888,0.450227575000099,0.3298370780003097,43,2026,1.1055257925684123,0.02644178913118931,0.8585066985995337,0.8950694794010332,,,0.3112244897959184,0.3177179962894249,0.06307977736549165,0.3079777365491651
moe_no_balance,45,65,0.025741448113468367,0.10933707572325986,1.0,0.9665738161559888,0.4597265030001836,0.3369935550003902,43,2026,1.1137124764616697,0.025741448113468367,0.8540541907475981,0.8925608376515339,,,0.3079777365491651,0.3172541743970315,0.0575139146567718,0.3172541743970315
moe_no_balance,46,66,0.024749982653998543,0.1100850943659003,1.0,0.9665738161559888,0.4683074109998415,0.34375552900064577,43,2026,1.1132353878037817,0.024749982653998543,0.8520138823263853,0.8910391324026845,,,0.3102968460111317,0.3205009276437848,0.05797773654916512,0.3112244897959184
moe_no_balance,47,67,0.0240154764787909,0.10248865133154933,1.0,0.9693593314763231,0.4763717529999667,0.34977095100066435,43,2026,1.110402464411849,0.0240154764787909,0.8509628196820386,0.8894938353951795,,,0.3014842300556586,0.323747680890538,0.060760667903525044,0.3140074211502783
moe_no_balance,48,68,0.023599712921873173,0.10544682851088967,1.0,0.9693593314763231,0.48531828200020755,0.35647823300041637,43,2026,1.1114592126572915,0.023599712921873173,0.8482844752407962,0.8870213088340922,,,0.3051948051948052,0.31493506493506496,0.06168831168831169,0.3181818181818182
moe_no_balance,49,69,0.022657154991043368,0.11041074404274316,1.0,0.9665738161559888,0.4948883269998987,0.3632803680006873,43,2026,1.106960682673011,0.022657154991043368,0.848204183693794,0.8864967771898454,,,0.3070500927643785,0.31586270871985156,0.06447124304267161,0.31261595547309834
moe_no_balance,50,70,0.0231953837052284,0.102850155721285,1.0,0.9665738161559888,0.5035218150001128,0.3697373040004095,43,2026,1.160819031852566,0.0231953837052284,0.8276379986392964,0.8803454151179225,,,0.30844155844155846,0.3269944341372913,0.03293135435992579,0.33163265306122447
moe_no_balance,51,71,0.02230400146128692,0.10735736307038343,1.0,0.9665738161559888,0.5121822430000975,0.3761993470006928,43,2026,1.163702661447301,0.02230400146128692,0.8242762237450802,0.8792211084350771,,,0.3186456400742115,0.33116883116883117,0.030148423005565864,0.3200371057513915
moe_no_balance,52,72,0.021320570487108333,0.10477071906411446,1.0,0.9693593314763231,0.520465945000069,0.38237761300069906,43,2026,1.1500405397842521,0.021320570487108333,0.8270337056375985,0.8779675210667779,,,0.313543599257885,0.32606679035250463,0.03896103896103896,0.32142857142857145
moe_no_balance,53,73,0.02048519748463462,0.10714972347140975,1.0,0.9665738161559888,0.5289385299997775,0.3886611580005592,43,2026,1.1303076746179155,0.02048519748463462,0.8316012809948201,0.8779099685386089,,,0.3140074211502783,0.31910946196660483,0.05287569573283859,0.3140074211502783
moe_no_balance,54,74,0.019925891603015278,0.1027994585842365,1.0,0.9693593314763231,0.5369316659998731,0.3947017780005808,43,2026,1.124232333799515,0.019925891603015278,0.8327985057608851,0.877190756770425,,,0.30890538033395176,0.3181818181818182,0.055658627087198514,0.3172541743970315
moe_no_balance,55,75,0.019352155252747874,0.1020371085662557,1.0,0.9693593314763231,0.5455484180001804,0.401262279000548,43,2026,1.120512635863376,0.019352155252747874,0.832347542710008,0.8758975027050493,,,0.30658627087198514,0.3167903525046382,0.05890538033395176,0.3177179962894249
moe_no_balance,56,76,0.019399555288817896,0.10128226037146247,1.0,0.9693593314763231,0.5537575180001113,0.40743129200063777,43,2026,1.1212273798378942,0.019399555288817896,0.8302982174742533,0.8736633158373434,,,0.30658627087198514,0.30936920222634506,0.059369202226345084,0.3246753246753247
moe_no_balance,57,77,0.01851996513503276,0.10083114690570201,1.0,0.9693593314763231,0.5616511630000787,0.4133121920008307,43,2026,1.1203389043293221,0.01851996513503276,0.8297592198417648,0.8739366728933228,,,0.3051948051948052,0.3181818181818182,0.05890538033395176,0.3177179962894249
moe_no_balance,58,78,0.01824267862595938,0.10318918023390508,1.0,0.9693593314763231,0.5700133730001653,0.41989582800079006,43,2026,1.1250523297658404,0.01824267862595938,0.8254397350901511,0.8712185294922178,,,0.30844155844155846,0.31307977736549164,0.0575139146567718,0.3209647495361781
moe_no_balance,59,79,0.01764640850443059,0.09982897427589922,1.0,0.9693593314763231,0.5784533400001237,0.42628618400067353,43,2026,1.1258474451483915,0.01764640850443059,0.8238168609038315,0.8699230636096126,,,0.3033395176252319,0.31493506493506496,0.0575139146567718,0.32421150278293137
moe_no_balance,60,80,0.017081502588203606,0.10014893274863232,1.0,0.9693593314763231,0.5872025110002141,0.4326527740004167,43,2026,1.1211715770720094,0.017081502588203606,0.8235604064748296,0.8694179033651579,0.005019087219407914,0.0,0.312152133580705,0.3172541743970315,0.06029684601113173,0.3102968460111317
moe_no_balance,61,81,0.016839861786341514,0.10163174816373405,1.0,0.9693593314763231,0.5990461950000281,0.43884402000048794,43,2026,1.119527518036643,0.016839861786341514,0.8224365118724181,0.8673320197332943,,,0.3079777365491651,0.3112244897959184,0.06215213358070501,0.3186456400742115
moe_no_balance,62,82,0.0164365462741605,0.10006121871264685,1.0,0.9693593314763231,0.6074921899999026,0.44500544100037587,43,2026,1.1204215149027352,0.0164365462741605,0.8213329364823747,0.8666677229447062,,,0.30844155844155846,0.3140074211502783,0.060760667903525044,0.3167903525046382
moe_no_balance,63,83,0.016021457658354,0.10127031485050637,1.0,0.9693593314763231,0.6160157330000402,0.4514188020002621,43,2026,1.1192195059566314,0.016021457658354,0.8196301962628351,0.8650183772216499,,,0.30612244897959184,0.3112244897959184,0.06307977736549165,0.31957328385899814
moe_no_balance,64,84,0.015727398515694522,0.09900489396080123,1.0,0.9693593314763231,0.6242978619998212,0.45740525100018203,43,2026,1.1216818923239769,0.015727398515694522,0.8172169603961322,0.8638002741011743,,,0.3038033395176252,0.3102968460111317,0.06168831168831169,0.32421150278293137
moe_no_balance,65,85,0.01578411524317317,0.09866781057527803,1.0,0.9693593314763231,0.6325194810001449,0.4634058609999556,43,2026,1.110510796128821,0.01578411524317317,0.8183139634309262,0.8635781822324966,,,0.3033395176252319,0.3038033395176252,0.0728200371057514,0.3200371057513915
moe_no_balance,66,86,0.014918618596236787,0.09905842474275425,1.0,0.9693593314763231,0.6404168119997848,0.4693377779999537,43,2026,1.1277217778074273,0.014918618596236787,0.8111919752651027,0.8614533577741813,,,0.3098330241187384,0.3181818181818182,0.05890538033395176,0.31307977736549164
moe_no_balance,67,87,0.014746205292982649,0.10190401230846606,1.0,0.9693593314763231,0.6483980090001751,0.47536761199989996,43,2026,1.125121447562039,0.014746205292982649,0.810636239738093,0.8595390425453212,,,0.30194805194805197,0.3051948051948052,0.06354359925788497,0.3293135435992579
moe_no_balance,68,88,0.014449721881200578,0.09919840657803891,1.0,0.9693593314763231,0.6567272090001097,0.4817492749998564,43,2026,1.1249909837257899,0.014449721881200578,0.8087563405909135,0.8586136664318456,,,0.30936920222634506,0.30658627087198514,0.06307977736549165,0.3209647495361781
moe_no_balance,69,89,0.014134761633645312,0.09666158242927955,1.0,0.9693593314763231,0.6658491210000648,0.48870106499998656,43,2026,1.1358414890311266,0.014134761633645312,0.803452641954027,0.8573332488185984,,,0.3140074211502783,0.31539888682745826,0.05473098330241188,0.31586270871985156
moe_no_balance,70,90,0.013643770827066143,0.10008274703587831,1.0,0.9693593314763231,0.6738534930000242,0.4948244990000603,43,2026,1.1260620733252462,0.013643770827066143,0.8053542682331386,0.8567820777395728,,,0.3079777365491651,0.30844155844155846,0.06261595547309833,0.3209647495361781
moe_no_balance,71,91,0.013538452576959367,0.10145307938014814,1.0,0.9693593314763231,0.6817975740000293,0.5009717190000629,43,2026,1.1172538340213791,0.013538452576959367,0.8071431226331246,0.857103116094573,,,0.3070500927643785,0.30890538033395176,0.0686456400742115,0.31539888682745826
moe_no_balance,72,92,0.013178082783461637,0.09848468091125794,1.0,0.9693593314763231,0.6897129519998089,0.5070608420001008,43,2026,1.1230655078644944,0.013178082783461637,0.8038985451427055,0.8559678837061396,,,0.3038033395176252,0.31586270871985156,0.06447124304267161,0.31586270871985156
moe_no_balance,73,93,0.013535303049621968,0.10216884859390903,1.0,0.9693593314763231,0.6979473999999755,0.512920529999974,43,2026,1.127080879659946,0.013535303049621968,0.8002018767930912,0.8518941378543979,,,0.310760667903525,0.29545454545454547,0.06586270871985157,0.32792207792207795
moe_no_balance,74,94,0.012424088600939982,0.09915838944347032,1.0,0.9693593314763231,0.7065819599997667,0.5193062590001318,43,2026,1.1271245526671554,0.012424088600939982,0.7996943556180469,0.8525125619877196,,,0.30241187384044527,0.30844155844155846,0.06354359925788497,0.32560296846011133
moe_no_balance,75,95,0.012348159579153715,0.10036772457872578,1.0,0.9693593314763231,0.7149409339999693,0.5254589880000822,43,2026,1.1243380699874321,0.012348159579153715,0.7997176021133537,0.8516388193135473,,,0.30844155844155846,0.3038033395176252,0.06539888682745826,0.32235621521335805
moe_no_balance,76,96,0.012232487002388038,0.10027456249084031,1.0,0.9693593314763231,0.7236056390001977,0.5317375459999312,43,2026,1.1257726917016795,0.012232487002388038,0.7976969466717304,0.8506334451012644,,,0.3112244897959184,0.3051948051948052,0.06493506493506493,0.3186456400742115
moe_no_balance,77,97,0.011759763977346016,0.10064347856016702,1.0,0.9693593314763231,0.7317276479998327,0.5376580259999173,43,2026,1.1205835953248782,0.011759763977346016,0.798025816290944,0.8499954239706397,,,0.3051948051948052,0.30658627087198514,0.06818181818181818,0.3200371057513915
moe_no_balance,78,98,0.012923301174250753,0.10095577792153854,0.9990723562152134,0.9693593314763231,0.7400565279999682,0.5438964839995606,43,2026,1.1309530158332253,0.012923301174250753,0.7929067803586759,0.8468934563652079,,,0.3140074211502783,0.29777365491651203,0.06354359925788497,0.3246753246753247
moe_no_balance,79,99,0.011513716449881953,0.10107139348689899,1.0,0.9693593314763231,0.748064235000129,0.5498189559998536,43,2026,1.126937906704378,0.011513716449881953,0.7934557992915893,0.8481503332448627,,,0.312152133580705,0.30890538033395176,0.0640074211502783,0.31493506493506496
moe_no_balance,80,100,0.011035527130794845,0.10152069312202236,1.0,0.9693593314763231,0.7558895269999084,0.5557154190000801,43,2026,1.124467929998535,0.011035527130794845,0.7925915078490098,0.8463803603939383,0.0027804113682612375,0.0,0.30890538033395176,0.3010204081632653,0.06771799628942486,0.32235621521335805
scratch_continue,0,20,0.1138288097303427,0.19613218348078604,0.9842300556586271,0.9498607242339833,0.001068857000063872,0.0,43,2026,1.2109320291525347,0.12593813002186804,0.8331647582590469,0.8232867971636905,0.021998021094516956,0.006551075796529205,0.14192949907235622,0.35667903525046385,0.11178107606679036,0.38961038961038963
scratch_continue,1,21,0.1141986595762786,0.18353424117747852,0.9842300556586271,0.947075208913649,0.012394290999964142,0.006155571999897802,43,2026,1.2730525935830626,0.12692918551210922,0.812136812761993,0.8096212728035963,,,0.13404452690166976,0.3919294990723562,0.07421150278293136,0.39981447124304265
scratch_continue,2,22,0.10291140858946657,0.18930823162811455,0.9860853432282004,0.947075208913649,0.020796630999939225,0.012524314999609487,43,2026,1.2452668763867472,0.11536407735333404,0.812985373485971,0.8072873980540168,,,0.13636363636363635,0.37059369202226344,0.09740259740259741,0.39564007421150277
scratch_continue,3,23,0.10051339769220943,0.1810224522491705,0.9860853432282004,0.958217270194986,0.029282968000188703,0.018854540999655,43,2026,1.2257436508542774,0.1127708342007522,0.8133672376415347,0.8060844882575723,,,0.161873840445269,0.3474025974025974,0.09601113172541743,0.39471243042671617
scratch_continue,4,24,0.09262317219617867,0.1836953039474877,0.9879406307977736,0.9554317548746518,0.03796577899993281,0.025157825999940542,43,2026,1.2321068505349415,0.1049442407015281,0.8090637744981422,0.8030432152691247,,,0.13821892393320964,0.35528756957328383,0.11178107606679036,0.39471243042671617
scratch_continue,5,25,0.0878258150773047,0.16280962828500103,0.987012987012987,0.9637883008356546,0.046008178000192856,0.03107345799980976,43,2026,1.2337056918053868,0.10016287199535857,0.8085426754866274,0.80681853254583,,,0.14795918367346939,0.36688311688311687,0.09693877551020408,0.38821892393320967
scratch_continue,6,26,0.08247744807229229,0.1760412769505055,0.9907235621521335,0.958217270194986,0.054575086000113515,0.03736662699975568,43,2026,1.2264771223863473,0.09474221929615577,0.8053835493465673,0.801777602142995,,,0.14332096474953618,0.3520408163265306,0.11317254174397032,0.3914656771799629
scratch_continue,7,27,0.08458222914933348,0.16031503649324363,0.9888682745825603,0.9554317548746518,0.06252250200031995,0.04320030599956226,43,2026,1.195495498681614,0.09653718413614962,0.810726495125674,0.808115114067257,,,0.16512059369202226,0.3358070500927644,0.11920222634508348,0.37987012987012986
scratch_continue,8,28,0.07836317309840958,0.15516147951564124,0.9888682745825603,0.9637883008356546,0.07046728500017707,0.049109378999673936,43,2026,1.2366273361688431,0.090729446460098,0.7967707252132359,0.7970990064213601,,,0.14053803339517626,0.3580705009276438,0.11038961038961038,0.3910018552875696
scratch_continue,9,29,0.07425687904957229,0.16708593583320724,0.9925788497217068,0.9554317548746518,0.07899375100032557,0.05551912299961259,43,2026,1.218030129703951,0.0864371803466118,0.7977053285238302,0.7969983372727151,,,0.150278293135436,0.3390538033395176,0.12152133580705009,0.3891465677179963
scratch_continue,10,30,0.07083447211691621,0.15576113803289748,0.9925788497217068,0.9610027855153204,0.08700653599998986,0.06163575699974899,43,2026,1.2262883005009275,0.08309735512192548,0.793037740098196,0.7943223624710711,,,0.14100185528756956,0.3469387755102041,0.12291280148423006,0.3891465677179963
scratch_continue,11,31,0.06573828026521987,0.14491677729112407,0.9944341372912802,0.9610027855153204,0.09558503100015514,0.06794891599975017,43,2026,1.2042364533435583,0.07778064479865546,0.7971192365401851,0.7989491766986985,,,0.15398886827458255,0.33302411873840443,0.12940630797773656,0.38358070500927643
scratch_continue,12,32,0.06387858840523214,0.14653435423214636,0.9953617810760668,0.9637883008356546,0.10420533900014561,0.07439662899969335,43,2026,1.2110715051259981,0.07598930345649212,0.790899998454714,0.7936353718800906,,,0.1437847866419295,0.3302411873840445,0.13868274582560297,0.387291280148423
scratch_continue,13,33,0.0684477658761272,0.15035983877651937,0.9907235621521335,0.9554317548746518,0.11258574600014981,0.08086546299955444,43,2026,1.1853108674544142,0.08030087455067135,0.7955111065718811,0.7992547970979894,,,0.18274582560296845,0.310760667903525,0.1266233766233766,0.37987012987012986
scratch_continue,14,34,0.060636568894269285,0.13881052132273955,0.9925788497217068,0.9610027855153204,0.12176119800005836,0.0876421299994945,43,2026,1.1857998206023204,0.07249456710029249,0.7941275294077084,0.7996965040056987,,,0.14239332096474955,0.3177179962894249,0.16094619666048238,0.37894248608534326
scratch_continue,15,35,0.0631066235941428,0.1421743502896443,0.9925788497217068,0.9554317548746518,0.1307953880000241,0.09476104999976087,43,2026,1.1905779312740137,0.07501240290688294,0.7891824594891318,0.7972622588380872,,,0.18923933209647495,0.31307977736549164,0.11781076066790352,0.37987012987012986
scratch_continue,16,36,0.05792295433104882,0.1404284487067752,0.9944341372912802,0.9526462395543176,0.13895216900027663,0.10067056299976684,43,2026,1.1902952616917657,0.06982590694796648,0.787729867901251,0.7965900646897485,,,0.16883116883116883,0.31261595547309834,0.13636363636363635,0.3821892393320965
scratch_continue,17,37,0.057079776771717446,0.13346793330468923,0.9925788497217068,0.9526462395543176,0.14700136800001928,0.10644223799999963,43,2026,1.1736305876479152,0.0688160826481966,0.7917004274938826,0.8024321299215684,,,0.18274582560296845,0.3038033395176252,0.13682745825602968,0.37662337662337664
scratch_continue,18,38,0.05252160839775355,0.12574985022061877,0.9962894248608535,0.958217270194986,0.15668167000012545,0.11402845100019476,43,2026,1.1801368143973008,0.06432297654172656,0.7880404102665929,0.8020256716156958,,,0.14332096474953618,0.31910946196660483,0.16280148423005567,0.3747680890538033
scratch_continue,19,39,0.053644521468216085,0.14291200563482384,0.9962894248608535,0.9526462395543176,0.1654298500002369,0.12065441100048702,43,2026,1.1698724443019812,0.0653432459112359,0.7881234494471971,0.8015205354139135,,,0.1790352504638219,0.29591836734693877,0.14749536178107606,0.37755102040816324
scratch_continue,20,40,0.04877289698871795,0.12371304532829552,0.9972170686456401,0.958217270194986,0.1735376870001346,0.1266738590006753,43,2026,1.1748945316545558,0.06052184230526351,0.7870831102580492,0.8031723268208614,0.021583727381713953,0.005210639957097687,0.15630797773654917,0.3116883116883117,0.15630797773654917,0.37569573283859
scratch_continue,21,41,0.04711986232824207,0.1293331451432082,0.9972170686456401,0.958217270194986,0.18606448700029432,0.1336000510004851,43,2026,1.1585292840457477,0.05870515516869955,0.7912223721657259,0.8084959271524005,,,0.17625231910946196,0.29962894248608535,0.15213358070500926,0.3719851576994434
scratch_continue,22,42,0.04787277160570157,0.13171668548150164,0.9953617810760668,0.958217270194986,0.1956577579999248,0.14085483600047155,43,2026,1.1715087172404537,0.0595878587781061,0.784890394369112,0.8036743413281949,,,0.19851576994434136,0.300556586270872,0.12569573283858998,0.3752319109461967
scratch_continue,23,43,0.045291824770255916,0.1307753998720137,0.9962894248608535,0.9554317548746518,0.2048927089999779,0.14780380100046386,43,2026,1.163399341370815,0.05692581818396407,0.7853389725548168,0.8042707327769433,,,0.1836734693877551,0.2987012987012987,0.14471243042671614,0.37291280148423006
scratch_continue,24,44,0.047266549368569825,0.14091823741852777,0.9953617810760668,0.9554317548746518,0.21312620600019727,0.1540357980002227,43,2026,1.12855569206914,0.058552106289261226,0.7998057649672616,0.8220145449743367,,,0.18970315398886828,0.29545454545454547,0.15816326530612246,0.35667903525046385
scratch_continue,25,45,0.04263007106478769,0.12327651980695438,0.9962894248608535,0.958217270194986,0.2210616340003071,0.16001362400038488,43,2026,1.1764172318088373,0.05439424338287606,0.7790792005241327,0.8005636405383659,,,0.16465677179962895,0.30658627087198514,0.15120593692022263,0.37755102040816324
scratch_continue,26,46,0.041587041879483165,0.1398438160680031,0.9962894248608535,0.958217270194986,0.2305682340002022,0.1672297510003773,43,2026,1.1446964271950657,0.05303400615143382,0.7915932723183333,0.8145518048819783,,,0.1725417439703154,0.29591836734693877,0.16419294990723562,0.3673469387755102
scratch_continue,27,47,0.04056645218282731,0.13341817289175115,0.9972170686456401,0.958217270194986,0.2402177990002201,0.1745657080005003,43,2026,1.1564645608222055,0.052131097791049366,0.785240355137962,0.8095912762810382,,,0.19758812615955473,0.29684601113172543,0.13543599257884972,0.37012987012987014
scratch_continue,28,48,0.040416973440153485,0.13218496554533712,0.9972170686456401,0.9610027855153204,0.2496977490000063,0.18187030800072534,43,2026,1.139526796726408,0.05181224140741757,0.7900531622959489,0.8149362313017622,,,0.1730055658627087,0.2940630797773655,0.1679035250463822,0.3650278293135436
scratch_continue,29,49,0.04070891663065008,0.13569915913888442,0.9962894248608535,0.9610027855153204,0.2596668840001257,0.18951467900069474,43,2026,1.136320841765289,0.05207212504830297,0.790846741996099,0.8177929677502007,,,0.21985157699443414,0.28339517625231914,0.1345083487940631,0.3622448979591837
scratch_continue,30,50,0.035793220186251716,0.1309227650819201,0.9981447124304267,0.9637883008356546,0.26782304400012436,0.19560725700057446,43,2026,1.1514483765588306,0.04730770395184002,0.7848727789154042,0.8109152784672514,,,0.174860853432282,0.29684601113172543,0.1572356215213358,0.37105751391465674
scratch_continue,31,51,0.037762218817950124,0.13562014705116654,0.9972170686456401,0.958217270194986,0.27585091200035095,0.20168958900057987,43,2026,1.1300167950089872,0.04906238676804,0.7911504012401619,0.8193250665207975,,,0.212430426716141,0.2815398886827458,0.14471243042671614,0.36131725417439703
scratch_continue,32,52,0.03432252672510506,0.1326999421611296,0.9990723562152134,0.958217270194986,0.28334127100015394,0.2073703180008124,43,2026,1.1333394534672445,0.04565592125977751,0.7901166796770925,0.8189953034262498,,,0.19573283858998144,0.29359925788497215,0.14981447124304267,0.3608534322820037
scratch_continue,33,53,0.03448604892525161,0.13423590831020268,0.9981447124304267,0.9610027855153204,0.29060461900007795,0.2126932390010552,43,2026,1.1214749847815308,0.04570079877306692,0.7937743784351086,0.8234922469137578,,,0.19294990723562153,0.29359925788497215,0.1590909090909091,0.35435992578849723
scratch_continue,34,54,0.03284769431574754,0.13595644742002033,0.9990723562152134,0.958217270194986,0.2993098350002583,0.21931113700111382,43,2026,1.128765895767415,0.04413535327342169,0.7890171293721904,0.8187652590111902,,,0.19294990723562153,0.2917439703153989,0.15630797773654917,0.3589981447124304
scratch_continue,35,55,0.033393689028207586,0.14314830222816036,0.9981447124304267,0.9610027855153204,0.30799700300030963,0.2256801900011851,43,2026,1.1134403159828345,0.04452809218803593,0.7937253629468861,0.8246469176501781,,,0.19944341372912802,0.28339517625231914,0.1637291280148423,0.3534322820037106
scratch_continue,36,56,0.03172979056628858,0.14312667592796632,1.0,0.9610027855153204,0.3163749870000174,0.2319226540012096,43,2026,1.1064428471326755,0.042794219037615336,0.7960178844046758,0.8273969234483843,,,0.18274582560296845,0.2829313543599258,0.18274582560296845,0.3515769944341373
scratch_continue,37,57,0.03070354997227605,0.14316062413270178,0.9990723562152134,0.9610027855153204,0.32532293200029017,0.23888629700149977,43,2026,1.0978816445919963,0.04168236641819602,0.798738119849157,0.8306092094356012,,,0.1901669758812616,0.2810760667903525,0.18228200371057515,0.3464749536178108
scratch_continue,38,58,0.03021327357609268,0.14338526751904845,0.9990723562152134,0.958217270194986,0.3345778739999332,0.2454836740016617,43,2026,1.0978411735015914,0.041191685311108596,0.7967843643378646,0.8291541660418272,,,0.1971243042671614,0.2782931354359926,0.17764378478664192,0.3469387755102041
scratch_continue,39,59,0.0290467587350787,0.15155293805215328,0.9981447124304267,0.958217270194986,0.3426826059999257,0.2514108140017015,43,2026,1.0865903195276243,0.03991266193035495,0.8005051550554672,0.8342473185286813,,,0.19155844155844157,0.27087198515769945,0.19341372912801486,0.34415584415584416
scratch_continue,40,60,0.02829236818073669,0.1398993347353771,0.9981447124304267,0.9610027855153204,0.3506723460000103,0.2572738470016702,43,2026,1.11177135545471,0.03941008173528379,0.7875723471105894,0.8204850001716374,0.024663245075603316,0.004141498140364311,0.17717996289424862,0.28710575139146566,0.1836734693877551,0.3520408163265306
scratch_continue,41,61,0.026573984381787867,0.14977606560069762,1.0,0.958217270194986,0.3627334660000088,0.26338502300177424,43,2026,1.0925348123841172,0.03749933250562904,0.7945730447079946,0.8292306702231034,,,0.18228200371057515,0.27736549165120594,0.19526901669758812,0.3450834879406308
scratch_continue,42,62,0.027368957836382553,0.17350565211161223,0.9990723562152134,0.958217270194986,0.3714939050000794,0.26995737200195435,43,2026,1.0829700341872002,0.03819865817825455,0.7987237184131835,0.8348143294073398,,,0.1859925788497217,0.2722634508348794,0.1989795918367347,0.3427643784786642
scratch_continue,43,63,0.024773819221631424,0.17329104038207208,1.0,0.9610027855153204,0.3804365270002563,0.2766134680018695,43,2026,1.087536593477796,0.035649185156409385,0.795790063120241,0.8318753438879993,,,0.1924860853432282,0.275974025974026,0.187847866419295,0.34369202226345086
scratch_continue,44,64,0.024621800848740043,0.14844584685951087,1.0,0.9610027855153204,0.38947191900024336,0.2836293740019755,43,2026,1.082086932968556,0.0354426701784256,0.796278543990972,0.8329543117370555,,,0.2036178107606679,0.26716141001855287,0.18692022263450836,0.3423005565862709
scratch_continue,45,65,0.023489225241119373,0.17437453292440222,1.0,0.958217270194986,0.39815749500030506,0.29032464800184243,43,2026,1.0864478499375436,0.03435370374049481,0.7952720344623384,0.8322498936986615,,,0.18552875695732837,0.275974025974026,0.19434137291280149,0.34415584415584416
scratch_continue,46,66,0.026674362539254634,0.1741795386424008,0.9972170686456401,0.958217270194986,0.4078441550000207,0.29747797100162643,43,2026,1.0743917410398869,0.03741827994965351,0.7994987235955678,0.8387708035243151,,,0.22448979591836735,0.2634508348794063,0.17393320964749537,0.33812615955473097
scratch_continue,47,67,0.023150521775680666,0.14315836804213905,1.0,0.9610027855153204,0.41726296300021204,0.30463759300164384,43,2026,1.0844834191980373,0.03399535596766104,0.7927378567094019,0.831320025847221,,,0.19434137291280149,0.27319109461966606,0.18923933209647495,0.3432282003710575
scratch_continue,48,68,0.024124551898695962,0.14669485532937915,0.9990723562152134,0.9610027855153204,0.4268710460000875,0.3121651280016522,43,2026,1.0738440198501762,0.034862992097197724,0.7959600572394941,0.8359894683458372,,,0.21753246753246752,0.26669758812615957,0.1794990723562152,0.3362708719851577
scratch_continue,49,69,0.023237916982484452,0.14452703777473574,0.9990723562152134,0.9610027855153204,0.4357397769999807,0.31846207300168317,43,2026,1.0775430322244222,0.03401334730472867,0.7938221763177676,0.8336320323862163,,,0.19155844155844157,0.26716141001855287,0.19944341372912802,0.34183673469387754
scratch_continue,50,70,0.02526329034356601,0.1774318080910964,0.9981447124304267,0.958217270194986,0.4448625160002848,0.32542285700174034,43,2026,1.0766106855803046,0.036029397199369054,0.7947936848873186,0.8365977400154816,,,0.22680890538033396,0.2717996289424861,0.1660482374768089,0.33534322820037105
scratch_continue,51,71,0.02270367879200137,0.14289318230515605,0.9990723562152134,0.958217270194986,0.454313932000332,0.3324550170018483,43,2026,1.0732956709222423,0.03343663550122379,0.7931184912344418,0.8344925284597294,,,0.21150278293135436,0.2602040816326531,0.18877551020408162,0.3395176252319109
scratch_continue,52,72,0.02254433156134387,0.14031801037816888,0.9990723562152134,0.9637883008356546,0.4629312460001529,0.3389235000017834,43,2026,1.0759241824117591,0.033303573385461464,0.7923267046605419,0.8338753068058242,,,0.19434137291280149,0.26437847866419295,0.1989795918367347,0.3423005565862709
scratch_continue,53,73,0.020239292869327095,0.1419152170961656,1.0,0.9637883008356546,0.4721460969999498,0.34586100800152053,43,2026,1.0733221352890547,0.030972514222217643,0.7930882084787129,0.835277179788737,,,0.20918367346938777,0.26716141001855287,0.1859925788497217,0.33766233766233766
scratch_continue,54,74,0.024197325058710376,0.14302046385288336,0.9990723562152134,0.9637883008356546,0.48169738500018866,0.35316312400118477,43,2026,1.07200619130008,0.03491738697171118,0.7926260815683154,0.8349294958984781,,,0.21196660482374768,0.2537105751391466,0.1924860853432282,0.34183673469387754
scratch_continue,55,75,0.020471774561573317,0.14154241271770573,1.0,0.9637883008356546,0.49110793499994543,0.3602790760010066,43,2026,1.0656923963325529,0.031128698524898846,0.7948752245214599,0.838175105392445,,,0.20732838589981448,0.25788497217068646,0.19758812615955473,0.33719851576994436
scratch_continue,56,76,0.02078354818941424,0.13941503355666368,1.0,0.9610027855153204,0.5004819060000045,0.36696983300089414,43,2026,1.0779480875677376,0.03156302906509162,0.788271765376561,0.8309020301017208,,,0.19341372912801486,0.2588126159554731,0.20269016697588127,0.3450834879406308
scratch_continue,57,77,0.02016683922618498,0.13671544706384295,1.0,0.9637883008356546,0.5082241740001336,0.3725900320009714,43,2026,1.0789186812970402,0.03095602603915538,0.7868623644654239,0.8304287139926012,,,0.21985157699443414,0.25556586270871984,0.18042671614100186,0.34415584415584416
scratch_continue,58,78,0.019152245295976016,0.13584613251919367,1.0,0.9610027855153204,0.5168218580001849,0.3788635420009996,43,2026,1.079301550809208,0.029945260804068098,0.7846701514068657,0.8281601528073353,,,0.19573283858998144,0.25556586270871984,0.20315398886827457,0.3455473098330241
scratch_continue,59,79,0.017945444369457428,0.1357013793594953,1.0,0.9637883008356546,0.5263063000002148,0.3859744460010006,43,2026,1.077666375389312,0.028722108123350548,0.7847598817481629,0.8291345513601979,,,0.20500927643784786,0.2592764378478664,0.1924860853432282,0.3432282003710575
scratch_continue,60,80,0.019726851841110327,0.14138095040743123,1.0,0.9610027855153204,0.5361408230000961,0.39337209600080314,43,2026,1.064744212621565,0.030374293967325976,0.7909137498772721,0.8364952744208648,0.018790830461793275,0.003304264979256692,0.21614100185528756,0.24675324675324675,0.19805194805194806,0.3390538033395176
scratch_continue,61,81,0.018181971581014207,0.1318500374170236,1.0,0.9665738161559888,0.5484463500001766,0.40006897300054334,43,2026,1.0783524001278952,0.02896549558229316,0.7835903315340617,0.8287862223980721,,,0.18274582560296845,0.25463821892393323,0.21614100185528756,0.3464749536178108
scratch_continue,62,82,0.016876257165479004,0.13713591049092205,1.0,0.958217270194986,0.5581302160003361,0.40734985700055404,43,2026,1.0699620109350685,0.02757587727482969,0.787706218996036,0.8338567031568863,,,0.19619666048237477,0.2569573283858998,0.2054730983302412,0.34137291280148424
scratch_continue,63,83,0.017048040407302015,0.1392782228942615,1.0,0.9610027855153204,0.568331758000113,0.41518628400035595,43,2026,1.065250053201441,0.027700540939316426,0.7886981705926925,0.8354791792927734,,,0.21103896103896103,0.25185528756957326,0.19851576994434136,0.3385899814471243
scratch_continue,64,84,0.01920470677057103,0.13887681659614262,1.0,0.9637883008356546,0.5783621400000811,0.42289185200024804,43,2026,1.0561977863338425,0.029766684633909454,0.7925361033357915,0.840809854041776,,,0.21985157699443414,0.24443413729128013,0.2012987012987013,0.3344155844155844
scratch_continue,65,85,0.016813447122611055,0.13408589052611225,1.0,0.9637883008356546,0.588614022999991,0.43065403500031607,43,2026,1.0571107700835745,0.027384554823446802,0.790566935802411,0.8392018410451879,,,0.19944341372912802,0.25,0.2166048237476809,0.3339517625231911
scratch_continue,66,86,0.016360506395858485,0.13614531267540556,1.0,0.9637883008356546,0.5986984559999655,0.43843135100041764,43,2026,1.0605401581828588,0.026965907977687074,0.7884825662708466,0.8370604254132904,,,0.21335807050092764,0.25,0.20083487940630798,0.3358070500927644
scratch_continue,67,87,0.01508674313541885,0.13596411182964305,1.0,0.9610027855153204,0.6079436170002737,0.4455441980003343,43,2026,1.0602184496850577,0.025688927632269425,0.7876289460683719,0.8361684776754288,,,0.20269016697588127,0.25185528756957326,0.2101113172541744,0.33534322820037105
scratch_continue,68,88,0.015511495400943886,0.13915375061795218,1.0,0.9610027855153204,0.6148332090001531,0.45066483200025687,43,2026,1.0665875816974635,0.02617737121791852,0.7833256816645129,0.831625398115989,,,0.22170686456400743,0.24953617810760667,0.19109461966604824,0.33766233766233766
scratch_continue,69,89,0.014426303440286843,0.1332856595367728,1.0,0.9637883008356546,0.6222511350001696,0.45633790500050964,43,2026,1.0632055395474365,0.025058358835761206,0.7845377314070684,0.8330242272737044,,,0.21289424860853431,0.24953617810760667,0.20037105751391465,0.33719851576994436
scratch_continue,70,90,0.01530808503757078,0.13383851475109534,1.0,0.9637883008356546,0.6292018890003419,0.461514984000587,43,2026,1.0521119189029196,0.025829204226599976,0.7877632277533658,0.8381109990274074,,,0.2212430426716141,0.24304267161410018,0.2054730983302412,0.3302411873840445
scratch_continue,71,91,0.014063491649444747,0.13456808549032084,1.0,0.9610027855153204,0.6366377009999269,0.46704414200075917,43,2026,1.0572196065937154,0.024635687715381903,0.7844909189745631,0.8342931890077411,,,0.20083487940630798,0.2523191094619666,0.21428571428571427,0.3325602968460111
scratch_continue,72,92,0.01387243498152085,0.13535777822305856,1.0,0.9610027855153204,0.6440239100002145,0.4724236950005434,43,2026,1.05899476911047,0.02446238267262555,0.783172568118517,0.8332692012560242,,,0.22170686456400743,0.24860853432282004,0.19666048237476808,0.33302411873840443
scratch_continue,73,93,0.014098949061463372,0.13608891852459754,1.0,0.9610027855153204,0.6523953979999533,0.4787246920004691,43,2026,1.0502848160280325,0.024601797221743694,0.7866417102416469,0.8374590691184279,,,0.21567717996289426,0.24582560296846012,0.2101113172541744,0.32838589981447125
scratch_continue,74,94,0.012850746490849602,0.1492296222586142,1.0,0.958217270194986,0.6602030389999527,0.48429542200028664,43,2026,1.0544700779282083,0.023395447270131688,0.7845064142139931,0.8352003426954099,,,0.22031539888682747,0.24953617810760667,0.20037105751391465,0.3297773654916512
scratch_continue,75,95,0.012472624142914713,0.14754342202401743,1.0,0.9610027855153204,0.6673609439999382,0.4896382800002357,43,2026,1.0514432653662014,0.022987056796576727,0.7845918563964606,0.8354967835313537,,,0.21335807050092764,0.24675324675324675,0.21150278293135436,0.32838589981447125
scratch_continue,76,96,0.013047251507321382,0.13039899749406617,1.0,0.9637883008356546,0.6749397720000161,0.49532517500028916,43,2026,1.0590960480657328,0.023638211987978712,0.7814082163620095,0.8320997980177219,,,0.19294990723562153,0.2523191094619666,0.22077922077922077,0.3339517625231911
scratch_continue,77,97,0.026193585091371815,0.15029229685424836,0.9972170686456401,0.9610027855153204,0.6820321489999515,0.5006012820003889,43,2026,1.045260975676945,0.036646194848141266,0.7871105471440655,0.8391038517417175,,,0.212430426716141,0.24582560296846012,0.21614100185528756,0.32560296846011133
scratch_continue,78,98,0.016535489206498534,0.13352208484164046,0.9981447124304267,0.9665738161559888,0.6896224730003269,0.5062976410004012,43,2026,1.07506696755279,0.027286158882026436,0.7719530296418858,0.8223400547942143,,,0.23283858998144713,0.25510204081632654,0.17439703153988867,0.33766233766233766
scratch_continue,79,99,0.012998241039097315,0.14308054058535505,0.9990723562152134,0.9610027855153204,0.6969710850003139,0.5118426730000465,43,2026,1.0562668679143272,0.023560909718240586,0.7806620056147473,0.8325318523837596,,,0.23144712430426717,0.25185528756957326,0.18831168831168832,0.32838589981447125
scratch_continue,80,100,0.011499390391430634,0.13738129481505545,1.0,0.9637883008356546,0.7039087590001145,0.5169926310004485,43,2026,1.0542781054182924,0.02204217144561356,0.7805101462591804,0.8324949509303453,0.009443898239528306,0.0029065446776999604,0.2012987012987013,0.25139146567717996,0.21753246753246752,0.3297773654916512
