phase,epoch,global_epoch,train_ce,val_ce,train_accuracy,val_accuracy,elapsed_seconds,training_seconds,seed,split_seed,balance_loss,objective,router_entropy_normalized,selected_gate_entropy_normalized,task_router_grad_l2,aux_router_grad_l2,expert_0_assignment_share,expert_1_assignment_share,expert_2_assignment_share,expert_3_assignment_share
linear_pretrain,0,0,2.3074274166888227,2.3082101241538058,0.12708719851576994,0.1309192200557103,0.00035387200023251353,0.0,45,2027,,,,,,,,,,
linear_pretrain,1,1,1.4756496075312544,1.4983805891003352,0.8580705009276438,0.8328690807799443,0.002153405000171915,0.001402036999934353,45,2027,,,,,,,,,,
linear_pretrain,2,2,0.9832580709596962,1.0181548574797263,0.9081632653061225,0.871866295264624,0.004129865000322752,0.002731064000272454,45,2027,,,,,,,,,,
linear_pretrain,3,3,0.7200331600478375,0.7694759972757618,0.9174397031539888,0.871866295264624,0.005800163999992947,0.004158228000505915,45,2027,,,,,,,,,,
linear_pretrain,4,4,0.5690559784242374,0.6285105130349069,0.935064935064935,0.8857938718662952,0.007342311000229529,0.0054581910007982515,45,2027,,,,,,,,,,
linear_pretrain,5,5,0.47382008438599565,0.5388369064490891,0.9415584415584416,0.8913649025069638,0.009212752000166802,0.006953628000701428,45,2027,,,,,,,,,,
linear_pretrain,6,6,0.4108474080615348,0.4817666914628874,0.9415584415584416,0.8913649025069638,0.010942781000267132,0.008380912000575336,45,2027,,,,,,,,,,
linear_pretrain,7,7,0.3639334931992319,0.4385537701958885,0.950834879406308,0.9052924791086351,0.012424016000295524,0.009544280000682193,45,2027,,,,,,,,,,
linear_pretrain,8,8,0.3279165141783451,0.4062062370071869,0.9545454545454546,0.9025069637883009,0.014212613999916357,0.010967238000830548,45,2027,,,,,,,,,,
linear_pretrain,9,9,0.29916951173889095,0.3779174219290092,0.9536178107606679,0.9164345403899722,0.015771725999911723,0.012287542001104157,45,2027,,,,,,,,,,
linear_pretrain,10,10,0.27712334956997325,0.35975388306857853,0.9554730983302412,0.9108635097493036,0.01733028800026659,0.013600234000932687,45,2027,,,,,,,,,,
linear_pretrain,11,11,0.25743482432371917,0.3405026852219307,0.9591836734693877,0.9136490250696379,0.01960095000004003,0.015514309000991489,45,2027,,,,,,,,,,
linear_pretrain,12,12,0.24103753828603178,0.3243367542479977,0.963821892393321,0.924791086350975,0.02128625200020906,0.0169526700010465,45,2027,,,,,,,,,,
linear_pretrain,13,13,0.22649071372988594,0.31110458756644543,0.9656771799628943,0.9303621169916435,0.023035340000205906,0.01834207700085244,45,2027,,,,,,,,,,
linear_pretrain,14,14,0.21440330168951116,0.2999298701785087,0.9684601113172542,0.924791086350975,0.02445709599987822,0.019523061000654707,45,2027,,,,,,,,,,
linear_pretrain,15,15,0.20295043694600687,0.2883634198315101,0.9693877551020408,0.9275766016713092,0.026191371000095387,0.02092624000079013,45,2027,,,,,,,,,,
linear_pretrain,16,16,0.19317453938455795,0.2794159552250837,0.9730983302411874,0.9331476323119777,0.027642441999887524,0.022131942001124116,45,2027,,,,,,,,,,
linear_pretrain,17,17,0.18445888158184257,0.27147371789890906,0.9730983302411874,0.9303621169916435,0.02959012800010896,0.023828160000903154,45,2027,,,,,,,,,,
linear_pretrain,18,18,0.17678387080909524,0.26506852896661093,0.974025974025974,0.935933147632312,0.031268570000065665,0.025259000000914966,45,2027,,,,,,,,,,
linear_pretrain,19,19,0.1696165580200364,0.2579711028584835,0.974025974025974,0.935933147632312,0.032776455000202986,0.026498903001083818,45,2027,,,,,,,,,,
linear_pretrain,20,20,0.16301571965950618,0.2512599892500412,0.974025974025974,0.935933147632312,0.03479216400000951,0.02809332900096706,45,2027,,,,,,,,,,
scratch_pretrain,0,0,2.2999327635019684,2.301167171248177,0.11131725417439703,0.10027855153203342,0.0014062529999137041,0.0,45,2027,1.1647644681051157,2.3115804081830196,0.984197453293546,0.990099571056201,0.010208233694655774,0.014548300411076267,0.5,0.030612244897959183,0.462430426716141,0.006957328385899814
scratch_pretrain,1,1,1.4507759388913748,1.4932092257304785,0.7142857142857143,0.6824512534818942,0.012787302999640815,0.006429339999613148,45,2027,1.1018088436555449,1.4617940273279302,0.98655124158908,0.9845491522439445,,,0.019016697588126158,0.3423005565862709,0.47680890538033394,0.161873840445269
scratch_pretrain,2,2,0.9488165647126228,1.0278125569894991,0.8302411873840445,0.7604456824512534,0.02067415199962852,0.012420180999470176,45,2027,1.1571936340220466,0.9603885010528432,0.9705989053885649,0.964719703165975,,,0.05009276437847866,0.4025974025974026,0.47309833024118736,0.07421150278293136
scratch_pretrain,3,3,0.6503301943342197,0.7011925827750153,0.8998144712430427,0.871866295264624,0.028797337000014522,0.018527386999721784,45,2027,1.2038450417140283,0.6623686447513599,0.9528082907189498,0.9436034196057982,,,0.02922077922077922,0.4025974025974026,0.4782003710575139,0.08998144712430427
scratch_pretrain,4,4,0.48944411089985795,0.5393600728257829,0.9304267161410018,0.8857938718662952,0.037193522000052326,0.024893572000109998,45,2027,1.1994006894814997,0.501438117794673,0.9452706906203026,0.9335667214516407,,,0.09925788497217068,0.37291280148423006,0.4749536178107607,0.05287569573283859
scratch_pretrain,5,5,0.3932268647938162,0.4493754770127463,0.9397031539888683,0.9025069637883009,0.04565371399985452,0.03102839999974094,45,2027,1.198395441702814,0.40521081921084434,0.9381102959332953,0.9244287913485127,,,0.08905380333951762,0.3803339517625232,0.45964749536178107,0.07096474953617811
scratch_pretrain,6,6,0.330429603589289,0.3929606012247887,0.9536178107606679,0.9108635097493036,0.054639334000057715,0.03768612299973029,45,2027,1.225355375487504,0.34268315734416405,0.9279407114848908,0.9142495796306451,,,0.06539888682745826,0.3854359925788497,0.4684601113172542,0.08070500927643785
scratch_pretrain,7,7,0.2865717344976296,0.3520025339821977,0.9554730983302412,0.9136490250696379,0.06313389699971594,0.04416455699993094,45,2027,1.2315854924802279,0.29888758942243193,0.9225503797670934,0.909294621128957,,,0.0728200371057514,0.3812615955473098,0.4689239332096475,0.07699443413729128
scratch_pretrain,8,8,0.2534113078819208,0.3324143569571533,0.9582560296846011,0.9136490250696379,0.07209414899989497,0.05065004100015358,45,2027,1.237114775131096,0.2657824556332318,0.9172035970719778,0.9044230390859737,,,0.07003710575139147,0.3784786641929499,0.4689239332096475,0.08256029684601113
scratch_pretrain,9,9,0.22835472685136163,0.2980067599473715,0.9684601113172542,0.9192200557103064,0.08058602799974324,0.05718558099988513,45,2027,1.2414289231664013,0.24076901608302564,0.9142839959614437,0.9024742160156115,,,0.061224489795918366,0.40538033395176254,0.45222634508348797,0.08116883116883117
scratch_pretrain,10,10,0.21403639278109277,0.2935562265481508,0.9601113172541744,0.9136490250696379,0.08891602399990006,0.0635025419996964,45,2027,1.2333836602668766,0.22637022938376153,0.9109141626835782,0.8988338661302036,,,0.07096474953617811,0.36688311688311687,0.46567717996289426,0.09647495361781076
scratch_pretrain,11,11,0.1913973235359646,0.2738921654962841,0.9693877551020408,0.924791086350975,0.09680270399985602,0.06935379299966371,45,2027,1.272522170230571,0.20412254523827028,0.9009850236686279,0.8918519915828098,,,0.04916512059369202,0.39471243042671617,0.4717068645640074,0.08441558441558442
scratch_pretrain,12,12,0.17906817997055494,0.2571797041516318,0.974025974025974,0.9275766016713092,0.10561555499998576,0.07614377499930924,45,2027,1.2390547675948682,0.19145872764650362,0.9026139504033013,0.8915950758005041,,,0.07142857142857142,0.37940630797773656,0.45454545454545453,0.09461966604823747
scratch_pretrain,13,13,0.16257473403749365,0.24512209170946414,0.9795918367346939,0.9303621169916435,0.11342556899990086,0.08176643199931277,45,2027,1.2664449396803603,0.17523918343429726,0.8951637940465901,0.8867817734814156,,,0.04591836734693878,0.3970315398886827,0.4587198515769944,0.09833024118738404
scratch_pretrain,14,14,0.16306330137927452,0.23932957229172042,0.9730983302411874,0.9331476323119777,0.12169228899983864,0.08769869499928973,45,2027,1.2222404847161144,0.17528570622643566,0.8996982823782571,0.8894164342102927,,,0.08534322820037106,0.35667903525046385,0.45083487940630795,0.10714285714285714
scratch_pretrain,15,15,0.1454446651437672,0.22718811412122789,0.9786641929499073,0.935933147632312,0.13043100899994897,0.09391681799934304,45,2027,1.2494670539449089,0.15793933568321628,0.8917742094379315,0.8835510320547213,,,0.05612244897959184,0.37755102040816324,0.45454545454545453,0.11178107606679036
scratch_pretrain,16,16,0.1383555228145185,0.21617057671563358,0.9814471243042672,0.9387186629526463,0.13887701899966487,0.10025812599906203,45,2027,1.2436479138829426,0.1507920019533479,0.8904878355498498,0.8822304467467611,,,0.0640074211502783,0.37430426716141,0.4512987012987013,0.11038961038961038
scratch_pretrain,17,17,0.12911306622663907,0.2103549897083114,0.9805194805194806,0.947075208913649,0.14797124300002906,0.10723615999904723,45,2027,1.2423219663815468,0.14153628589045453,0.8876537878429397,0.879449126660833,,,0.07560296846011132,0.37894248608534326,0.44434137291280146,0.10111317254174397
scratch_pretrain,18,18,0.1233544738597882,0.20895818243265749,0.9851576994434137,0.935933147632312,0.15666701800000737,0.11395323199894847,45,2027,1.24990848072313,0.1358535586670195,0.8827761777508863,0.8761310893502428,,,0.05797773654916512,0.37662337662337664,0.44712430426716143,0.11827458256029684
scratch_pretrain,19,19,0.11977956333279224,0.2036720903752869,0.9823747680890538,0.9387186629526463,0.16563619399994423,0.12091680499906943,45,2027,1.2451005669693764,0.132230569002486,0.88228450919013,0.8765859961306358,,,0.07653061224489796,0.36363636363636365,0.45269016697588127,0.10714285714285714
scratch_pretrain,20,20,0.10972947006965243,0.1953505384310623,0.9860853432282004,0.9526462395543176,0.17277623099971606,0.12613367299900347,45,2027,1.2330271766521819,0.12205974183617425,0.8804077307247352,0.8740745264403554,0.0981475276391466,0.00837073854080735,0.06957328385899815,0.38311688311688313,0.42346938775510207,0.12384044526901669
linear_continue,0,20,0.16301571965950618,0.2512599892500412,0.974025974025974,0.935933147632312,0.0005973669999548292,0.0,45,2027,,,,,,,,,,
linear_continue,1,21,0.15572805726682545,0.2449352910405807,0.9749536178107606,0.935933147632312,0.002194466999753786,0.0013340350001271872,45,2027,,,,,,,,,,
linear_continue,2,22,0.14910175745019377,0.23907041780845986,0.9768089053803339,0.9387186629526463,0.0037376059999587596,0.002635180000197579,45,2027,,,,,,,,,,
linear_continue,3,23,0.14277757007442154,0.2326033636112771,0.9768089053803339,0.9387186629526463,0.005200703999889811,0.0038327400002344802,45,2027,,,,,,,,,,
linear_continue,4,24,0.13737501966970292,0.22836836551776432,0.9786641929499073,0.9387186629526463,0.006803121999837458,0.005195738000111305,45,2027,,,,,,,,,,
linear_continue,5,25,0.13244259852520762,0.2247392597947676,0.9795918367346939,0.9387186629526463,0.00827934999961144,0.006376082000315364,45,2027,,,,,,,,,,
linear_continue,6,26,0.1282524698180795,0.22142396222015134,0.9795918367346939,0.9387186629526463,0.00980986899958225,0.007672300000194809,45,2027,,,,,,,,,,
linear_continue,7,27,0.12390966084939137,0.21665767971407257,0.9823747680890538,0.9387186629526463,0.01141959799997494,0.008958613000231708,45,2027,,,,,,,,,,
linear_continue,8,28,0.12033378712717129,0.21337423142360373,0.9823747680890538,0.9415041782729805,0.012941313999817794,0.01024511600007827,45,2027,,,,,,,,,,
linear_continue,9,29,0.11683231762889126,0.21040368494141584,0.9805194805194806,0.935933147632312,0.014458883999850514,0.011510698000165576,45,2027,,,,,,,,,,
linear_continue,10,30,0.11350421354590653,0.2088935516500337,0.9823747680890538,0.9415041782729805,0.016167871999641648,0.012980727000467596,45,2027,,,,,,,,,,
linear_continue,11,31,0.1106061643573844,0.20565050643783916,0.987012987012987,0.9415041782729805,0.017944520999662927,0.014516574000481341,45,2027,,,,,,,,,,
linear_continue,12,32,0.1074604028147649,0.20224000737283482,0.987012987012987,0.9415041782729805,0.01964229199984402,0.015955837000547035,45,2027,,,,,,,,,,
linear_continue,13,33,0.10482751697986274,0.20052541653973155,0.9879406307977736,0.9415041782729805,0.021491109999715263,0.01752054800044789,45,2027,,,,,,,,,,
linear_continue,14,34,0.10224362420523857,0.1979607341453862,0.9879406307977736,0.9415041782729805,0.025088774999858288,0.02083825300042008,45,2027,,,,,,,,,,
linear_continue,15,35,0.09999517303212328,0.1967616440633569,0.987012987012987,0.947075208913649,0.026640015999873867,0.02214970400063976,45,2027,,,,,,,,,,
linear_continue,16,36,0.09813892548469226,0.19565335055886052,0.987012987012987,0.9442896935933147,0.031563983999603806,0.026632059000803565,45,2027,,,,,,,,,,
linear_continue,17,37,0.09547787488043225,0.19323046845626204,0.9879406307977736,0.9442896935933147,0.033859502999803226,0.028626876000544144,45,2027,,,,,,,,,,
linear_continue,18,38,0.09344868461722333,0.19203829787909257,0.9879406307977736,0.947075208913649,0.03608297399978255,0.030510125000546395,45,2027,,,,,,,,,,
linear_continue,19,39,0.0914101680018261,0.19009070753628196,0.9888682745825603,0.947075208913649,0.03829458599966529,0.032427245000690164,45,2027,,,,,,,,,,
linear_continue,20,40,0.08956614270088623,0.1884979483364487,0.9879406307977736,0.9442896935933147,0.04046535799989215,0.03427198600047632,45,2027,,,,,,,,,,
linear_continue,21,41,0.08772730754040563,0.18643855802009543,0.9879406307977736,0.9498607242339833,0.04271381599983215,0.03618068400055563,45,2027,,,,,,,,,,
linear_continue,22,42,0.08608095941645398,0.1862303911358362,0.9888682745825603,0.947075208913649,0.04484175299967319,0.03801285600047777,45,2027,,,,,,,,,,
linear_continue,23,43,0.08441560162142075,0.18365207477433973,0.9879406307977736,0.9526462395543176,0.04706016699992688,0.039934764000463474,45,2027,,,,,,,,,,
linear_continue,24,44,0.08294113269343817,0.18273065920599263,0.9897959183673469,0.947075208913649,0.04925457399986044,0.04179149400079041,45,2027,,,,,,,,,,
linear_continue,25,45,0.08125286630806955,0.18153238777608924,0.9897959183673469,0.9526462395543176,0.051408890999937285,0.04361512300056347,45,2027,,,,,,,,,,
linear_continue,26,46,0.07982394773036154,0.1821301126315999,0.9897959183673469,0.9526462395543176,0.053599541999574285,0.045471211000403855,45,2027,,,,,,,,,,
linear_continue,27,47,0.07844810034053348,0.18068528071605786,0.9897959183673469,0.9498607242339833,0.05573615200000859,0.047315211000295676,45,2027,,,,,,,,,,
linear_continue,28,48,0.07726234689150252,0.1778567649005838,0.9897959183673469,0.9526462395543176,0.05803604799984896,0.04931068900032187,45,2027,,,,,,,,,,
linear_continue,29,49,0.07588774650495633,0.17893014602406251,0.9897959183673469,0.9526462395543176,0.060208210999917355,0.051184504000502784,45,2027,,,,,,,,,,
linear_continue,30,50,0.07465574515485796,0.17725377963876524,0.9897959183673469,0.9526462395543176,0.06243723999978101,0.05308592100027454,45,2027,,,,,,,,,,
linear_continue,31,51,0.07352833056022384,0.1756301199850634,0.9897959183673469,0.9526462395543176,0.06462140199982969,0.05493552999996609,45,2027,,,,,,,,,,
linear_continue,32,52,0.0722389176584335,0.17507232366854042,0.9907235621521335,0.9554317548746518,0.06682226899965826,0.0568408230001296,45,2027,,,,,,,,,,
linear_continue,33,53,0.07112686669865567,0.1740925418898346,0.9897959183673469,0.9526462395543176,0.06910836299994116,0.05882999200002814,45,2027,,,,,,,,,,
linear_continue,34,54,0.07003380267190937,0.17371779024026848,0.9897959183673469,0.9610027855153204,0.0714229309996881,0.06081519400004254,45,2027,,,,,,,,,,
linear_continue,35,55,0.06878889626166566,0.1741000172892639,0.9907235621521335,0.9554317548746518,0.07372363799959203,0.06280880900021657,45,2027,,,,,,,,,,
linear_continue,36,56,0.06812665859705398,0.1723725525153303,0.9897959183673469,0.9554317548746518,0.07583628199972736,0.06462959500049692,45,2027,,,,,,,,,,
linear_continue,37,57,0.06700162082837645,0.17279197965622714,0.9925788497217068,0.9610027855153204,0.07800050399964675,0.06649720100040213,45,2027,,,,,,,,,,
linear_continue,38,58,0.06588748164109816,0.1705186863196793,0.9916512059369202,0.958217270194986,0.08012170099982541,0.06829261800066888,45,2027,,,,,,,,,,
linear_continue,39,59,0.0651172501508412,0.17180665681038018,0.9925788497217068,0.9554317548746518,0.08228089499971247,0.07015862200069023,45,2027,,,,,,,,,,
linear_continue,40,60,0.06404990745077,0.16926102041373695,0.9916512059369202,0.958217270194986,0.08429087499962407,0.07187170600082027,45,2027,,,,,,,,,,
linear_continue,41,61,0.06316913479712742,0.1714240154630274,0.9925788497217068,0.9610027855153204,0.08636992799984,0.07355634700070368,45,2027,,,,,,,,,,
linear_continue,42,62,0.06223681240782544,0.16895748005126682,0.9925788497217068,0.9610027855153204,0.08827359799988699,0.07516645700070512,45,2027,,,,,,,,,,
linear_continue,43,63,0.06145505327208621,0.1676582747745487,0.9935064935064936,0.958217270194986,0.09026638299974366,0.07686245500099176,45,2027,,,,,,,,,,
linear_continue,44,64,0.06049197883796344,0.1679716823444418,0.9935064935064936,0.9610027855153204,0.09220141999958287,0.07850550400098655,45,2027,,,,,,,,,,
linear_continue,45,65,0.05974338782232749,0.16824149860392257,0.9925788497217068,0.9610027855153204,0.09390237599973261,0.07996510800103351,45,2027,,,,,,,,,,
linear_continue,46,66,0.05896743319787336,0.16706053141102187,0.9935064935064936,0.958217270194986,0.09528422199991837,0.08111805000089589,45,2027,,,,,,,,,,
linear_continue,47,67,0.05830962418307004,0.16689894692929638,0.9935064935064936,0.958217270194986,0.09668920299964157,0.08229277500095122,45,2027,,,,,,,,,,
linear_continue,48,68,0.05745294989920437,0.1659495819310933,0.9944341372912802,0.9610027855153204,0.09817711899995629,0.08353741500059186,45,2027,,,,,,,,,,
linear_continue,49,69,0.056764602585941674,0.1666065399764518,0.9953617810760668,0.958217270194986,0.09957550999979503,0.08470508900063578,45,2027,,,,,,,,,,
linear_continue,50,70,0.05607408829269585,0.16605617741849957,0.9935064935064936,0.958217270194986,0.10094117199969332,0.08584536200078219,45,2027,,,,,,,,,,
linear_continue,51,71,0.05539238216757112,0.1649693109385528,0.9944341372912802,0.958217270194986,0.10235656799977733,0.08701960600046732,45,2027,,,,,,,,,,
linear_continue,52,72,0.0546274029040757,0.16516803472268082,0.9944341372912802,0.958217270194986,0.10375386799978514,0.08815416100060247,45,2027,,,,,,,,,,
linear_continue,53,73,0.05400619349158957,0.1646550270656473,0.9944341372912802,0.958217270194986,0.10528609999983018,0.08937465400049405,45,2027,,,,,,,,,,
linear_continue,54,74,0.053327793474438286,0.16411827706225104,0.9944341372912802,0.958217270194986,0.10670569299963972,0.0905638110007203,45,2027,,,,,,,,,,
linear_continue,55,75,0.052651658406825494,0.16389375198490047,0.9944341372912802,0.958217270194986,0.108079345999613,0.0917142390007939,45,2027,,,,,,,,,,
linear_continue,56,76,0.05221758229000134,0.16600129049794746,0.9935064935064936,0.9610027855153204,0.10956091199977891,0.09288411700072174,45,2027,,,,,,,,,,
linear_continue,57,77,0.051623903585331934,0.16271926820258661,0.9944341372912802,0.958217270194986,0.11108562299978075,0.09417867200045293,45,2027,,,,,,,,,,
linear_continue,58,78,0.050865366996019554,0.16367197849200948,0.9944341372912802,0.958217270194986,0.11248053899998922,0.09532713800081183,45,2027,,,,,,,,,,
linear_continue,59,79,0.05031584315411367,0.16288707947957687,0.9944341372912802,0.958217270194986,0.11388295599999765,0.09650535800074067,45,2027,,,,,,,,,,
linear_continue,60,80,0.049714501382820304,0.16297551771861798,0.9944341372912802,0.958217270194986,0.11523664999958783,0.09763880100035749,45,2027,,,,,,,,,,
linear_continue,61,81,0.049215841850499445,0.16340651905269243,0.9944341372912802,0.958217270194986,0.11667903699981252,0.09881326600043394,45,2027,,,,,,,,,,
linear_continue,62,82,0.04865027174857333,0.16218657909520612,0.9944341372912802,0.958217270194986,0.11806980699975611,0.09998256200060496,45,2027,,,,,,,,,,
linear_continue,63,83,0.0481792598176587,0.16141191260239923,0.9944341372912802,0.958217270194986,0.1196358499996677,0.1013066310006252,45,2027,,,,,,,,,,
linear_continue,64,84,0.04763630072170488,0.16345034504236283,0.9944341372912802,0.958217270194986,0.12101668399964183,0.10245678900037092,45,2027,,,,,,,,,,
linear_continue,65,85,0.04718744621005649,0.1607481803016531,0.9953617810760668,0.958217270194986,0.12244461000000229,0.1036404270003004,45,2027,,,,,,,,,,
linear_continue,66,86,0.046591040030433066,0.1627304032824275,0.9944341372912802,0.958217270194986,0.12407533999976295,0.10502763100021184,45,2027,,,,,,,,,,
linear_continue,67,87,0.04617647660132453,0.16020403283378515,0.9944341372912802,0.958217270194986,0.125687982999807,0.10639809000031164,45,2027,,,,,,,,,,
linear_continue,68,88,0.04569916160049688,0.16025870619676047,0.9953617810760668,0.958217270194986,0.12742907899973943,0.10786149900059172,45,2027,,,,,,,,,,
linear_continue,69,89,0.04528211719684437,0.16245139277453977,0.9944341372912802,0.958217270194986,0.12893563199986602,0.10911218900037056,45,2027,,,,,,,,,,
linear_continue,70,90,0.044646270532207405,0.16061621051076824,0.9944341372912802,0.958217270194986,0.13062181499981307,0.11054991900027744,45,2027,,,,,,,,,,
linear_continue,71,91,0.04435330229913376,0.16207451445424503,0.9953617810760668,0.958217270194986,0.1324532169996928,0.11209877600049367,45,2027,,,,,,,,,,
linear_continue,72,92,0.04406380880150023,0.15930771282066594,0.9944341372912802,0.958217270194986,0.1340967159999309,0.11348502900045787,45,2027,,,,,,,,,,
linear_continue,73,93,0.043500923470411165,0.1616632560733881,0.9953617810760668,0.9610027855153204,0.13552785699994274,0.11466043500013257,45,2027,,,,,,,,,,
linear_continue,74,94,0.0431041820330417,0.16255685787472873,0.9962894248608535,0.958217270194986,0.13733419099980892,0.11616595700024845,45,2027,,,,,,,,,,
linear_continue,75,95,0.0424800138621639,0.15986411316872068,0.9944341372912802,0.9610027855153204,0.1387428269999873,0.11732867399996394,45,2027,,,,,,,,,,
linear_continue,76,96,0.04217894122996713,0.1593846204800125,0.9944341372912802,0.958217270194986,0.1402581439997448,0.1186045809999996,45,2027,,,,,,,,,,
linear_continue,77,97,0.04168136479592582,0.16089431903809503,0.9953617810760668,0.9610027855153204,0.14221450399963942,0.12000892099968041,45,2027,,,,,,,,,,
linear_continue,78,98,0.04127640542957952,0.1597885998810381,0.9962894248608535,0.9610027855153204,0.14380140799994479,0.12122194299990952,45,2027,,,,,,,,,,
linear_continue,79,99,0.04086154747761823,0.1608043636801089,0.9953617810760668,0.958217270194986,0.14581100699979288,0.12290476199996192,45,2027,,,,,,,,,,
linear_continue,80,100,0.040460108798353225,0.16059893374566747,0.9962894248608535,0.9610027855153204,0.14728632399965136,0.12414440400016247,45,2027,,,,,,,,,,
moe_continue,0,20,0.16301571965950618,0.2512599892500412,0.974025974025974,0.935933147632312,0.0011007840003003366,0.0,45,2027,1.1647644681051157,0.17466336434055732,0.984197453293546,0.990099571056201,1.1860518785747347e-18,0.014548300411076267,0.5,0.030612244897959183,0.462430426716141,0.006957328385899814
moe_continue,1,21,0.151791064867968,0.24831813042612405,0.974025974025974,0.9331476323119777,0.012448013000266656,0.006448678000197106,45,2027,1.0195115636536531,0.16198618050450453,0.9963196761839841,0.9970827704697856,,,0.07838589981447125,0.24860853432282004,0.3455473098330241,0.3274582560296846
moe_continue,2,22,0.14231305934870014,0.22971967585466935,0.9749536178107606,0.9387186629526463,0.020902425000258518,0.012753931000588636,45,2027,1.021028131552818,0.15252334066422832,0.9956975222734246,0.9970306723393515,,,0.2560296846011132,0.2388682745825603,0.3807977736549165,0.12430426716141002
moe_continue,3,23,0.12980201559400456,0.2260775140047889,0.9786641929499073,0.9442896935933147,0.02936981700031538,0.01925659100061239,45,2027,1.0004183732493694,0.13980619932649826,0.9962547342920839,0.9972444252526241,,,0.23654916512059368,0.26205936920222633,0.23098330241187384,0.27040816326530615
moe_continue,4,24,0.12480999137358184,0.21883123629506163,0.9786641929499073,0.9387186629526463,0.03784408000001349,0.025547112000367633,45,2027,1.0085085953145314,0.13489507732672715,0.994820885087698,0.9960034400070804,,,0.16048237476808905,0.22912801484230055,0.3177179962894249,0.29267161410018555
moe_continue,5,25,0.11997789448403479,0.21731102579362757,0.9814471243042672,0.9415041782729805,0.047060367000085535,0.032369322000704415,45,2027,1.006679407130223,0.13004468855533702,0.9935913054041424,0.9952678808765947,,,0.3038033395176252,0.2857142857142857,0.2323747680890538,0.17810760667903525
moe_continue,6,26,0.11325685224145336,0.210246959492604,0.9851576994434137,0.9387186629526463,0.057882587000221974,0.04089069600058792,45,2027,1.0047574266048263,0.12330442650750162,0.9921076874365092,0.9935360566232945,,,0.21614100185528756,0.3140074211502783,0.2342300556586271,0.23562152133580705
moe_continue,7,27,0.10685649863099948,0.1938822712538773,0.9851576994434137,0.9415041782729805,0.06809840599999006,0.048632648000420886,45,2027,1.0030005291201716,0.1168865039222012,0.9905451777136556,0.9923780195662307,,,0.2077922077922078,0.23608534322820038,0.26669758812615957,0.2894248608534323
moe_continue,8,28,0.10646533491880905,0.19915640975168256,0.9833024118738405,0.9415041782729805,0.07772849499997392,0.05609091500082286,45,2027,1.020691521596563,0.11667225013477468,0.9870815890258436,0.991460277827763,,,0.32142857142857145,0.21428571428571427,0.3186456400742115,0.1456400742115028
moe_continue,9,29,0.10045208941056201,0.18929065501207082,0.987012987012987,0.9442896935933147,0.08645599800001946,0.0626750370006448,45,2027,1.0005797375212264,0.11045788678577427,0.986490157838202,0.9885978968571287,,,0.2523191094619666,0.2634508348794063,0.22959183673469388,0.25463821892393323
moe_continue,10,30,0.09278953358802397,0.18655345884635802,0.9879406307977736,0.9442896935933147,0.09685453100019004,0.07085249300052965,45,2027,1.0046950708810483,0.10283648429683445,0.9836504010656393,0.9874754767169702,,,0.28014842300556586,0.2189239332096475,0.28710575139146566,0.21382189239332097
moe_continue,11,31,0.09107705286799177,0.18544736066517772,0.987012987012987,0.9442896935933147,0.10862227200004781,0.07951910500059967,45,2027,1.0054776090128272,0.10113182895812003,0.9811080339462834,0.9840008511687564,,,0.2453617810760668,0.2657699443413729,0.19758812615955473,0.2912801484230056
moe_continue,12,32,0.08786211974118278,0.17996314788386752,0.9879406307977736,0.9442896935933147,0.12047013800020068,0.0887807360008992,45,2027,1.0283664883570056,0.09814578462475285,0.9757201473459106,0.9826259911383157,,,0.36595547309833026,0.25788497217068646,0.22448979591836735,0.15166975881261596
moe_continue,13,33,0.08412827733788243,0.1784178644284953,0.987012987012987,0.9498607242339833,0.1338605070000085,0.09988609200081555,45,2027,1.0024495664780733,0.09415277300266317,0.9747333087409408,0.9796296693501647,,,0.21335807050092764,0.2560296846011132,0.2657699443413729,0.26484230055658625
moe_continue,14,34,0.07690758027398356,0.17288022835822994,0.9897959183673469,0.947075208913649,0.14504919800037896,0.10851228200044716,45,2027,1.000383337676708,0.08691141365075064,0.9727325743713738,0.9780537995033194,,,0.2694805194805195,0.23979591836734693,0.24443413729128013,0.24628942486085342
moe_continue,15,35,0.07582122461413447,0.1705806686672924,0.9897959183673469,0.947075208913649,0.1556085330003043,0.1166617060007411,45,2027,1.0024614260720588,0.08584583887485506,0.969273343830786,0.9744038461547176,,,0.24211502782931354,0.2717996289424861,0.22448979591836735,0.26159554730983303
moe_continue,16,36,0.07336368811206774,0.16865554322097728,0.9907235621521335,0.9526462395543176,0.16591083200000867,0.12465716900078405,45,2027,1.0042809117507538,0.08340649722957527,0.9667816695693506,0.9745697094785543,,,0.29591836734693877,0.23562152133580705,0.2625231910946197,0.20593692022263452
moe_continue,17,37,0.07319821260051819,0.17008156861566495,0.9860853432282004,0.9554317548746518,0.1762773370001014,0.13259843100058788,45,2027,1.0055051101311354,0.08325326370182955,0.9621567183449691,0.968075630033302,,,0.22680890538033396,0.2810760667903525,0.22170686456400743,0.27040816326530615
moe_continue,18,38,0.0674536691860127,0.16494513846863068,0.9916512059369202,0.9610027855153204,0.18651467900008356,0.1405337430005602,45,2027,1.0038667745452554,0.07749233693146526,0.9596014735742963,0.9694183630982934,,,0.21799628942486085,0.23098330241187384,0.2940630797773655,0.2569573283858998
moe_continue,19,39,0.0655117684858446,0.1597455607856457,0.9944341372912802,0.9610027855153204,0.19681609600002048,0.1484784900003433,45,2027,1.0047409022602611,0.0755591775084472,0.9561447175908583,0.9652171630107993,,,0.2917439703153989,0.2653061224489796,0.2323747680890538,0.21057513914656772
moe_continue,20,40,0.06122798946739182,0.1567883891875012,0.9953617810760668,0.9637883008356546,0.20715596100035327,0.1564209729999675,45,2027,1.0005397155785969,0.0712333866231778,0.9527559190589767,0.9616796435373082,0.009530952522791349,0.0004160187781387264,0.25185528756957326,0.2597402597402597,0.24118738404452691,0.24721706864564008
moe_continue,21,41,0.059252116202422905,0.15513333786864417,0.9953617810760668,0.9637883008356546,0.22143697800038353,0.16463781799984645,45,2027,1.0045535364848148,0.06929765156727105,0.9488544406574917,0.9581787315574445,,,0.2750463821892393,0.2787569573283859,0.21985157699443414,0.22634508348794063
moe_continue,22,42,0.0576434595074871,0.15373079753126298,0.9953617810760668,0.9665738161559888,0.23183384900039528,0.17261710699995092,45,2027,1.0050470212437184,0.06769392971992429,0.9448547497506465,0.9540925976437785,,,0.26205936920222633,0.2792207792207792,0.212430426716141,0.24628942486085342
moe_continue,23,43,0.05635943444563294,0.15344965342206104,0.9962894248608535,0.9637883008356546,0.2422284470003433,0.18059736699979112,45,2027,1.0077071741115096,0.06643650618674804,0.9397509498522132,0.9489868075111226,,,0.24165120593692022,0.2722634508348794,0.21103896103896103,0.2750463821892393
moe_continue,24,44,0.052451849522673996,0.15032245126178514,0.9962894248608535,0.9637883008356546,0.25248879200034935,0.18849568399946293,45,2027,1.0063463109016568,0.06251531263169056,0.9367497814261145,0.9472981429044347,,,0.2722634508348794,0.2727272727272727,0.20593692022263452,0.24907235621521337
moe_continue,25,45,0.049886389335923105,0.1494513176106219,0.9981447124304267,0.9637883008356546,0.2625443310002993,0.1962499149994983,45,2027,1.0017229360850035,0.05990361869677314,0.9336836365880335,0.9456282530512778,,,0.24768089053803338,0.2592764378478664,0.23654916512059368,0.2564935064935065
moe_continue,26,46,0.05174971403738233,0.15040488438408603,0.9953617810760668,0.9637883008356546,0.27272810200020103,0.2040933989997029,45,2027,1.0082147088609155,0.06183186112599148,0.9272442167373428,0.9391705801999901,,,0.23098330241187384,0.2782931354359926,0.22031539888682747,0.27040816326530615
moe_continue,27,47,0.049629310986725475,0.14984881691061194,0.9953617810760668,0.9637883008356546,0.283249920000344,0.21218631800002186,45,2027,0.9998342814547366,0.05962765380127284,0.9266656791177325,0.9414255989158357,,,0.25742115027829315,0.23376623376623376,0.25834879406307976,0.2504638218923933
moe_continue,28,48,0.04859078796455162,0.14351322048065732,0.9962894248608535,0.9665738161559888,0.2937118190002366,0.22026020900011645,45,2027,1.0129253396484874,0.05872004136103649,0.9186104458152338,0.9314570866652471,,,0.24211502782931354,0.28432282003710574,0.20083487940630798,0.2727272727272727
moe_continue,29,49,0.04523662000328028,0.14140380599807714,0.9981447124304267,0.9665738161559888,0.3041367529999661,0.22822653899993384,45,2027,1.0033898304954503,0.05527051830823478,0.9176134006415557,0.9324745263127587,,,0.25,0.25185528756957326,0.23144712430426717,0.26669758812615957
moe_continue,30,50,0.044241230471515104,0.13942537377107408,0.9972170686456401,0.9693593314763231,0.31447007800034044,0.23606850199985274,45,2027,1.014960870315048,0.054390839174665584,0.9101964034371854,0.9240308531730694,,,0.26391465677179965,0.2690166975881262,0.18923933209647495,0.27782931354359924
moe_continue,31,51,0.04318875857112968,0.1390030941212243,0.9972170686456401,0.9665738161559888,0.32264393900004507,0.24224567299961564,45,2027,1.0092407364672953,0.053281165935802635,0.9077855392868075,0.9238319056789878,,,0.2560296846011132,0.2829313543599258,0.2082560296846011,0.2527829313543599
moe_continue,32,52,0.040647266517166034,0.13893055430018614,0.9981447124304267,0.9637883008356546,0.3322145580000324,0.2496069829994667,45,2027,1.0083853290162497,0.05073111980732853,0.9037006696023879,0.9200482974790114,,,0.24675324675324675,0.25185528756957326,0.21985157699443414,0.2815398886827458
moe_continue,33,53,0.0399328542834689,0.13714328377068416,0.9981447124304267,0.9693593314763231,0.34391918900018936,0.25868063099960636,45,2027,1.0105172564223717,0.05003802684769262,0.8999139667920286,0.9166656459928445,,,0.2690166975881262,0.2564935064935065,0.20222634508348794,0.2722634508348794
moe_continue,34,54,0.03927950789823587,0.13736155553321489,0.9972170686456401,0.9637883008356546,0.3555339100003039,0.2673993909997989,45,2027,1.0082791595854115,0.04936229949408999,0.8968368267933199,0.9147785013813903,,,0.23515769944341372,0.26716141001855287,0.22495361781076068,0.2727272727272727
moe_continue,35,55,0.038409603076331324,0.13718742524377245,0.9972170686456401,0.9637883008356546,0.36579879300006723,0.2749947629995404,45,2027,1.0076112674526059,0.04848571575085738,0.8933433654374808,0.9124239680193383,,,0.24257884972170687,0.2699443413729128,0.22170686456400743,0.2657699443413729
moe_continue,36,56,0.036760004684282525,0.13608176005163913,0.9972170686456401,0.9665738161559888,0.377899644000081,0.2844548859993665,45,2027,1.0106894475772312,0.046866899160054834,0.8885672541352836,0.9076750237805955,,,0.2481447124304267,0.2588126159554731,0.21382189239332097,0.2792207792207792
moe_continue,37,57,0.03509203425392406,0.13442581008823756,0.9981447124304267,0.9693593314763231,0.3884325290000561,0.29256721399951857,45,2027,1.0077983865367242,0.045170018119291305,0.886855921630413,0.9074900969701447,,,0.2653061224489796,0.26716141001855287,0.21103896103896103,0.2564935064935065
moe_continue,38,58,0.034973803158125656,0.13326626769236316,0.9972170686456401,0.9693593314763231,0.40053099700025996,0.3020097209996493,45,2027,1.0097655258460758,0.04507145841658641,0.882963190082101,0.9035996660651072,,,0.25788497217068646,0.27411873840445267,0.20871985157699444,0.2592764378478664
moe_continue,39,59,0.03392679745956273,0.1340656588732358,0.9972170686456401,0.9665738161559888,0.40878685100005896,0.3080210629996145,45,2027,1.0099389883607,0.04402618734316973,0.8788427051775066,0.9001263360769852,,,0.24072356215213359,0.26762523191094617,0.21985157699443414,0.2717996289424861
moe_continue,40,60,0.031911045914288005,0.13075170060880661,0.9981447124304267,0.9665738161559888,0.42017721000001984,0.31613167399973463,45,2027,1.0065047805468987,0.041976093719756996,0.8782079883226606,0.9011976464980583,0.015086976287739487,0.0011442892535139793,0.2717996289424861,0.2564935064935065,0.21567717996289426,0.2560296846011132
moe_continue,41,61,0.032133202276299344,0.1305301789989917,0.9972170686456401,0.9665738161559888,0.43823953800028903,0.32570392599973275,45,2027,1.0134469408110414,0.04226767168440976,0.8715610226240676,0.8939118046358485,,,0.24582560296846012,0.2694805194805195,0.20871985157699444,0.275974025974026
moe_continue,42,62,0.03150726930389162,0.13038296252777654,0.9981447124304267,0.9665738161559888,0.4482876850001958,0.3329734979997738,45,2027,1.0145498676717908,0.041652767980609524,0.8690085184105443,0.8925746772640457,,,0.27365491651205937,0.27133580705009275,0.19387755102040816,0.26113172541743973
moe_continue,43,63,0.029776585119245746,0.13061617536092437,0.9981447124304267,0.9665738161559888,0.4577214290002303,0.3403529049996905,45,2027,1.0147205994994393,0.03992379111424014,0.8652008506633072,0.8889233534721293,,,0.2634508348794063,0.2606679035250464,0.19944341372912802,0.2764378478664193
moe_continue,44,64,0.02981946727547745,0.12842793303720546,0.9981447124304267,0.9693593314763231,0.46627161500009606,0.34664023099958285,45,2027,1.0118308499646522,0.039937775775123974,0.8629233571673396,0.8880038688780092,,,0.2564935064935065,0.2717996289424861,0.20686456400742115,0.26484230055658625
moe_continue,45,65,0.028161977320105606,0.13097975143840518,0.9972170686456401,0.9665738161559888,0.47566077200008294,0.35353263599972706,45,2027,1.0121059336227007,0.03828303665633261,0.8599532373326823,0.8855493382956209,,,0.2657699443413729,0.2606679035250464,0.20408163265306123,0.2694805194805195
moe_continue,46,66,0.027980782953159953,0.1280836565414883,0.9981447124304267,0.9693593314763231,0.4843968080003833,0.3602365289998488,45,2027,1.0180726204152017,0.03816150915731197,0.8551530610253506,0.8813163083331332,,,0.26113172541743973,0.27690166975881264,0.19202226345083487,0.2699443413729128
moe_continue,47,67,0.026871970553279962,0.12748868915319855,0.9981447124304267,0.9693593314763231,0.4930392630003553,0.36692130199980966,45,2027,1.0214418272320842,0.03708638882560081,0.851665712336552,0.8786633271912907,,,0.2537105751391466,0.28014842300556586,0.18970315398886828,0.2764378478664193
moe_continue,48,68,0.026112789648444212,0.12642841183337694,0.9981447124304267,0.9693593314763231,0.5016407770003752,0.3732344069994724,45,2027,1.0211781809862883,0.036324571458307094,0.8494767579984757,0.8771165330849591,,,0.2541743970315399,0.2782931354359926,0.1901669758812616,0.27736549165120594
moe_continue,49,69,0.02532156228644914,0.1265934423398485,0.9981447124304267,0.9693593314763231,0.5119025290000536,0.38103648399965095,45,2027,1.0181190038823797,0.03550275232527294,0.8480868117827365,0.8762337068074249,,,0.2597402597402597,0.2657699443413729,0.19573283858998144,0.2787569573283859
moe_continue,50,70,0.024857558758884454,0.12644865510143644,0.9981447124304267,0.9693593314763231,0.5214971850000438,0.38830111899960684,45,2027,1.0214862295793956,0.03507242105467841,0.8445202502229849,0.8732818232298306,,,0.2653061224489796,0.27365491651205937,0.18645640074211503,0.274582560296846
moe_continue,51,71,0.024102918782620403,0.12681894385655543,0.9981447124304267,0.9693593314763231,0.5294513460003145,0.39421706699931747,45,2027,1.0213680050249445,0.034316598832869846,0.8417350406759592,0.8708360699634692,,,0.25834879406307976,0.2699443413729128,0.1906307977736549,0.2810760667903525
moe_continue,52,72,0.023629598423106947,0.12675890277492766,0.9981447124304267,0.9665738161559888,0.538333712000167,0.40118817099937587,45,2027,1.0188649999135118,0.03381824842224206,0.8412745090874585,0.8713554265091243,,,0.2532467532467532,0.27690166975881264,0.19573283858998144,0.27411873840445267
moe_continue,53,73,0.02307742402271551,0.12249411332929498,0.9981447124304267,0.9721448467966574,0.5489125359999889,0.4095315359995766,45,2027,1.0267777197984767,0.033345201220700275,0.8361330711869697,0.8659917796698843,,,0.2625231910946197,0.2541743970315399,0.18692022263450836,0.2963821892393321
moe_continue,54,74,0.022622911270956256,0.12562490516300995,0.9981447124304267,0.9693593314763231,0.5580793690000974,0.41611763099945165,45,2027,1.017324656533293,0.03279615783628918,0.8372977400725943,0.8691309535594532,,,0.2653061224489796,0.2792207792207792,0.19526901669758812,0.2602040816326531
moe_continue,55,75,0.021612584909848808,0.12553944697223,0.9981447124304267,0.9693593314763231,0.5667851289999817,0.4227117779996661,45,2027,1.0157001027554327,0.03176958593740314,0.8348983867699592,0.8666273146071857,,,0.25788497217068646,0.2680890538033395,0.20222634508348794,0.2717996289424861
moe_continue,56,76,0.021149085636134712,0.12534534068992295,0.9981447124304267,0.9665738161559888,0.5752917600002547,0.42918256999928417,45,2027,1.0183577288678722,0.03133266292481343,0.8317736988034803,0.8640786007958413,,,0.2560296846011132,0.2722634508348794,0.19758812615955473,0.27411873840445267
moe_continue,57,77,0.021174723516917068,0.12097189435927613,0.9972170686456401,0.9721448467966574,0.5842768300003627,0.43594511999936003,45,2027,1.021425732956569,0.031388980846482756,0.828543455127871,0.860999098367117,,,0.26762523191094617,0.2680890538033395,0.18877551020408162,0.2755102040816326
moe_continue,58,78,0.02007665049382599,0.1263170645371171,0.9981447124304267,0.9665738161559888,0.5937174840000807,0.4432521079993421,45,2027,1.0162329273803659,0.030238979767629647,0.8282039387698722,0.8617549642356744,,,0.26159554730983303,0.27365491651205937,0.19944341372912802,0.2653061224489796
moe_continue,59,79,0.019869133808931797,0.12484934230519894,0.9981447124304267,0.9693593314763231,0.6032006820000788,0.45047656299902883,45,2027,1.0201190496014862,0.03007032430494666,0.8245086800718215,0.8594611718452361,,,0.2680890538033395,0.2852504638218924,0.19155844155844157,0.25510204081632654
moe_continue,60,80,0.019008114306665443,0.12275810445579133,0.9981447124304267,0.9693593314763231,0.6121671840001,0.4574270759990213,45,2027,1.0254127422661488,0.02926224172932693,0.8196451802265198,0.8539901253571786,0.011730386921212976,0.0018485565413834458,0.25556586270871984,0.262987012987013,0.1906307977736549,0.29081632653061223
moe_continue,61,81,0.018750748437197182,0.12216499012975598,0.9981447124304267,0.9693593314763231,0.6248048420002306,0.464112791999014,45,2027,1.0225060736194609,0.028975809173391792,0.8191852740230847,0.8545231601704263,,,0.26391465677179965,0.2755102040816326,0.18877551020408162,0.2717996289424861
moe_continue,62,82,0.01843157482861424,0.1242513045769876,0.9981447124304267,0.9665738161559888,0.6350377720000324,0.4719746999990093,45,2027,1.0220206893189576,0.028651781721803816,0.8172370062500443,0.8531860103023184,,,0.2532467532467532,0.2782931354359926,0.19387755102040816,0.274582560296846
moe_continue,63,83,0.017727040059408408,0.12245690730236047,0.9981447124304267,0.9693593314763231,0.6450256080001964,0.47965596999893023,45,2027,1.0210335552028418,0.027937375611436825,0.8158585116083861,0.8521109997325333,,,0.2532467532467532,0.27411873840445267,0.19619666048237477,0.2764378478664193
moe_continue,64,84,0.017245631456293053,0.12066784356241395,0.9981447124304267,0.9693593314763231,0.6548486920000869,0.4867940149988499,45,2027,1.0199141903894124,0.027444773360187177,0.8144416423656323,0.8514484775222408,,,0.2722634508348794,0.2727272727272727,0.19155844155844157,0.2634508348794063
moe_continue,65,85,0.01721798251152911,0.12080072121779879,0.9981447124304267,0.9693593314763231,0.6631569950000085,0.4927070189992264,45,2027,1.0238384414148283,0.027456366925677392,0.8104881681035556,0.8475599761883346,,,0.25,0.2782931354359926,0.19387755102040816,0.27782931354359924
moe_continue,66,86,0.016729869557677655,0.12009748357934284,0.9981447124304267,0.9693593314763231,0.6716877230001046,0.4990179019991956,45,2027,1.0243015261900152,0.026972884819577807,0.8075937543628676,0.8448021542117209,,,0.2694805194805195,0.26762523191094617,0.18692022263450836,0.275974025974026
moe_continue,67,87,0.016101584676872362,0.12214341450915141,0.9990723562152134,0.9665738161559888,0.6800061410003764,0.5051523289989746,45,2027,1.0243942073760588,0.026345526750632953,0.8059147667924828,0.8438891025352254,,,0.2537105751391466,0.2810760667903525,0.19155844155844157,0.27365491651205937
moe_continue,68,88,0.015480242959073772,0.1206573957044215,0.9990723562152134,0.9693593314763231,0.6888706590002585,0.5118880089989943,45,2027,1.0233348508511186,0.025713591467584958,0.804486255503794,0.8427776171981674,,,0.26437847866419295,0.2717996289424861,0.18970315398886828,0.27411873840445267
moe_continue,69,89,0.015580901832593154,0.12100058552171727,1.0,0.9693593314763231,0.6972201940002378,0.5178539629987426,45,2027,1.0232117198421689,0.025813019031014843,0.8028162524509692,0.841941045126236,,,0.2602040816326531,0.2810760667903525,0.19109461966604824,0.26762523191094617
moe_continue,70,90,0.014747807888944985,0.12246542830382516,1.0,0.9693593314763231,0.7056800550003572,0.5242394869987947,45,2027,1.024012787802882,0.024987935766973807,0.8004829883362544,0.8400308199956076,,,0.25834879406307976,0.27319109461966606,0.19155844155844157,0.27690166975881264
moe_continue,71,91,0.014887273990473142,0.12304001137301666,1.0,0.9665738161559888,0.7138947380003628,0.5303765889989336,45,2027,1.0261811114981216,0.02514908510545436,0.7984116419461355,0.8386301802300529,,,0.25556586270871984,0.28385899814471244,0.18877551020408162,0.2717996289424861
moe_continue,72,92,0.014613059629540135,0.11936430640276689,1.0,0.9693593314763231,0.7221100210003897,0.5365105249989028,45,2027,1.0261441348724452,0.024874500978264588,0.7972504228710984,0.8379572598748108,,,0.27736549165120594,0.27319109461966606,0.18181818181818182,0.26762523191094617
moe_continue,73,93,0.014599982170678498,0.12189414531520962,0.9990723562152134,0.9693593314763231,0.7297049020003215,0.5421077249989139,45,2027,1.0202986115126889,0.024802968285805388,0.7973788387014643,0.8382806019470914,,,0.26113172541743973,0.2764378478664193,0.19666048237476808,0.2657699443413729
moe_continue,74,94,0.013454146456851536,0.12288285807208489,1.0,0.9693593314763231,0.7392337480000606,0.5495387599989954,45,2027,1.0232621768951227,0.023686768225802762,0.7945695749817486,0.8357623588016839,,,0.26113172541743973,0.27087198515769945,0.1924860853432282,0.2755102040816326
moe_continue,75,95,0.013222651588911167,0.12132532416462008,1.0,0.9665738161559888,0.750628854000297,0.5581707289989026,45,2027,1.0259565542712856,0.023482217131624024,0.7922191685285159,0.8340632107317295,,,0.2634508348794063,0.27968460111317256,0.18692022263450836,0.2699443413729128
moe_continue,76,96,0.013211864148655097,0.12061384174996996,1.0,0.9665738161559888,0.7596691769999779,0.5648336399985965,45,2027,1.026816238215114,0.023480026530806237,0.7905695776241201,0.8325790439330099,,,0.2680890538033395,0.27690166975881264,0.1841372912801484,0.27087198515769945
moe_continue,77,97,0.012996357791153944,0.1226520462695441,1.0,0.9693593314763231,0.7681293079999705,0.5710732339985043,45,2027,1.024700323928929,0.023243361030443235,0.7896434887102992,0.8320763314167036,,,0.25185528756957326,0.275974025974026,0.19387755102040816,0.2782931354359926
moe_continue,78,98,0.012465008519483307,0.12054798018061265,1.0,0.9693593314763231,0.7786420730003556,0.5792872749984781,45,2027,1.0248260521885535,0.02271326904136884,0.7876989500737176,0.8304586641863544,,,0.26669758812615957,0.2727272727272727,0.18877551020408162,0.2717996289424861
moe_continue,79,99,0.012140037778550295,0.12075804795727998,1.0,0.9693593314763231,0.7876707090003947,0.5860194299984869,45,2027,1.021968931534077,0.022359727093891064,0.7870249923792081,0.830050197584146,,,0.2634508348794063,0.27319109461966606,0.19480519480519481,0.26855287569573283
moe_continue,80,100,0.012063772633886997,0.12074598298270957,1.0,0.9665738161559888,0.797532756000237,0.5933742399984112,45,2027,1.0291011251760218,0.022354783885647215,0.783116492546599,0.8268177352093338,0.002979203336327627,0.0017684257051214063,0.2653061224489796,0.27736549165120594,0.18274582560296845,0.274582560296846
linear_mac_matched,0,20,0.16301571965950618,0.2512599892500412,0.974025974025974,0.935933147632312,0.00030796300006841193,0.0,45,2027,,,,,,,,,,
linear_mac_matched,1,21,0.15572805726682545,0.2449352910405807,0.9749536178107606,0.935933147632312,0.002201637999860395,0.001506533000338095,45,2027,,,,,,,,,,
linear_mac_matched,2,22,0.14910175745019377,0.23907041780845986,0.9768089053803339,0.9387186629526463,0.003963545000260638,0.0030232120006985497,45,2027,,,,,,,,,,
linear_mac_matched,3,23,0.14277757007442154,0.2326033636112771,0.9768089053803339,0.9387186629526463,0.005838332000166702,0.004653872000744741,45,2027,,,,,,,,,,
linear_mac_matched,4,24,0.13737501966970292,0.22836836551776432,0.9786641929499073,0.9387186629526463,0.007944416000100318,0.006513707000976865,45,2027,,,,,,,,,,
linear_mac_matched,5,25,0.13244259852520762,0.2247392597947676,0.9795918367346939,0.9387186629526463,0.009995928000080312,0.00793954900063909,45,2027,,,,,,,,,,
linear_mac_matched,6,26,0.1282524698180795,0.22142396222015134,0.9795918367346939,0.9387186629526463,0.01198184199984098,0.009585592000803445,45,2027,,,,,,,,,,
linear_mac_matched,7,27,0.12390966084939137,0.21665767971407257,0.9823747680890538,0.9387186629526463,0.013780584999949497,0.011050913000872242,45,2027,,,,,,,,,,
linear_mac_matched,8,28,0.12033378712717129,0.21337423142360373,0.9823747680890538,0.9415041782729805,0.01558253200028048,0.012611478000962961,45,2027,,,,,,,,,,
linear_mac_matched,9,29,0.11683231762889126,0.21040368494141584,0.9805194805194806,0.935933147632312,0.01722430900008476,0.013964341001155844,45,2027,,,,,,,,,,
linear_mac_matched,10,30,0.11350421354590653,0.2088935516500337,0.9823747680890538,0.9415041782729805,0.018927186999917467,0.015322652001486858,45,2027,,,,,,,,,,
linear_mac_matched,11,31,0.1106061643573844,0.20565050643783916,0.987012987012987,0.9415041782729805,0.02066623000018808,0.016743847001180256,45,2027,,,,,,,,,,
linear_mac_matched,12,32,0.1074604028147649,0.20224000737283482,0.987012987012987,0.9415041782729805,0.02240568400020493,0.01813228300125047,45,2027,,,,,,,,,,
linear_mac_matched,13,33,0.10482751697986274,0.20052541653973155,0.9879406307977736,0.9415041782729805,0.024172548000024108,0.01962016800098354,45,2027,,,,,,,,,,
linear_mac_matched,14,34,0.10224362420523857,0.1979607341453862,0.9879406307977736,0.9415041782729805,0.026191311000275164,0.021284749001097225,45,2027,,,,,,,,,,
linear_mac_matched,15,35,0.09999517303212328,0.1967616440633569,0.987012987012987,0.947075208913649,0.027826728000036383,0.022646245000942145,45,2027,,,,,,,,,,
linear_mac_matched,16,36,0.09813892548469226,0.19565335055886052,0.987012987012987,0.9442896935933147,0.030163830000219605,0.02447365000125501,45,2027,,,,,,,,,,
linear_mac_matched,17,37,0.09547787488043225,0.19323046845626204,0.9879406307977736,0.9442896935933147,0.031890434000160894,0.025868336001167336,45,2027,,,,,,,,,,
linear_mac_matched,18,38,0.09344868461722333,0.19203829787909257,0.9879406307977736,0.947075208913649,0.033520903999942675,0.027261570000973734,45,2027,,,,,,,,,,
linear_mac_matched,19,39,0.0914101680018261,0.19009070753628196,0.9888682745825603,0.947075208913649,0.03538633700009086,0.02873455300095884,45,2027,,,,,,,,,,
linear_mac_matched,20,40,0.08956614270088623,0.1884979483364487,0.9879406307977736,0.9442896935933147,0.03695102800020322,0.03005232300120042,45,2027,,,,,,,,,,
linear_mac_matched,21,41,0.08772730754040563,0.18643855802009543,0.9879406307977736,0.9498607242339833,0.03930588599996554,0.03175680400136116,45,2027,,,,,,,,,,
linear_mac_matched,22,42,0.08608095941645398,0.1862303911358362,0.9888682745825603,0.947075208913649,0.041148995000185096,0.033291661001385364,45,2027,,,,,,,,,,
linear_mac_matched,23,43,0.08441560162142075,0.18365207477433973,0.9879406307977736,0.9526462395543176,0.04277963499998805,0.03468501400129753,45,2027,,,,,,,,,,
linear_mac_matched,24,44,0.08294113269343817,0.18273065920599263,0.9897959183673469,0.947075208913649,0.044813681000050565,0.036475704001531994,45,2027,,,,,,,,,,
linear_mac_matched,25,45,0.08125286630806955,0.18153238777608924,0.9897959183673469,0.9526462395543176,0.04696627500015893,0.03832313900193185,45,2027,,,,,,,,,,
linear_mac_matched,26,46,0.07982394773036154,0.1821301126315999,0.9897959183673469,0.9526462395543176,0.04856470699996862,0.03962117900209705,45,2027,,,,,,,,,,
linear_mac_matched,27,47,0.07844810034053348,0.18068528071605786,0.9897959183673469,0.9498607242339833,0.050219793999985995,0.04100406700217718,45,2027,,,,,,,,,,
linear_mac_matched,28,48,0.07726234689150252,0.1778567649005838,0.9897959183673469,0.9526462395543176,0.05180530600000566,0.042348356002548826,45,2027,,,,,,,,,,
linear_mac_matched,29,49,0.07588774650495633,0.17893014602406251,0.9897959183673469,0.9526462395543176,0.053349555999830045,0.04365789400253561,45,2027,,,,,,,,,,
linear_mac_matched,30,50,0.07465574515485796,0.17725377963876524,0.9897959183673469,0.9526462395543176,0.054947777000052156,0.044962955002574745,45,2027,,,,,,,,,,
linear_mac_matched,31,51,0.07352833056022384,0.1756301199850634,0.9897959183673469,0.9526462395543176,0.056949345000248286,0.04672168800243526,45,2027,,,,,,,,,,
linear_mac_matched,32,52,0.0722389176584335,0.17507232366854042,0.9907235621521335,0.9554317548746518,0.058560155000122904,0.04808820100242883,45,2027,,,,,,,,,,
linear_mac_matched,33,53,0.07112686669865567,0.1740925418898346,0.9897959183673469,0.9526462395543176,0.06044135100000858,0.04972190600255999,45,2027,,,,,,,,,,
linear_mac_matched,34,54,0.07003380267190937,0.17371779024026848,0.9897959183673469,0.9610027855153204,0.06213251200006198,0.051087538002775545,45,2027,,,,,,,,,,
linear_mac_matched,35,55,0.06878889626166566,0.1741000172892639,0.9907235621521335,0.9554317548746518,0.06368832999987717,0.05240774200274245,45,2027,,,,,,,,,,
linear_mac_matched,36,56,0.06812665859705398,0.1723725525153303,0.9897959183673469,0.9554317548746518,0.06536351700015075,0.053845352003008884,45,2027,,,,,,,,,,
linear_mac_matched,37,57,0.06700162082837645,0.17279197965622714,0.9925788497217068,0.9610027855153204,0.06689824200020666,0.055102331002672145,45,2027,,,,,,,,,,
linear_mac_matched,38,58,0.06588748164109816,0.1705186863196793,0.9916512059369202,0.958217270194986,0.06883994000008897,0.0566529800025819,45,2027,,,,,,,,,,
linear_mac_matched,39,59,0.0651172501508412,0.17180665681038018,0.9925788497217068,0.9554317548746518,0.07054531199992198,0.05811790100233338,45,2027,,,,,,,,,,
linear_mac_matched,40,60,0.06404990745077,0.16926102041373695,0.9916512059369202,0.958217270194986,0.07257651400004761,0.05990375400233461,45,2027,,,,,,,,,,
linear_mac_matched,41,61,0.06316913479712742,0.1714240154630274,0.9925788497217068,0.9610027855153204,0.0742205740002646,0.06122395700231209,45,2027,,,,,,,,,,
linear_mac_matched,42,62,0.06223681240782544,0.16895748005126682,0.9925788497217068,0.9610027855153204,0.07636535600022398,0.06312661600259162,45,2027,,,,,,,,,,
linear_mac_matched,43,63,0.06145505327208621,0.1676582747745487,0.9935064935064936,0.958217270194986,0.07822459999988496,0.06459200700237488,45,2027,,,,,,,,,,
linear_mac_matched,44,64,0.06049197883796344,0.1679716823444418,0.9935064935064936,0.9610027855153204,0.07984703800002535,0.0658703880021676,45,2027,,,,,,,,,,
linear_mac_matched,45,65,0.05974338782232749,0.16824149860392257,0.9925788497217068,0.9610027855153204,0.081471307999891,0.06725389700204687,45,2027,,,,,,,,,,
linear_mac_matched,46,66,0.05896743319787336,0.16706053141102187,0.9935064935064936,0.958217270194986,0.08316967000018849,0.06867641500184618,45,2027,,,,,,,,,,
linear_mac_matched,47,67,0.05830962418307004,0.16689894692929638,0.9935064935064936,0.958217270194986,0.08484590900025069,0.07001802100194254,45,2027,,,,,,,,,,
linear_mac_matched,48,68,0.05745294989920437,0.1659495819310933,0.9944341372912802,0.9610027855153204,0.08681091100015692,0.07174059900216889,45,2027,,,,,,,,,,
linear_mac_matched,49,69,0.056764602585941674,0.1666065399764518,0.9953617810760668,0.958217270194986,0.08921457699989332,0.07330973700209142,45,2027,,,,,,,,,,
linear_mac_matched,50,70,0.05607408829269585,0.16605617741849957,0.9935064935064936,0.958217270194986,0.09163251000018136,0.07539421900173693,45,2027,,,,,,,,,,
linear_mac_matched,51,71,0.05539238216757112,0.1649693109385528,0.9944341372912802,0.958217270194986,0.09389275600005931,0.0773217250016387,45,2027,,,,,,,,,,
linear_mac_matched,52,72,0.0546274029040757,0.16516803472268082,0.9944341372912802,0.958217270194986,0.09615062900002158,0.07929443900138722,45,2027,,,,,,,,,,
linear_mac_matched,53,73,0.05400619349158957,0.1646550270656473,0.9944341372912802,0.958217270194986,0.09838971299996047,0.08104059200150004,45,2027,,,,,,,,,,
linear_mac_matched,54,74,0.053327793474438286,0.16411827706225104,0.9944341372912802,0.958217270194986,0.10044079399995098,0.08272168800158397,45,2027,,,,,,,,,,
linear_mac_matched,55,75,0.052651658406825494,0.16389375198490047,0.9944341372912802,0.958217270194986,0.10271236700009467,0.08463061600150468,45,2027,,,,,,,,,,
linear_mac_matched,56,76,0.05221758229000134,0.16600129049794746,0.9935064935064936,0.9610027855153204,0.10470101500004603,0.08627516700153137,45,2027,,,,,,,,,,
linear_mac_matched,57,77,0.051623903585331934,0.16271926820258661,0.9944341372912802,0.958217270194986,0.10725635400012834,0.08846726100182423,45,2027,,,,,,,,,,
linear_mac_matched,58,78,0.050865366996019554,0.16367197849200948,0.9944341372912802,0.958217270194986,0.1099683190000178,0.09065008000152375,45,2027,,,,,,,,,,
linear_mac_matched,59,79,0.05031584315411367,0.16288707947957687,0.9944341372912802,0.958217270194986,0.11267545600003359,0.0929979770016871,45,2027,,,,,,,,,,
linear_mac_matched,60,80,0.049714501382820304,0.16297551771861798,0.9944341372912802,0.958217270194986,0.11473996799986708,0.09473152100190418,45,2027,,,,,,,,,,
linear_mac_matched,61,81,0.049215841850499445,0.16340651905269243,0.9944341372912802,0.958217270194986,0.11756104699998104,0.09699690500201541,45,2027,,,,,,,,,,
linear_mac_matched,62,82,0.04865027174857333,0.16218657909520612,0.9944341372912802,0.958217270194986,0.12037277099989296,0.09927405700182135,45,2027,,,,,,,,,,
linear_mac_matched,63,83,0.0481792598176587,0.16141191260239923,0.9944341372912802,0.958217270194986,0.12249625200001901,0.10104750100208548,45,2027,,,,,,,,,,
linear_mac_matched,64,84,0.04763630072170488,0.16345034504236283,0.9944341372912802,0.958217270194986,0.12461587600000712,0.10292108600197025,45,2027,,,,,,,,,,
linear_mac_matched,65,85,0.04718744621005649,0.1607481803016531,0.9953617810760668,0.958217270194986,0.1264794459998484,0.10453553200204624,45,2027,,,,,,,,,,
linear_mac_matched,66,86,0.046591040030433066,0.1627304032824275,0.9944341372912802,0.958217270194986,0.12871292199997697,0.10652508100201885,45,2027,,,,,,,,,,
linear_mac_matched,67,87,0.04617647660132453,0.16020403283378515,0.9944341372912802,0.958217270194986,0.1307292219998999,0.10806848000174796,45,2027,,,,,,,,,,
linear_mac_matched,68,88,0.04569916160049688,0.16025870619676047,0.9953617810760668,0.958217270194986,0.13312351900003705,0.11001971200175831,45,2027,,,,,,,,,,
linear_mac_matched,69,89,0.04528211719684437,0.16245139277453977,0.9944341372912802,0.958217270194986,0.13475061400004051,0.11140106800166905,45,2027,,,,,,,,,,
linear_mac_matched,70,90,0.044646270532207405,0.16061621051076824,0.9944341372912802,0.958217270194986,0.13655228100014938,0.11296483800151691,45,2027,,,,,,,,,,
linear_mac_matched,71,91,0.04435330229913376,0.16207451445424503,0.9953617810760668,0.958217270194986,0.13816103799990742,0.1143002240014539,45,2027,,,,,,,,,,
linear_mac_matched,72,92,0.04406380880150023,0.15930771282066594,0.9944341372912802,0.958217270194986,0.13986547900003643,0.11576813000147013,45,2027,,,,,,,,,,
linear_mac_matched,73,93,0.043500923470411165,0.1616632560733881,0.9953617810760668,0.9610027855153204,0.1415467249998983,0.1172017540015986,45,2027,,,,,,,,,,
linear_mac_matched,74,94,0.0431041820330417,0.16255685787472873,0.9962894248608535,0.958217270194986,0.14337137600023198,0.11878024500174433,45,2027,,,,,,,,,,
linear_mac_matched,75,95,0.0424800138621639,0.15986411316872068,0.9944341372912802,0.9610027855153204,0.14494978799984892,0.12006595700177058,45,2027,,,,,,,,,,
linear_mac_matched,76,96,0.04217894122996713,0.1593846204800125,0.9944341372912802,0.958217270194986,0.14672138000014456,0.12159588600206916,45,2027,,,,,,,,,,
linear_mac_matched,77,97,0.04168136479592582,0.16089431903809503,0.9953617810760668,0.9610027855153204,0.15012396700012687,0.12460899800225889,45,2027,,,,,,,,,,
linear_mac_matched,78,98,0.04127640542957952,0.1597885998810381,0.9962894248608535,0.9610027855153204,0.15261342700023306,0.12684097100191138,45,2027,,,,,,,,,,
linear_mac_matched,79,99,0.04086154747761823,0.1608043636801089,0.9953617810760668,0.958217270194986,0.15466728299998067,0.12843960300187973,45,2027,,,,,,,,,,
linear_mac_matched,80,100,0.040460108798353225,0.16059893374566747,0.9962894248608535,0.9610027855153204,0.15685416899987104,0.13038010800210031,45,2027,,,,,,,,,,
linear_mac_matched,81,101,0.04012178155839799,0.15860458147073533,0.9953617810760668,0.958217270194986,0.15922143499983576,0.13231897100195056,45,2027,,,,,,,,,,
linear_mac_matched,82,102,0.0397390935598916,0.1590387968088237,0.9962894248608535,0.9610027855153204,0.16164462599999752,0.1340894010018019,45,2027,,,,,,,,,,
linear_mac_matched,83,103,0.03938426157915919,0.16012415765692153,0.9962894248608535,0.9610027855153204,0.16428186900020592,0.13630482000144184,45,2027,,,,,,,,,,
linear_mac_matched,84,104,0.039056996521609315,0.15875558692025873,0.9944341372912802,0.9610027855153204,0.16630753200024628,0.13782636600126352,45,2027,,,,,,,,,,
linear_mac_matched,85,105,0.038626948716976764,0.15943130594083316,0.9962894248608535,0.9610027855153204,0.16894925099995817,0.14021993300139002,45,2027,,,,,,,,,,
linear_mac_matched,86,106,0.038426162220769194,0.16219807124190516,0.9962894248608535,0.9610027855153204,0.17169082999998864,0.14226269200116803,45,2027,,,,,,,,,,
linear_mac_matched,87,107,0.0384315859886807,0.15661807186101753,0.9962894248608535,0.958217270194986,0.17381585300017832,0.14385500400112505,45,2027,,,,,,,,,,
linear_mac_matched,88,108,0.037948919086908374,0.16262268141102545,0.9962894248608535,0.9610027855153204,0.17598390100010874,0.14576172900115125,45,2027,,,,,,,,,,
linear_mac_matched,89,109,0.037250062912756385,0.15874283827283725,0.9962894248608535,0.9610027855153204,0.1785540519999813,0.1479709680011183,45,2027,,,,,,,,,,
linear_mac_matched,90,110,0.036980185090813855,0.1590836588115008,0.9962894248608535,0.9637883008356546,0.18059891500024605,0.14976986100100476,45,2027,,,,,,,,,,
linear_mac_matched,91,111,0.03663532212160991,0.15845823229263148,0.9962894248608535,0.9610027855153204,0.18277587600005063,0.15151879900122367,45,2027,,,,,,,,,,
linear_mac_matched,92,112,0.03639011040333171,0.16164817722566163,0.9981447124304267,0.9665738161559888,0.18485340699999142,0.1532543870016525,45,2027,,,,,,,,,,
linear_mac_matched,93,113,0.03596524213168387,0.15942712641737097,0.9962894248608535,0.9610027855153204,0.18695560500009378,0.15482570800168105,45,2027,,,,,,,,,,
linear_mac_matched,94,114,0.035735086491535166,0.15913478825549301,0.9972170686456401,0.9637883008356546,0.18892025700006343,0.15643007900189332,45,2027,,,,,,,,,,
linear_mac_matched,95,115,0.035394256777952236,0.15981786638505796,0.9962894248608535,0.9610027855153204,0.1907645380001668,0.15803462000212676,45,2027,,,,,,,,,,
linear_mac_matched,96,116,0.03517078104192137,0.15808045418889408,0.9953617810760668,0.9610027855153204,0.19266195899990635,0.15968993700198553,45,2027,,,,,,,,,,
linear_mac_matched,97,117,0.034792464449267216,0.16004144760925804,0.9981447124304267,0.9665738161559888,0.19514180500027578,0.1617924860020139,45,2027,,,,,,,,,,
linear_mac_matched,98,118,0.0345376147678624,0.16153299213618647,0.9981447124304267,0.9665738161559888,0.19741855600022973,0.16353862000187291,45,2027,,,,,,,,,,
linear_mac_matched,99,119,0.0342618202560863,0.1585420656240558,0.9972170686456401,0.9637883008356546,0.19921393300001,0.16505277500164084,45,2027,,,,,,,,,,
linear_mac_matched,100,120,0.03389938004122271,0.1588191219885085,0.9981447124304267,0.9637883008356546,0.20098916000006284,0.1665761640015262,45,2027,,,,,,,,,,
linear_mac_matched,101,121,0.033609367917556775,0.15859602377838444,0.9981447124304267,0.9665738161559888,0.2031728810002278,0.16823402500176599,45,2027,,,,,,,,,,
linear_mac_matched,102,122,0.03340234667540117,0.16087847514798104,0.9981447124304267,0.9637883008356546,0.2050753399998939,0.16971836500169957,45,2027,,,,,,,,,,
linear_mac_matched,103,123,0.03307584204956015,0.16016506556373605,0.9981447124304267,0.9637883008356546,0.20715067799983444,0.17136278600128207,45,2027,,,,,,,,,,
linear_mac_matched,104,124,0.03284510741153995,0.160335672585239,0.9981447124304267,0.9665738161559888,0.20873916400023518,0.17271133200119948,45,2027,,,,,,,,,,
linear_mac_matched,105,125,0.032510788191838336,0.1584665718294874,0.9981447124304267,0.9637883008356546,0.21129434300019057,0.17494245400121144,45,2027,,,,,,,,,,
linear_mac_matched,106,126,0.032302893059034145,0.1593305072150944,0.9981447124304267,0.9637883008356546,0.2135493509999833,0.17688688600128444,45,2027,,,,,,,,,,
linear_mac_matched,107,127,0.03201542533664828,0.15888830153718678,0.9981447124304267,0.9665738161559888,0.21563749899996765,0.17865205800126205,45,2027,,,,,,,,,,
linear_mac_matched,108,128,0.03177585870070903,0.1593760303877991,0.9981447124304267,0.9665738161559888,0.21715101300014794,0.179903568001464,45,2027,,,,,,,,,,
linear_mac_matched,109,129,0.03156551404094611,0.15936933382202306,0.9981447124304267,0.9637883008356546,0.21913312100014082,0.18160025700126425,45,2027,,,,,,,,,,
linear_mac_matched,110,130,0.03131522831391372,0.16131828004392554,0.9981447124304267,0.9665738161559888,0.22089793299983285,0.1831202410012338,45,2027,,,,,,,,,,
linear_mac_matched,111,131,0.03101471831526202,0.15879544664298104,0.9981447124304267,0.9637883008356546,0.22438661500018497,0.18626425500133337,45,2027,,,,,,,,,,
linear_mac_matched,112,132,0.03079972180019384,0.16043676191450035,0.9981447124304267,0.9665738161559888,0.22616322400017452,0.187750327001595,45,2027,,,,,,,,,,
linear_mac_matched,113,133,0.030612867987140545,0.15978665023941913,0.9981447124304267,0.9637883008356546,0.22777017799990062,0.1891117430018312,45,2027,,,,,,,,,,
linear_mac_matched,114,134,0.030294179042375625,0.15895425014097264,0.9981447124304267,0.9665738161559888,0.22916460399983407,0.19025466000175584,45,2027,,,,,,,,,,
linear_mac_matched,115,135,0.030037950594925207,0.15963480895430496,0.9981447124304267,0.9665738161559888,0.23092713200003345,0.1916660710016913,45,2027,,,,,,,,,,
linear_mac_matched,116,136,0.029847914772957427,0.1581702925110392,0.9981447124304267,0.9637883008356546,0.23249164200024097,0.1929849930020282,45,2027,,,,,,,,,,
linear_mac_matched,117,137,0.02962394474182915,0.16075132575965098,0.9981447124304267,0.9665738161559888,0.23411565200012774,0.19433517200195638,45,2027,,,,,,,,,,
linear_mac_matched,118,138,0.029368739019031486,0.15912889020996204,0.9981447124304267,0.9665738161559888,0.23604750499998772,0.19599089000166714,45,2027,,,,,,,,,,
linear_mac_matched,119,139,0.029194176363528987,0.1607296068162533,0.9981447124304267,0.9665738161559888,0.23786227100026736,0.19754893100162008,45,2027,,,,,,,,,,
linear_mac_matched,120,140,0.02895661028002095,0.1609332238381217,0.9981447124304267,0.9665738161559888,0.23971505500003332,0.19908553000141183,45,2027,,,,,,,,,,
linear_mac_matched,121,141,0.028733152123620296,0.16090877401077325,0.9981447124304267,0.9665738161559888,0.24146869000014703,0.20044157800157336,45,2027,,,,,,,,,,
linear_mac_matched,122,142,0.028506295398588042,0.15959443235177598,0.9981447124304267,0.9665738161559888,0.2433407530002114,0.20206899300183068,45,2027,,,,,,,,,,
linear_mac_matched,123,143,0.028347961844851242,0.15949940618492597,0.9981447124304267,0.9637883008356546,0.2448284679999233,0.20332538000184286,45,2027,,,,,,,,,,
linear_mac_matched,124,144,0.028110119339823984,0.16062884183037526,0.9981447124304267,0.9665738161559888,0.2464945209999314,0.20475741100153755,45,2027,,,,,,,,,,
linear_mac_matched,125,145,0.027892829978644527,0.16091841643825436,0.9981447124304267,0.9665738161559888,0.24823209199985286,0.20621860700111938,45,2027,,,,,,,,,,
linear_mac_matched,126,146,0.027697639046416644,0.1604813377947846,0.9981447124304267,0.9665738161559888,0.24981146500022078,0.20755545500105654,45,2027,,,,,,,,,,
linear_mac_matched,127,147,0.02746519075233425,0.1604559529314282,0.9981447124304267,0.9637883008356546,0.2514243380001062,0.2089375210007347,45,2027,,,,,,,,,,
linear_mac_matched,128,148,0.02727472561852647,0.16030056279526614,0.9981447124304267,0.9665738161559888,0.2532091789998958,0.21044877200074552,45,2027,,,,,,,,,,
linear_mac_matched,129,149,0.027063846671836457,0.1611753920674003,0.9981447124304267,0.9665738161559888,0.2547992790000535,0.2117988700006208,45,2027,,,,,,,,,,
linear_mac_matched,130,150,0.026868470305180185,0.15993162401808655,0.9981447124304267,0.9665738161559888,0.2565242099999523,0.21328363100064962,45,2027,,,,,,,,,,
linear_mac_matched,131,151,0.026802992425796757,0.16318338034270075,0.9981447124304267,0.9665738161559888,0.25856496599999446,0.2150805910005147,45,2027,,,,,,,,,,
linear_mac_matched,132,152,0.026525795334612412,0.1600229484167988,0.9981447124304267,0.9665738161559888,0.2602599330002704,0.2164876650003862,45,2027,,,,,,,,,,
linear_mac_matched,133,153,0.026324089099488825,0.16068439373538493,0.9981447124304267,0.9665738161559888,0.26175031200000376,0.21774349200040888,45,2027,,,,,,,,,,
linear_mac_matched,134,154,0.026180026890098962,0.16206603852184717,0.9981447124304267,0.9665738161559888,0.2634360150000248,0.21918391700046413,45,2027,,,,,,,,,,
linear_mac_matched,135,155,0.025938993315548362,0.1607440871578287,0.9981447124304267,0.9665738161559888,0.26519915400012906,0.2205700400004389,45,2027,,,,,,,,,,
linear_mac_matched,136,156,0.0258943271866389,0.15932721133941377,0.9981447124304267,0.9665738161559888,0.2672376370001075,0.2219122470005459,45,2027,,,,,,,,,,
linear_mac_matched,137,157,0.025586078040516762,0.1605456786548478,0.9981447124304267,0.9665738161559888,0.2696040929999981,0.22384818600085055,45,2027,,,,,,,,,,
linear_mac_matched,138,158,0.0254322147263451,0.16044263247578464,0.9981447124304267,0.9665738161559888,0.27118208399997457,0.2251689100007752,45,2027,,,,,,,,,,
linear_mac_matched,139,159,0.02523692564217343,0.16047418260419663,0.9981447124304267,0.9665738161559888,0.2736106120000841,0.22693647500091174,45,2027,,,,,,,,,,
linear_mac_matched,140,160,0.025092398849175565,0.16053791931420794,0.9981447124304267,0.9665738161559888,0.27579538500003764,0.228313875000822,45,2027,,,,,,,,,,
linear_mac_matched,141,161,0.024964654731687443,0.16260151078946297,0.9981447124304267,0.9665738161559888,0.2776356899998973,0.22985884700074166,45,2027,,,,,,,,,,
linear_mac_matched,142,162,0.024712256509754792,0.1605973810066761,0.9981447124304267,0.9665738161559888,0.2794406020002498,0.23142545000064274,45,2027,,,,,,,,,,
linear_mac_matched,143,163,0.024528541244656383,0.16184521342304703,0.9981447124304267,0.9665738161559888,0.28111444700016364,0.2328124640007445,45,2027,,,,,,,,,,
linear_mac_matched,144,164,0.02441693594893512,0.15950655864918092,0.9981447124304267,0.9665738161559888,0.28285975900007543,0.2342816110003696,45,2027,,,,,,,,,,
linear_mac_matched,145,165,0.02418964892757618,0.1623573540473177,0.9981447124304267,0.9665738161559888,0.284714195000106,0.23589182000023357,45,2027,,,,,,,,,,
linear_mac_matched,146,166,0.024022940599849323,0.1615062248161409,0.9981447124304267,0.9665738161559888,0.2866061580002679,0.23754355200026112,45,2027,,,,,,,,,,
linear_mac_matched,147,167,0.023855279226394615,0.16171207204981675,0.9981447124304267,0.9665738161559888,0.2885467730002347,0.23924356600036845,45,2027,,,,,,,,,,
linear_mac_matched,148,168,0.023714125702621953,0.16055639190922638,0.9981447124304267,0.9665738161559888,0.29058290300008593,0.24103467800068756,45,2027,,,,,,,,,,
linear_mac_matched,149,169,0.02355914122016986,0.1601833831243535,0.9981447124304267,0.9665738161559888,0.29245548600010807,0.2424424340006226,45,2027,,,,,,,,,,
linear_mac_matched,150,170,0.023417924944043607,0.1622661329435716,0.9981447124304267,0.9665738161559888,0.2944674290001785,0.2442076260003887,45,2027,,,,,,,,,,
linear_mac_matched,151,171,0.023271741081843683,0.16383688300713015,0.9981447124304267,0.9665738161559888,0.2967760780002209,0.2460194380005305,45,2027,,,,,,,,,,
linear_mac_matched,152,172,0.023101472658000152,0.16372386714458056,0.9981447124304267,0.9665738161559888,0.2988143200000195,0.24779830000034053,45,2027,,,,,,,,,,
linear_mac_matched,153,173,0.022912692812918037,0.16148698510508264,0.9981447124304267,0.9665738161559888,0.300456117000067,0.24918972100022074,45,2027,,,,,,,,,,
linear_mac_matched,154,174,0.022778264181827046,0.16119901087723626,0.9981447124304267,0.9665738161559888,0.30227786400018886,0.250710736000201,45,2027,,,,,,,,,,
linear_mac_matched,155,175,0.022617217295373873,0.1629630720609163,0.9981447124304267,0.9665738161559888,0.3039655090001361,0.2521613960002469,45,2027,,,,,,,,,,
linear_mac_matched,156,176,0.022488023588198434,0.16307288921042362,0.9981447124304267,0.9665738161559888,0.30550238800014995,0.2533455960001447,45,2027,,,,,,,,,,
linear_mac_matched,157,177,0.02235129633404858,0.16281740624342417,0.9981447124304267,0.9665738161559888,0.3071718169999258,0.25474791299984645,45,2027,,,,,,,,,,
linear_mac_matched,158,178,0.022245548086755756,0.16187826389218032,0.9981447124304267,0.9665738161559888,0.3089030080000157,0.2562410360001195,45,2027,,,,,,,,,,
linear_mac_matched,159,179,0.022015276116731767,0.16225601196867778,0.9981447124304267,0.9665738161559888,0.31064461500000107,0.25755787500020233,45,2027,,,,,,,,,,
linear_mac_matched,160,180,0.021887160767615804,0.1637644946676941,0.9981447124304267,0.9665738161559888,0.31248585100001947,0.2591163269999015,45,2027,,,,,,,,,,
linear_mac_matched,161,181,0.021796917235199068,0.16171836364291614,0.9990723562152134,0.9665738161559888,0.31435739300013665,0.2607021099997837,45,2027,,,,,,,,,,
linear_mac_matched,162,182,0.02167171621740834,0.1636987464997255,0.9981447124304267,0.9665738161559888,0.31588665100025537,0.2619640159996379,45,2027,,,,,,,,,,
linear_mac_matched,163,183,0.021524304374599942,0.16420489121000664,0.9990723562152134,0.9665738161559888,0.31757582899990666,0.2633601939996879,45,2027,,,,,,,,,,
linear_mac_matched,164,184,0.021370951654374606,0.1635391535838118,0.9981447124304267,0.9665738161559888,0.31932701999994606,0.26486519499940187,45,2027,,,,,,,,,,
linear_mac_matched,165,185,0.02118463185949032,0.16432267827802663,0.9981447124304267,0.9665738161559888,0.3212050920001275,0.2663909069992769,45,2027,,,,,,,,,,
linear_mac_matched,166,186,0.021060013243699882,0.16317306783601493,0.9990723562152134,0.9665738161559888,0.32325703500009695,0.2681401549994007,45,2027,,,,,,,,,,
linear_mac_matched,167,187,0.020926333521187765,0.16243240743296108,0.9990723562152134,0.9665738161559888,0.32486337799991816,0.2695099029992889,45,2027,,,,,,,,,,
linear_mac_matched,168,188,0.020840222707960473,0.16623486496156525,0.9981447124304267,0.9665738161559888,0.32657804400014356,0.2709001019993593,45,2027,,,,,,,,,,
linear_mac_matched,169,189,0.020649241411503958,0.16488356809235316,0.9981447124304267,0.9665738161559888,0.32825139900023714,0.272235938999529,45,2027,,,,,,,,,,
linear_mac_matched,170,190,0.02057637540297479,0.16217493953061965,0.9990723562152134,0.9665738161559888,0.3299165200000971,0.2736568039995291,45,2027,,,,,,,,,,
linear_mac_matched,171,191,0.020418878751650524,0.16496843680195136,0.9981447124304267,0.9665738161559888,0.3316669800001364,0.27506478999976025,45,2027,,,,,,,,,,
linear_mac_matched,172,192,0.02026207529378929,0.1637921068525231,0.9990723562152134,0.9665738161559888,0.333441256000242,0.2765940879999107,45,2027,,,,,,,,,,
linear_mac_matched,173,193,0.020153536547134206,0.16439978916139902,0.9981447124304267,0.9665738161559888,0.335210884999924,0.2780167050000273,45,2027,,,,,,,,,,
linear_mac_matched,174,194,0.020023770713183193,0.16416239632144466,0.9990723562152134,0.9665738161559888,0.3367857010002808,0.27935370300019713,45,2027,,,,,,,,,,
linear_mac_matched,175,195,0.01993606014745488,0.16622342835960055,0.9981447124304267,0.9665738161559888,0.33870949099991776,0.2809641230001034,45,2027,,,,,,,,,,
linear_mac_matched,176,196,0.019779363526767235,0.1649348652173374,0.9990723562152134,0.9665738161559888,0.3406043579998368,0.28261768699985623,45,2027,,,,,,,,,,
linear_mac_matched,177,197,0.019622876935491657,0.16418135003925316,0.9990723562152134,0.9665738161559888,0.34217421699986517,0.2839216160000433,45,2027,,,,,,,,,,
linear_mac_matched,178,198,0.01957340354512462,0.16230175316497725,0.9990723562152134,0.9665738161559888,0.34375037500012695,0.285263973000383,45,2027,,,,,,,,,,
linear_mac_matched,179,199,0.01949528677071182,0.16809922885566078,0.9990723562152134,0.9665738161559888,0.3455324930000643,0.2867396510000617,45,2027,,,,,,,,,,
linear_mac_matched,180,200,0.01930257324745009,0.16588581427663004,0.9981447124304267,0.9665738161559888,0.34717891599984796,0.28810941900019316,45,2027,,,,,,,,,,
linear_mac_matched,181,201,0.01918835005588523,0.1630219926072971,0.9990723562152134,0.9665738161559888,0.3487215740001375,0.28937431900021693,45,2027,,,,,,,,,,
linear_mac_matched,182,202,0.01910736521797595,0.16612622020451492,0.9990723562152134,0.9665738161559888,0.3505297810002048,0.290945209000256,45,2027,,,,,,,,,,
linear_mac_matched,183,203,0.018933822129128513,0.16565588979002366,0.9990723562152134,0.9665738161559888,0.3521486529998583,0.29228082600047856,45,2027,,,,,,,,,,
linear_mac_matched,184,204,0.018809530665976733,0.16606182442418796,0.9990723562152134,0.9665738161559888,0.3535331230000338,0.29342456400081574,45,2027,,,,,,,,,,
linear_mac_matched,185,205,0.01868510693338693,0.16509005682028752,0.9990723562152134,0.9665738161559888,0.3554352910000489,0.2950177380007517,45,2027,,,,,,,,,,
linear_mac_matched,186,206,0.018567374217618303,0.1655710309400018,0.9990723562152134,0.9665738161559888,0.357080383000266,0.29638992000082,45,2027,,,,,,,,,,
linear_mac_matched,187,207,0.01849715156766797,0.16833867574398628,0.9990723562152134,0.9665738161559888,0.3587032220002584,0.29777799600105936,45,2027,,,,,,,,,,
linear_mac_matched,188,208,0.01833476423205628,0.16498208684524204,0.9990723562152134,0.9665738161559888,0.36048064199985674,0.2993178590008938,45,2027,,,,,,,,,,
linear_mac_matched,189,209,0.018307478528772056,0.16480682139016317,0.9990723562152134,0.9665738161559888,0.3621432999998433,0.3007065560004776,45,2027,,,,,,,,,,
linear_mac_matched,190,210,0.018399786766639344,0.17088692132065345,0.9981447124304267,0.9637883008356546,0.36378779100004976,0.3020314870004768,45,2027,,,,,,,,,,
linear_mac_matched,191,211,0.018024768067016184,0.16519917175082102,0.9990723562152134,0.9665738161559888,0.3655738749998818,0.30350942700033556,45,2027,,,,,,,,,,
linear_mac_matched,192,212,0.017901877111992436,0.16693942417691676,0.9990723562152134,0.9665738161559888,0.3685778379999647,0.30603870700042535,45,2027,,,,,,,,,,
moe_no_balance,0,20,0.16301571965950618,0.2512599892500412,0.974025974025974,0.935933147632312,0.001679813999999169,0.0,45,2027,1.1647644681051157,0.16301571965950618,0.984197453293546,0.990099571056201,1.1860518785747347e-18,0.0,0.5,0.030612244897959183,0.462430426716141,0.006957328385899814
moe_no_balance,1,21,0.15752775190375737,0.24912220491505066,0.9777365491651205,0.9387186629526463,0.016484517000208143,0.00799598399999013,45,2027,1.10967631164321,0.15752775190375737,0.9901444200240076,0.992238311306075,,,0.06493506493506493,0.02736549165120594,0.4935064935064935,0.4141929499072356
moe_no_balance,2,22,0.14260979945782112,0.2329332716679284,0.9768089053803339,0.935933147632312,0.02666471900010947,0.015508038000007218,45,2027,1.1683166773957228,0.14260979945782112,0.9709461879946278,0.9578657269387187,,,0.10760667903525047,0.09879406307977737,0.5,0.29359925788497215
moe_no_balance,3,23,0.13497586997313643,0.22326408796851274,0.9768089053803339,0.9442896935933147,0.03640829999994821,0.022622572000273067,45,2027,1.0989805411356663,0.13497586997313643,0.9858803990166222,0.9839366698113862,,,0.13589981447124305,0.1261595547309833,0.49907235621521334,0.2388682745825603
moe_no_balance,4,24,0.12982822012726994,0.21876706242562752,0.9805194805194806,0.935933147632312,0.04584078500010946,0.02995372099985616,45,2027,1.0958064936020666,0.12982822012726994,0.9865667443960912,0.988733887424974,,,0.04638218923933209,0.15584415584415584,0.487012987012987,0.310760667903525
moe_no_balance,5,25,0.12039678311624091,0.2138308968302813,0.9777365491651205,0.935933147632312,0.05606419600007939,0.03789460500001951,45,2027,1.0914113374562262,0.12039678311624091,0.9851550998901923,0.9890088125855968,,,0.17346938775510204,0.06725417439703155,0.49257884972170685,0.26669758812615957
moe_no_balance,6,26,0.11602540096087269,0.20592352481153023,0.9823747680890538,0.9387186629526463,0.06597864400009712,0.04553483800009417,45,2027,1.0734872317365534,0.11602540096087269,0.9845715399800655,0.9884693829313174,,,0.06910946196660482,0.15816326530612246,0.4322820037105751,0.3404452690166976
moe_no_balance,7,27,0.10753210313809394,0.19857682209755737,0.9842300556586271,0.9387186629526463,0.0770332239999334,0.05419817699976193,45,2027,1.0990344475330218,0.10753210313809394,0.9788295377305402,0.983645427201767,,,0.09925788497217068,0.12337662337662338,0.4772727272727273,0.30009276437847865
moe_no_balance,8,28,0.10371404177385235,0.189985930916888,0.9833024118738405,0.9387186629526463,0.08672153299994534,0.06154300699972737,45,2027,1.0881577389753327,0.10371404177385235,0.9774761188077816,0.9830639634816911,,,0.11966604823747681,0.11085343228200371,0.461038961038961,0.30844155844155846
moe_no_balance,9,29,0.10096431523426697,0.18457976978307417,0.9823747680890538,0.9442896935933147,0.09661429800007681,0.06938268999965658,45,2027,1.06108018511862,0.10096431523426697,0.9761235487149618,0.9816286217499284,,,0.17625231910946196,0.09972170686456401,0.41697588126159557,0.3070500927643785
moe_no_balance,10,30,0.09538119616355646,0.18065898619216303,0.987012987012987,0.947075208913649,0.10562551000020903,0.07596223999962604,45,2027,1.084679644804869,0.09538119616355646,0.9686970253794184,0.976502317424908,,,0.12569573283858998,0.11595547309833024,0.42207792207792205,0.3362708719851577
moe_no_balance,11,31,0.09030806802348322,0.17629843553960017,0.9879406307977736,0.9526462395543176,0.1154560519998995,0.08347442099966429,45,2027,1.092011077069797,0.09030806802348322,0.9634872901316901,0.9731200757108722,,,0.11549165120593692,0.12384044526901669,0.41280148423005564,0.34786641929499074
moe_no_balance,12,32,0.0874980602236952,0.17047068415987246,0.9879406307977736,0.9498607242339833,0.12463502500031609,0.09063337099951241,45,2027,1.1365482253807828,0.0874980602236952,0.9507696318310095,0.9614936350475621,,,0.09647495361781076,0.10018552875695733,0.4044526901669759,0.39888682745825604
moe_no_balance,13,33,0.08048946307408641,0.1697473971298497,0.9897959183673469,0.9526462395543176,0.13259382600017489,0.09675541399928989,45,2027,1.1059444583096643,0.08048946307408641,0.9491867696352327,0.9576248228095369,,,0.11781076066790352,0.1266233766233766,0.3817254174397032,0.3738404452690167
moe_no_balance,14,34,0.07734101085901829,0.17129663098018977,0.9907235621521335,0.947075208913649,0.14158909400021003,0.10358303699968019,45,2027,1.136987946323013,0.07734101085901829,0.9379110782623169,0.9459943830483234,,,0.1062152133580705,0.13543599257884972,0.3395176252319109,0.41883116883116883
moe_no_balance,15,35,0.07315981933964824,0.16002016519030204,0.9925788497217068,0.9526462395543176,0.1514678480002658,0.11147643999993306,45,2027,1.1764175311930727,0.07315981933964824,0.9231999281527975,0.9333656200273296,,,0.08534322820037106,0.13358070500927643,0.3464749536178108,0.43460111317254174
moe_no_balance,16,36,0.06999485213131897,0.15847489784904928,0.9935064935064936,0.958217270194986,0.15986249400020824,0.11777192299996386,45,2027,1.148650298968255,0.06999485213131897,0.9220079868236074,0.9317571434003913,,,0.11270871985157699,0.12708719851576994,0.35528756957328383,0.4049165120593692
moe_no_balance,17,37,0.06715814446874581,0.15486714367039822,0.9935064935064936,0.958217270194986,0.16790506100005587,0.12367260399969382,45,2027,1.2213482389899852,0.06715814446874581,0.8953477783203254,0.9078997461171654,,,0.0774582560296846,0.14935064935064934,0.32235621521335805,0.45083487940630795
moe_no_balance,18,38,0.06508768169673879,0.1597583187928306,0.9953617810760668,0.9498607242339833,0.17638153999996575,0.13016386199979024,45,2027,1.1898023586305209,0.06508768169673879,0.8958907202081902,0.9064254774114752,,,0.09461966604823747,0.1660482374768089,0.3033395176252319,0.4359925788497217
moe_no_balance,19,39,0.06315617612308834,0.15742340702574537,0.9962894248608535,0.9498607242339833,0.18378942300023482,0.13561084099956133,45,2027,1.1701388641894657,0.06315617612308834,0.8943867954179036,0.9052600726468821,,,0.1150278293135436,0.14285714285714285,0.3297773654916512,0.41233766233766234
moe_no_balance,20,40,0.05879371540122759,0.14379595422800318,0.9972170686456401,0.9637883008356546,0.19230275800009622,0.14201535799929843,45,2027,1.2163316854109045,0.05879371540122759,0.8778899278397374,0.8925820978475972,0.006855496550638378,0.0,0.08905380333951762,0.14332096474953618,0.3339517625231911,0.4336734693877551
moe_no_balance,21,41,0.057557437047857145,0.14625910102525405,0.9962894248608535,0.9665738161559888,0.20508679500017024,0.14899310599912496,45,2027,1.2043657789138942,0.057557437047857145,0.8743480008455992,0.887239846940212,,,0.10018552875695733,0.15862708719851576,0.3102968460111317,0.43089053803339517
moe_no_balance,22,42,0.05486692830926584,0.14576995194664383,0.9972170686456401,0.9610027855153204,0.21400234300017473,0.15522957099892665,45,2027,1.2146257156539073,0.05486692830926584,0.8670895352589256,0.8815257506484625,,,0.10296846011131726,0.14239332096474955,0.3246753246753247,0.4299628942486085
moe_no_balance,23,43,0.05365685593812263,0.14283581503756745,0.9962894248608535,0.9665738161559888,0.22226233600031264,0.1614865869987625,45,2027,1.199470630396641,0.05365685593812263,0.8669335229762484,0.883139916338175,,,0.09647495361781076,0.17207792207792208,0.3102968460111317,0.42115027829313545
moe_no_balance,24,44,0.050696564546553684,0.14200459195494403,0.9972170686456401,0.9637883008356546,0.230568428999959,0.16757711299896982,45,2027,1.2316148982842765,0.050696564546553684,0.8537088118573091,0.8712672258444084,,,0.09137291280148423,0.15816326530612246,0.31586270871985156,0.43460111317254174
moe_no_balance,25,45,0.05024438233980193,0.13843312220694362,0.9981447124304267,0.9665738161559888,0.239703166000254,0.17430806999936976,45,2027,1.2041283322144452,0.05024438233980193,0.8560767714022535,0.8725944442761234,,,0.12012987012987013,0.1507421150278293,0.30612244897959184,0.4230055658627087
moe_no_balance,26,46,0.04691368776572289,0.13563148829301716,0.9981447124304267,0.9665738161559888,0.24746056499998303,0.18025568099938027,45,2027,1.2403549436871746,0.04691368776572289,0.842555309046451,0.8641178249414452,,,0.09230055658627087,0.15816326530612246,0.3140074211502783,0.4355287569573284
moe_no_balance,27,47,0.04548277428786786,0.1347884003726756,0.9981447124304267,0.9665738161559888,0.2572483630001443,0.187456282999392,45,2027,1.243737462837468,0.04548277428786786,0.8369076003150884,0.8610716785314627,,,0.08209647495361781,0.18089053803339517,0.30009276437847865,0.43692022263450836
moe_no_balance,28,48,0.04428109563857447,0.1340236092094214,0.9981447124304267,0.9665738161559888,0.2679867780002496,0.1952951139992365,45,2027,1.2235050344731373,0.04428109563857447,0.8395948275815772,0.8622227005110695,,,0.09972170686456401,0.16233766233766234,0.313543599257885,0.42439703153988867
moe_no_balance,29,49,0.04245282733667882,0.13468974267911377,0.9981447124304267,0.9665738161559888,0.29283610199991017,0.21070068799917863,45,2027,1.2365791761371736,0.04245282733667882,0.8320101354094513,0.8563426181144713,,,0.09740259740259741,0.16094619666048238,0.3116883116883117,0.4299628942486085
moe_no_balance,30,50,0.04133813052091572,0.13040695126991167,0.9981447124304267,0.9693593314763231,0.3062674110001353,0.2220044619989494,45,2027,1.2300321693047438,0.04133813052091572,0.8293442361378298,0.8558240513624104,,,0.09461966604823747,0.16743970315398887,0.31539888682745826,0.4225417439703154
moe_no_balance,31,51,0.04038631473160352,0.12905331017115937,0.9981447124304267,0.9665738161559888,0.31345762899991314,0.22728876799919817,45,2027,1.2234051681311129,0.04038631473160352,0.8290171761740527,0.8545257126597753,,,0.1062152133580705,0.16929499072356216,0.29916512059369205,0.4253246753246753
moe_no_balance,32,52,0.03881933673027745,0.12741787610613645,0.9981447124304267,0.9693593314763231,0.3219804870000189,0.23376040599896442,45,2027,1.2478611283249428,0.03881933673027745,0.8170105249613626,0.8456413210647759,,,0.09647495361781076,0.1679035250463822,0.30287569573283857,0.4327458256029685
moe_no_balance,33,53,0.03762264973108843,0.12614352944112786,0.9981447124304267,0.9693593314763231,0.3297111159999986,0.23939001999906395,45,2027,1.2334502142529447,0.03762264973108843,0.8195744514961476,0.8501585121975744,,,0.08998144712430427,0.18228200371057515,0.3033395176252319,0.42439703153988867
moe_no_balance,34,54,0.0363490400174644,0.1244236905426218,0.9981447124304267,0.9693593314763231,0.33868590300016876,0.2459639819990116,45,2027,1.2499184768051492,0.0363490400174644,0.8123380957536415,0.8441595961873448,,,0.08998144712430427,0.18274582560296845,0.29267161410018555,0.43460111317254174
moe_no_balance,35,55,0.03555736910897999,0.12511926176972907,0.9981447124304267,0.9637883008356546,0.3466236819999722,0.2518316129990126,45,2027,1.2396059236396184,0.03555736910897999,0.8141052426065298,0.8476615257646924,,,0.09183673469387756,0.16651205936920221,0.3186456400742115,0.4230055658627087
moe_no_balance,36,56,0.03493848057196563,0.12634741704181043,0.9981447124304267,0.9665738161559888,0.3541716869999618,0.25712765599882914,45,2027,1.2542135717588587,0.03493848057196563,0.8052511144525439,0.8373000056785534,,,0.10064935064935066,0.18274582560296845,0.27690166975881264,0.4397031539888683
moe_no_balance,37,57,0.03317391408853371,0.12336384392575087,0.9981447124304267,0.9665738161559888,0.3639708310001879,0.264591923998978,45,2027,1.2692246762482056,0.03317391408853371,0.7994024103296358,0.8361910401937679,,,0.08209647495361781,0.18692022263450836,0.29035250463821893,0.44063079777365494
moe_no_balance,38,58,0.03256869277450957,0.12448416718791679,0.9981447124304267,0.9665738161559888,0.37447866999991675,0.27252563699903476,45,2027,1.2467672555298197,0.03256869277450957,0.8032154075653821,0.8384808956900072,,,0.09369202226345083,0.18923933209647495,0.2852504638218924,0.4318181818181818
moe_no_balance,39,59,0.03161202492304988,0.12340485755938531,0.9981447124304267,0.9665738161559888,0.38503168700026436,0.2805272629989304,45,2027,1.254479541851325,0.03161202492304988,0.7991388780020156,0.8367354665963372,,,0.08812615955473098,0.1841372912801484,0.29545454545454547,0.4322820037105751
moe_no_balance,40,60,0.030704915873789474,0.12275983489129266,0.9981447124304267,0.9665738161559888,0.3962940589999562,0.2893045039986646,45,2027,1.2602181678894686,0.030704915873789474,0.79582038606138,0.835192948892788,0.008872734762313261,0.0,0.09183673469387756,0.1683673469387755,0.30844155844155846,0.4313543599257885
moe_no_balance,41,61,0.03007818214111511,0.12393943901420927,0.9981447124304267,0.9637883008356546,0.41013497299991286,0.2969292039983884,45,2027,1.2749203370920543,0.03007818214111511,0.7876374009242595,0.8274664614683944,,,0.09183673469387756,0.17857142857142858,0.2884972170686456,0.44109461966604824
moe_no_balance,42,62,0.02935773012373275,0.11963692423215444,0.9981447124304267,0.9665738161559888,0.42437783500008663,0.3083473839983526,45,2027,1.2470343511046966,0.02935773012373275,0.7960860001632842,0.8383737006162314,,,0.08163265306122448,0.19851576994434136,0.29359925788497215,0.426252319109462
moe_no_balance,43,63,0.028731491199441683,0.12135677125782587,0.9981447124304267,0.9637883008356546,0.432659091000005,0.3144314699984534,45,2027,1.2541105916849813,0.028731491199441683,0.7903092041998455,0.8317043491723096,,,0.09693877551020408,0.1813543599257885,0.2898886827458256,0.4318181818181818
moe_no_balance,44,64,0.027785439219566117,0.12015955972427741,0.9981447124304267,0.9693593314763231,0.4412330860000111,0.3210851009985163,45,2027,1.271650051725256,0.027785439219566117,0.7854759529865469,0.8312735732669496,,,0.07931354359925788,0.1906307977736549,0.29313543599257885,0.43692022263450836
moe_no_balance,45,65,0.027061201190322758,0.12098771827502532,0.9981447124304267,0.9665738161559888,0.44975419200000033,0.32757944399827466,45,2027,1.2497173448957146,0.027061201190322758,0.7885837457045856,0.8324972698125356,,,0.08998144712430427,0.19526901669758812,0.2857142857142857,0.4290352504638219
moe_no_balance,46,66,0.026338464374502383,0.12163461377082467,0.9981447124304267,0.9665738161559888,0.4588751280002725,0.3345246429985309,45,2027,1.2628945100569893,0.026338464374502383,0.7824332532384448,0.8281634343713219,,,0.08951762523191095,0.18552875695732837,0.2922077922077922,0.4327458256029685
moe_no_balance,47,67,0.025994671229687818,0.1175362282947652,0.9981447124304267,0.9665738161559888,0.46785555299993575,0.34128592599881813,45,2027,1.2531626177581379,0.025994671229687818,0.7864341079920911,0.8336582948797177,,,0.08348794063079777,0.20454545454545456,0.2810760667903525,0.43089053803339517
moe_no_balance,48,68,0.025265466244287715,0.12141199671062328,0.9981447124304267,0.9637883008356546,0.4759751760002473,0.3473413499991693,45,2027,1.27484049241545,0.025265466244287715,0.7758813909463284,0.823114546217822,,,0.09044526901669758,0.19202226345083487,0.27736549165120594,0.4401669758812616
moe_no_balance,49,69,0.024713355801266542,0.1203281543410735,0.9981447124304267,0.9665738161559888,0.4842136170000231,0.3534213689990793,45,2027,1.2777591313028835,0.024713355801266542,0.7750695264922883,0.8254139707323985,,,0.07838589981447125,0.19387755102040816,0.2898886827458256,0.437847866419295
moe_no_balance,50,70,0.023960084307536916,0.11774743715328202,0.9981447124304267,0.9665738161559888,0.49216223300027195,0.3593289199989158,45,2027,1.2532726186003313,0.023960084307536916,0.780867901718391,0.8300399249827656,,,0.08580705009276438,0.19619666048237477,0.2898886827458256,0.42810760667903525
moe_no_balance,51,71,0.023328998187601598,0.11892490538366984,0.9981447124304267,0.9665738161559888,0.5008766790001573,0.36607968799899027,45,2027,1.253321394106246,0.023328998187601598,0.7803950695060499,0.8301955474533129,,,0.08951762523191095,0.1901669758812616,0.2912801484230056,0.4290352504638219
moe_no_balance,52,72,0.023088016867236705,0.11924590287379255,0.9981447124304267,0.9665738161559888,0.5088312540001425,0.37194212099893775,45,2027,1.2625466435141466,0.023088016867236705,0.7762495858361648,0.8293109275491068,,,0.07977736549165121,0.19805194805194806,0.2917439703153989,0.43042671614100186
moe_no_balance,53,73,0.022467165652165798,0.1199382400205757,0.9981447124304267,0.9637883008356546,0.51731842900017,0.3784164629987572,45,2027,1.2537177607595722,0.022467165652165798,0.7758174270742677,0.8263901838354443,,,0.09322820037105752,0.19387755102040816,0.2824675324675325,0.43042671614100186
moe_no_balance,54,74,0.023347060731219928,0.11972350530096591,0.9981447124304267,0.9637883008356546,0.5259927150000294,0.38503811699865764,45,2027,1.2595320735994326,0.023347060731219928,0.773201238725533,0.8253875649025477,,,0.09137291280148423,0.1989795918367347,0.275974025974026,0.4336734693877551
moe_no_balance,55,75,0.02182819377811372,0.11928556624018738,0.9981447124304267,0.9637883008356546,0.5346498740000243,0.39125845699891215,45,2027,1.2819128072113808,0.02182819377811372,0.7622225969874743,0.8163057157254269,,,0.08812615955473098,0.19387755102040816,0.27782931354359924,0.4401669758812616
moe_no_balance,56,76,0.021198347046677366,0.12003159756994344,0.9981447124304267,0.9637883008356546,0.5438061640002161,0.397919459998775,45,2027,1.251325912752716,0.021198347046677366,0.7704210505301635,0.8236124325436076,,,0.09276437847866419,0.19387755102040816,0.28617810760667906,0.4271799628942486
moe_no_balance,57,77,0.02031078544306225,0.11865919991939149,0.9981447124304267,0.9637883008356546,0.5524853770002665,0.4043831159988258,45,2027,1.2578642800509476,0.02031078544306225,0.7677673968353464,0.8215507533451615,,,0.0950834879406308,0.19805194805194806,0.274582560296846,0.4322820037105751
moe_no_balance,58,78,0.02042034523961448,0.11980110988406494,0.9981447124304267,0.9637883008356546,0.560671129000184,0.4105652489984095,45,2027,1.2632460093154512,0.02042034523961448,0.7632876037642152,0.8178733485546076,,,0.09786641929499072,0.1906307977736549,0.2782931354359926,0.4332096474953618
moe_no_balance,59,79,0.022863850780962335,0.11355553777888072,0.9972170686456401,0.9665738161559888,0.5700625710001077,0.4175628969983336,45,2027,1.2635313123313778,0.022863850780962335,0.7632297150269131,0.8185054346662831,,,0.09786641929499072,0.2012987012987013,0.26437847866419295,0.436456400742115
moe_no_balance,60,80,0.019815099248554093,0.11883432252545563,0.9981447124304267,0.9637883008356546,0.5781720990003123,0.4233477939983459,45,2027,1.2639941174261995,0.019815099248554093,0.7617263312536913,0.8203237468743702,0.015957431856596493,0.0,0.08858998144712431,0.1836734693877551,0.29916512059369205,0.42857142857142855
moe_no_balance,61,81,0.01984727735802137,0.11332915782487842,0.9981447124304267,0.9665738161559888,0.5901830650000193,0.43024449999848,45,2027,1.235791890573435,0.01984727735802137,0.767427699711134,0.8224932572325347,,,0.10714285714285714,0.2054730983302412,0.2625231910946197,0.424860853432282
moe_no_balance,62,82,0.020193545138549318,0.11216692179276021,0.9972170686456401,0.9665738161559888,0.5982958380000127,0.43656832699844017,45,2027,1.2762670260260882,0.020193545138549318,0.7536745818360011,0.8114646355623244,,,0.10157699443413729,0.19294990723562153,0.26484230055658625,0.44063079777365494
moe_no_balance,63,83,0.018540927638171667,0.11121226258759617,0.9981447124304267,0.9665738161559888,0.6069456069999433,0.44302813799822616,45,2027,1.250776939533372,0.018540927638171667,0.763515920310146,0.8254108199379122,,,0.08441558441558442,0.20315398886827457,0.2880333951762523,0.42439703153988867
moe_no_balance,64,84,0.024608871534611602,0.1145136552844781,0.9972170686456401,0.9665738161559888,0.6146458590001203,0.4487908419978339,45,2027,1.2691369402973023,0.024608871534611602,0.7535189174978754,0.812401333378496,,,0.10296846011131726,0.20500927643784786,0.2523191094619666,0.4397031539888683
moe_no_balance,65,85,0.018394755734487976,0.11573894641444449,0.9981447124304267,0.9637883008356546,0.6229931140001099,0.45492377199798284,45,2027,1.2473916411133241,0.018394755734487976,0.7614521111248566,0.821460027674494,,,0.10111317254174397,0.18692022263450836,0.2852504638218924,0.4267161410018553
moe_no_balance,66,86,0.020912832881634345,0.12046184267026165,0.9981447124304267,0.9637883008356546,0.630794459000299,0.46077120199788624,45,2027,1.3215042062231168,0.020912832881634345,0.731064432126513,0.7936065732110555,,,0.11641929499072357,0.15166975881261596,0.27968460111317256,0.45222634508348797
moe_no_balance,67,87,0.017532145773715455,0.11232067687766088,0.9981447124304267,0.9665738161559888,0.6385137810002561,0.4664192729978822,45,2027,1.2428261213838392,0.017532145773715455,0.760927366407337,0.8214609640326279,,,0.10528756957328386,0.20083487940630798,0.26391465677179965,0.4299628942486085
moe_no_balance,68,88,0.017175982531964114,0.11117076990724803,0.9981447124304267,0.9693593314763231,0.6466679449999901,0.4723848409976199,45,2027,1.264624421454526,0.017175982531964114,0.7489754002721426,0.8099681643134256,,,0.11038961038961038,0.19109461966604824,0.26205936920222633,0.436456400742115
moe_no_balance,69,89,0.017176041467263318,0.11322499517241733,0.9981447124304267,0.9693593314763231,0.6546888000002582,0.4783360469978106,45,2027,1.2524717964535421,0.017176041467263318,0.7540270226194404,0.8163747211709675,,,0.10435992578849722,0.1906307977736549,0.27411873840445267,0.43089053803339517
moe_no_balance,70,90,0.016688299444795076,0.11247567299767185,0.9981447124304267,0.9665738161559888,0.6633400410000831,0.4846802739980376,45,2027,1.2481705168272406,0.016688299444795076,0.7518359784155945,0.8121287801199596,,,0.11595547309833024,0.19805194805194806,0.2537105751391466,0.4322820037105751
moe_no_balance,71,91,0.017369824167392644,0.11374154190571671,0.9981447124304267,0.9665738161559888,0.6713930129999426,0.49070047399800387,45,2027,1.2452061964614993,0.017369824167392644,0.7519031048400268,0.8135852193035499,,,0.11270871985157699,0.2101113172541744,0.24582560296846012,0.4313543599257885
moe_no_balance,72,92,0.016337755337644953,0.11261407122742483,0.9990723562152134,0.9693593314763231,0.6793287899999996,0.4965859119979541,45,2027,1.2298298481952508,0.016337755337644953,0.7576691900624967,0.8189364537222356,,,0.11827458256029684,0.1971243042671614,0.2592764378478664,0.4253246753246753
moe_no_balance,73,93,0.016024798480106357,0.11117147515385496,0.9981447124304267,0.9693593314763231,0.6870458779999353,0.5022210539978005,45,2027,1.261795456205995,0.016024798480106357,0.7430746352509046,0.8046238985739235,,,0.1266233766233766,0.19155844155844157,0.2435064935064935,0.4383116883116883
moe_no_balance,74,94,0.015228513693140612,0.11361557448018464,0.9981447124304267,0.9721448467966574,0.6957207150003342,0.5082611229977374,45,2027,1.2534829265623644,0.015228513693140612,0.7447085292619954,0.808111401169677,,,0.11410018552875696,0.19434137291280149,0.2592764378478664,0.4322820037105751
moe_no_balance,75,95,0.015031541683540744,0.11163940245214093,0.9981447124304267,0.9693593314763231,0.7037926160001007,0.5143712979975135,45,2027,1.232521425542428,0.015031541683540744,0.752802360756476,0.8151032346202214,,,0.12059369202226346,0.20269016697588127,0.24860853432282004,0.42810760667903525
moe_no_balance,76,96,0.014870934225617378,0.11103982143869984,0.9990723562152134,0.9693593314763231,0.7113184270001511,0.5199794589975681,45,2027,1.2540842231275207,0.014870934225617378,0.743704236752127,0.8080022781727091,,,0.11920222634508348,0.1841372912801484,0.26437847866419295,0.4322820037105751
moe_no_balance,77,97,0.014356348054145571,0.10858003513862521,0.9990723562152134,0.9721448467966574,0.7213280480000321,0.5274934919975749,45,2027,1.2231314195260772,0.014356348054145571,0.7539047974564953,0.8170703309051781,,,0.12291280148423006,0.2077922077922078,0.24443413729128013,0.424860853432282
moe_no_balance,78,98,0.014268976142396233,0.10969861659049192,0.9990723562152134,0.9665738161559888,0.730429494999953,0.5347209149977061,45,2027,1.2204951158041486,0.014268976142396233,0.7523913289583944,0.8143050163534993,,,0.1349721706864564,0.1989795918367347,0.24165120593692022,0.42439703153988867
moe_no_balance,79,99,0.01393014329592535,0.11000488038046416,0.9990723562152134,0.9693593314763231,0.7401120150002498,0.5420206169978883,45,2027,1.2461700365477923,0.01393014329592535,0.7433333780216447,0.808409467822501,,,0.12291280148423006,0.2012987012987013,0.24304267161410018,0.4327458256029685
moe_no_balance,80,100,0.014645150194606632,0.11068141107772918,0.9990723562152134,0.9721448467966574,0.7498265720000745,0.5492810589976216,45,2027,1.2204104212653368,0.014645150194606632,0.7511798650095823,0.8159060284030173,0.011667839525457586,0.0,0.12291280148423006,0.21289424860853431,0.24072356215213359,0.42346938775510207
scratch_continue,0,20,0.10972947006965243,0.1953505384310623,0.9860853432282004,0.9526462395543176,0.0013926020001235884,0.0,45,2027,1.2330271766521819,0.12205974183617425,0.8804077307247352,0.8740745264403554,0.0981475276391466,0.00837073854080735,0.06957328385899815,0.38311688311688313,0.42346938775510207,0.12384044526901669
scratch_continue,1,21,0.10640423532703279,0.188013027294598,0.9860853432282004,0.9498607242339833,0.013612992000162194,0.006469143999765947,45,2027,1.2085829515582174,0.11849006484261496,0.8815531206466216,0.8750751104167154,,,0.08812615955473098,0.3650278293135436,0.4174397031539889,0.12940630797773656
scratch_continue,2,22,0.09868575140477627,0.18590283700081908,0.9879406307977736,0.9554317548746518,0.02257071400026689,0.013104917999498866,45,2027,1.2814814800499168,0.11150056620527543,0.8666000132724759,0.8664797437754752,,,0.05890538033395176,0.38358070500927643,0.45686456400742115,0.10064935064935066
scratch_continue,3,23,0.0923902320453552,0.17921734839527564,0.9897959183673469,0.9526462395543176,0.030336655000155588,0.018773218999285746,45,2027,1.2311302627870226,0.10470153467322542,0.87051488570507,0.8670604519277871,,,0.07699443413729128,0.37894248608534326,0.4174397031539889,0.1266233766233766
scratch_continue,4,24,0.08891337296697854,0.17566262396743618,0.9888682745825603,0.958217270194986,0.038490499000090495,0.025100239999119367,45,2027,1.2686204521745141,0.10159957748872368,0.860249414332922,0.8612496021912182,,,0.05380333951762523,0.37894248608534326,0.44341372912801486,0.12384044526901669
scratch_continue,5,25,0.08368969555553282,0.17244840043903562,0.987012987012987,0.9610027855153204,0.047133939000104874,0.03179884899918761,45,2027,1.24172749179258,0.09610697047345862,0.8646046120921219,0.8650025469970756,,,0.06910946196660482,0.3622448979591837,0.4383116883116883,0.1303339517625232
scratch_continue,6,26,0.07934611141929643,0.164654093049992,0.9888682745825603,0.9637883008356546,0.05669895200026076,0.038908995999463514,45,2027,1.2435261749606206,0.09178137316890264,0.859392478739859,0.8593454184148347,,,0.07235621521335807,0.37894248608534326,0.4225417439703154,0.1261595547309833
scratch_continue,7,27,0.07514038877177225,0.17080121304829154,0.9916512059369202,0.9610027855153204,0.06531773400001839,0.04539362399964375,45,2027,1.2556841757841273,0.08769723052961352,0.8563421303357169,0.8591936508465328,,,0.06215213358070501,0.36595547309833026,0.44341372912801486,0.1284786641929499
scratch_continue,8,28,0.07339572823102723,0.16018305895714133,0.9925788497217068,0.9610027855153204,0.07412276600007317,0.05194645399933506,45,2027,1.2363982686743062,0.0857597109177703,0.8572949016264725,0.8594898065164893,,,0.08024118738404452,0.3631725417439703,0.4294990723562152,0.12708719851576994
scratch_continue,9,29,0.06987894017290995,0.15499352769657193,0.9925788497217068,0.9721448467966574,0.08426240200014945,0.059853556999314605,45,2027,1.2528107370372985,0.08240704754328293,0.8506683542202252,0.8535167017164514,,,0.08302411873840446,0.37940630797773656,0.42578849721706863,0.11178107606679036
scratch_continue,10,30,0.06669356855751013,0.16461120340685845,0.9935064935064936,0.9610027855153204,0.09358243799988486,0.06712552699946173,45,2027,1.269010683243162,0.07938367538994175,0.845506179088735,0.8516276314244542,,,0.06215213358070501,0.37105751391465674,0.4424860853432282,0.12430426716141002
scratch_continue,11,31,0.06404719520834481,0.15342305366917836,0.9962894248608535,0.9665738161559888,0.11048748300027,0.07923732399967776,45,2027,1.2194970157781122,0.07624216536612594,0.8506427840272518,0.853338654138152,,,0.08487940630797773,0.3682745825602968,0.4044526901669759,0.14239332096474955
scratch_continue,12,32,0.06445031162456102,0.15155273389148954,0.9925788497217068,0.9665738161559888,0.11826773600023444,0.08509295699968789,45,2027,1.2329540833019463,0.07677985245758048,0.8479754042140454,0.8533092311360512,,,0.08719851576994433,0.3562152133580705,0.426252319109462,0.1303339517625232
scratch_continue,13,33,0.059330466193722134,0.15572500744800413,0.9972170686456401,0.9637883008356546,0.13469939100014017,0.09946014199977071,45,2027,1.2702677041372117,0.07203314323509424,0.8379646677998334,0.8467778837229761,,,0.06910946196660482,0.3719851576994434,0.4383116883116883,0.12059369202226346
scratch_continue,14,34,0.05840850320172911,0.14889711105821157,0.9953617810760668,0.9637883008356546,0.14227225300010105,0.10483659600004103,45,2027,1.2227148553445095,0.07063565175517421,0.8446771099564936,0.8513707979359708,,,0.08302411873840446,0.3562152133580705,0.4155844155844156,0.14517625231910947
scratch_continue,15,35,0.055017446973194106,0.16121543232673913,0.9944341372912802,0.9610027855153204,0.14927184399994076,0.11006287400005021,45,2027,1.235432940941745,0.06737177638261156,0.8413594315925456,0.8508135272501026,,,0.06910946196660482,0.35528756957328383,0.42393320964749537,0.15166975881261596
scratch_continue,16,36,0.05395205219663965,0.15985196083748604,0.9944341372912802,0.9610027855153204,0.15615027300009388,0.11508200200023566,45,2027,1.2094575428011307,0.06604662762465095,0.8431977000544504,0.8501387429173883,,,0.08905380333951762,0.3515769944341373,0.40630797773654914,0.15306122448979592
scratch_continue,17,37,0.051377065223568004,0.1496605209709578,0.9972170686456401,0.9665738161559888,0.1629416509999828,0.12010285100041074,45,2027,1.2560516581353487,0.06393758180492148,0.831919211501131,0.843874288061546,,,0.06818181818181818,0.3580705009276438,0.4332096474953618,0.14053803339517626
scratch_continue,18,38,0.049812457491498284,0.16181921593046167,0.9962894248608535,0.9610027855153204,0.169856043999971,0.12518429200054015,45,2027,1.227406964824764,0.062086527139745926,0.8364760977657696,0.8472720254380379,,,0.07699443413729128,0.3492578849721707,0.4197588126159555,0.15398886827458255
scratch_continue,19,39,0.04676969260804182,0.15487976337436907,0.9972170686456401,0.9637883008356546,0.17666959500002122,0.13017898200087075,45,2027,1.217987017994613,0.05894956278798795,0.8349847917470521,0.8442560073881255,,,0.08998144712430427,0.35435992578849723,0.40816326530612246,0.14749536178107606
scratch_continue,20,40,0.0464090695634914,0.14439882494482797,0.9972170686456401,0.9665738161559888,0.1834974879998299,0.13519903000087652,45,2027,1.2528413825876261,0.05893748338936766,0.8272483074099756,0.8403316339394169,0.04305460439680377,0.007513836857738713,0.07421150278293136,0.35760667903525045,0.4290352504638219,0.1391465677179963
scratch_continue,21,41,0.046801775012101914,0.1579308719192434,0.9962894248608535,0.9610027855153204,0.19325398899991342,0.14039430200091374,45,2027,1.2021245842408652,0.05882302085451056,0.8366430051176104,0.8471993097524374,,,0.09369202226345083,0.34461966604823746,0.4025974025974026,0.1590909090909091
scratch_continue,22,42,0.042709753772518136,0.13606960929578382,0.9972170686456401,0.9693593314763231,0.20008972400000857,0.145382132001032,45,2027,1.2303456958655923,0.05501321073117406,0.8252040440196396,0.8365715431180774,,,0.09183673469387756,0.3589981447124304,0.4100185528756957,0.1391465677179963
scratch_continue,23,43,0.04061115831386252,0.13119024069335655,0.9972170686456401,0.9721448467966574,0.20683406099988133,0.15038635700102532,45,2027,1.2081471715798247,0.052692630029660764,0.8296988201961852,0.8409982324881612,,,0.09833024118738404,0.349721706864564,0.40213358070500926,0.14981447124304267
scratch_continue,24,44,0.042413154881307466,0.15476641251305923,0.9972170686456401,0.9637883008356546,0.2136582289999751,0.15543642100101351,45,2027,1.2240443478932386,0.05465359836023985,0.8268737567797513,0.8408508959634121,,,0.10018552875695733,0.34415584415584416,0.41836734693877553,0.137291280148423
scratch_continue,25,45,0.0397044371484592,0.12681644436370323,0.9972170686456401,0.9721448467966574,0.22050506000005043,0.16049319500098136,45,2027,1.2355727900476277,0.05206016504893547,0.8194698998818506,0.8329423857941437,,,0.09322820037105752,0.3622448979591837,0.4090909090909091,0.13543599257884972
scratch_continue,26,46,0.03839040475228739,0.15273853333754284,0.9981447124304267,0.9637883008356546,0.22734197699992365,0.16554521100079,45,2027,1.209848778123417,0.05048889253352156,0.8276726976096314,0.8437646819291702,,,0.07884972170686456,0.34137291280148424,0.4076994434137291,0.17207792207792208
scratch_continue,27,47,0.03722292264911834,0.14994542922765539,0.9981447124304267,0.9665738161559888,0.23413708099997166,0.17054721300064557,45,2027,1.2264600613295402,0.04948752326241374,0.8226390585885218,0.8384199056183389,,,0.08812615955473098,0.34833024118738404,0.4155844155844156,0.14795918367346939
scratch_continue,28,48,0.03576598090083333,0.1393207019427752,0.9981447124304267,0.9693593314763231,0.24105406699982268,0.17565340000055585,45,2027,1.1934814364184332,0.04770079526501766,0.8278626250114911,0.8416346730830706,,,0.09740259740259741,0.34369202226345086,0.3942486085343228,0.16465677179962895
scratch_continue,29,49,0.03445728073675359,0.1459454134853772,0.9981447124304267,0.9637883008356546,0.24787787500008562,0.18066322400045465,45,2027,1.225236691755984,0.04670964765431343,0.8187892137238109,0.8353286772123806,,,0.08812615955473098,0.349721706864564,0.4114100185528757,0.1507421150278293
scratch_continue,30,50,0.03328230019586898,0.12860928946257846,0.9981447124304267,0.9721448467966574,0.2546998689999782,0.18569447900063096,45,2027,1.217160926823338,0.04545390946410236,0.8177825915936218,0.8339366788245189,,,0.09601113172541743,0.349721706864564,0.4049165120593692,0.14935064935064934
scratch_continue,31,51,0.03600475180697988,0.1515236963375782,0.9962894248608535,0.9693593314763231,0.26174890399988726,0.19092829800047184,45,2027,1.1967231944845722,0.047971983751825605,0.8252678426414418,0.8428643105779524,,,0.09322820037105752,0.33302411873840443,0.40584415584415584,0.1679035250463822
scratch_continue,32,52,0.03234761064834126,0.13769920062023353,0.9981447124304267,0.9693593314763231,0.2686730210002679,0.1959727430003113,45,2027,1.2532307151465354,0.044879917799806615,0.8091237050615903,0.8299467176299945,,,0.0839517625231911,0.3515769944341373,0.4299628942486085,0.1345083487940631
scratch_continue,33,53,0.032314269717384485,0.14681216190443871,0.9981447124304267,0.9665738161559888,0.27551158999995096,0.20103048800001488,45,2027,1.1846171360938231,0.04416044107832272,0.8230364169489753,0.8397351685596938,,,0.1038961038961039,0.336734693877551,0.3937847866419295,0.16558441558441558
scratch_continue,34,54,0.030653681783513423,0.1455715603180204,0.9981447124304267,0.9665738161559888,0.28238997900007234,0.20608648000006724,45,2027,1.201914959311878,0.042672831376632206,0.8180286562074814,0.8373858970049962,,,0.08534322820037106,0.33812615955473097,0.40213358070500926,0.17439703153988867
scratch_continue,35,55,0.0295056702674414,0.14253587737346626,0.9981447124304267,0.9693593314763231,0.28945062200000393,0.21130093000010675,45,2027,1.2050192740579364,0.04155586300802076,0.8159972312745646,0.8342690071810513,,,0.09740259740259741,0.3460111317254174,0.39888682745825604,0.15769944341372913
scratch_continue,36,56,0.029841150026566555,0.14751731084538075,0.9981447124304267,0.9693593314763231,0.2962928259998989,0.21630697700038581,45,2027,1.1981701458089369,0.04182285148465592,0.8172504849952315,0.8376163744010637,,,0.08766233766233766,0.33534322820037105,0.39981447124304265,0.17717996289424862
scratch_continue,37,57,0.03196343301780006,0.14125301107468133,0.9981447124304267,0.9693593314763231,0.3032212299999628,0.22144247900041591,45,2027,1.177234296039271,0.04373577597819277,0.8199551489773054,0.8384719677051752,,,0.09276437847866419,0.3344155844155844,0.38311688311688313,0.18970315398886828
scratch_continue,38,58,0.027987590665033656,0.14341855043719437,0.9981447124304267,0.9665738161559888,0.31018189199994595,0.22658251700022447,45,2027,1.2185732550926132,0.04017332321595979,0.8098940029714999,0.8307263477794751,,,0.10111317254174397,0.3450834879406308,0.4090909090909091,0.14471243042671614
scratch_continue,39,59,0.026925667560564047,0.14384302861657508,0.9981447124304267,0.9665738161559888,0.3170953140001984,0.231692460999966,45,2027,1.1926255809489077,0.038851923370053124,0.814492541926108,0.8347701465514112,,,0.0950834879406308,0.33719851576994436,0.39564007421150277,0.17207792207792208
scratch_continue,40,60,0.027917139656020638,0.14951948903703216,0.9972170686456401,0.9637883008356546,0.32396310700005415,0.23676184299984016,45,2027,1.171711759169172,0.03963425724771236,0.8188826777764593,0.839116380083368,0.028703850235780284,0.0057883890880112724,0.10760667903525047,0.3269944341372913,0.387291280148423,0.17810760667903525
scratch_continue,41,61,0.025918823347934376,0.13690266425073938,0.9981447124304267,0.9693593314763231,0.3336636939998243,0.24189781499990204,45,2027,1.1995221355733738,0.03791404470366812,0.8096255961911075,0.8300503818122653,,,0.09647495361781076,0.34415584415584416,0.39285714285714285,0.16651205936920221
scratch_continue,42,62,0.025484005020048554,0.1382827413185719,0.9981447124304267,0.9693593314763231,0.3405336900000293,0.24694049700019605,45,2027,1.1958505723370432,0.037442510743418984,0.810400860834241,0.8315252464984514,,,0.10760667903525047,0.3385899814471243,0.3965677179962894,0.1572356215213358
scratch_continue,43,63,0.026633004545661646,0.17470840422692327,0.9972170686456401,0.9665738161559888,0.34740277499986405,0.25199478700005784,45,2027,1.1729672303016658,0.038362676848678307,0.8166677833190402,0.8397309803105284,,,0.09833024118738404,0.323747680890538,0.38868274582560297,0.18923933209647495
scratch_continue,44,64,0.023951990039636918,0.13661719073777828,0.9990723562152134,0.9693593314763231,0.3543314889998328,0.2570856519996596,45,2027,1.1925216368066134,0.035877206407703054,0.808832185610782,0.8312237769717448,,,0.09786641929499072,0.3395176252319109,0.39053803339517623,0.17207792207792208
scratch_continue,45,65,0.023608533540045308,0.13867713466325735,0.9981447124304267,0.9665738161559888,0.3612761680001313,0.26224708199970337,45,2027,1.2026107164603597,0.035634640704648904,0.8056611417022443,0.8294640704558023,,,0.10204081632653061,0.3385899814471243,0.400278293135436,0.1590909090909091
scratch_continue,46,66,0.02279927100296235,0.1437275084774341,0.9981447124304267,0.9665738161559888,0.36814370999991297,0.2672499649997917,45,2027,1.1810472028707195,0.03460974303166954,0.8093062393497379,0.8325381362447105,,,0.10296846011131726,0.33534322820037105,0.38589981447124305,0.17578849721706866
scratch_continue,47,67,0.02236788163831465,0.1698258313508776,0.9990723562152134,0.9637883008356546,0.3749421689999508,0.2722953909997159,45,2027,1.1697399616716178,0.034065281255030826,0.8109400579887133,0.8345557061014052,,,0.10064935064935066,0.33116883116883117,0.3784786641929499,0.18970315398886828
scratch_continue,48,68,0.023184868605539078,0.17446611983770852,0.9981447124304267,0.9665738161559888,0.3818062770001234,0.27738568499989924,45,2027,1.1742968300216095,0.03492783690575517,0.8117749341389797,0.8373804112130694,,,0.10111317254174397,0.3228200371057514,0.39053803339517623,0.18552875695732837
scratch_continue,49,69,0.021423846823911918,0.1407496361701053,0.9990723562152134,0.9665738161559888,0.3886861270002555,0.28241211299973656,45,2027,1.1747187862478206,0.03317103468639013,0.8086221386805239,0.8322910965892685,,,0.10853432282003711,0.3339517625231911,0.3826530612244898,0.174860853432282
scratch_continue,50,70,0.021170336049547652,0.14388710791683532,0.9981447124304267,0.9665738161559888,0.39547877799986964,0.2874207439995189,45,2027,1.1816786443280634,0.032987122492828286,0.8055047076667834,0.8301293253593929,,,0.11363636363636363,0.33302411873840443,0.39053803339517623,0.16280148423005567
scratch_continue,51,71,0.026198467104962396,0.1742319182298771,0.9972170686456401,0.9665738161559888,0.402377197000078,0.2924673919997076,45,2027,1.1596904817952847,0.037795371922915245,0.8108851444297495,0.8379023552788087,,,0.10667903525046382,0.31957328385899814,0.3807977736549165,0.19294990723562153
scratch_continue,52,72,0.020352171554014045,0.1376192166952048,0.9990723562152134,0.9637883008356546,0.4092591110002104,0.29756569799974386,45,2027,1.1766651865618714,0.03211882341963276,0.803378403536465,0.8284217776448416,,,0.10853432282003711,0.33719851576994436,0.3812615955473098,0.1730055658627087
scratch_continue,53,73,0.02398207183666947,0.175640519531156,0.9981447124304267,0.9665738161559888,0.4161426969999411,0.3026258259997121,45,2027,1.1731212531998585,0.03571328436866805,0.8057614093888171,0.8334386580281836,,,0.11920222634508348,0.323747680890538,0.39239332096474955,0.16465677179962895
scratch_continue,54,74,0.019083089134460753,0.1736611396914268,0.9990723562152134,0.9610027855153204,0.42291030000023966,0.3076467060000141,45,2027,1.1534735709445632,0.030617824843906384,0.8071639539467406,0.8340662317965412,,,0.11317254174397032,0.32792207792207795,0.3682745825602968,0.1906307977736549
scratch_continue,55,75,0.01988314371862223,0.17280592964318908,0.9981447124304267,0.9637883008356546,0.42989280500023597,0.31277525699988473,45,2027,1.1507967434427375,0.03139111115304961,0.8098830543976373,0.8381873885997924,,,0.10807050092764378,0.32235621521335805,0.37105751391465674,0.19851576994434136
scratch_continue,56,76,0.018101436133542776,0.17110582263325133,0.9990723562152134,0.9610027855153204,0.4367635829999017,0.31780436899998676,45,2027,1.1563749381492157,0.029665185515034935,0.8058029832352992,0.8336554854594835,,,0.10807050092764378,0.32792207792207795,0.3692022263450835,0.19480519480519481
scratch_continue,57,77,0.01809742757040671,0.16939217705011456,0.9990723562152134,0.9637883008356546,0.443569122000099,0.32283427200036385,45,2027,1.1495529952204466,0.02959295752261118,0.8080208661973728,0.8359940108660583,,,0.11595547309833024,0.3232838589981447,0.3696660482374768,0.19109461966604824
scratch_continue,58,78,0.017515787201413714,0.17089835494313324,0.9990723562152134,0.9610027855153204,0.45045893799988335,0.32792276300051526,45,2027,1.1532855890343503,0.02904864309175722,0.806868036795638,0.8363312425325301,,,0.1062152133580705,0.325139146567718,0.3687384044526902,0.19990723562152132
scratch_continue,59,79,0.017472944443790342,0.1390541673450251,0.9990723562152134,0.9637883008356546,0.45724412700019457,0.33294502400076453,45,2027,1.174418941738744,0.02921713386117778,0.7986291741062824,0.8271346904429537,,,0.12337662337662338,0.3362708719851577,0.37987012987012986,0.16048237476808905
scratch_continue,60,80,0.016968246478579703,0.17005401266462639,0.9990723562152134,0.9637883008356546,0.46405453399984253,0.3379555390006317,45,2027,1.1590664932834709,0.028558911411414412,0.8030213519209104,0.8337553220701209,0.016542026580250092,0.005287283630284182,0.11038961038961038,0.3246753246753247,0.37569573283859,0.18923933209647495
scratch_continue,61,81,0.026633419360911435,0.1638467762231476,0.9962894248608535,0.9610027855153204,0.47368171000016446,0.3430677860005744,45,2027,1.1274882474894465,0.0379083018358059,0.8112259693732887,0.8414882104693177,,,0.11920222634508348,0.3200371057513915,0.3520408163265306,0.20871985157699444
scratch_continue,62,82,0.0234201507964829,0.1668543597286321,0.9972170686456401,0.9637883008356546,0.48047961900010705,0.348054224000407,45,2027,1.1508020908385037,0.034928171704867936,0.8022262724200744,0.8332804731914916,,,0.137291280148423,0.31910946196660483,0.37708719851576994,0.16651205936920221
scratch_continue,63,83,0.021944712889215037,0.16374394735272854,0.9972170686456401,0.9637883008356546,0.4872559039999942,0.35306975500043336,45,2027,1.1190008094252215,0.03313472098346725,0.8092230537936508,0.8404133978291217,,,0.14053803339517626,0.31261595547309834,0.3538961038961039,0.19294990723562153
scratch_continue,64,84,0.020880213066110466,0.16631184685089295,0.9972170686456401,0.9610027855153204,0.494262295000226,0.35820293300048434,45,2027,1.1172395413659482,0.03205260847976995,0.810120553742498,0.8424954156058898,,,0.1331168831168831,0.31261595547309834,0.3525046382189239,0.2017625231910946
scratch_continue,65,85,0.020042278365799734,0.1635321083054483,0.9972170686456401,0.9610027855153204,0.5011862619999192,0.36334430400029305,45,2027,1.1115014208576692,0.031157292574376425,0.811063840976011,0.8442273077698241,,,0.14007421150278293,0.3112244897959184,0.349721706864564,0.1989795918367347
scratch_continue,66,86,0.0219830697649012,0.17567159857978626,0.9953617810760668,0.9610027855153204,0.5080354070000794,0.3683630300006371,45,2027,1.0861459885126659,0.032844529650027855,0.8189982904670321,0.8541580437863839,,,0.16419294990723562,0.2940630797773655,0.34415584415584416,0.19758812615955473
scratch_continue,67,87,0.020897579581191032,0.1742834368304276,0.9972170686456401,0.9610027855153204,0.5148683679999522,0.3734358670008078,45,2027,1.0808570179016586,0.03170614976020762,0.8180186521872708,0.8526834237389074,,,0.1702226345083488,0.30009276437847865,0.3334879406307978,0.19619666048237477
scratch_continue,68,88,0.018754649929172963,0.17468947817951713,0.9981447124304267,0.9637883008356546,0.5217103820000375,0.37849752800093484,45,2027,1.083045469940938,0.02958510462858234,0.8158608542363845,0.8514069614472259,,,0.16651205936920221,0.300556586270872,0.3344155844155844,0.19851576994434136
scratch_continue,69,89,0.019941197685515544,0.17650006013564093,0.9972170686456401,0.9637883008356546,0.528585626000222,0.3835300950013334,45,2027,1.0653564120987455,0.030594761806503,0.8203047844357068,0.8579434136291083,,,0.1841372912801484,0.2880333951762523,0.32838589981447125,0.19944341372912802
scratch_continue,70,90,0.022800514400291197,0.17694612022845,0.9972170686456401,0.9610027855153204,0.5354064890002519,0.388560899001277,45,2027,1.057784501256967,0.03337835941286087,0.8209753353992714,0.8588209227999882,,,0.1901669758812616,0.2894248608534323,0.3181818181818182,0.20222634508348794
scratch_continue,71,91,0.022176447653494313,0.1992750866526335,0.9981447124304267,0.9610027855153204,0.5422763750002559,0.39361036200125454,45,2027,1.0506061941096438,0.03268250959459075,0.8232027624651064,0.862493565245979,,,0.20222634508348794,0.2847866419294991,0.31586270871985156,0.1971243042671614
scratch_continue,72,92,0.021143481932875324,0.17784770553094084,0.9981447124304267,0.9637883008356546,0.5491286340002262,0.3987117920014498,45,2027,1.0646370105172973,0.031789852038048294,0.8155271192780321,0.8543713951242357,,,0.18831168831168832,0.29267161410018555,0.32235621521335805,0.19666048237476808
scratch_continue,73,93,0.018016147273209843,0.1991944380595017,0.9990723562152134,0.9610027855153204,0.5559216249998826,0.4037129420016754,45,2027,1.0687505984058332,0.028703653257268175,0.812099489702088,0.8518584472218674,,,0.20269016697588127,0.2963821892393321,0.32189239332096475,0.1790352504638219
scratch_continue,74,94,0.01785389092641101,0.18923704889365364,0.9981447124304267,0.9665738161559888,0.5627369690000705,0.40873814800170294,45,2027,1.051098238495293,0.02836487331136394,0.817688596877001,0.8579756472773581,,,0.20315398886827457,0.29081632653061223,0.30936920222634506,0.19666048237476808
scratch_continue,75,95,0.02560538983744623,0.17405117649021692,0.9944341372912802,0.9637883008356546,0.5696352879999722,0.41386084100167864,45,2027,1.0563575822394473,0.03616896565984071,0.8157307931208483,0.8583121925459065,,,0.16233766233766234,0.2857142857142857,0.3102968460111317,0.24165120593692022
scratch_continue,76,96,0.01858414786229248,0.18797412914648431,0.9990723562152134,0.9665738161559888,0.5765853749999224,0.4189869180017922,45,2027,1.0603604309989592,0.02918775217228207,0.8111624818203763,0.8507982080681992,,,0.1924860853432282,0.30009276437847865,0.3079777365491651,0.19944341372912802
scratch_continue,77,97,0.020545308652228898,0.1882219937087364,0.9972170686456401,0.9665738161559888,0.5834479599998303,0.42404803800172886,45,2027,1.043503834469086,0.030980346996919757,0.8190040190154773,0.8610550749903121,,,0.18923933209647495,0.28385899814471244,0.3051948051948052,0.22170686456400743
scratch_continue,78,98,0.019316762608573363,0.18733235692846728,0.9972170686456401,0.9637883008356546,0.590331186000185,0.4291148670017719,45,2027,1.0477113657726522,0.029793876266299885,0.8153092777236679,0.8570177757885306,,,0.18320964749536178,0.2894248608534323,0.300556586270872,0.22680890538033396
scratch_continue,79,99,0.019342372922948464,0.18872927541184126,0.9972170686456401,0.9610027855153204,0.5971892540001136,0.4342036490020291,45,2027,1.043424223669985,0.029776615159648315,0.8164358697621155,0.8580245547443103,,,0.1901669758812616,0.2940630797773655,0.2884972170686456,0.22727272727272727
scratch_continue,80,100,0.017140353975682213,0.18371765738919457,0.9981447124304267,0.9637883008356546,0.6039862709999397,0.4392107080020651,45,2027,1.0462123754945942,0.027602477730628155,0.8141498359391983,0.855774052772837,0.014782203105289413,0.0024285836133749747,0.19155844155844157,0.2949907235621521,0.2922077922077922,0.2212430426716141
