phase,epoch,global_epoch,train_ce,val_ce,train_accuracy,val_accuracy,elapsed_seconds,training_seconds,seed,split_seed,balance_loss,objective,router_entropy_normalized,selected_gate_entropy_normalized,task_router_grad_l2,aux_router_grad_l2,expert_0_assignment_share,expert_1_assignment_share,expert_2_assignment_share,expert_3_assignment_share
linear_pretrain,0,0,2.2973552165283992,2.29555900635686,0.17439703153988867,0.21448467966573817,0.00037141799975870526,0.0,43,2027,,,,,,,,,,
linear_pretrain,1,1,1.4655095145791803,1.48044503080292,0.8320964749536178,0.8050139275766016,0.004064813999775652,0.0034209069999633357,43,2027,,,,,,,,,,
linear_pretrain,2,2,0.9705144839352714,1.0052662240121353,0.9072356215213359,0.8774373259052924,0.007644899999831978,0.004683132999616646,43,2027,,,,,,,,,,
linear_pretrain,3,3,0.7072360487238532,0.7546417888408252,0.922077922077922,0.8746518105849582,0.00918714599993109,0.005974561999664729,43,2027,,,,,,,,,,
linear_pretrain,4,4,0.5593746784777518,0.6157736160366735,0.9359925788497218,0.8885793871866295,0.012806441000066116,0.009330821999810723,43,2027,,,,,,,,,,
linear_pretrain,5,5,0.4673441424369824,0.5298789116986335,0.9415584415584416,0.8885793871866295,0.016335359999629873,0.012569234999773471,43,2027,,,,,,,,,,
linear_pretrain,6,6,0.40572802977906786,0.4751203817867022,0.9471243042671614,0.9052924791086351,0.019875036000030377,0.015856440999868937,43,2027,,,,,,,,,,
linear_pretrain,7,7,0.36062613803579124,0.4343793822495577,0.9499072356215214,0.9025069637883009,0.02135623999993186,0.017090563999772712,43,2027,,,,,,,,,,
linear_pretrain,8,8,0.3254515892428176,0.4014817239081328,0.950834879406308,0.9136490250696379,0.024940982999851258,0.020416748999650736,43,2027,,,,,,,,,,
linear_pretrain,9,9,0.29654037008333684,0.3737509982370968,0.9554730983302412,0.9136490250696379,0.028494248999777483,0.023660920999645896,43,2027,,,,,,,,,,
linear_pretrain,10,10,0.2742115332499866,0.35253071974342765,0.9591836734693877,0.9192200557103064,0.03199552699970809,0.026910870999927283,43,2027,,,,,,,,,,
linear_pretrain,11,11,0.25492388480563394,0.33645874167179896,0.961038961038961,0.924791086350975,0.035503073999734625,0.028130462000262924,43,2027,,,,,,,,,,
linear_pretrain,12,12,0.23873676445786818,0.3204032853859515,0.9628942486085343,0.9275766016713092,0.03700913600005151,0.029394921000402974,43,2027,,,,,,,,,,
linear_pretrain,13,13,0.2254868692144476,0.30905211346951333,0.9675324675324676,0.924791086350975,0.04055041399988113,0.032628167000439134,43,2027,,,,,,,,,,
linear_pretrain,14,14,0.2125214177781478,0.2965269611964179,0.9675324675324676,0.9303621169916435,0.04407546699985687,0.03588820200002374,43,2027,,,,,,,,,,
linear_pretrain,15,15,0.20166241763586717,0.28662986664791185,0.9693877551020408,0.9275766016713092,0.047673479999957635,0.037153132000184996,43,2027,,,,,,,,,,
linear_pretrain,16,16,0.19188775992011492,0.27649363239178276,0.9712430426716141,0.9303621169916435,0.04932864600004905,0.038551751999875705,43,2027,,,,,,,,,,
linear_pretrain,17,17,0.18339601481643622,0.26730531844610106,0.974025974025974,0.9331476323119777,0.05078788699984216,0.03977048199976707,43,2027,,,,,,,,,,
linear_pretrain,18,18,0.1759119221206837,0.26262873687377597,0.9730983302411874,0.935933147632312,0.052171633999932965,0.0409223909996399,43,2027,,,,,,,,,,
linear_pretrain,19,19,0.16850766282504348,0.2555797419507798,0.9721706864564007,0.935933147632312,0.05361668399973496,0.042110424999918905,43,2027,,,,,,,,,,
linear_pretrain,20,20,0.1619520158620041,0.2503755603969349,0.9749536178107606,0.9331476323119777,0.05499169899985645,0.04325835899953745,43,2027,,,,,,,,,,
scratch_pretrain,0,0,2.3042614458527244,2.3041487314006868,0.09090909090909091,0.0947075208913649,0.001133191999997507,0.0,43,2027,1.0331140608456355,2.3145925864611807,0.9949490855662402,0.997504726858333,0.008865413294812295,0.008478524546913615,0.1437847866419295,0.23747680890538034,0.45732838589981445,0.1614100185528757
scratch_pretrain,1,1,1.414775871450209,1.415796816095866,0.7634508348794063,0.7771587743732591,0.010836924000159343,0.005120999999689957,43,2027,1.0882864827127037,1.425658736277336,0.9860563901489924,0.9836344436391184,,,0.09554730983302412,0.41465677179962895,0.07189239332096475,0.4179035250463822
scratch_pretrain,2,2,0.8548282654904463,0.8858171286696374,0.8933209647495362,0.8579387186629527,0.017643805999796314,0.010182250999605458,43,2027,1.1051656083581656,0.8658799215740279,0.9706821220364755,0.9625042973442975,,,0.12244897959183673,0.39053803339517623,0.08812615955473098,0.39888682745825604
scratch_pretrain,3,3,0.5859858688693722,0.6359614321409166,0.9239332096474954,0.8857938718662952,0.02438995700003943,0.015145954999297828,43,2027,1.105100991770885,0.597036878787081,0.9563822041543042,0.943083600731172,,,0.1396103896103896,0.36038961038961037,0.11085343228200371,0.3891465677179963
scratch_pretrain,4,4,0.45315818255851986,0.5200774179357087,0.9415584415584416,0.8941504178272981,0.031908896999993885,0.020840936999320547,43,2027,1.114400565326014,0.46430218821178,0.9426173719151681,0.9263073308853284,,,0.15630797773654917,0.34183673469387754,0.11085343228200371,0.3910018552875696
scratch_pretrain,5,5,0.3677584069001615,0.4471892441992122,0.9554730983302412,0.8969359331476323,0.038729298999896855,0.02584041499903833,43,2027,1.1417495873144385,0.3791759027733059,0.9279833683592088,0.9098482832006918,,,0.1280148423005566,0.36131725417439703,0.11734693877551021,0.39332096474953615
scratch_pretrain,6,6,0.3183168539516958,0.40780609425537956,0.9554730983302412,0.9025069637883009,0.045764052999857086,0.031106742998872505,43,2027,1.1288085009556552,0.3296049389612523,0.920146642655364,0.8998460331224544,,,0.1567717996289425,0.33070500927643787,0.12430426716141002,0.38821892393320967
scratch_pretrain,7,7,0.27637543758154826,0.3771680346136162,0.9601113172541744,0.8969359331476323,0.05256370400002197,0.036105058998600725,43,2027,1.143178519965385,0.28780722278120213,0.9104203870631326,0.8902839743803956,,,0.1553803339517625,0.34415584415584416,0.11456400742115028,0.38589981447124305
scratch_pretrain,8,8,0.2423151839884313,0.3396920322902911,0.963821892393321,0.9136490250696379,0.059923877000073844,0.04172840299861491,43,2027,1.1354607489708595,0.2536697914781399,0.9045790077144638,0.8828512300604674,,,0.14285714285714285,0.325139146567718,0.1461038961038961,0.38589981447124305
scratch_pretrain,9,9,0.2187564093255773,0.3162792532327259,0.9666048237476809,0.9136490250696379,0.0667408429999341,0.04669717399883666,43,2027,1.1366734065973954,0.23012314339155127,0.8974892696682446,0.8747719543631102,,,0.1730055658627087,0.3144712430426716,0.12755102040816327,0.3849721706864564
scratch_pretrain,10,10,0.19818544651859135,0.2977552375983614,0.974025974025974,0.9220055710306406,0.0735017560000415,0.05169797399867093,43,2027,1.1336448749667947,0.2095218952682593,0.8943227356025961,0.872970041524136,,,0.1345083487940631,0.31957328385899814,0.16512059369202226,0.3807977736549165
scratch_pretrain,11,11,0.18292680470411843,0.2793627321774273,0.974025974025974,0.924791086350975,0.08034372000020085,0.0567307919986888,43,2027,1.1255270804422393,0.19418207550854083,0.889942234401878,0.8676210100986145,,,0.1660482374768089,0.29267161410018555,0.15955473098330242,0.3817254174397032
scratch_pretrain,12,12,0.1660528566520018,0.2727207415122884,0.9786641929499073,0.9220055710306406,0.0871445429997948,0.06180088599876399,43,2027,1.1532728665582022,0.17758558531758384,0.8796065973344251,0.8577695244363712,,,0.14749536178107606,0.3228200371057514,0.14239332096474955,0.387291280148423
scratch_pretrain,13,13,0.157559781107939,0.24748329953217502,0.9786641929499073,0.9303621169916435,0.09420013799990556,0.06706381899903135,43,2027,1.1477389811677186,0.16903717091961618,0.8736143303951052,0.850492488327687,,,0.1679035250463822,0.29730983302411873,0.14656771799628943,0.38821892393320967
scratch_pretrain,14,14,0.14263828216798055,0.25721243457464216,0.9860853432282004,0.9275766016713092,0.10093972899994696,0.07207265099896176,43,2027,1.1368342119747905,0.15400662428772846,0.877877752874869,0.8585479479076509,,,0.1437847866419295,0.3163265306122449,0.16280148423005567,0.37708719851576994
scratch_pretrain,15,15,0.1467106888910229,0.24260408116741428,0.9786641929499073,0.9331476323119777,0.1077225039998666,0.07711400099879029,43,2027,1.1318906356082516,0.15802959524710541,0.8708731030246558,0.8497861140402693,,,0.16929499072356216,0.28385899814471244,0.16697588126159554,0.37987012987012986
scratch_pretrain,16,16,0.12484348334791973,0.23473656030414733,0.9879406307977736,0.9442896935933147,0.11498204600002282,0.08240680899916697,43,2027,1.1695188133963395,0.13653867148188312,0.8577359891963683,0.8364860278120259,,,0.14332096474953618,0.31957328385899814,0.14749536178107606,0.38961038961038963
scratch_pretrain,17,17,0.1320764369562099,0.21768849581531857,0.9786641929499073,0.9442896935933147,0.12222423100001834,0.08767459999899074,43,2027,1.1179694707403938,0.14325613166361384,0.8688023158016445,0.8515260394985822,,,0.18692022263450836,0.2727272727272727,0.16743970315398887,0.37291280148423006
scratch_pretrain,18,18,0.11781969632740022,0.21850803126468113,0.9860853432282004,0.9442896935933147,0.12973372799979188,0.09339067399923806,43,2027,1.1518893996992994,0.1293385903243932,0.8561550496526332,0.8373317738986095,,,0.150278293135436,0.29591836734693877,0.16743970315398887,0.38636363636363635
scratch_pretrain,19,19,0.11624232317112163,0.2032396324494076,0.9814471243042672,0.947075208913649,0.13670857099987188,0.09854250999933356,43,2027,1.1475115042826134,0.12771743821394776,0.8507886949622022,0.8320615896453719,,,0.1859925788497217,0.28061224489795916,0.1507421150278293,0.3826530612244898
scratch_pretrain,20,20,0.11192555918898009,0.2005544754631656,0.9823747680890538,0.9442896935933147,0.1434975359998134,0.10355330399943341,43,2027,1.1260655782359488,0.12318621497133958,0.855668482755623,0.8396439244809587,0.07026752540134443,0.005090833437797663,0.1859925788497217,0.27133580705009275,0.16929499072356216,0.37337662337662336
linear_continue,0,20,0.1619520158620041,0.2503755603969349,0.9749536178107606,0.9331476323119777,0.0002787779999380291,0.0,43,2027,,,,,,,,,,
linear_continue,1,21,0.15412929750567128,0.24260218011196139,0.9786641929499073,0.9387186629526463,0.0017595220001567213,0.0012255609999556327,43,2027,,,,,,,,,,
linear_continue,2,22,0.1476686272624348,0.2370305944251387,0.9805194805194806,0.9387186629526463,0.0032253930003207643,0.002444571999603795,43,2027,,,,,,,,,,
linear_continue,3,23,0.14151716131175332,0.23196427242116188,0.9786641929499073,0.935933147632312,0.00463583100008691,0.0036114749996158935,43,2027,,,,,,,,,,
linear_continue,4,24,0.13626029788000127,0.226428357880777,0.9795918367346939,0.9387186629526463,0.0060710070001732674,0.0047877509991849365,43,2027,,,,,,,,,,
linear_continue,5,25,0.1314349267141275,0.22261542192913164,0.9786641929499073,0.9387186629526463,0.007739661999949021,0.006203866999385355,43,2027,,,,,,,,,,
linear_continue,6,26,0.12690068728784612,0.21960090976526553,0.9823747680890538,0.9387186629526463,0.009293275000345602,0.007503708999593073,43,2027,,,,,,,,,,
linear_continue,7,27,0.12294052713164025,0.21556916372276727,0.9833024118738405,0.935933147632312,0.010687359000257857,0.008666094999625784,43,2027,,,,,,,,,,
linear_continue,8,28,0.11921229921160721,0.2111155809163749,0.9842300556586271,0.9415041782729805,0.012143836000177544,0.009874328999558202,43,2027,,,,,,,,,,
linear_continue,9,29,0.11570283283827724,0.20873189843096832,0.9842300556586271,0.9387186629526463,0.013525361000120029,0.011028131999410107,43,2027,,,,,,,,,,
linear_continue,10,30,0.11250511441388578,0.20674636914193792,0.9851576994434137,0.9415041782729805,0.014964812000016536,0.01218504899952677,43,2027,,,,,,,,,,
linear_continue,11,31,0.10954718812571455,0.20357106510623782,0.9851576994434137,0.9442896935933147,0.01636474500037366,0.013351940999200451,43,2027,,,,,,,,,,
linear_continue,12,32,0.10680422638821063,0.20086907739695803,0.987012987012987,0.9442896935933147,0.017740881000008812,0.014503810999485722,43,2027,,,,,,,,,,
linear_continue,13,33,0.10412924726933231,0.1995042431869506,0.9879406307977736,0.947075208913649,0.01918721300035031,0.015722841999377124,43,2027,,,,,,,,,,
linear_continue,14,34,0.10180631622013835,0.19797878911973393,0.9888682745825603,0.9415041782729805,0.02055962400027056,0.016871366999566817,43,2027,,,,,,,,,,
linear_continue,15,35,0.0992192361848552,0.19628494491621432,0.987012987012987,0.9442896935933147,0.021941728999991028,0.01801444399961838,43,2027,,,,,,,,,,
linear_continue,16,36,0.09694315702883405,0.19309964755575706,0.9879406307977736,0.9442896935933147,0.023357786000360647,0.019206323999696906,43,2027,,,,,,,,,,
linear_continue,17,37,0.0949251487528455,0.19080283607091725,0.9879406307977736,0.947075208913649,0.024742645000060293,0.020351262999611208,43,2027,,,,,,,,,,
linear_continue,18,38,0.09283547813879327,0.1894811108123207,0.9879406307977736,0.947075208913649,0.026201175000096555,0.021523682999486482,43,2027,,,,,,,,,,
linear_continue,19,39,0.09107842477004632,0.1875833852436251,0.9879406307977736,0.9498607242339833,0.027635950000330922,0.02272985399940808,43,2027,,,,,,,,,,
linear_continue,20,40,0.08903777652154178,0.18721339895237227,0.9879406307977736,0.947075208913649,0.02912233200004266,0.02389074799930313,43,2027,,,,,,,,,,
linear_continue,21,41,0.08724211556736207,0.1857809129350332,0.9879406307977736,0.9498607242339833,0.030609705000188114,0.025103057999331213,43,2027,,,,,,,,,,
linear_continue,22,42,0.08565509157025551,0.1854270233844754,0.9888682745825603,0.9498607242339833,0.032073083000341285,0.02632237899933898,43,2027,,,,,,,,,,
linear_continue,23,43,0.08401268260394887,0.18341252431539407,0.9879406307977736,0.9498607242339833,0.03345267500026239,0.027477252999233315,43,2027,,,,,,,,,,
linear_continue,24,44,0.08256282022750358,0.18153667801565496,0.9879406307977736,0.9526462395543176,0.034850323000227945,0.028623233999496733,43,2027,,,,,,,,,,
linear_continue,25,45,0.08100675238783635,0.1823226844386897,0.9897959183673469,0.9498607242339833,0.03625274900014119,0.029802013999415067,43,2027,,,,,,,,,,
linear_continue,26,46,0.07957797724847315,0.17910936647429043,0.9897959183673469,0.9498607242339833,0.0376271430000088,0.030954043999372516,43,2027,,,,,,,,,,
linear_continue,27,47,0.0782540536627924,0.17830579608737104,0.9897959183673469,0.9526462395543176,0.03910756699997364,0.032151201999568,43,2027,,,,,,,,,,
linear_continue,28,48,0.07687535091631507,0.17717239391412817,0.9897959183673469,0.9526462395543176,0.04049056300027587,0.03331130399965332,43,2027,,,,,,,,,,
linear_continue,29,49,0.0755567587563397,0.17711943208819572,0.9907235621521335,0.9526462395543176,0.04185354000037478,0.034453750000011496,43,2027,,,,,,,,,,
linear_continue,30,50,0.07439482327300734,0.17672929287437358,0.9897959183673469,0.9526462395543176,0.04328178500009017,0.03565968100019745,43,2027,,,,,,,,,,
linear_continue,31,51,0.07328653854643045,0.17670295928533697,0.9907235621521335,0.9554317548746518,0.04466009500038126,0.03681612700029291,43,2027,,,,,,,,,,
linear_continue,32,52,0.07217384024402168,0.17430747416924153,0.9897959183673469,0.9554317548746518,0.046075750999989395,0.03798205800012511,43,2027,,,,,,,,,,
linear_continue,33,53,0.07085635532509145,0.17302039833251692,0.9907235621521335,0.958217270194986,0.04748397499997736,0.039166807000128756,43,2027,,,,,,,,,,
linear_continue,34,54,0.06988241276333666,0.1740399629253088,0.9907235621521335,0.9554317548746518,0.04885983100029989,0.04032120000010764,43,2027,,,,,,,,,,
linear_continue,35,55,0.06875248152116216,0.17345135111532545,0.9907235621521335,0.9610027855153204,0.050241356000242376,0.0414833150002778,43,2027,,,,,,,,,,
linear_continue,36,56,0.06769371412884947,0.17251068454562124,0.9907235621521335,0.9610027855153204,0.051644924000356696,0.04266626100070425,43,2027,,,,,,,,,,
linear_continue,37,57,0.0667516544146364,0.17102120451253164,0.9907235621521335,0.9610027855153204,0.05305500100030258,0.04381543700037582,43,2027,,,,,,,,,,
linear_continue,38,58,0.06574888855050683,0.17040204559420605,0.9916512059369202,0.9610027855153204,0.05443480300027659,0.04496583500031193,43,2027,,,,,,,,,,
linear_continue,39,59,0.06488780939315535,0.1688356595681685,0.9907235621521335,0.9610027855153204,0.05584538100038117,0.046153118000347604,43,2027,,,,,,,,,,
linear_continue,40,60,0.06381691169493106,0.1706141939555457,0.9916512059369202,0.9610027855153204,0.0572401060003358,0.047326430000339315,43,2027,,,,,,,,,,
linear_continue,41,61,0.06301480071261163,0.16821916017534128,0.9925788497217068,0.958217270194986,0.05867172600028425,0.048483267000392516,43,2027,,,,,,,,,,
linear_continue,42,62,0.06210703840870752,0.1685171096152,0.9935064935064936,0.9610027855153204,0.06010875300034968,0.049672683000153484,43,2027,,,,,,,,,,
linear_continue,43,63,0.06126328612433684,0.16877820936646412,0.9925788497217068,0.9610027855153204,0.06148283700031243,0.050824042000385816,43,2027,,,,,,,,,,
linear_continue,44,64,0.060427978639983,0.16807659997048705,0.9935064935064936,0.9610027855153204,0.06287192200034042,0.05196541600071214,43,2027,,,,,,,,,,
linear_continue,45,65,0.05967768288078885,0.1674608294609437,0.9935064935064936,0.958217270194986,0.06426589600005173,0.053137356000661384,43,2027,,,,,,,,,,
linear_continue,46,66,0.05890742252776558,0.1675605529172274,0.9935064935064936,0.9610027855153204,0.06563508199997159,0.05428590100063957,43,2027,,,,,,,,,,
linear_continue,47,67,0.05811955245522386,0.16657163856393475,0.9944341372912802,0.958217270194986,0.06705465400000321,0.055464642000515596,43,2027,,,,,,,,,,
linear_continue,48,68,0.05737983158230674,0.1664693112163321,0.9935064935064936,0.958217270194986,0.06843191200005094,0.0566186650007694,43,2027,,,,,,,,,,
linear_continue,49,69,0.05675309753100837,0.16503521926261386,0.9944341372912802,0.958217270194986,0.06982114800030104,0.057773670000642596,43,2027,,,,,,,,,,
linear_continue,50,70,0.056089800199298295,0.16655961019912605,0.9935064935064936,0.9610027855153204,0.07125480100012282,0.05898101300090275,43,2027,,,,,,,,,,
linear_continue,51,71,0.055368154864520326,0.1646923196554831,0.9944341372912802,0.958217270194986,0.07262030100037009,0.0601252410010602,43,2027,,,,,,,,,,
linear_continue,52,72,0.054581422009918036,0.16564236909760482,0.9944341372912802,0.9610027855153204,0.07401137000033486,0.0612744670011125,43,2027,,,,,,,,,,
linear_continue,53,73,0.05400435938087312,0.1644912456254303,0.9944341372912802,0.958217270194986,0.07544203900033608,0.062452876001316326,43,2027,,,,,,,,,,
linear_continue,54,74,0.053479245574594186,0.16254589007418377,0.9944341372912802,0.958217270194986,0.0771478700003172,0.06386411500125178,43,2027,,,,,,,,,,
linear_continue,55,75,0.05289872414618355,0.16458902017237764,0.9944341372912802,0.9610027855153204,0.07858742200005508,0.06506644100136327,43,2027,,,,,,,,,,
linear_continue,56,76,0.052062370856467054,0.1634821150031181,0.9944341372912802,0.958217270194986,0.08019021900008738,0.06637488600108554,43,2027,,,,,,,,,,
linear_continue,57,77,0.05144506044061418,0.16383358484811694,0.9944341372912802,0.958217270194986,0.08157769300032669,0.0675315030011916,43,2027,,,,,,,,,,
linear_continue,58,78,0.05085584779270134,0.16299824141694416,0.9944341372912802,0.958217270194986,0.08300733000032778,0.06868588700126566,43,2027,,,,,,,,,,
linear_continue,59,79,0.05033208695026349,0.1636964322746106,0.9944341372912802,0.958217270194986,0.08439019600018582,0.06984298500128716,43,2027,,,,,,,,,,
linear_continue,60,80,0.04977162799227616,0.16241209838879114,0.9944341372912802,0.958217270194986,0.08575283200025297,0.07098359800102116,43,2027,,,,,,,,,,
linear_continue,61,81,0.049171726505051756,0.16208342731454983,0.9944341372912802,0.958217270194986,0.08729637000033108,0.07218659500085778,43,2027,,,,,,,,,,
linear_continue,62,82,0.04873888562282609,0.16309983811012524,0.9944341372912802,0.958217270194986,0.08872197100026824,0.0733796770009576,43,2027,,,,,,,,,,
linear_continue,63,83,0.048201986102132964,0.1621558566199731,0.9944341372912802,0.958217270194986,0.0902810320003482,0.07469592300094519,43,2027,,,,,,,,,,
linear_continue,64,84,0.04755481993548452,0.16132994124548883,0.9944341372912802,0.958217270194986,0.09181258200032971,0.0759914390009726,43,2027,,,,,,,,,,
linear_continue,65,85,0.047180943319394805,0.16275194674304486,0.9953617810760668,0.958217270194986,0.09323644000005515,0.077185272000861,43,2027,,,,,,,,,,
linear_continue,66,86,0.046644890566896774,0.16196280722339526,0.9944341372912802,0.958217270194986,0.09461368900019806,0.07833533900065959,43,2027,,,,,,,,,,
linear_continue,67,87,0.04616720823328307,0.1605267146056565,0.9944341372912802,0.958217270194986,0.0960331800001768,0.07951186500031326,43,2027,,,,,,,,,,
linear_continue,68,88,0.04562661413628156,0.1619728558856061,0.9944341372912802,0.958217270194986,0.09759075900001335,0.08084024000027057,43,2027,,,,,,,,,,
linear_continue,69,89,0.0451471979016956,0.1616847372756452,0.9944341372912802,0.958217270194986,0.09902695500022674,0.08202910499994687,43,2027,,,,,,,,,,
linear_continue,70,90,0.04465808097521376,0.16174915002598328,0.9944341372912802,0.958217270194986,0.10057810500029518,0.08330006299956949,43,2027,,,,,,,,,,
linear_continue,71,91,0.04420344711601551,0.1613383211397886,0.9944341372912802,0.958217270194986,0.1026258400002007,0.08511159299951032,43,2027,,,,,,,,,,
linear_continue,72,92,0.04380523473427752,0.16008240713630467,0.9944341372912802,0.958217270194986,0.10411377400032507,0.08631132499931482,43,2027,,,,,,,,,,
linear_continue,73,93,0.04332237694058872,0.1608145139692867,0.9944341372912802,0.958217270194986,0.10576591500012,0.08759291999922425,43,2027,,,,,,,,,,
linear_continue,74,94,0.04299387494834862,0.16139361681984762,0.9953617810760668,0.958217270194986,0.1076510060001965,0.08923639799922967,43,2027,,,,,,,,,,
linear_continue,75,95,0.04249692552950352,0.16066310021954316,0.9953617810760668,0.958217270194986,0.10906207500011078,0.09039391599935698,43,2027,,,,,,,,,,
linear_continue,76,96,0.04220987064257042,0.15975793329718366,0.9944341372912802,0.9610027855153204,0.11044058500010578,0.091547097998955,43,2027,,,,,,,,,,
linear_continue,77,97,0.04165313645232293,0.1597474409824279,0.9944341372912802,0.958217270194986,0.11185435800007326,0.09273560299880046,43,2027,,,,,,,,,,
linear_continue,78,98,0.0413467500845157,0.16064096286909743,0.9962894248608535,0.9610027855153204,0.11325227700035612,0.09391017599864426,43,2027,,,,,,,,,,
linear_continue,79,99,0.04087460403266771,0.16058524373105312,0.9953617810760668,0.9610027855153204,0.11461977099997966,0.0950550449988441,43,2027,,,,,,,,,,
linear_continue,80,100,0.04049664190487432,0.16036318585348913,0.9962894248608535,0.9610027855153204,0.11604411999996955,0.09623164199865641,43,2027,,,,,,,,,,
moe_continue,0,20,0.1619520158620041,0.2503755603969349,0.9749536178107606,0.9331476323119777,0.0011185799999111623,0.0,43,2027,1.0331140608456355,0.17228315647046047,0.9949490855662402,0.997504726858333,1.8531559390046125e-18,0.008478524546913611,0.1437847866419295,0.23747680890538034,0.45732838589981445,0.1614100185528757
moe_continue,1,21,0.150299826643586,0.2345089738999683,0.9768089053803339,0.9387186629526463,0.010967359999995097,0.005216343999563833,43,2027,1.019148839661953,0.16049131504020553,0.9953047888253446,0.9959239085484901,,,0.19526901669758812,0.39285714285714285,0.15398886827458255,0.25788497217068646
moe_continue,2,22,0.13946730114020647,0.23019019489591397,0.9777365491651205,0.935933147632312,0.018124196999906417,0.010306045999641356,43,2027,1.012773410882293,0.1495950352490294,0.9948250525023896,0.996017701317762,,,0.24211502782931354,0.3645640074211503,0.16512059369202226,0.22820037105751392
moe_continue,3,23,0.1293744664479317,0.21720791617429144,0.9833024118738405,0.935933147632312,0.024985539999761386,0.015344892999564763,43,2027,1.0106412111765133,0.13948087855969685,0.9935638151207756,0.9950075655021925,,,0.2077922077922078,0.3534322820037106,0.19805194805194806,0.24072356215213359
moe_continue,4,24,0.12321874056399616,0.2148880232642753,0.9805194805194806,0.9415041782729805,0.03181678800001464,0.020366593999369798,43,2027,1.0356692303303232,0.1335754328672994,0.9899165080749089,0.9929246197121747,,,0.262987012987013,0.3965677179962894,0.21846011131725418,0.12198515769944342
moe_continue,5,25,0.11468766266372557,0.20692390203313077,0.9842300556586271,0.9415041782729805,0.03884381099987877,0.025618670999392634,43,2027,1.0089896622733177,0.12477755928645874,0.9902026481872288,0.9929072741353008,,,0.2606679035250464,0.32560296846011133,0.19434137291280149,0.2193877551020408
moe_continue,6,26,0.10821305829494167,0.2052873167833283,0.9842300556586271,0.947075208913649,0.046675451999817597,0.03132811499926902,43,2027,1.0254704080188375,0.11846776237513004,0.9868329859542708,0.9894490226055763,,,0.2481447124304267,0.37940630797773656,0.1924860853432282,0.17996289424860853
moe_continue,7,27,0.10554427039121682,0.1980535030259544,0.9823747680890538,0.9554317548746518,0.05454119299974991,0.0370908379991306,43,2027,1.0209506493088916,0.11575377688430573,0.9850772446826821,0.9891379058819083,,,0.22170686456400743,0.34415584415584416,0.2847866419294991,0.14935064935064934
moe_continue,8,28,0.09722548264536182,0.18597050809347063,0.9842300556586271,0.9637883008356546,0.06277653000006467,0.043174242999157286,43,2027,1.0108845229922263,0.10733432787528409,0.9831031080046777,0.9868557276737384,,,0.1989795918367347,0.3297773654916512,0.2189239332096475,0.2523191094619666
moe_continue,9,29,0.09154254617878935,0.18335074498578063,0.9860853432282004,0.958217270194986,0.07053951699981553,0.04903453299903049,43,2027,1.0198428370121102,0.10174097454891046,0.9794939447936247,0.9839820462150918,,,0.2277365491651206,0.35528756957328383,0.2277365491651206,0.18923933209647495
moe_continue,10,30,0.08674087188708629,0.1812938094502543,0.987012987012987,0.9610027855153204,0.07967730900008974,0.05600165499936338,43,2027,1.0103571563402023,0.09684444345048832,0.9779608851825037,0.9836146336479694,,,0.237012987012987,0.3200371057513915,0.24953617810760667,0.19341372912801486
moe_continue,11,31,0.0825023620865304,0.18245407760843294,0.9925788497217068,0.9610027855153204,0.08948814199993649,0.06344709499944656,43,2027,1.0174158207761212,0.09267652029429162,0.9740737438859589,0.9810007419414339,,,0.2569573283858998,0.32421150278293137,0.2564935064935065,0.16233766233766234
moe_continue,12,32,0.0790385717316574,0.17580026109586705,0.9925788497217068,0.9637883008356546,0.09958104799989087,0.07147736399929272,43,2027,1.0151986591421662,0.08919055832307907,0.9711230553810706,0.9782868160785315,,,0.21150278293135436,0.3404452690166976,0.23191094619666047,0.21614100185528756
moe_continue,13,33,0.07605823072397305,0.17421106809030693,0.9916512059369202,0.9637883008356546,0.10932557099977203,0.0788075609993939,43,2027,1.0211223083626173,0.08626945380759923,0.9673426926468559,0.9760083138157635,,,0.23562152133580705,0.3325602968460111,0.2657699443413729,0.1660482374768089
moe_continue,14,34,0.07249475099215805,0.17189299703316982,0.9925788497217068,0.9665738161559888,0.11884770000006029,0.08570953499929601,43,2027,1.0384255944493412,0.08287900693665146,0.9603104420893,0.9693503526058466,,,0.2193877551020408,0.3719851576994434,0.24304267161410018,0.16558441558441558
moe_continue,15,35,0.0724518793634375,0.17114633790781394,0.9897959183673469,0.958217270194986,0.12843263300010221,0.09288004199925126,43,2027,1.0056785592165074,0.08250866495560258,0.9625808967902452,0.9723439160245979,,,0.20918367346938777,0.29777365491651203,0.2527829313543599,0.24025974025974026
moe_continue,16,36,0.06611715382865445,0.16995989823257393,0.9935064935064936,0.9665738161559888,0.13860288599971682,0.10040971899934448,43,2027,1.033557075446353,0.07645272458311798,0.9547013281337082,0.9660851380163551,,,0.23608534322820038,0.35528756957328383,0.24675324675324675,0.161873840445269
moe_continue,17,37,0.06192285492631381,0.16728688512438605,0.9972170686456401,0.9693593314763231,0.14759800399997403,0.10713550899936308,43,2027,1.0192579414473764,0.07211543434078757,0.9534186357269104,0.9652788761452444,,,0.21846011131725418,0.3334879406307978,0.25,0.19805194805194806
moe_continue,18,38,0.060234006700450975,0.16505535637621735,0.9962894248608535,0.9693593314763231,0.15827163699987068,0.11495490199968117,43,2027,1.0298914521064726,0.0705329212215157,0.9488408146990575,0.9618344394986668,,,0.20918367346938777,0.3557513914656772,0.2388682745825603,0.19619666048237477
moe_continue,19,39,0.058494801430989084,0.16350750586354768,0.9972170686456401,0.9665738161559888,0.1687681089997568,0.1230539029997999,43,2027,1.0204823285656266,0.06869962471664535,0.9471646897091153,0.9610732330458255,,,0.2054730983302412,0.3334879406307978,0.2592764378478664,0.2017625231910946
moe_continue,20,40,0.05557336190543319,0.16220120968543975,0.9962894248608535,0.9637883008356546,0.17924479199973575,0.1311446619997696,43,2027,1.034186404546019,0.06591522595089339,0.9408109523997104,0.9564203451161011,0.011743269710238414,0.004127824538380465,0.23747680890538034,0.34786641929499074,0.25185528756957326,0.16280148423005567
moe_continue,21,41,0.05254856949507094,0.15709485597429623,0.9981447124304267,0.9665738161559888,0.19342536599970117,0.13916868099977364,43,2027,1.016675876535478,0.06271532826042572,0.9408963463457394,0.9564710942913383,,,0.20918367346938777,0.3228200371057514,0.2564935064935065,0.21150278293135436
moe_continue,22,42,0.05048678949778833,0.1638324406833938,0.9981447124304267,0.9610027855153204,0.20372538299989174,0.1471650079997744,43,2027,1.0213802082194259,0.06070059157998259,0.9366701556509691,0.9527924695020707,,,0.22727272727272727,0.33487940630797774,0.2300556586270872,0.2077922077922078
moe_continue,23,43,0.04833882881380989,0.15482621956253861,0.9981447124304267,0.9637883008356546,0.21123009299981277,0.1526802600001247,43,2027,1.0183151081992297,0.058521979895802184,0.9351282399281028,0.9528498332171209,,,0.20593692022263452,0.31957328385899814,0.2699443413729128,0.20454545454545456
moe_continue,24,44,0.045951743430752034,0.1578241403561981,0.9981447124304267,0.9637883008356546,0.2184005909998632,0.15803379999988465,43,2027,1.0189630171499648,0.05614137360225169,0.93198426557393,0.9498959678032578,,,0.20918367346938777,0.32653061224489793,0.25092764378478666,0.21335807050092764
moe_continue,25,45,0.04439532078816035,0.15584632094881912,0.9981447124304267,0.9637883008356546,0.2256090759997278,0.16337119500030894,43,2027,1.0144954072172516,0.05454027486033287,0.9301327569547148,0.9490482853779749,,,0.21103896103896103,0.313543599257885,0.2625231910946197,0.21289424860853431
moe_continue,26,46,0.042694061089724664,0.15836364704857642,0.9981447124304267,0.9610027855153204,0.23301792099982777,0.16889419900007852,43,2027,1.0132168715043894,0.05282622980476856,0.9275671542202197,0.9472610273248927,,,0.21196660482374768,0.3112244897959184,0.262987012987013,0.21382189239332097
moe_continue,27,47,0.04186362171946721,0.15084143731052857,0.9981447124304267,0.9693593314763231,0.2409334169997237,0.1747669979999955,43,2027,1.0215359155448394,0.05207898087491561,0.9236772664826283,0.9448738171648782,,,0.21150278293135436,0.3209647495361781,0.27411873840445267,0.19341372912801486
moe_continue,28,48,0.040607877388777726,0.1608481821702715,0.9972170686456401,0.9610027855153204,0.24826567799982513,0.18020481400026256,43,2027,1.0309607324791752,0.05091748471356948,0.9186522430842456,0.9408165836863491,,,0.21289424860853431,0.3460111317254174,0.24582560296846012,0.19526901669758812
moe_continue,29,49,0.03913941774859912,0.16328396813178686,0.9972170686456401,0.9610027855153204,0.25545643599980394,0.18557549900015147,43,2027,1.0282628957868027,0.04942204670646715,0.9169589472229261,0.9393871150638314,,,0.2077922077922078,0.34461966604823746,0.23283858998144713,0.2147495361781076
moe_continue,30,50,0.03796605307129501,0.15578223352306714,0.9981447124304267,0.958217270194986,0.26650511799971355,0.19436960500024725,43,2027,1.0115179952612372,0.048081233023907384,0.91802153388855,0.9416355471799094,,,0.2082560296846011,0.29916512059369205,0.28014842300556586,0.212430426716141
moe_continue,31,51,0.03593947693374878,0.15842214144746972,0.9981447124304267,0.9610027855153204,0.2769620999997642,0.2023676150006395,43,2027,1.0216137023435516,0.046155613957184295,0.9130485045887461,0.9373336961721962,,,0.20871985157699444,0.32884972170686455,0.2532467532467532,0.20918367346938777
moe_continue,32,52,0.03621765391515549,0.15369102725916914,0.9962894248608535,0.9665738161559888,0.2888608389998808,0.21118251200050508,43,2027,1.0272122218927509,0.046489776134083,0.9105062395887616,0.9364454121106964,,,0.2012987012987013,0.3302411873840445,0.27319109461966606,0.19526901669758812
moe_continue,33,53,0.03561337379702554,0.14535487979446216,0.9981447124304267,0.9665738161559888,0.2999764910000522,0.2195652100008374,43,2027,1.0363978099594546,0.04597735189662008,0.9056460931323,0.9351220394378428,,,0.20037105751391465,0.3246753246753247,0.3014842300556586,0.17346938775510204
moe_continue,34,54,0.03287877381658197,0.15667815248363476,0.9981447124304267,0.9637883008356546,0.30960388799985594,0.22671695900089617,43,2027,1.0219774987627186,0.04309854880420916,0.9047440902616978,0.9322127294405154,,,0.20964749536178107,0.32884972170686455,0.2527829313543599,0.20871985157699444
moe_continue,35,55,0.03210862811265941,0.14670748668195943,0.9981447124304267,0.9693593314763231,0.31920424400004777,0.23408923900115042,43,2027,1.0188644162652465,0.042297272275311874,0.9029805107230022,0.9319016554590432,,,0.2036178107606679,0.30890538033395176,0.28617810760667906,0.2012987012987013
moe_continue,36,56,0.030921089621200396,0.15195984516784605,0.9981447124304267,0.9665738161559888,0.3287879760000578,0.2410997470010443,43,2027,1.0179177297741226,0.04110026691894162,0.9005954980156923,0.9293383386483416,,,0.20732838589981448,0.32142857142857145,0.25556586270871984,0.21567717996289426
moe_continue,37,57,0.029763823783231877,0.14612783525434953,0.9981447124304267,0.9665738161559888,0.33867043600002944,0.24863704500103267,43,2027,1.0175655565433879,0.039939479348665756,0.8987072642815523,0.9285280249641025,,,0.20315398886827457,0.3116883116883117,0.274582560296846,0.21057513914656772
moe_continue,38,58,0.02899009115593539,0.15716348607398745,0.9981447124304267,0.9637883008356546,0.34800335099998847,0.2558227550007359,43,2027,1.017463962100789,0.03916473077694328,0.8961962266272436,0.9267676737355054,,,0.21985157699443414,0.31586270871985156,0.2602040816326531,0.20408163265306123
moe_continue,39,59,0.027825117321178768,0.14793659252630256,0.9990723562152134,0.9665738161559888,0.3577330319999419,0.2631682050009658,43,2027,1.0123119461397587,0.037948236782576354,0.8961241580897656,0.9268115537132002,,,0.21567717996289426,0.2982374768089054,0.2782931354359926,0.2077922077922078
moe_continue,40,60,0.027842031724565685,0.14962578518347533,0.9981447124304267,0.9665738161559888,0.3665644739999152,0.2697141950011428,43,2027,1.020770316081275,0.03804973488537844,0.8916874880717002,0.9234736416071019,0.006013762160413064,0.002865140868918067,0.20454545454545456,0.31910946196660483,0.26855287569573283,0.2077922077922078
moe_continue,41,61,0.026741627643445048,0.14872373218742024,0.9990723562152134,0.9637883008356546,0.3792963629998667,0.2768309920011234,43,2027,1.0126123120761958,0.03686775076420701,0.891715027961779,0.92404064749795,,,0.21614100185528756,0.2949907235621521,0.28432282003710574,0.20454545454545456
moe_continue,42,62,0.025373692806666487,0.14972672789659514,0.9990723562152134,0.9637883008356546,0.39019758299991736,0.28501566300110426,43,2027,1.013841958819307,0.03551211239485956,0.8894217761391857,0.9221705211071811,,,0.21103896103896103,0.3051948051948052,0.27365491651205937,0.2101113172541744
moe_continue,43,63,0.02471907164187075,0.15268867365863037,0.9990723562152134,0.9610027855153204,0.39998144499986665,0.2925383190008688,43,2027,1.0156446665538328,0.03487551830740908,0.887233811572348,0.9209592966268166,,,0.21428571428571427,0.30844155844155846,0.2722634508348794,0.20500927643784786
moe_continue,44,64,0.02407508582946819,0.15630025947895748,0.9990723562152134,0.9610027855153204,0.4102751430000353,0.30008963900081653,43,2027,1.0139398046146382,0.03421448387561457,0.8858401643986941,0.9202085797785018,,,0.22077922077922077,0.30009276437847865,0.27690166975881264,0.20222634508348794
moe_continue,45,65,0.023226751798847547,0.1521643491085844,0.9990723562152134,0.9610027855153204,0.4214176749997023,0.30856045900054596,43,2027,1.0131766067243628,0.033358517866091175,0.8842597355861896,0.9187097208889006,,,0.212430426716141,0.3075139146567718,0.26484230055658625,0.21521335807050093
moe_continue,46,66,0.022906593228005454,0.15249429846647,0.9990723562152134,0.9637883008356546,0.43144591400005083,0.31630709200044294,43,2027,1.0146604855424188,0.033053198083429644,0.8822131498172021,0.9177508238888872,,,0.212430426716141,0.3051948051948052,0.274582560296846,0.2077922077922078
moe_continue,47,67,0.022830772444526966,0.1518441616906575,0.9990723562152134,0.9610027855153204,0.44222033400001237,0.3248073060003662,43,2027,1.0092570394498983,0.03292334283902595,0.881348411417942,0.9169315072506347,,,0.21196660482374768,0.29267161410018555,0.27690166975881264,0.21846011131725418
moe_continue,48,68,0.02116862294313882,0.15128834580281575,0.9990723562152134,0.9637883008356546,0.451804054999684,0.3321591360004277,43,2027,1.0136505929478254,0.03130512887261708,0.8782185189471524,0.9150317441902059,,,0.2193877551020408,0.3038033395176252,0.2690166975881262,0.2077922077922078
moe_continue,49,69,0.020895447260243793,0.15023245876574895,0.9990723562152134,0.9637883008356546,0.4613406359999317,0.3393962440004543,43,2027,1.015574776741496,0.031051195027658754,0.8765698033783224,0.9142025408334677,,,0.2189239332096475,0.3010204081632653,0.2810760667903525,0.1989795918367347
moe_continue,50,70,0.020346177377329456,0.15311814829215217,0.9990723562152134,0.9637883008356546,0.47168102399973577,0.34716186600053334,43,2027,1.0117120451983637,0.03046329782931309,0.8750773818352341,0.9126746736789612,,,0.2189239332096475,0.300556586270872,0.26716141001855287,0.21335807050092764
moe_continue,51,71,0.02179027439166146,0.15213346634117828,0.9981447124304267,0.9637883008356546,0.4806558209998002,0.3538259630004177,43,2027,1.0112279035568337,0.03190255342722979,0.8736914977219585,0.9123202625045088,,,0.23469387755102042,0.28014842300556586,0.28664192949907236,0.19851576994434136
moe_continue,52,72,0.020691690552676143,0.1554971191500449,0.9981447124304267,0.958217270194986,0.4915446619997965,0.3617536080005266,43,2027,1.0069918868403283,0.030761609421079424,0.8713203012807358,0.9103653479663603,,,0.23469387755102042,0.2824675324675325,0.2694805194805195,0.21335807050092764
moe_continue,53,73,0.01921939313179799,0.14854498551320858,0.9990723562152134,0.9665738161559888,0.5014728609999111,0.3692326290006349,43,2027,1.0166587933322395,0.029385981065120387,0.8669780201029756,0.9078966610795045,,,0.21289424860853431,0.2922077922077922,0.2945269016697588,0.20037105751391465
moe_continue,54,74,0.01946582173107826,0.15006592208351574,0.9990723562152134,0.9665738161559888,0.511324224999953,0.3765934130005917,43,2027,1.0075340232006296,0.02954116196308456,0.8655701754267263,0.9065647415388344,,,0.22170686456400743,0.2894248608534323,0.2699443413729128,0.2189239332096475
moe_continue,55,75,0.017937541528171026,0.1501845405288054,1.0,0.9665738161559888,0.5204544160001205,0.3834811660003652,43,2027,1.014585419542734,0.028083395723598366,0.8623129418905063,0.9057788797994113,,,0.23840445269016697,0.28385899814471244,0.287569573283859,0.1901669758812616
moe_continue,56,76,0.017600014650048568,0.15083050210540166,0.9990723562152134,0.9637883008356546,0.5296753019997595,0.3904198250002082,43,2027,1.0073803276003193,0.02767381792605176,0.8616927469652402,0.9051314000750752,,,0.24072356215213359,0.274582560296846,0.2755102040816326,0.20918367346938777
moe_continue,57,77,0.017083911453781457,0.15153006766942861,0.9990723562152134,0.9637883008356546,0.5385735439999735,0.3972715950003476,43,2027,1.0082530573926387,0.027166442027707842,0.8598871427937381,0.9040619234563484,,,0.23608534322820038,0.28339517625231914,0.27133580705009275,0.20918367346938777
moe_continue,58,78,0.01659395035279388,0.1533992673342685,1.0,0.9637883008356546,0.5491021349998846,0.4056259110002429,43,2027,1.0077703442330206,0.026671653795124088,0.8584293246267336,0.9032549513093487,,,0.23979591836734693,0.28014842300556586,0.2717996289424861,0.2082560296846011
moe_continue,59,79,0.01586268799310127,0.14765909378439748,1.0,0.9693593314763231,0.55982542799984,0.41385081200041895,43,2027,1.0093281367041356,0.025955969360142626,0.8566625971655014,0.9025839332878777,,,0.24721706864564008,0.2782931354359926,0.2722634508348794,0.20222634508348794
moe_continue,60,80,0.016124118809899897,0.15313288415862436,1.0,0.9665738161559888,0.5687188029996832,0.420293137000499,43,2027,1.0061277641787107,0.026185396451687007,0.8563569680874145,0.901787818428177,0.0062046458157239285,0.0014062574675847805,0.237012987012987,0.27782931354359924,0.27133580705009275,0.21382189239332097
moe_continue,61,81,0.01503122266240078,0.15223117130928362,1.0,0.9693593314763231,0.583553739999843,0.428955455000505,43,2027,1.0096298844169926,0.02512752150657071,0.8534795974704837,0.9008623155539031,,,0.2523191094619666,0.275974025974026,0.2694805194805195,0.20222634508348794
moe_continue,62,82,0.01501734341938742,0.1524528806245134,1.0,0.9665738161559888,0.5924782219999543,0.43556089400044584,43,2027,1.0080239772449275,0.025097583191836696,0.853138129366669,0.9003652170728581,,,0.25139146567717996,0.27365491651205937,0.27087198515769945,0.20408163265306123
moe_continue,63,83,0.014722452268687923,0.15298407293308364,1.0,0.9665738161559888,0.6026175169999988,0.44329647000040495,43,2027,1.0082282677669876,0.0248047349463578,0.8519031475213282,0.8996775412542842,,,0.24768089053803338,0.2810760667903525,0.2662337662337662,0.20500927643784786
moe_continue,64,84,0.014321097236287982,0.14875834931922413,1.0,0.9693593314763231,0.6124752709997665,0.4508795080005257,43,2027,1.0094953617469138,0.024416050853757122,0.8500560036181595,0.8986248119410704,,,0.24953617810760667,0.27690166975881264,0.2727272727272727,0.20083487940630798
moe_continue,65,85,0.014011478719537274,0.15502486996147138,1.0,0.9693593314763231,0.6232476619998124,0.45958559600057924,43,2027,1.0075608453894782,0.024087087173432057,0.8490991082047838,0.898022119575253,,,0.2504638218923933,0.2722634508348794,0.27133580705009275,0.20593692022263452
moe_continue,66,86,0.013419059007304368,0.15313743716223815,1.0,0.9693593314763231,0.6311667939999097,0.46525830500058873,43,2027,1.009327590962511,0.02351233491692948,0.8470906379179705,0.8972876545053473,,,0.25742115027829315,0.2717996289424861,0.2694805194805195,0.2012987012987013
moe_continue,67,87,0.013291994537484452,0.14955138685279268,1.0,0.9721448467966574,0.6387484689998928,0.4710388050002621,43,2027,1.0105677862397935,0.023397672399882385,0.8456711264536464,0.8965093502394147,,,0.2527829313543599,0.2755102040816326,0.27319109461966606,0.19851576994434136
moe_continue,68,88,0.013979700107456122,0.15656496066405562,1.0,0.9665738161559888,0.6464025529999162,0.4765989239999726,43,2027,1.0048154944191303,0.024027855051647423,0.8453325287127307,0.895448131094987,,,0.2564935064935065,0.25788497217068646,0.27087198515769945,0.2147495361781076
moe_continue,69,89,0.012763010592828477,0.1522111089369955,1.0,0.9693593314763231,0.6537162760000683,0.48205126199991355,43,2027,1.011670207001636,0.022879712662844838,0.8429076611231237,0.8951157493548028,,,0.27133580705009275,0.2634508348794063,0.2694805194805195,0.19573283858998144
moe_continue,70,90,0.0124613059410587,0.15590162582274997,1.0,0.9665738161559888,0.6614049320000959,0.48734882700000526,43,2027,1.0082745345280402,0.0225440512863391,0.8420129960976604,0.893717122690127,,,0.25139146567717996,0.26484230055658625,0.2792207792207792,0.20454545454545456
moe_continue,71,91,0.011983473443115534,0.15866745829377404,1.0,0.9637883008356546,0.6692796059996908,0.49329128999988825,43,2027,1.0098935987954931,0.022082409431070465,0.8400055594279514,0.893448549931372,,,0.26484230055658625,0.26437847866419295,0.27087198515769945,0.19990723562152132
moe_continue,72,92,0.011909669278587064,0.1538528913821276,1.0,0.9665738161559888,0.676045576999968,0.4982940830000189,43,2027,1.012482576075049,0.022034495039337555,0.8384853859160004,0.8929109291180164,,,0.26437847866419295,0.27040816326530615,0.27133580705009275,0.19387755102040816
moe_continue,73,93,0.011558404520923219,0.15987445157536379,1.0,0.9665738161559888,0.683336935999705,0.5036658490002992,43,2027,1.0090346584868513,0.02164875110579173,0.8380484252419624,0.8920824680801803,,,0.2597402597402597,0.2657699443413729,0.27319109461966606,0.2012987012987013
moe_continue,74,94,0.011542122695114582,0.16118978307597817,1.0,0.9637883008356546,0.6920129249997444,0.5104207130002578,43,2027,1.0106286776953155,0.02164840947206774,0.8365870454338091,0.8914220374975459,,,0.2634508348794063,0.26391465677179965,0.2750463821892393,0.19758812615955473
moe_continue,75,95,0.011221973818915853,0.15760061792976027,1.0,0.9665738161559888,0.6996981550000783,0.516035314000419,43,2027,1.0104799302722463,0.021326773121638318,0.8354732832598648,0.8908001849176436,,,0.2699443413729128,0.25185528756957326,0.27736549165120594,0.20083487940630798
moe_continue,76,96,0.011004843833446075,0.15122601415359077,1.0,0.9693593314763231,0.7075374169999122,0.521760751000329,43,2027,1.009421511596734,0.021099058949413413,0.834506497646821,0.8902200363906971,,,0.25463821892393323,0.27087198515769945,0.27411873840445267,0.20037105751391465
moe_continue,77,97,0.010831845843351104,0.15492933221391145,1.0,0.9665738161559888,0.7157038699997429,0.5276977160001479,43,2027,1.0111586562929187,0.020943432406280292,0.8329070860119735,0.8895537287129176,,,0.26437847866419295,0.2680890538033395,0.2717996289424861,0.19573283858998144
moe_continue,78,98,0.010511945464398861,0.1554788005888538,1.0,0.9693593314763231,0.7234909640001206,0.5334281909999845,43,2027,1.0096232828440528,0.02060817829283939,0.8319383472132018,0.8889463274705114,,,0.2657699443413729,0.26391465677179965,0.2699443413729128,0.20037105751391465
moe_continue,79,99,0.010173254866930718,0.15561852862361883,1.0,0.9693593314763231,0.7314951739999742,0.539175370999601,43,2027,1.0106913526786714,0.02028016839371743,0.8306045434206539,0.8881009962283187,,,0.2653061224489796,0.2634508348794063,0.27365491651205937,0.19758812615955473
moe_continue,80,100,0.009983395723452661,0.1527498747193848,1.0,0.9721448467966574,0.7392329829999653,0.5449770529999114,43,2027,1.0108112843248902,0.02009150856670156,0.8294224469520356,0.8875953210171977,0.0018971315231679222,0.0014807326625077856,0.26437847866419295,0.26437847866419295,0.27365491651205937,0.19758812615955473
linear_mac_matched,0,20,0.1619520158620041,0.2503755603969349,0.9749536178107606,0.9331476323119777,0.00025827799981925637,0.0,43,2027,,,,,,,,,,
linear_mac_matched,1,21,0.15412929750567128,0.24260218011196139,0.9786641929499073,0.9387186629526463,0.00192372899982729,0.0013943240001026425,43,2027,,,,,,,,,,
linear_mac_matched,2,22,0.1476686272624348,0.2370305944251387,0.9805194805194806,0.9387186629526463,0.003667997999855288,0.002853955999853497,43,2027,,,,,,,,,,
linear_mac_matched,3,23,0.14151716131175332,0.23196427242116188,0.9786641929499073,0.935933147632312,0.005211185999996815,0.004152014999817766,43,2027,,,,,,,,,,
linear_mac_matched,4,24,0.13626029788000127,0.226428357880777,0.9795918367346939,0.9387186629526463,0.006655714999851625,0.005343473999801063,43,2027,,,,,,,,,,
linear_mac_matched,5,25,0.1314349267141275,0.22261542192913164,0.9786641929499073,0.9387186629526463,0.008378501999686705,0.006737597999745049,43,2027,,,,,,,,,,
linear_mac_matched,6,26,0.12690068728784612,0.21960090976526553,0.9823747680890538,0.9387186629526463,0.009948500000064087,0.008071460999417468,43,2027,,,,,,,,,,
linear_mac_matched,7,27,0.12294052713164025,0.21556916372276727,0.9833024118738405,0.935933147632312,0.01144460599971353,0.009323641999799293,43,2027,,,,,,,,,,
linear_mac_matched,8,28,0.11921229921160721,0.2111155809163749,0.9842300556586271,0.9415041782729805,0.012992690999908518,0.010515871999814408,43,2027,,,,,,,,,,
linear_mac_matched,9,29,0.11570283283827724,0.20873189843096832,0.9842300556586271,0.9387186629526463,0.015844914999888715,0.012924879999445693,43,2027,,,,,,,,,,
linear_mac_matched,10,30,0.11250511441388578,0.20674636914193792,0.9851576994434137,0.9415041782729805,0.019953223999891634,0.014623289999235567,43,2027,,,,,,,,,,
linear_mac_matched,11,31,0.10954718812571455,0.20357106510623782,0.9851576994434137,0.9442896935933147,0.023077841000031185,0.017426143999273336,43,2027,,,,,,,,,,
linear_mac_matched,12,32,0.10680422638821063,0.20086907739695803,0.987012987012987,0.9442896935933147,0.02481485899988911,0.01887495999926614,43,2027,,,,,,,,,,
linear_mac_matched,13,33,0.10412924726933231,0.1995042431869506,0.9879406307977736,0.947075208913649,0.026562502999695425,0.020354009999209666,43,2027,,,,,,,,,,
linear_mac_matched,14,34,0.10180631622013835,0.19797878911973393,0.9888682745825603,0.9415041782729805,0.02849845999980971,0.022041473999252048,43,2027,,,,,,,,,,
linear_mac_matched,15,35,0.0992192361848552,0.19628494491621432,0.987012987012987,0.9442896935933147,0.030149009000069782,0.023445962999630865,43,2027,,,,,,,,,,
linear_mac_matched,16,36,0.09694315702883405,0.19309964755575706,0.9879406307977736,0.9442896935933147,0.03182031899996218,0.024741417999848636,43,2027,,,,,,,,,,
linear_mac_matched,17,37,0.0949251487528455,0.19080283607091725,0.9879406307977736,0.947075208913649,0.033510135999677004,0.026161630999922636,43,2027,,,,,,,,,,
linear_mac_matched,18,38,0.09283547813879327,0.1894811108123207,0.9879406307977736,0.947075208913649,0.03525474599973677,0.02760158399996726,43,2027,,,,,,,,,,
linear_mac_matched,19,39,0.09107842477004632,0.1875833852436251,0.9879406307977736,0.9498607242339833,0.03717696299963791,0.029201576999639656,43,2027,,,,,,,,,,
linear_mac_matched,20,40,0.08903777652154178,0.18721339895237227,0.9879406307977736,0.947075208913649,0.038875783999628766,0.0305322949998299,43,2027,,,,,,,,,,
linear_mac_matched,21,41,0.08724211556736207,0.1857809129350332,0.9879406307977736,0.9498607242339833,0.04070329799969841,0.03203933799977676,43,2027,,,,,,,,,,
linear_mac_matched,22,42,0.08565509157025551,0.1854270233844754,0.9888682745825603,0.9498607242339833,0.04268134799986001,0.03373740799997904,43,2027,,,,,,,,,,
linear_mac_matched,23,43,0.08401268260394887,0.18341252431539407,0.9879406307977736,0.9498607242339833,0.044793640000079904,0.03552018600021256,43,2027,,,,,,,,,,
linear_mac_matched,24,44,0.08256282022750358,0.18153667801565496,0.9879406307977736,0.9526462395543176,0.04623973199977627,0.036724124000102165,43,2027,,,,,,,,,,
linear_mac_matched,25,45,0.08100675238783635,0.1823226844386897,0.9897959183673469,0.9498607242339833,0.04832719699970767,0.038565899999866815,43,2027,,,,,,,,,,
linear_mac_matched,26,46,0.07957797724847315,0.17910936647429043,0.9897959183673469,0.9498607242339833,0.050078016000043135,0.03995241199982047,43,2027,,,,,,,,,,
linear_mac_matched,27,47,0.0782540536627924,0.17830579608737104,0.9897959183673469,0.9526462395543176,0.0517281039997215,0.041312824999749864,43,2027,,,,,,,,,,
linear_mac_matched,28,48,0.07687535091631507,0.17717239391412817,0.9897959183673469,0.9526462395543176,0.05335568800001056,0.04270295299966165,43,2027,,,,,,,,,,
linear_mac_matched,29,49,0.0755567587563397,0.17711943208819572,0.9907235621521335,0.9526462395543176,0.05522802999985288,0.04427293099979579,43,2027,,,,,,,,,,
linear_mac_matched,30,50,0.07439482327300734,0.17672929287437358,0.9897959183673469,0.9526462395543176,0.056782213999667874,0.0455619259996638,43,2027,,,,,,,,,,
linear_mac_matched,31,51,0.07328653854643045,0.17670295928533697,0.9907235621521335,0.9554317548746518,0.05842956700007562,0.04696926899987375,43,2027,,,,,,,,,,
linear_mac_matched,32,52,0.07217384024402168,0.17430747416924153,0.9897959183673469,0.9554317548746518,0.06012966999969649,0.04841815500003577,43,2027,,,,,,,,,,
linear_mac_matched,33,53,0.07085635532509145,0.17302039833251692,0.9907235621521335,0.958217270194986,0.06159575199990286,0.04961438200007251,43,2027,,,,,,,,,,
linear_mac_matched,34,54,0.06988241276333666,0.1740399629253088,0.9907235621521335,0.9554317548746518,0.0635738319997472,0.05127469500030202,43,2027,,,,,,,,,,
linear_mac_matched,35,55,0.06875248152116216,0.17345135111532545,0.9907235621521335,0.9610027855153204,0.06530259800001659,0.0527614170000561,43,2027,,,,,,,,,,
linear_mac_matched,36,56,0.06769371412884947,0.17251068454562124,0.9907235621521335,0.9610027855153204,0.06712622599980023,0.05434156000001167,43,2027,,,,,,,,,,
linear_mac_matched,37,57,0.0667516544146364,0.17102120451253164,0.9907235621521335,0.9610027855153204,0.0690697850000106,0.05604238399973838,43,2027,,,,,,,,,,
linear_mac_matched,38,58,0.06574888855050683,0.17040204559420605,0.9916512059369202,0.9610027855153204,0.07085887199991703,0.05755431399984445,43,2027,,,,,,,,,,
linear_mac_matched,39,59,0.06488780939315535,0.1688356595681685,0.9907235621521335,0.9610027855153204,0.07257734199993138,0.05883739999990212,43,2027,,,,,,,,,,
linear_mac_matched,40,60,0.06381691169493106,0.1706141939555457,0.9916512059369202,0.9610027855153204,0.0741833739998583,0.060206596000170975,43,2027,,,,,,,,,,
linear_mac_matched,41,61,0.06301480071261163,0.16821916017534128,0.9925788497217068,0.958217270194986,0.07606236599986005,0.06172160100004476,43,2027,,,,,,,,,,
linear_mac_matched,42,62,0.06210703840870752,0.1685171096152,0.9935064935064936,0.9610027855153204,0.07811295500005144,0.06290352599990001,43,2027,,,,,,,,,,
linear_mac_matched,43,63,0.06126328612433684,0.16877820936646412,0.9925788497217068,0.9610027855153204,0.08111836899979608,0.06516830700002174,43,2027,,,,,,,,,,
linear_mac_matched,44,64,0.060427978639983,0.16807659997048705,0.9935064935064936,0.9610027855153204,0.08415815299986207,0.06780755099998714,43,2027,,,,,,,,,,
linear_mac_matched,45,65,0.05967768288078885,0.1674608294609437,0.9935064935064936,0.958217270194986,0.086675213000035,0.07004080500018972,43,2027,,,,,,,,,,
linear_mac_matched,46,66,0.05890742252776558,0.1675605529172274,0.9935064935064936,0.9610027855153204,0.08886795599983088,0.07189535999987129,43,2027,,,,,,,,,,
linear_mac_matched,47,67,0.05811955245522386,0.16657163856393475,0.9944341372912802,0.958217270194986,0.09058941099965523,0.07319257800008927,43,2027,,,,,,,,,,
linear_mac_matched,48,68,0.05737983158230674,0.1664693112163321,0.9935064935064936,0.958217270194986,0.09252849299991794,0.07481086899997536,43,2027,,,,,,,,,,
linear_mac_matched,49,69,0.05675309753100837,0.16503521926261386,0.9944341372912802,0.958217270194986,0.10169045099974028,0.08359935599992241,43,2027,,,,,,,,,,
linear_mac_matched,50,70,0.056089800199298295,0.16655961019912605,0.9935064935064936,0.9610027855153204,0.10423676399977921,0.08588797299989892,43,2027,,,,,,,,,,
linear_mac_matched,51,71,0.055368154864520326,0.1646923196554831,0.9944341372912802,0.958217270194986,0.10610409899982187,0.08750563199964745,43,2027,,,,,,,,,,
linear_mac_matched,52,72,0.054581422009918036,0.16564236909760482,0.9944341372912802,0.9610027855153204,0.10843154399981358,0.08958584599940878,43,2027,,,,,,,,,,
linear_mac_matched,53,73,0.05400435938087312,0.1644912456254303,0.9944341372912802,0.958217270194986,0.11037332999967475,0.09106448599959549,43,2027,,,,,,,,,,
linear_mac_matched,54,74,0.053479245574594186,0.16254589007418377,0.9944341372912802,0.958217270194986,0.11329922300001272,0.09354263799968976,43,2027,,,,,,,,,,
linear_mac_matched,55,75,0.05289872414618355,0.16458902017237764,0.9944341372912802,0.9610027855153204,0.11535561099981351,0.09533181500000865,43,2027,,,,,,,,,,
linear_mac_matched,56,76,0.052062370856467054,0.1634821150031181,0.9944341372912802,0.958217270194986,0.11754922599993733,0.09706430599999294,43,2027,,,,,,,,,,
linear_mac_matched,57,77,0.05144506044061418,0.16383358484811694,0.9944341372912802,0.958217270194986,0.1194539159996566,0.09872231600002124,43,2027,,,,,,,,,,
linear_mac_matched,58,78,0.05085584779270134,0.16299824141694416,0.9944341372912802,0.958217270194986,0.12514468199969997,0.10409225000012157,43,2027,,,,,,,,,,
linear_mac_matched,59,79,0.05033208695026349,0.1636964322746106,0.9944341372912802,0.958217270194986,0.1285906260000047,0.10728457300001537,43,2027,,,,,,,,,,
linear_mac_matched,60,80,0.04977162799227616,0.16241209838879114,0.9944341372912802,0.958217270194986,0.13146905899975536,0.10991604399987409,43,2027,,,,,,,,,,
linear_mac_matched,61,81,0.049171726505051756,0.16208342731454983,0.9944341372912802,0.958217270194986,0.135783507999804,0.11386945100002777,43,2027,,,,,,,,,,
linear_mac_matched,62,82,0.04873888562282609,0.16309983811012524,0.9944341372912802,0.958217270194986,0.13941638300002523,0.11725212999999712,43,2027,,,,,,,,,,
linear_mac_matched,63,83,0.048201986102132964,0.1621558566199731,0.9944341372912802,0.958217270194986,0.14111917999980506,0.1187037199997576,43,2027,,,,,,,,,,
linear_mac_matched,64,84,0.04755481993548452,0.16132994124548883,0.9944341372912802,0.958217270194986,0.1436813769996661,0.1209892719994059,43,2027,,,,,,,,,,
linear_mac_matched,65,85,0.047180943319394805,0.16275194674304486,0.9953617810760668,0.958217270194986,0.14911127100003796,0.12614749799968195,43,2027,,,,,,,,,,
linear_mac_matched,66,86,0.046644890566896774,0.16196280722339526,0.9944341372912802,0.958217270194986,0.15059559999963312,0.12739263799949185,43,2027,,,,,,,,,,
linear_mac_matched,67,87,0.04616720823328307,0.1605267146056565,0.9944341372912802,0.958217270194986,0.15423499600001378,0.13078682499917704,43,2027,,,,,,,,,,
linear_mac_matched,68,88,0.04562661413628156,0.1619728558856061,0.9944341372912802,0.958217270194986,0.1556470159998753,0.13194309099935708,43,2027,,,,,,,,,,
linear_mac_matched,69,89,0.0451471979016956,0.1616847372756452,0.9944341372912802,0.958217270194986,0.15709559099968828,0.13308241199956683,43,2027,,,,,,,,,,
linear_mac_matched,70,90,0.04465808097521376,0.16174915002598328,0.9944341372912802,0.958217270194986,0.15887213899986818,0.13455435299965757,43,2027,,,,,,,,,,
linear_mac_matched,71,91,0.04420344711601551,0.1613383211397886,0.9944341372912802,0.958217270194986,0.16038188599986825,0.13582952799970371,43,2027,,,,,,,,,,
linear_mac_matched,72,92,0.04380523473427752,0.16008240713630467,0.9944341372912802,0.958217270194986,0.1621826699997655,0.13739414799965743,43,2027,,,,,,,,,,
linear_mac_matched,73,93,0.04332237694058872,0.1608145139692867,0.9944341372912802,0.958217270194986,0.16398764099994878,0.13895414099943082,43,2027,,,,,,,,,,
linear_mac_matched,74,94,0.04299387494834862,0.16139361681984762,0.9953617810760668,0.958217270194986,0.16549526499966305,0.1401251289994434,43,2027,,,,,,,,,,
linear_mac_matched,75,95,0.04249692552950352,0.16066310021954316,0.9953617810760668,0.958217270194986,0.16708579299984194,0.14147107999951913,43,2027,,,,,,,,,,
linear_mac_matched,76,96,0.04220987064257042,0.15975793329718366,0.9944341372912802,0.9610027855153204,0.16875173499965967,0.14285456799962049,43,2027,,,,,,,,,,
linear_mac_matched,77,97,0.04165313645232293,0.1597474409824279,0.9944341372912802,0.958217270194986,0.1701802399998087,0.14405059399950915,43,2027,,,,,,,,,,
linear_mac_matched,78,98,0.0413467500845157,0.16064096286909743,0.9962894248608535,0.9610027855153204,0.17171891099997083,0.1453152829994906,43,2027,,,,,,,,,,
linear_mac_matched,79,99,0.04087460403266771,0.16058524373105312,0.9953617810760668,0.9610027855153204,0.17330822699977944,0.14659032699955787,43,2027,,,,,,,,,,
linear_mac_matched,80,100,0.04049664190487432,0.16036318585348913,0.9962894248608535,0.9610027855153204,0.17504178999979558,0.14808004399947094,43,2027,,,,,,,,,,
linear_mac_matched,81,101,0.040094240906530444,0.15978008544435182,0.9962894248608535,0.9610027855153204,0.17650892299980114,0.14926438299926303,43,2027,,,,,,,,,,
linear_mac_matched,82,102,0.03983483510119164,0.1611444887313912,0.9962894248608535,0.9610027855153204,0.1781426669999746,0.15066374499929225,43,2027,,,,,,,,,,
linear_mac_matched,83,103,0.03940582190615962,0.1587648493048529,0.9962894248608535,0.9610027855153204,0.17975784200007183,0.15193386199916858,43,2027,,,,,,,,,,
linear_mac_matched,84,104,0.03901267513538874,0.16002018533388102,0.9953617810760668,0.9610027855153204,0.18117749399971217,0.15310631299917077,43,2027,,,,,,,,,,
linear_mac_matched,85,105,0.0386059162877289,0.15983498523039244,0.9953617810760668,0.9610027855153204,0.18292609999980414,0.15460594499927538,43,2027,,,,,,,,,,
linear_mac_matched,86,106,0.03825318444863822,0.15988083771686637,0.9962894248608535,0.9610027855153204,0.18463389499993355,0.15585354799895867,43,2027,,,,,,,,,,
linear_mac_matched,87,107,0.03793156278162448,0.16072257916303676,0.9953617810760668,0.9610027855153204,0.1863354099996286,0.1573077219991319,43,2027,,,,,,,,,,
linear_mac_matched,88,108,0.03769090418502795,0.15842550617033346,0.9953617810760668,0.9610027855153204,0.1882886429998507,0.15894495999918945,43,2027,,,,,,,,,,
linear_mac_matched,89,109,0.03726943342571657,0.16081820859290308,0.9962894248608535,0.9637883008356546,0.19029329299974052,0.16070014599927163,43,2027,,,,,,,,,,
linear_mac_matched,90,110,0.03689951553330439,0.15920568412171773,0.9962894248608535,0.9637883008356546,0.191737080999701,0.1618826419994548,43,2027,,,,,,,,,,
linear_mac_matched,91,111,0.03658204711904777,0.15874376091277217,0.9962894248608535,0.9637883008356546,0.1933329479998065,0.1631673719994069,43,2027,,,,,,,,,,
linear_mac_matched,92,112,0.03640877086530985,0.16167756445037024,0.9972170686456401,0.9637883008356546,0.19500384699995266,0.16436801499958165,43,2027,,,,,,,,,,
linear_mac_matched,93,113,0.03597722121771755,0.15868827973113264,0.9962894248608535,0.9637883008356546,0.19668011399971874,0.16569326499939052,43,2027,,,,,,,,,,
linear_mac_matched,94,114,0.035759902981902424,0.16184744689616112,0.9981447124304267,0.9637883008356546,0.1981174929996996,0.16689547099940683,43,2027,,,,,,,,,,
linear_mac_matched,95,115,0.035435297658313145,0.15793164234760826,0.9972170686456401,0.9637883008356546,0.19978386499997214,0.1682507969994731,43,2027,,,,,,,,,,
linear_mac_matched,96,116,0.03504996026631913,0.16022634219552673,0.9972170686456401,0.9637883008356546,0.20115691699993477,0.16939706799985288,43,2027,,,,,,,,,,
linear_mac_matched,97,117,0.03482596029961089,0.15813249049987751,0.9981447124304267,0.9665738161559888,0.20281453600000532,0.17057155100019372,43,2027,,,,,,,,,,
linear_mac_matched,98,118,0.03447864052464445,0.1600922795368102,0.9972170686456401,0.9610027855153204,0.20431643199981409,0.17175901400014482,43,2027,,,,,,,,,,
linear_mac_matched,99,119,0.03422898626279467,0.16083899540786403,0.9981447124304267,0.9637883008356546,0.20583401999965645,0.1730137590002414,43,2027,,,,,,,,,,
linear_mac_matched,100,120,0.033884215737617226,0.15919152045584856,0.9981447124304267,0.9637883008356546,0.2072184489998108,0.17416726100054802,43,2027,,,,,,,,,,
linear_mac_matched,101,121,0.03365426313217772,0.1615055906692106,0.9981447124304267,0.9665738161559888,0.20877292299974215,0.17532230500046353,43,2027,,,,,,,,,,
linear_mac_matched,102,122,0.03331670622477341,0.15934899532238936,0.9981447124304267,0.9637883008356546,0.21019980599976407,0.1765194830004475,43,2027,,,,,,,,,,
linear_mac_matched,103,123,0.03308727968848283,0.15982579895178042,0.9981447124304267,0.9637883008356546,0.21156949299984262,0.17766243900041445,43,2027,,,,,,,,,,
linear_mac_matched,104,124,0.032833761016043406,0.1606684127013385,0.9981447124304267,0.9637883008356546,0.21321252000007007,0.17906426400031705,43,2027,,,,,,,,,,
linear_mac_matched,105,125,0.03257005412035378,0.15901028203072182,0.9981447124304267,0.9637883008356546,0.21533240300004763,0.18026341500035414,43,2027,,,,,,,,,,
linear_mac_matched,106,126,0.03227260040834755,0.16050584346564126,0.9981447124304267,0.9637883008356546,0.2177016209998328,0.1823327430001882,43,2027,,,,,,,,,,
linear_mac_matched,107,127,0.031998673232412796,0.158898300621379,0.9981447124304267,0.9637883008356546,0.21933681699965746,0.18372552400023778,43,2027,,,,,,,,,,
linear_mac_matched,108,128,0.03173632161620953,0.1591210779181957,0.9981447124304267,0.9637883008356546,0.2210463839996919,0.18519890600009603,43,2027,,,,,,,,,,
linear_mac_matched,109,129,0.03159715127812247,0.1619415857435833,0.9981447124304267,0.9665738161559888,0.22319093399983103,0.18708726100021522,43,2027,,,,,,,,,,
linear_mac_matched,110,130,0.03134416930467383,0.15968315635447428,0.9981447124304267,0.9665738161559888,0.22498691099963253,0.18861876100027075,43,2027,,,,,,,,,,
linear_mac_matched,111,131,0.03104724422352714,0.15851468902533056,0.9981447124304267,0.9637883008356546,0.22647055900006308,0.18985917400050312,43,2027,,,,,,,,,,
linear_mac_matched,112,132,0.030794815753160606,0.16160370138063776,0.9981447124304267,0.9665738161559888,0.2280644630000097,0.1912139790006222,43,2027,,,,,,,,,,
linear_mac_matched,113,133,0.030523537290557293,0.16085777864159115,0.9981447124304267,0.9665738161559888,0.22975844699976733,0.19261868800049342,43,2027,,,,,,,,,,
linear_mac_matched,114,134,0.030273811498781195,0.16001648386335038,0.9981447124304267,0.9637883008356546,0.23179746899995735,0.19437397400042755,43,2027,,,,,,,,,,
linear_mac_matched,115,135,0.030124244417076958,0.16182791615576364,0.9981447124304267,0.9637883008356546,0.23432362199991985,0.1966285800008336,43,2027,,,,,,,,,,
linear_mac_matched,116,136,0.0298105932079784,0.16052764077082365,0.9981447124304267,0.9665738161559888,0.23600810199968691,0.1980475010009286,43,2027,,,,,,,,,,
linear_mac_matched,117,137,0.029571020059393553,0.16018854017841846,0.9981447124304267,0.9637883008356546,0.23874152700000195,0.20046824600058244,43,2027,,,,,,,,,,
linear_mac_matched,118,138,0.029338260865085387,0.1592911947837192,0.9981447124304267,0.9637883008356546,0.24085093399980906,0.2022092410006735,43,2027,,,,,,,,,,
linear_mac_matched,119,139,0.029152459013127994,0.1614860165952831,0.9981447124304267,0.9665738161559888,0.24293809799974042,0.2039132800009611,43,2027,,,,,,,,,,
linear_mac_matched,120,140,0.028946079746194106,0.1594288601526608,0.9981447124304267,0.9665738161559888,0.24567903399974966,0.2063020770010553,43,2027,,,,,,,,,,
linear_mac_matched,121,141,0.028823032299979883,0.15829528530940207,0.9981447124304267,0.9637883008356546,0.24738111999977264,0.20763313600082256,43,2027,,,,,,,,,,
linear_mac_matched,122,142,0.028526016911971565,0.16184505286192347,0.9981447124304267,0.9665738161559888,0.24903327099991657,0.20903918700059876,43,2027,,,,,,,,,,
linear_mac_matched,123,143,0.028262137755748817,0.1611798904783622,0.9981447124304267,0.9665738161559888,0.2521336669997254,0.21145621700043193,43,2027,,,,,,,,,,
linear_mac_matched,124,144,0.02805359192918617,0.16165353064767887,0.9981447124304267,0.9665738161559888,0.25496022099969196,0.21400539500018567,43,2027,,,,,,,,,,
linear_mac_matched,125,145,0.027877488579441962,0.16006207576566353,0.9981447124304267,0.9637883008356546,0.2564623369999026,0.21526580800036754,43,2027,,,,,,,,,,
linear_mac_matched,126,146,0.027638547954243278,0.16050503931659196,0.9981447124304267,0.9665738161559888,0.2582168119997732,0.2167738630000713,43,2027,,,,,,,,,,
linear_mac_matched,127,147,0.02746565658210717,0.15982366027221476,0.9981447124304267,0.9665738161559888,0.2598210209998797,0.21806027500042546,43,2027,,,,,,,,,,
linear_mac_matched,128,148,0.027293172115979467,0.16103274305270532,0.9981447124304267,0.9665738161559888,0.2622350759997971,0.2202223720000802,43,2027,,,,,,,,,,
linear_mac_matched,129,149,0.027051067101133097,0.16178550231245445,0.9981447124304267,0.9665738161559888,0.2638209469996582,0.22154466700021658,43,2027,,,,,,,,,,
linear_mac_matched,130,150,0.026883301911207014,0.1604873518438896,0.9981447124304267,0.9665738161559888,0.26631446099963796,0.2236218960001679,43,2027,,,,,,,,,,
linear_mac_matched,131,151,0.026680467587840893,0.16042332213898547,0.9981447124304267,0.9665738161559888,0.268347373999859,0.2252398760001597,43,2027,,,,,,,,,,
linear_mac_matched,132,152,0.026529612895925998,0.1628809203180786,0.9981447124304267,0.9665738161559888,0.27249835799966604,0.22910829500006002,43,2027,,,,,,,,,,
linear_mac_matched,133,153,0.02626922091152529,0.1605089725258276,0.9981447124304267,0.9665738161559888,0.27466914799970255,0.23084064600016063,43,2027,,,,,,,,,,
linear_mac_matched,134,154,0.02614476686576487,0.1606220982480327,0.9981447124304267,0.9637883008356546,0.27655529999992723,0.23238594700023896,43,2027,,,,,,,,,,
linear_mac_matched,135,155,0.025973174990588946,0.16144135349810687,0.9981447124304267,0.9665738161559888,0.27924046199996155,0.23463321200051723,43,2027,,,,,,,,,,
linear_mac_matched,136,156,0.025702378342420035,0.1613630616542226,0.9981447124304267,0.9665738161559888,0.28071870199983096,0.23584776600046098,43,2027,,,,,,,,,,
linear_mac_matched,137,157,0.025554151050534837,0.1609347062856257,0.9981447124304267,0.9665738161559888,0.28274067799975455,0.23726284100075645,43,2027,,,,,,,,,,
linear_mac_matched,138,158,0.02535015959795942,0.16161504385907705,0.9981447124304267,0.9665738161559888,0.2843469199997344,0.23844016900056886,43,2027,,,,,,,,,,
linear_mac_matched,139,159,0.025182864112282318,0.16208604019585474,0.9981447124304267,0.9665738161559888,0.2867536039998413,0.24044011200066961,43,2027,,,,,,,,,,
linear_mac_matched,140,160,0.02498783620294239,0.16170892883720578,0.9981447124304267,0.9665738161559888,0.2889991059996646,0.2421957390006355,43,2027,,,,,,,,,,
linear_mac_matched,141,161,0.024839003214443413,0.16153896399066411,0.9981447124304267,0.9665738161559888,0.29213125999967815,0.24502188300084526,43,2027,,,,,,,,,,
linear_mac_matched,142,162,0.02466772504368211,0.1630789807640325,0.9981447124304267,0.9665738161559888,0.2939444519997778,0.24647191000076418,43,2027,,,,,,,,,,
linear_mac_matched,143,163,0.024496544034189275,0.16131856195733174,0.9981447124304267,0.9665738161559888,0.29576873199994225,0.2480206660006843,43,2027,,,,,,,,,,
linear_mac_matched,144,164,0.02430388194310677,0.1623962690751007,0.9981447124304267,0.9665738161559888,0.2972795809996569,0.2492955010006881,43,2027,,,,,,,,,,
linear_mac_matched,145,165,0.024162933432913595,0.16285394136010556,0.9981447124304267,0.9665738161559888,0.2989662439999847,0.25074568900072336,43,2027,,,,,,,,,,
linear_mac_matched,146,166,0.023981507863286726,0.16158015502325385,0.9981447124304267,0.9665738161559888,0.30070868999973754,0.2521144550005374,43,2027,,,,,,,,,,
linear_mac_matched,147,167,0.023855702806795442,0.16368888107361196,0.9981447124304267,0.9665738161559888,0.3047655579998718,0.25582538300068336,43,2027,,,,,,,,,,
linear_mac_matched,148,168,0.023677821272223842,0.1622202634964381,0.9981447124304267,0.9665738161559888,0.3062988899996526,0.25711014300077295,43,2027,,,,,,,,,,
linear_mac_matched,149,169,0.0235570903506266,0.16404340309095805,0.9981447124304267,0.9665738161559888,0.3079924939997909,0.2585543220011459,43,2027,,,,,,,,,,
linear_mac_matched,150,170,0.02337845669647546,0.16404780786332654,0.9981447124304267,0.9665738161559888,0.31168365699977585,0.2619601170013084,43,2027,,,,,,,,,,
linear_mac_matched,151,171,0.02326876530784676,0.1602578827866047,0.9981447124304267,0.9665738161559888,0.31562785400001303,0.2651280390014108,43,2027,,,,,,,,,,
linear_mac_matched,152,172,0.02303766412773828,0.1621030584978241,0.9981447124304267,0.9665738161559888,0.31811556899992866,0.2673444770016431,43,2027,,,,,,,,,,
linear_mac_matched,153,173,0.022903589465405754,0.16401153290285322,0.9981447124304267,0.9665738161559888,0.3198979359999612,0.26875665700163154,43,2027,,,,,,,,,,
linear_mac_matched,154,174,0.022748705726936488,0.16287487609881393,0.9981447124304267,0.9665738161559888,0.3221202129998346,0.27072645500174986,43,2027,,,,,,,,,,
linear_mac_matched,155,175,0.022570529025352653,0.16378455975514597,0.9981447124304267,0.9665738161559888,0.32388713599993935,0.2721480300015173,43,2027,,,,,,,,,,
linear_mac_matched,156,176,0.02242196678999994,0.16284230738411623,0.9981447124304267,0.9665738161559888,0.32610951399965415,0.27381881900146254,43,2027,,,,,,,,,,
linear_mac_matched,157,177,0.02227840637149855,0.16349784845324025,0.9981447124304267,0.9665738161559888,0.32774794399983875,0.27511171000105605,43,2027,,,,,,,,,,
linear_mac_matched,158,178,0.02220564954196916,0.16556554856602568,0.9981447124304267,0.9665738161559888,0.32946289899973635,0.27655420600103753,43,2027,,,,,,,,,,
linear_mac_matched,159,179,0.022004276732707693,0.16368434814241903,0.9990723562152134,0.9665738161559888,0.33186872199985373,0.2785675890008861,43,2027,,,,,,,,,,
linear_mac_matched,160,180,0.02192133617248995,0.16176900225503346,0.9990723562152134,0.9665738161559888,0.33372779399996944,0.28000423700086685,43,2027,,,,,,,,,,
linear_mac_matched,161,181,0.021715345835649297,0.16419737637077308,0.9981447124304267,0.9665738161559888,0.3355742270000519,0.28146196600118856,43,2027,,,,,,,,,,
linear_mac_matched,162,182,0.021630514442648095,0.1652987380615616,0.9990723562152134,0.9665738161559888,0.3376815409997107,0.2832522240014441,43,2027,,,,,,,,,,
linear_mac_matched,163,183,0.021501703142470935,0.16227736099668197,0.9990723562152134,0.9637883008356546,0.3393357649997597,0.28466551600149614,43,2027,,,,,,,,,,
linear_mac_matched,164,184,0.021283424035711,0.16419147207707,0.9981447124304267,0.9665738161559888,0.3414681979998022,0.28629968000132067,43,2027,,,,,,,,,,
linear_mac_matched,165,185,0.021149665320533723,0.1633421774825261,0.9990723562152134,0.9665738161559888,0.3431891119998909,0.28777841100099977,43,2027,,,,,,,,,,
linear_mac_matched,166,186,0.02103551927258692,0.16529754796785323,0.9981447124304267,0.9665738161559888,0.344996626000011,0.2892788640010622,43,2027,,,,,,,,,,
linear_mac_matched,167,187,0.02091257717505748,0.1625593606395679,0.9990723562152134,0.9665738161559888,0.34712182799967195,0.29115484100111644,43,2027,,,,,,,,,,
linear_mac_matched,168,188,0.02076437412148043,0.1648794177396331,0.9990723562152134,0.9665738161559888,0.3488000180000199,0.29239053700121076,43,2027,,,,,,,,,,
linear_mac_matched,169,189,0.020628813188065073,0.16637490023317647,0.9981447124304267,0.9665738161559888,0.35035277899987705,0.2937085960015793,43,2027,,,,,,,,,,
linear_mac_matched,170,190,0.020544473647561914,0.16578808275958776,0.9981447124304267,0.9665738161559888,0.3523423569999977,0.2954559200015865,43,2027,,,,,,,,,,
linear_mac_matched,171,191,0.020373661843831475,0.1641443206878726,0.9981447124304267,0.9665738161559888,0.35410709699999643,0.296872277001512,43,2027,,,,,,,,,,
linear_mac_matched,172,192,0.020305951801465733,0.1639081656824554,0.9990723562152134,0.9665738161559888,0.35583053499976813,0.2982026540012157,43,2027,,,,,,,,,,
linear_mac_matched,173,193,0.020128499519706806,0.16651888314347013,0.9981447124304267,0.9665738161559888,0.35787123899990547,0.299868065001192,43,2027,,,,,,,,,,
linear_mac_matched,174,194,0.019960811447644326,0.1649356264332749,0.9981447124304267,0.9665738161559888,0.3594876369998019,0.3012447230012185,43,2027,,,,,,,,,,
linear_mac_matched,175,195,0.01987929369393366,0.1643478530122121,0.9990723562152134,0.9665738161559888,0.361090492999665,0.30261504000100103,43,2027,,,,,,,,,,
linear_mac_matched,176,196,0.019720538980645314,0.16463525776548849,0.9990723562152134,0.9665738161559888,0.36294236399999136,0.3042318580010033,43,2027,,,,,,,,,,
linear_mac_matched,177,197,0.019608613053885324,0.16646366181435804,0.9981447124304267,0.9665738161559888,0.364418079999723,0.3054761960011092,43,2027,,,,,,,,,,
linear_mac_matched,178,198,0.019476697231007617,0.1649955393777401,0.9990723562152134,0.9665738161559888,0.36608902999978454,0.30691591800086826,43,2027,,,,,,,,,,
linear_mac_matched,179,199,0.01934734937432983,0.16561069379759785,0.9990723562152134,0.9665738161559888,0.368107751000025,0.30862089800120884,43,2027,,,,,,,,,,
linear_mac_matched,180,200,0.019233081633833055,0.16533757610639138,0.9990723562152134,0.9665738161559888,0.36976139399985186,0.309992227001203,43,2027,,,,,,,,,,
linear_mac_matched,181,201,0.01929294397991464,0.16392759653368075,0.9990723562152134,0.9665738161559888,0.3712022279996745,0.3111567160008235,43,2027,,,,,,,,,,
linear_mac_matched,182,202,0.01905403102695517,0.16787580462738513,0.9981447124304267,0.9665738161559888,0.3734006289996614,0.3131028890006746,43,2027,,,,,,,,,,
linear_mac_matched,183,203,0.018874521384934822,0.164973309748694,0.9990723562152134,0.9665738161559888,0.37493746699965413,0.31438766800101803,43,2027,,,,,,,,,,
linear_mac_matched,184,204,0.01881786259352125,0.16851678235424492,0.9981447124304267,0.9665738161559888,0.3764882460000081,0.3156005090013423,43,2027,,,,,,,,,,
linear_mac_matched,185,205,0.018635771454312416,0.16625118822183615,0.9990723562152134,0.9665738161559888,0.378436081000018,0.3173087140012285,43,2027,,,,,,,,,,
linear_mac_matched,186,206,0.018543198275269446,0.16502431076566992,0.9990723562152134,0.9665738161559888,0.38011990999984846,0.31868582100105414,43,2027,,,,,,,,,,
linear_mac_matched,187,207,0.01844039824170547,0.16836354052840388,0.9990723562152134,0.9665738161559888,0.38205117000006794,0.3201283980010885,43,2027,,,,,,,,,,
linear_mac_matched,188,208,0.018279593680836217,0.1666912320480809,0.9990723562152134,0.9665738161559888,0.383476970999709,0.32131954600072277,43,2027,,,,,,,,,,
linear_mac_matched,189,209,0.018183466685570984,0.16681860165631834,0.9990723562152134,0.9665738161559888,0.38515593199963405,0.32267622300059884,43,2027,,,,,,,,,,
linear_mac_matched,190,210,0.018093945125444547,0.1667103732392901,0.9990723562152134,0.9665738161559888,0.3868784789997335,0.32410783300065305,43,2027,,,,,,,,,,
linear_mac_matched,191,211,0.017961108282126954,0.16738565156355945,0.9990723562152134,0.9665738161559888,0.38827561699963553,0.3252713800006859,43,2027,,,,,,,,,,
linear_mac_matched,192,212,0.017834008584032123,0.16732198625213238,0.9990723562152134,0.9665738161559888,0.39067813399969964,0.3273927160007588,43,2027,,,,,,,,,,
moe_no_balance,0,20,0.1619520158620041,0.2503755603969349,0.9749536178107606,0.9331476323119777,0.0011507480003274395,0.0,43,2027,1.0331140608456355,0.1619520158620041,0.9949490855662402,0.997504726858333,1.8531559390046125e-18,0.0,0.1437847866419295,0.23747680890538034,0.45732838589981445,0.1614100185528757
moe_no_balance,1,21,0.14970940374227046,0.23398022412939276,0.9777365491651205,0.935933147632312,0.01178463600035684,0.005837585999870498,43,2027,1.0214767307123436,0.14970940374227046,0.9951620503489874,0.9977880946635809,,,0.19805194805194806,0.11641929499072357,0.37987012987012986,0.30565862708719854
moe_no_balance,2,22,0.14001587562343845,0.227827959494414,0.9805194805194806,0.935933147632312,0.01980545100013842,0.011879929999849992,43,2027,1.050117208340211,0.14001587562343845,0.9922745849770861,0.9962296035465986,,,0.09230055658627087,0.2012987012987013,0.47866419294990725,0.2277365491651206
moe_no_balance,3,23,0.13171314752958194,0.2213424903825205,0.9805194805194806,0.9415041782729805,0.028888245999951323,0.017923030000019935,43,2027,1.0354221631573233,0.13171314752958194,0.9903469820624412,0.9931127740493484,,,0.09090909090909091,0.1924860853432282,0.3738404452690167,0.3427643784786642
moe_no_balance,4,24,0.12643082593762708,0.21795245454156717,0.9823747680890538,0.935933147632312,0.03981430800013186,0.026250685999912093,43,2027,1.0171012198493106,0.12643082593762708,0.9900630470802675,0.9940887934799139,,,0.14007421150278293,0.24768089053803338,0.37244897959183676,0.23979591836734693
moe_no_balance,5,25,0.11818597519952596,0.21104992857589208,0.9814471243042672,0.9387186629526463,0.0487096360002397,0.03297223900017343,43,2027,1.0173825457963095,0.11818597519952596,0.9865516879320515,0.9895495001670768,,,0.16558441558441558,0.18460111317254174,0.3293135435992579,0.3205009276437848
moe_no_balance,6,26,0.11498218467754888,0.20481802626456605,0.9805194805194806,0.9387186629526463,0.05780481400006465,0.039820854000026884,43,2027,1.0304064713764922,0.11498218467754888,0.9817556827562728,0.9858062888089416,,,0.17857142857142858,0.1396103896103896,0.34183673469387754,0.3399814471243043
moe_no_balance,7,27,0.10844154328408377,0.20152410960033065,0.9833024118738405,0.935933147632312,0.06633892900026694,0.04625378399987312,43,2027,1.0156003843965016,0.10844154328408377,0.9792024844712901,0.9842212609181629,,,0.20732838589981448,0.16558441558441558,0.3186456400742115,0.30844155844155846
moe_no_balance,8,28,0.10460299695035087,0.19746285885189,0.9786641929499073,0.9415041782729805,0.07485460700036128,0.05264845699957732,43,2027,1.034825063577689,0.10460299695035087,0.9702558523797462,0.9721125840397893,,,0.2012987012987013,0.18460111317254174,0.2527829313543599,0.36131725417439703
moe_no_balance,9,29,0.09510301327691954,0.19507097294656112,0.9842300556586271,0.9415041782729805,0.08635545700008151,0.06187573299985161,43,2027,1.0089408356250085,0.09510301327691954,0.9712928495870325,0.9772114073164961,,,0.19990723562152132,0.2277365491651206,0.27087198515769945,0.3014842300556586
moe_no_balance,10,30,0.09346403086595782,0.189036645463032,0.9823747680890538,0.9415041782729805,0.09764921700025297,0.0700907699997515,43,2027,1.0219352249682792,0.09346403086595782,0.9651046373963469,0.969247787460472,,,0.23562152133580705,0.18923933209647495,0.23794063079777367,0.33719851576994436
moe_no_balance,11,31,0.09130049652668303,0.18991788167174048,0.9851576994434137,0.9415041782729805,0.10903131900022345,0.078740227999333,43,2027,1.005451501445997,0.09130049652668303,0.9644124411729417,0.9713411360071934,,,0.24953617810760667,0.23469387755102042,0.22634508348794063,0.2894248608534323
moe_no_balance,12,32,0.08270853663146505,0.17997037284866663,0.9860853432282004,0.9498607242339833,0.11899170600008802,0.08648143299933508,43,2027,1.0213567618937998,0.08270853663146505,0.9556212661560958,0.961809865246613,,,0.21753246753246752,0.1989795918367347,0.2541743970315399,0.3293135435992579
moe_no_balance,13,33,0.08132480374119144,0.17909743795981467,0.9897959183673469,0.9498607242339833,0.12981739299993933,0.09442667499934032,43,2027,1.0165525272722513,0.08132480374119144,0.952505118388839,0.9615579286423046,,,0.2602040816326531,0.27736549165120594,0.16929499072356216,0.29313543599257885
moe_no_balance,14,34,0.07780686793105197,0.1754225447065624,0.9860853432282004,0.947075208913649,0.13835939000000508,0.10076701699927071,43,2027,1.0288314185749339,0.07780686793105197,0.9426855232773972,0.9503358744238486,,,0.24675324675324675,0.19619666048237477,0.2193877551020408,0.33766233766233766
moe_no_balance,15,35,0.07630026380456097,0.17686503600229234,0.9860853432282004,0.9526462395543176,0.14717675100018823,0.10734885999909238,43,2027,1.0036850662881216,0.07630026380456097,0.9434370337789094,0.95623206156924,,,0.25510204081632654,0.22680890538033396,0.24628942486085342,0.2717996289424861
moe_no_balance,16,36,0.07467132829231472,0.17134314068415402,0.9860853432282004,0.9554317548746518,0.15764015300010215,0.11537212799930785,43,2027,1.0314159120788513,0.07467132829231472,0.9323235689058625,0.9424340411599923,,,0.29313543599257885,0.20732838589981448,0.18181818181818182,0.3177179962894249
moe_no_balance,17,37,0.06933664780562941,0.16229164381542946,0.9888682745825603,0.9637883008356546,0.1652265160000752,0.12108289399930072,43,2027,1.0266510497743464,0.06933664780562941,0.9270979189939647,0.9384525590746416,,,0.2597402597402597,0.22634508348794063,0.18970315398886828,0.32421150278293137
moe_no_balance,18,38,0.06572473943208251,0.1655337990368061,0.9907235621521335,0.9554317548746518,0.1741034760002549,0.12756122199925812,43,2027,1.020389117447748,0.06572473943208251,0.9235269669547601,0.9366329591950383,,,0.2625231910946197,0.22448979591836735,0.2017625231910946,0.3112244897959184
moe_no_balance,19,39,0.06426127239568616,0.16652811908483994,0.9897959183673469,0.958217270194986,0.182973566000328,0.13440840399925946,43,2027,1.0188533898143137,0.06426127239568616,0.9192434995797396,0.9341233035301317,,,0.27365491651205937,0.2189239332096475,0.2054730983302412,0.30194805194805197
moe_no_balance,20,40,0.06145824861262694,0.16342536590991022,0.9916512059369202,0.958217270194986,0.19212846300024466,0.14121918199907668,43,2027,1.0307194212253488,0.06145824861262694,0.9111715854858691,0.9268090951958565,0.009438417280696386,0.0,0.2949907235621521,0.2054730983302412,0.19155844155844157,0.3079777365491651
moe_no_balance,21,41,0.05896348224954031,0.16230619847324051,0.9925788497217068,0.958217270194986,0.2039534810000987,0.14746198699913293,43,2027,1.0205800492179127,0.05896348224954031,0.9093599183087713,0.9279082000226541,,,0.28617810760667906,0.25510204081632654,0.17532467532467533,0.28339517625231914
moe_no_balance,22,42,0.05776843611446649,0.16334323093550063,0.9916512059369202,0.9554317548746518,0.21465434500032643,0.15527238999902693,43,2027,1.0309909472795926,0.05776843611446649,0.9016868786503585,0.920356903882815,,,0.2982374768089054,0.22170686456400743,0.1790352504638219,0.3010204081632653
moe_no_balance,23,43,0.053465512596089906,0.1533465108620483,0.9935064935064936,0.9610027855153204,0.22496685100031755,0.16286646399885285,43,2027,1.021465450974156,0.053465512596089906,0.8996001050801627,0.9190263278866414,,,0.2653061224489796,0.21103896103896103,0.21289424860853431,0.310760667903525
moe_no_balance,24,44,0.05238261048440255,0.15503914743720307,0.9953617810760668,0.9610027855153204,0.23479260100020838,0.17046892599864805,43,2027,1.0208006378910506,0.05238261048440255,0.8959754922864915,0.9174017218718548,,,0.27782931354359924,0.23191094619666047,0.19202226345083487,0.2982374768089054
moe_no_balance,25,45,0.05027399628090496,0.15056964690433133,0.9953617810760668,0.9610027855153204,0.24327632099993934,0.17710849599870926,43,2027,1.0308638975985005,0.05027399628090496,0.8885583027305995,0.9103041005815341,,,0.28061224489795916,0.21428571428571427,0.1906307977736549,0.3144712430426716
moe_no_balance,26,46,0.04837206180766113,0.1470549668707312,0.9972170686456401,0.9610027855153204,0.25187128700008543,0.1832127319985375,43,2027,1.021026325658419,0.04837206180766113,0.8869943380679014,0.9102065118822936,,,0.27411873840445267,0.22356215213358072,0.2017625231910946,0.300556586270872
moe_no_balance,27,47,0.04711795731946677,0.1483465672482407,0.9962894248608535,0.9610027855153204,0.26093810200018197,0.19015896299833912,43,2027,1.0195707343322935,0.04711795731946677,0.8850217411657357,0.9101823376718949,,,0.27133580705009275,0.24860853432282004,0.1841372912801484,0.29591836734693877
moe_no_balance,28,48,0.04568742697267415,0.1486644776777428,0.9972170686456401,0.958217270194986,0.2684496520000721,0.19553225199797453,43,2027,1.0284644889448686,0.04568742697267415,0.8780294704701403,0.9031548928081397,,,0.29035250463821893,0.20408163265306123,0.20640074211502782,0.29916512059369205
moe_no_balance,29,49,0.0438857253140959,0.14955233871252463,0.9972170686456401,0.9610027855153204,0.27560700000003635,0.20090293699786343,43,2027,1.0178964667776482,0.0438857253140959,0.8790563659149697,0.9072754425847975,,,0.27690166975881264,0.25510204081632654,0.18320964749536178,0.2847866419294991
moe_no_balance,30,50,0.04198049396894468,0.14391949290925116,0.9972170686456401,0.9665738161559888,0.28325646700022844,0.20661465399780354,43,2027,1.0269842749611577,0.04198049396894468,0.8719616412396467,0.9001309223333941,,,0.2917439703153989,0.22217068645640073,0.19109461966604824,0.2949907235621521
moe_no_balance,31,51,0.0408056383637906,0.14407483798902096,0.9981447124304267,0.9665738161559888,0.2906656630002544,0.21221950999779438,43,2027,1.016642889155212,0.0408056383637906,0.8718126946794783,0.9018157443295083,,,0.275974025974026,0.2435064935064935,0.19434137291280149,0.28617810760667906
moe_no_balance,32,52,0.038715967124383764,0.14053746182518762,0.9981447124304267,0.9665738161559888,0.29885458000035214,0.21845240999800808,43,2027,1.0202978028132883,0.038715967124383764,0.8678607347500354,0.8985069623949964,,,0.28664192949907236,0.22541743970315398,0.20315398886827457,0.2847866419294991
moe_no_balance,33,53,0.037357929081437466,0.1387802703868556,0.9981447124304267,0.9665738161559888,0.3066827360003117,0.2240910479977174,43,2027,1.0231828451978784,0.037357929081437466,0.8640623985739482,0.8954879142756914,,,0.2847866419294991,0.22031539888682747,0.19990723562152132,0.2949907235621521
moe_no_balance,34,54,0.03626760564923803,0.13997355973005182,0.9981447124304267,0.9693593314763231,0.31479271400030484,0.23042974699774277,43,2027,1.0280889263769286,0.03626760564923803,0.8590500613243214,0.8913957221373419,,,0.2847866419294991,0.21428571428571427,0.1971243042671614,0.3038033395176252
moe_no_balance,35,55,0.035014227711770145,0.14076613270670896,0.9981447124304267,0.9665738161559888,0.32367504200010444,0.23689967199743478,43,2027,1.0256772742737186,0.035014227711770145,0.8575232170703068,0.8922979126322793,,,0.2898886827458256,0.2435064935064935,0.17857142857142858,0.2880333951762523
moe_no_balance,36,56,0.034136112609832174,0.13917603507408205,0.9981447124304267,0.9665738161559888,0.3322854820003158,0.24338131499735027,43,2027,1.0254299739720103,0.034136112609832174,0.8548499943365311,0.8896155299130573,,,0.28710575139146566,0.22680890538033396,0.1901669758812616,0.29591836734693877
moe_no_balance,37,57,0.03250272120134213,0.13785830608335922,0.9981447124304267,0.9693593314763231,0.3406935689999955,0.24927056899741729,43,2027,1.0139443639216517,0.03250272120134213,0.8557173424735116,0.8915520868075408,,,0.2690166975881262,0.23747680890538034,0.20454545454545456,0.288961038961039
moe_no_balance,38,58,0.03286238062840395,0.14414681043359692,0.9981447124304267,0.9665738161559888,0.3484429960003581,0.2550115299977733,43,2027,1.0264763188645936,0.03286238062840395,0.8489661991227684,0.8866596104227564,,,0.2949907235621521,0.2300556586270872,0.18738404452690166,0.287569573283859
moe_no_balance,39,59,0.031545924022407905,0.13546086463094123,0.9990723562152134,0.9665738161559888,0.3576446530000794,0.2616391419978754,43,2027,1.0230308588978219,0.031545924022407905,0.848330169433343,0.8864527871365407,,,0.2898886827458256,0.2258812615955473,0.19666048237476808,0.287569573283859
moe_no_balance,40,60,0.029619230844869664,0.13691034363556742,0.9990723562152134,0.9693593314763231,0.3658477520002634,0.26784453099799066,43,2027,1.021249633959256,0.029619230844869664,0.8464327551005311,0.8855888757482989,0.00352948562433521,0.0,0.288961038961039,0.23794063079777367,0.1906307977736549,0.2824675324675325
moe_no_balance,41,61,0.029644761773643634,0.13965949524320515,0.9990723562152134,0.9637883008356546,0.37692120100018656,0.273590158998104,43,2027,1.0255292859677398,0.029644761773643634,0.8433081514546412,0.883400309689952,,,0.29591836734693877,0.237012987012987,0.1836734693877551,0.28339517625231914
moe_no_balance,42,62,0.02838336248142094,0.13143781692076995,0.9990723562152134,0.9693593314763231,0.3877060469999378,0.282016733997807,43,2027,1.0235572670716933,0.02838336248142094,0.8406812955792969,0.880557156440791,,,0.2824675324675325,0.22541743970315398,0.19434137291280149,0.29777365491651203
moe_no_balance,43,63,0.02801106984484966,0.14125497504079712,0.9990723562152134,0.9665738161559888,0.39902652599994326,0.29113390499787783,43,2027,1.0224226131834828,0.02801106984484966,0.8398303682960029,0.882496815484738,,,0.29359925788497215,0.26437847866419295,0.17393320964749537,0.2680890538033395
moe_no_balance,44,64,0.02842035775032273,0.13356498930909472,0.9981447124304267,0.9693593314763231,0.40828468900008374,0.2985300819977965,43,2027,1.0305874731905762,0.02842035775032273,0.8327906837891678,0.8747317773192609,,,0.2949907235621521,0.21103896103896103,0.19805194805194806,0.29591836734693877
moe_no_balance,45,65,0.026459601558436727,0.13119830234031252,0.9990723562152134,0.9693593314763231,0.41736758800016105,0.30509518999815555,43,2027,1.022457002525151,0.026459601558436727,0.8343682737165424,0.8769068697469568,,,0.2884972170686456,0.2258812615955473,0.1971243042671614,0.2884972170686456
moe_no_balance,46,66,0.025928085838595766,0.13261732453120378,0.9990723562152134,0.9693593314763231,0.4255751830000918,0.31123077299844226,43,2027,1.0234259598196365,0.025928085838595766,0.8319279410925595,0.8755921086265688,,,0.29359925788497215,0.22495361781076068,0.19805194805194806,0.28339517625231914
moe_no_balance,47,67,0.02514584276320628,0.13087278250386336,0.9990723562152134,0.9693593314763231,0.435102168999947,0.31860148099804064,43,2027,1.019454895827085,0.02514584276320628,0.8315846781227518,0.8760339818516478,,,0.28061224489795916,0.24257884972170687,0.18831168831168832,0.2884972170686456
moe_no_balance,48,68,0.02370879002174381,0.13108613053954477,0.9990723562152134,0.9693593314763231,0.4454907300000741,0.32648533999827123,43,2027,1.018391265891512,0.02370879002174381,0.8286010904363239,0.8735151197106089,,,0.28432282003710574,0.22356215213358072,0.2077922077922078,0.28432282003710574
moe_no_balance,49,69,0.0232955337629511,0.12989608228622365,0.9990723562152134,0.9693593314763231,0.455111357000078,0.3340660039980321,43,2027,1.0193591284793841,0.0232955337629511,0.8263106732914266,0.8722952547043643,,,0.2829313543599258,0.23144712430426717,0.19758812615955473,0.2880333951762523
moe_no_balance,50,70,0.02264787399474912,0.130249947124493,0.9990723562152134,0.9693593314763231,0.4640842310000153,0.3409980839983291,43,2027,1.0178183061841117,0.02264787399474912,0.8244524976491698,0.8709189728823118,,,0.2820037105751391,0.22820037105751392,0.20454545454545456,0.2852504638218924
moe_no_balance,51,71,0.02226478841020293,0.1297344018449608,0.9990723562152134,0.9693593314763231,0.4728487120000864,0.34749708299841586,43,2027,1.0209298116503416,0.02226478841020293,0.8224647240987659,0.8699091013260065,,,0.2894248608534323,0.2323747680890538,0.19573283858998144,0.2824675324675325
moe_no_balance,52,72,0.02170032746158274,0.12966759816898082,0.9990723562152134,0.9693593314763231,0.4812639990000207,0.3536448349982493,43,2027,1.0221965700897617,0.02170032746158274,0.819791887683458,0.8678033321273091,,,0.2894248608534323,0.22866419294990722,0.19573283858998144,0.28617810760667906
moe_no_balance,53,73,0.02135963197425275,0.12910502805612314,0.9990723562152134,0.9693593314763231,0.4894277090002106,0.3595619399984571,43,2027,1.0198422706299994,0.02135963197425275,0.8187290071142902,0.8674142860212944,,,0.2880333951762523,0.23608534322820038,0.19387755102040816,0.2820037105751391
moe_no_balance,54,74,0.020452000557204544,0.1277869893732803,0.9990723562152134,0.9693593314763231,0.4997543060003409,0.3677766559981137,43,2027,1.0145125759025428,0.020452000557204544,0.8184287699721736,0.8674773642255488,,,0.2815398886827458,0.24072356215213359,0.2017625231910946,0.275974025974026
moe_no_balance,55,75,0.020009870268911198,0.12815340788688906,0.9990723562152134,0.9693593314763231,0.5083435240003382,0.3742499869981657,43,2027,1.0152960601561185,0.020009870268911198,0.8157611155187012,0.8652460671720663,,,0.27690166975881264,0.23562152133580705,0.20222634508348794,0.2852504638218924
moe_no_balance,56,76,0.02004214870202377,0.12816562272472773,0.9990723562152134,0.9693593314763231,0.5172238090003702,0.38055970199820877,43,2027,1.0177281324771439,0.02004214870202377,0.8139935447933928,0.864073627363126,,,0.28617810760667906,0.23098330241187384,0.2036178107606679,0.2792207792207792
moe_no_balance,57,77,0.01940643143678273,0.12770368159506582,0.9990723562152134,0.9693593314763231,0.5273743220000142,0.3882494899980884,43,2027,1.0190626407515004,0.01940643143678273,0.8115765509277546,0.8623513149259755,,,0.2824675324675325,0.23469387755102042,0.19619666048237477,0.28664192949907236
moe_no_balance,58,78,0.018556304208638956,0.12704840088055525,0.9990723562152134,0.9693593314763231,0.5394821080003567,0.397662549998131,43,2027,1.0119165886365005,0.018556304208638956,0.8118442677418247,0.8625551835011631,,,0.275974025974026,0.2305194805194805,0.21335807050092764,0.28014842300556586
moe_no_balance,59,79,0.018322542423233557,0.12860434693254497,0.9990723562152134,0.9693593314763231,0.5492845090002447,0.40501300799815,43,2027,1.0185427426507858,0.018322542423233557,0.808840941351614,0.8614683998892795,,,0.2857142857142857,0.2560296846011132,0.1836734693877551,0.274582560296846
moe_no_balance,60,80,0.018415367149468852,0.12703077254973497,0.9990723562152134,0.9693593314763231,0.5602501050002502,0.4135004729978391,43,2027,1.0186453883781654,0.018415367149468852,0.8063239058397297,0.8591015920684982,0.009288777765024727,0.0,0.28617810760667906,0.23330241187384043,0.19851576994434136,0.2820037105751391
moe_no_balance,61,81,0.01741651979713965,0.1267927901940735,0.9990723562152134,0.9693593314763231,0.5756360200002746,0.4220278579978185,43,2027,1.0117590013871665,0.01741651979713965,0.8060238416511879,0.8587924434855622,,,0.2755102040816326,0.2323747680890538,0.212430426716141,0.27968460111317256
moe_no_balance,62,82,0.017251354898274934,0.12745938415650632,0.9990723562152134,0.9693593314763231,0.5880415290002929,0.4315172789974895,43,2027,1.017728302890073,0.017251354898274934,0.8032179708574507,0.8571206691667771,,,0.28432282003710574,0.23376623376623376,0.20083487940630798,0.2810760667903525
moe_no_balance,63,83,0.0166062125332113,0.12603760154293586,0.9990723562152134,0.9693593314763231,0.5994054540001343,0.4400201479975294,43,2027,1.014186719535159,0.0166062125332113,0.8034566557000081,0.8575002860284765,,,0.2787569573283859,0.24257884972170687,0.19944341372912802,0.2792207792207792
moe_no_balance,64,84,0.016347706987834977,0.12585427649091924,0.9990723562152134,0.9693593314763231,0.6087213730002077,0.4468061379975552,43,2027,1.0137721663556627,0.016347706987834977,0.8016588596984682,0.8557364258511528,,,0.274582560296846,0.24025974025974026,0.19990723562152132,0.2852504638218924
moe_no_balance,65,85,0.01576679308118513,0.1264017664659685,0.9990723562152134,0.9693593314763231,0.6193302639999274,0.45504128499760554,43,2027,1.012626388760849,0.01576679308118513,0.7999324867486794,0.8546635505220581,,,0.2815398886827458,0.2388682745825603,0.2082560296846011,0.27133580705009275
moe_no_balance,66,86,0.015286991026826758,0.1267848427774638,0.9990723562152134,0.9693593314763231,0.6303786850003235,0.46327888599762446,43,2027,1.0218169252614562,0.015286991026826758,0.7964027172738142,0.8523425140473995,,,0.2912801484230056,0.23654916512059368,0.18923933209647495,0.2829313543599258
moe_no_balance,67,87,0.015008822336084963,0.12521789371836733,0.9990723562152134,0.9693593314763231,0.6390950950003571,0.46973281799728284,43,2027,1.014879950962146,0.015008822336084963,0.7964088076230232,0.8520743800213884,,,0.2824675324675325,0.23608534322820038,0.2036178107606679,0.27782931354359924
moe_no_balance,68,88,0.015136368098954722,0.12461415139674464,0.9990723562152134,0.9693593314763231,0.6483388850001575,0.4766295639974487,43,2027,1.0151175704158344,0.015136368098954722,0.7948926226212772,0.850988393255006,,,0.2852504638218924,0.23794063079777367,0.20408163265306123,0.2727272727272727
moe_no_balance,69,89,0.014646084263856687,0.12494407358247349,0.9990723562152134,0.9693593314763231,0.6589604860000691,0.4846713399970213,43,2027,1.012288310792737,0.014646084263856687,0.7946920904732243,0.8509979929896131,,,0.2722634508348794,0.24257884972170687,0.2012987012987013,0.28385899814471244
moe_no_balance,70,90,0.01413792154422387,0.12627772784445523,0.9990723562152134,0.9693593314763231,0.6677472100000159,0.49141218299700995,43,2027,1.0169326429201522,0.01413792154422387,0.7911747021820303,0.8483615315986798,,,0.2847866419294991,0.237012987012987,0.19805194805194806,0.28014842300556586
moe_no_balance,71,91,0.013848779080100938,0.12601680141579388,1.0,0.9693593314763231,0.6765529240001342,0.4977690789969529,43,2027,1.0192723535553956,0.013848779080100938,0.7891997697517336,0.847067544363637,,,0.2847866419294991,0.23747680890538034,0.19202226345083487,0.2857142857142857
moe_no_balance,72,92,0.013697452951191456,0.1250324818845422,0.9990723562152134,0.9693593314763231,0.6855413210000734,0.5047371819969158,43,2027,1.0121749491532708,0.013697452951191456,0.7894278575854173,0.8468808148059599,,,0.2782931354359926,0.23840445269016697,0.20640074211502782,0.27690166975881264
moe_no_balance,73,93,0.013268310734571754,0.12350652230310238,1.0,0.9693593314763231,0.6946916420001799,0.5117260169968176,43,2027,1.0118451317502086,0.013268310734571754,0.7882559889933145,0.846123275645392,,,0.27968460111317256,0.23515769944341372,0.21150278293135436,0.27365491651205937
moe_no_balance,74,94,0.013073373149882404,0.12637925804352765,1.0,0.9693593314763231,0.7031952920001459,0.5183477209966441,43,2027,1.0196821505097204,0.013073373149882404,0.7847569614118494,0.8441299662870587,,,0.28432282003710574,0.23979591836734693,0.18831168831168832,0.287569573283859
moe_no_balance,75,95,0.013004011308868685,0.12528813537657355,1.0,0.9693593314763231,0.7145629370002098,0.5265780359964083,43,2027,1.0120125602634238,0.013004011308868685,0.7846059977956747,0.8436440178234615,,,0.27411873840445267,0.23562152133580705,0.2077922077922078,0.2824675324675325
moe_no_balance,76,96,0.012582745026158897,0.1240151877197801,1.0,0.9693593314763231,0.7265120300003218,0.5357459829965592,43,2027,1.0093701601780918,0.012582745026158897,0.7839096572700125,0.8430506441943566,,,0.27736549165120594,0.23747680890538034,0.21753246753246752,0.26762523191094617
moe_no_balance,77,97,0.012413504573676954,0.1243195983455631,1.0,0.9693593314763231,0.7374014229999375,0.5443708749962752,43,2027,1.0161663670153955,0.012413504573676954,0.7818206191468691,0.8423299446756585,,,0.28385899814471244,0.2504638218923933,0.19109461966604824,0.274582560296846
moe_no_balance,78,98,0.011810035997013123,0.12572667595714956,1.0,0.9693593314763231,0.7487853679999716,0.5532049609964815,43,2027,1.011896243012381,0.011810035997013123,0.7799749107603352,0.8401936894949671,,,0.2782931354359926,0.2305194805194805,0.21382189239332097,0.27736549165120594
moe_no_balance,79,99,0.011972826307900796,0.125607225761258,1.0,0.9693593314763231,0.760751657000128,0.5622108839966131,43,2027,1.0115525419486706,0.011972826307900796,0.7784383919380057,0.8392740700148064,,,0.274582560296846,0.23376623376623376,0.21057513914656772,0.2810760667903525
moe_no_balance,80,100,0.011623502972483778,0.1260473304691521,1.0,0.9693593314763231,0.7714137480002137,0.5704141129967866,43,2027,1.0074107690143643,0.011623502972483778,0.7783802925809593,0.839190982181332,0.005198408648973269,0.0,0.274582560296846,0.24257884972170687,0.21706864564007422,0.2657699443413729
scratch_continue,0,20,0.11192555918898009,0.2005544754631656,0.9823747680890538,0.9442896935933147,0.0013618849998238147,0.0,43,2027,1.1260655782359488,0.12318621497133958,0.855668482755623,0.8396439244809587,0.07026752540134443,0.005090833437797663,0.1859925788497217,0.27133580705009275,0.16929499072356216,0.37337662337662336
scratch_continue,1,21,0.10391829990710577,0.22167896648303181,0.9879406307977736,0.9275766016713092,0.014530468999964796,0.007116956999652757,43,2027,1.1942051115211334,0.1158603510223171,0.8330203828259597,0.8187154179948909,,,0.16326530612244897,0.3395176252319109,0.11224489795918367,0.3849721706864564
scratch_continue,2,22,0.09999951653969337,0.18204330311110495,0.9823747680890538,0.9415041782729805,0.023420248999627802,0.013537248999455187,43,2027,1.148054807134186,0.11148006461103523,0.8380769774952495,0.8221187975175375,,,0.19341372912801486,0.26855287569573283,0.1553803339517625,0.3826530612244898
scratch_continue,3,23,0.09409287510096219,0.18130039069226592,0.9851576994434137,0.947075208913649,0.03211491499996555,0.020234085999163653,43,2027,1.1890858824759003,0.10598373392572119,0.81809153422032,0.8002589500310744,,,0.1614100185528757,0.2884972170686456,0.15352504638218925,0.3965677179962894
scratch_continue,4,24,0.08644849212385454,0.1776682215906191,0.987012987012987,0.947075208913649,0.04272976499987635,0.028484624999236985,43,2027,1.1762398059170645,0.09821089018302519,0.8225537550098473,0.8070565042721868,,,0.16419294990723562,0.2898886827458256,0.1549165120593692,0.3910018552875696
scratch_continue,5,25,0.08480606230007337,0.18372720292270467,0.9860853432282004,0.9387186629526463,0.06042088100002729,0.04041951699946367,43,2027,1.1617762361275186,0.09642382466134855,0.824108149801007,0.8093418508595576,,,0.19294990723562153,0.2764378478664193,0.1461038961038961,0.3845083487940631
scratch_continue,6,26,0.08408636518081569,0.1872056662992083,0.9851576994434137,0.9415041782729805,0.07288824299985208,0.05026059499959956,43,2027,1.156903269759508,0.09565539787841078,0.8219870553208505,0.8084372626233265,,,0.21103896103896103,0.27365491651205937,0.13636363636363635,0.37894248608534326
scratch_continue,7,27,0.07688598149117151,0.1767603796738729,0.987012987012987,0.9387186629526463,0.08270164899977317,0.0573388739994698,43,2027,1.1746345037495793,0.0886323265286673,0.8149367567933623,0.8014199890877228,,,0.16743970315398887,0.2824675324675325,0.15955473098330242,0.39053803339517623
scratch_continue,8,28,0.07324853795610842,0.17959604330945755,0.9897959183673469,0.9442896935933147,0.09167323199972088,0.06428971199966327,43,2027,1.1789222516589155,0.08503776047269757,0.8140997855034467,0.8031345319373855,,,0.18506493506493507,0.3047309833024119,0.1261595547309833,0.38404452690166974
scratch_continue,9,29,0.07795094875023043,0.1751161421323945,0.9851576994434137,0.9415041782729805,0.10071378799966624,0.07088858099996287,43,2027,1.1554944586564637,0.08950589333679507,0.8200840878897195,0.8095076589674242,,,0.16651205936920221,0.26716141001855287,0.17857142857142858,0.3877551020408163
scratch_continue,10,30,0.07230704767604074,0.18495166322678394,0.9907235621521335,0.9415041782729805,0.11553703699973994,0.08195189500020206,43,2027,1.2089078592686817,0.08439612626872756,0.7971835754699269,0.7866259135055635,,,0.1906307977736549,0.3047309833024119,0.11038961038961038,0.3942486085343228
scratch_continue,11,31,0.0638477947148194,0.16768703768569862,0.9916512059369202,0.9442896935933147,0.12718071199969927,0.09115841100037869,43,2027,1.1602325581753992,0.07545012029657339,0.8160186045720497,0.8074491169928459,,,0.18552875695732837,0.2857142857142857,0.1461038961038961,0.3826530612244898
scratch_continue,12,32,0.0662448578560591,0.17146019833316475,0.9935064935064936,0.947075208913649,0.13626787799967133,0.09821114200076408,43,2027,1.206486662823674,0.07830972448429584,0.7906720585408576,0.7803864880356381,,,0.18506493506493507,0.2852504638218924,0.12987012987012986,0.39981447124304265
scratch_continue,13,33,0.05814511443806439,0.16493765061516946,0.9935064935064936,0.9415041782729805,0.14511588499999561,0.10512002700079393,43,2027,1.1851360486240514,0.0699964749243049,0.8024358097764038,0.7954587416597199,,,0.1637291280148423,0.30844155844155846,0.14100185528756956,0.3868274582560297
scratch_continue,14,34,0.059726616612965716,0.15998105244774022,0.9916512059369202,0.947075208913649,0.16333848499971282,0.11927573400089386,43,2027,1.1816633929528102,0.07154325054249382,0.7968529098070426,0.7883980974351581,,,0.18181818181818182,0.27365491651205937,0.15120593692022263,0.39332096474953615
scratch_continue,15,35,0.05843255535495229,0.16443750960957043,0.9907235621521335,0.9387186629526463,0.1727663520000533,0.12646193500086156,43,2027,1.1773910731816537,0.07020646608676882,0.802911932038509,0.7966764825386682,,,0.18552875695732837,0.29313543599257885,0.13404452690166976,0.387291280148423
scratch_continue,16,36,0.052778009090324415,0.1552519976334697,0.9953617810760668,0.947075208913649,0.1821251060000577,0.13351608900075007,43,2027,1.2176953757877813,0.06495496284820224,0.7849016324438609,0.7778918377971339,,,0.16233766233766234,0.30565862708719854,0.1303339517625232,0.40166975881261596
scratch_continue,17,37,0.05589531789484507,0.15346711774858357,0.9916512059369202,0.9498607242339833,0.2005077409999103,0.14542803700078366,43,2027,1.1753131617689812,0.06764844951253489,0.8006412225535607,0.7960342426467676,,,0.2036178107606679,0.2852504638218924,0.12384044526901669,0.387291280148423
scratch_continue,18,38,0.05043584706424872,0.14864997401156013,0.9935064935064936,0.9554317548746518,0.21445682299963664,0.1559074790006889,43,2027,1.185091534436657,0.06228676240861529,0.7960424421070593,0.7909027716166146,,,0.16512059369202226,0.2894248608534323,0.15120593692022263,0.3942486085343228
scratch_continue,19,39,0.04609239494858215,0.15089437134761338,0.9953617810760668,0.9526462395543176,0.2248159629998554,0.16319691500029876,43,2027,1.1998348368001226,0.05809074331658338,0.7915863143174103,0.7876646394858049,,,0.14888682745825602,0.30844155844155846,0.14703153988868276,0.39564007421150277
scratch_continue,20,40,0.05690855382152075,0.14930173096082835,0.987012987012987,0.9526462395543176,0.233499122000012,0.16963333100056843,43,2027,1.1632116702015072,0.06854067052353582,0.801201076481241,0.7978414458122322,0.07986202497299408,0.005205286204690905,0.2147495361781076,0.2653061224489796,0.1331168831168831,0.3868274582560297
scratch_continue,21,41,0.046193466302961894,0.14928477785543895,0.9953617810760668,0.9526462395543176,0.24498244699998395,0.17573448300072414,43,2027,1.1927973767520956,0.05812144007048285,0.7908838246522384,0.7879130427229575,,,0.17393320964749537,0.2940630797773655,0.13636363636363635,0.39564007421150277
scratch_continue,22,42,0.04499189459687745,0.1694097092465573,0.9944341372912802,0.9554317548746518,0.2536236329997337,0.18240017300058753,43,2027,1.170468752420703,0.05669658212108448,0.8007666775607313,0.7988087583062001,,,0.17810760667903525,0.2894248608534323,0.14332096474953618,0.3891465677179963
scratch_continue,23,43,0.04479936730727196,0.14472948275708125,0.9962894248608535,0.9554317548746518,0.2614327289998073,0.18812298700049723,43,2027,1.2037384923393175,0.05683675223066513,0.7845768298540794,0.781880547652509,,,0.1567717996289425,0.29081632653061223,0.14981447124304267,0.4025974025974026
scratch_continue,24,44,0.041963443355362964,0.1684246062335336,0.9962894248608535,0.9554317548746518,0.26974659400002565,0.19445221200021479,43,2027,1.1691006707005178,0.053654450062368145,0.7999732971617777,0.7992824653737584,,,0.1730055658627087,0.288961038961039,0.14795918367346939,0.39007421150278293
scratch_continue,25,45,0.04273649535898873,0.14567557181879337,0.9962894248608535,0.9526462395543176,0.2790525890000026,0.2016204460001063,43,2027,1.1820732421860145,0.05455722778084887,0.7916316118128551,0.791183800495726,,,0.19434137291280149,0.28014842300556586,0.13126159554730985,0.3942486085343228
scratch_continue,26,46,0.03933337875194651,0.1629799901597749,0.9962894248608535,0.9526462395543176,0.2874726529998952,0.20796247000043877,43,2027,1.1878334388279181,0.05121171314022569,0.791166302415441,0.7914827316541698,,,0.16419294990723562,0.3033395176252319,0.1396103896103896,0.39285714285714285
scratch_continue,27,47,0.04015779692050548,0.16276511615089698,0.9972170686456401,0.9526462395543176,0.2954016089997822,0.21401915500064206,43,2027,1.1869934455610875,0.052027731376116354,0.7888050733633698,0.7891002998149482,,,0.19619666048237477,0.2857142857142857,0.12291280148423006,0.39517625231910947
scratch_continue,28,48,0.03992425557284288,0.16114991993773015,0.9953617810760668,0.9554317548746518,0.30333907899967016,0.2200029110003925,43,2027,1.1705563792778404,0.05162981936562129,0.7959880230954123,0.7969203983418521,,,0.1841372912801484,0.28710575139146566,0.13868274582560297,0.39007421150278293
scratch_continue,29,49,0.0368633239582512,0.1772344042493667,0.9981447124304267,0.958217270194986,0.3116872749997128,0.22640519500055234,43,2027,1.1684281549341375,0.04854760550759257,0.7981453298236351,0.7996674877586436,,,0.1660482374768089,0.29359925788497215,0.15120593692022263,0.3891465677179963
scratch_continue,30,50,0.036859198486138355,0.1634556680787106,0.9972170686456401,0.9526462395543176,0.3201300529999571,0.2326395070003855,43,2027,1.1726873531305264,0.04858607201744362,0.7966349600188757,0.7987702194626224,,,0.1924860853432282,0.29313543599257885,0.12523191094619665,0.3891465677179963
scratch_continue,31,51,0.03494193508167359,0.16179674358932566,0.9981447124304267,0.9554317548746518,0.32901379399982034,0.23911145600050077,43,2027,1.1624227039423545,0.04656616212109714,0.7994094943762272,0.8020773481295048,,,0.18274582560296845,0.29359925788497215,0.1391465677179963,0.3845083487940631
scratch_continue,32,52,0.0340819382757266,0.1588798149039425,0.9981447124304267,0.958217270194986,0.33682697599988387,0.2450387770004454,43,2027,1.1789397659739969,0.04587133593546657,0.7924326584667365,0.7952169335871795,,,0.17068645640074212,0.2940630797773655,0.1414656771799629,0.3937847866419295
scratch_continue,33,53,0.03547347144293905,0.1773535998492466,0.9972170686456401,0.9498607242339833,0.34497543299994504,0.25109892800037414,43,2027,1.156250036369245,0.0470359718066315,0.8026854945229378,0.807436475625172,,,0.16975881261595546,0.3047309833024119,0.1461038961038961,0.37940630797773656
scratch_continue,34,54,0.0337647203476704,0.15763107906772428,0.9981447124304267,0.9554317548746518,0.3523901969997496,0.25655175700057953,43,2027,1.1909472667659502,0.0456741930153299,0.7871929665090884,0.7928244967189582,,,0.1859925788497217,0.30009276437847865,0.11827458256029684,0.39564007421150277
scratch_continue,35,55,0.03069830898082501,0.16965558204127074,0.9990723562152134,0.9498607242339833,0.3591775299996698,0.2616139790006855,43,2027,1.1549480417768543,0.042247789398593555,0.8003317851947798,0.8070817518056776,,,0.1836734693877551,0.3051948051948052,0.1345083487940631,0.37662337662337664
scratch_continue,36,56,0.03103144744728659,0.17670570920678874,0.9972170686456401,0.9526462395543176,0.3661768199999642,0.26673722200075645,43,2027,1.147994032197402,0.04251138776926061,0.8012785137225581,0.807421055797104,,,0.1901669758812616,0.2917439703153989,0.1396103896103896,0.3784786641929499
scratch_continue,37,57,0.028689715321983635,0.17743697662437757,0.9990723562152134,0.9554317548746518,0.3739733879997402,0.2726148680008009,43,2027,1.1492294073320493,0.04018200939530413,0.8022718839123447,0.8086104421756168,,,0.1859925788497217,0.29777365491651203,0.13821892393320964,0.3780148423005566
scratch_continue,38,58,0.029462516687469836,0.2120439248534607,0.9990723562152134,0.9498607242339833,0.3818694249998771,0.2782718930006922,43,2027,1.1525628501936918,0.04098814518940675,0.7990896076654046,0.8059493354034539,,,0.16326530612244897,0.2922077922077922,0.16048237476808905,0.38404452690166974
scratch_continue,39,59,0.027450477358405147,0.18216007989324604,0.9990723562152134,0.9442896935933147,0.3892726330000187,0.283768487000998,43,2027,1.1653791842073957,0.0391042692004791,0.7977505979452385,0.8064750354974769,,,0.16094619666048238,0.323747680890538,0.13821892393320964,0.37708719851576994
scratch_continue,40,60,0.02882112961919005,0.177582429125691,0.9972170686456401,0.9498607242339833,0.3968742779998138,0.28946872600135976,43,2027,1.1339167638559342,0.04016029725774939,0.8039558753567578,0.8117007926308035,0.023553465102831413,0.0047885569382015965,0.19387755102040816,0.2847866419294991,0.14703153988868276,0.37430426716141
scratch_continue,41,61,0.025873679633423217,0.18396329752147667,0.9990723562152134,0.9387186629526463,0.40872219899983975,0.2956296880015543,43,2027,1.1539712623628593,0.037413392257051814,0.7984681971845806,0.8066582975491259,,,0.18274582560296845,0.3102968460111317,0.13218923933209648,0.3747680890538033
scratch_continue,42,62,0.03499008280594446,0.17754370947915116,0.9944341372912802,0.9498607242339833,0.4159695519997513,0.301006833001793,43,2027,1.1211229935569318,0.04620131274151378,0.8072944767137206,0.8152021691065731,,,0.19573283858998144,0.27736549165120594,0.15584415584415584,0.37105751391465674
scratch_continue,43,63,0.02529290049498811,0.17825297350067873,0.9990723562152134,0.9498607242339833,0.4238552339998023,0.3064609640018716,43,2027,1.1814544088243548,0.03710744458323166,0.7883355382743409,0.797225301544061,,,0.16233766233766234,0.3232838589981447,0.1303339517625232,0.38404452690166974
scratch_continue,44,64,0.030005740017924675,0.179106156378014,0.9944341372912802,0.947075208913649,0.43182413099975747,0.31240156500189187,43,2027,1.1253618056042316,0.041259358073966995,0.8066025954380319,0.815237750047207,,,0.18923933209647495,0.2898886827458256,0.1507421150278293,0.37012987012987014
scratch_continue,45,65,0.027052828762232188,0.1750020161528809,0.9981447124304267,0.9498607242339833,0.43975779399988824,0.31798547000198596,43,2027,1.1574157531521057,0.038626986293753246,0.7931447134652019,0.801833410135031,,,0.2017625231910946,0.2917439703153989,0.12384044526901669,0.3826530612244898
scratch_continue,46,66,0.023330110140503377,0.18124509827197766,0.9990723562152134,0.9387186629526463,0.4480705169999055,0.3244225560019913,43,2027,1.164687657863931,0.034976986719142684,0.7904039503386936,0.8006842530569734,,,0.19573283858998144,0.3116883116883117,0.11549165120593692,0.37708719851576994
scratch_continue,47,67,0.024773153382996238,0.1768131410821792,0.9972170686456401,0.9498607242339833,0.4559574309996606,0.33049834900157293,43,2027,1.128278533602107,0.03605593871901731,0.8021859730030629,0.8118330874485338,,,0.187847866419295,0.2894248608534323,0.15120593692022263,0.3715213358070501
scratch_continue,48,68,0.02234157344176347,0.20328437938632432,0.9990723562152134,0.9415041782729805,0.46358513499990295,0.3361900060017433,43,2027,1.1368879868658588,0.03371045331042206,0.7994924447815793,0.8091421294067982,,,0.16975881261595546,0.30009276437847865,0.1572356215213358,0.37291280148423006
scratch_continue,49,69,0.023332281869728785,0.1732315804168755,0.9990723562152134,0.958217270194986,0.4709479919997648,0.3414023730019835,43,2027,1.1381769534214459,0.03471405140394324,0.7957116224168166,0.8051036172755014,,,0.18692022263450836,0.2829313543599258,0.15166975881261596,0.3784786641929499
scratch_continue,50,70,0.02031645986272377,0.20375615727260404,0.9990723562152134,0.9415041782729805,0.47915173100000175,0.3473857370022415,43,2027,1.1443666540611532,0.0317601264033353,0.7950243272041521,0.8055153206178343,,,0.17115027829313545,0.3010204081632653,0.15166975881261596,0.3761595547309833
scratch_continue,51,71,0.020265976045354375,0.2024617336448712,0.9990723562152134,0.9415041782729805,0.4868350689998806,0.3531561520021569,43,2027,1.1364624539803907,0.03163060058515828,0.7986384312126156,0.810143147446996,,,0.17161410018552875,0.3112244897959184,0.14981447124304267,0.3673469387755102
scratch_continue,52,72,0.019348486454074127,0.20852845084130406,0.9990723562152134,0.947075208913649,0.4952895950000311,0.3595385060020817,43,2027,1.1356942403185266,0.030705428857259395,0.7975126676959686,0.8092543831043747,,,0.16883116883116883,0.30890538033395176,0.15398886827458255,0.3682745825602968
scratch_continue,53,73,0.019450948638596297,0.18132064839467674,0.9990723562152134,0.947075208913649,0.5028055220000169,0.36512328200205957,43,2027,1.1408385541789532,0.030859334180385826,0.7935034904251094,0.8048335289390233,,,0.18692022263450836,0.30241187384044527,0.1391465677179963,0.3715213358070501
scratch_continue,54,74,0.02055185084717772,0.18098159021768034,0.9981447124304267,0.947075208913649,0.5105303109999113,0.370773076002024,43,2027,1.1327594719187855,0.03187944556636557,0.7968041084178784,0.8084708994580613,,,0.18320964749536178,0.3102968460111317,0.14285714285714285,0.36363636363636365
scratch_continue,55,75,0.01940327888333577,0.1778324088647348,0.9990723562152134,0.9498607242339833,0.518976253999881,0.3770065170019734,43,2027,1.138095220074518,0.03078423108408095,0.7956926097061927,0.8086240884226299,,,0.1702226345083488,0.325139146567718,0.14517625231910947,0.35946196660482377
scratch_continue,56,76,0.02585307951315165,0.1731754484604591,0.9981447124304267,0.9498607242339833,0.5265519109998422,0.38276098800224645,43,2027,1.1216188373617881,0.037069267886769536,0.7979926574970402,0.8102836816965714,,,0.1971243042671614,0.3014842300556586,0.1414656771799629,0.35992578849721707
scratch_continue,57,77,0.019566685778577314,0.17097204763678792,0.9990723562152134,0.958217270194986,0.534397171999899,0.3886469670023871,43,2027,1.1336430096208863,0.030903115874786176,0.795587033757563,0.8086646439919519,,,0.17810760667903525,0.32838589981447125,0.14053803339517626,0.3529684601113173
scratch_continue,58,78,0.0259880753224035,0.1845917548970896,0.9981447124304267,0.958217270194986,0.5420207199999822,0.39445754200278316,43,2027,1.134287529858468,0.03733095062098818,0.7943680879260995,0.8078081522001307,,,0.1730055658627087,0.3339517625231911,0.14471243042671614,0.34833024118738404
scratch_continue,59,79,0.019303497814076895,0.19107133507455268,0.9990723562152134,0.9554317548746518,0.5536964729999454,0.40386747300271963,43,2027,1.1198479962009729,0.030501977776086625,0.7968478361098587,0.8101779662367292,,,0.18089053803339517,0.32189239332096475,0.1507421150278293,0.3464749536178108
scratch_continue,60,80,0.028865258213564893,0.18923118284914442,0.9972170686456401,0.9526462395543176,0.5650478190000285,0.41257093300282577,43,2027,1.1206838140675512,0.0400720963542404,0.795484609238377,0.809608086854259,0.015487906169987587,0.004207362605966781,0.18923933209647495,0.3320964749536178,0.1437847866419295,0.33487940630797774
scratch_continue,61,81,0.021201594572707698,0.18806197498840688,0.9990723562152134,0.958217270194986,0.5791625049996583,0.42084544800263757,43,2027,1.1288659886391428,0.03249025445909913,0.7927666438530129,0.8080544765167521,,,0.16558441558441558,0.34137291280148424,0.1567717996289425,0.3362708719851577
scratch_continue,62,82,0.020884403707699756,0.1817943608046944,0.9981447124304267,0.9554317548746518,0.5899253769998722,0.4293041800028732,43,2027,1.1306991233042984,0.03219139494074274,0.7894357177384119,0.8054158041016448,,,0.18274582560296845,0.3395176252319109,0.1414656771799629,0.3362708719851577
scratch_continue,63,83,0.02061390877517906,0.18032912319135785,0.9981447124304267,0.9526462395543176,0.598581576000015,0.43578264800271427,43,2027,1.127854238761543,0.03189245116279449,0.7892497160601323,0.8064009237477648,,,0.1859925788497217,0.3427643784786642,0.1414656771799629,0.3297773654916512
scratch_continue,64,84,0.021905150417061186,0.1801485236754819,0.9981447124304267,0.9526462395543176,0.6091205959996842,0.4422391840025739,43,2027,1.1456297609798907,0.03336144802686009,0.7825047361752612,0.8011432107656294,,,0.16094619666048238,0.3562152133580705,0.15306122448979592,0.3297773654916512
scratch_continue,65,85,0.01848265484902855,0.17913881276388954,0.9990723562152134,0.958217270194986,0.6232203790000312,0.4535769490025814,43,2027,1.1120773581539305,0.029603428430567853,0.7913376511091843,0.8089649181402139,,,0.1859925788497217,0.3325602968460111,0.1553803339517625,0.32606679035250463
scratch_continue,66,86,0.020433006936331096,0.18168655041404616,0.9972170686456401,0.947075208913649,0.6365185039999233,0.4633996050024507,43,2027,1.1434010810176145,0.03186701774650724,0.7815109049044108,0.8008245072818441,,,0.1614100185528757,0.35760667903525045,0.1553803339517625,0.32560296846011133
scratch_continue,67,87,0.01613526316569572,0.17181922140086078,1.0,0.9554317548746518,0.6453390499996203,0.4698880080022718,43,2027,1.1264115052878054,0.027399378218573776,0.7850032090435722,0.8032697984117302,,,0.1790352504638219,0.33719851576994436,0.14935064935064934,0.3344155844155844
scratch_continue,68,88,0.016995367570144904,0.17406965338147418,1.0,0.9554317548746518,0.6532260439998936,0.47572228900207847,43,2027,1.1186991508716897,0.028182359078861803,0.7848843880072102,0.8031285431133893,,,0.2036178107606679,0.325139146567718,0.13589981447124305,0.33534322820037105
scratch_continue,69,89,0.01501321908543541,0.17475756541328186,1.0,0.9554317548746518,0.662390504999621,0.4821083990018451,43,2027,1.1122099758829724,0.026135318844265135,0.7859950002782526,0.8036258518820132,,,0.18923933209647495,0.32884972170686455,0.15398886827458255,0.32792207792207795
scratch_continue,70,90,0.016840763764846757,0.18069239242272597,0.9981447124304267,0.9498607242339833,0.67129069099974,0.489070694001839,43,2027,1.1260117464053436,0.02810088122890019,0.7799056683635217,0.7986239229250721,,,0.19387755102040816,0.3385899814471243,0.14007421150278293,0.3274582560296846
scratch_continue,71,91,0.015940390435028047,0.1552286010254629,0.9990723562152134,0.9526462395543176,0.6794260469996516,0.4954263790018558,43,2027,1.1640896871085764,0.02758128730611381,0.7650158168231463,0.7859540891036781,,,0.1836734693877551,0.35528756957328383,0.12198515769944342,0.3390538033395176
scratch_continue,72,92,0.014220229213910326,0.16910953998515404,1.0,0.9554317548746518,0.6878175990000273,0.501540120001664,43,2027,1.1203479090089068,0.025423708303999395,0.776843341566199,0.7962889425532004,,,0.18831168831168832,0.33487940630797774,0.15120593692022263,0.32560296846011133
scratch_continue,73,93,0.014058376295158635,0.19615851334755677,1.0,0.9498607242339833,0.6950981609998053,0.5068635230018117,43,2027,1.1132231670436183,0.025190607965594816,0.7782722810250989,0.7978806222919136,,,0.1836734693877551,0.33302411873840443,0.1614100185528757,0.32189239332096475
scratch_continue,74,94,0.014019551611735667,0.14874510109659606,1.0,0.9526462395543176,0.7029192059999332,0.51288924200162,43,2027,1.127248858748865,0.02529204019922432,0.7732153731444259,0.7936172922028806,,,0.18738404452690166,0.34415584415584416,0.14842300556586271,0.3200371057513915
scratch_continue,75,95,0.012774936560768477,0.15044971548625877,1.0,0.9554317548746518,0.7104648169997745,0.5182537570017303,43,2027,1.1271737718672832,0.024046674279441307,0.7719488314379225,0.7925078787178192,,,0.1859925788497217,0.3395176252319109,0.14888682745825602,0.32560296846011133
scratch_continue,76,96,0.012551969168174837,0.14085578017481093,1.0,0.9498607242339833,0.7178844489999392,0.5236857240015524,43,2027,1.123169914208708,0.023783668310261914,0.7729812986529536,0.7936529143131648,,,0.1841372912801484,0.3390538033395176,0.15352504638218925,0.3232838589981447
scratch_continue,77,97,0.013227106590499626,0.16388740052072734,1.0,0.9498607242339833,0.7263675879999028,0.5297993740014135,43,2027,1.1237710213981928,0.024464816804481555,0.7735446625143408,0.7944256724987699,,,0.174860853432282,0.3427643784786642,0.16094619666048238,0.32142857142857145
scratch_continue,78,98,0.012301687755109907,0.14873572981793884,1.0,0.9554317548746518,0.7344044059996122,0.5357003150015771,43,2027,1.1439094541764214,0.02374078229687412,0.7647053554861399,0.7861549034715964,,,0.19944341372912802,0.33812615955473097,0.12384044526901669,0.3385899814471243
scratch_continue,79,99,0.014086648066921033,0.1411306537946234,0.9981447124304267,0.9526462395543176,0.7430260329997509,0.5419680170016363,43,2027,1.1466449624543302,0.025553097691464334,0.7646484278066605,0.7862153040176691,,,0.17857142857142858,0.3525046382189239,0.14100185528756956,0.32792207792207795
scratch_continue,80,100,0.013286887088615472,0.153579458044531,0.9990723562152134,0.9554317548746518,0.7518673299996408,0.5483793050016175,43,2027,1.139178779803458,0.024678674886650053,0.7664326008569236,0.7883582973176064,0.007654663351059148,0.004307394950909235,0.16975881261595546,0.35064935064935066,0.1553803339517625,0.32421150278293137
