phase,epoch,global_epoch,train_ce,val_ce,train_accuracy,val_accuracy,elapsed_seconds,training_seconds,seed,split_seed,balance_loss,objective,router_entropy_normalized,selected_gate_entropy_normalized,task_router_grad_l2,aux_router_grad_l2,expert_0_assignment_share,expert_1_assignment_share,expert_2_assignment_share,expert_3_assignment_share
linear_pretrain,0,0,2.3075331101943544,2.30664840015873,0.15120593692022263,0.1532033426183844,0.00033966000000873464,0.0,44,2026,,,,,,,,,,
linear_pretrain,1,1,1.5095817015974695,1.5290082905227145,0.8636363636363636,0.8551532033426184,0.002092763999826275,0.0014880559997436649,44,2026,,,,,,,,,,
linear_pretrain,2,2,1.0209208461580848,1.0439298661506637,0.9044526901669759,0.8885793871866295,0.003542541999649984,0.0026698419997046585,44,2026,,,,,,,,,,
linear_pretrain,3,3,0.7475550397123133,0.7739909729677263,0.9211502782931354,0.9108635097493036,0.005359511999813549,0.004235644999425858,44,2026,,,,,,,,,,
linear_pretrain,4,4,0.5936189920831074,0.6221581609430686,0.9239332096474954,0.9220055710306406,0.007095670999660797,0.005725422999603325,44,2026,,,,,,,,,,
linear_pretrain,5,5,0.49815653088592415,0.5280615075435107,0.9285714285714286,0.9275766016713092,0.008878870999978972,0.007262071999775799,44,2026,,,,,,,,,,
linear_pretrain,6,6,0.43209063954985044,0.46298326774795034,0.9369202226345084,0.9303621169916435,0.010509079999792448,0.008598850999987917,44,2026,,,,,,,,,,
linear_pretrain,7,7,0.38413001998995244,0.4155401576129027,0.9406307977736549,0.9331476323119777,0.012706642000011925,0.010535922000144637,44,2026,,,,,,,,,,
linear_pretrain,8,8,0.34686512727514507,0.38049380408868777,0.9434137291280148,0.935933147632312,0.014162739999846963,0.011753351000152179,44,2026,,,,,,,,,,
linear_pretrain,9,9,0.3174117897847687,0.3557729334512379,0.9471243042671614,0.9331476323119777,0.015989704999810783,0.013240195000435051,44,2026,,,,,,,,,,
linear_pretrain,10,10,0.2935615579027001,0.3318372863855347,0.948051948051948,0.935933147632312,0.017701826999655168,0.01470787000062046,44,2026,,,,,,,,,,
linear_pretrain,11,11,0.27313407544301405,0.31378668203191756,0.9517625231910947,0.9415041782729805,0.019090875000074448,0.015862365000884893,44,2026,,,,,,,,,,
linear_pretrain,12,12,0.2557237993637336,0.2990157175735827,0.9545454545454546,0.9415041782729805,0.020771128999967914,0.01730443200085574,44,2026,,,,,,,,,,
linear_pretrain,13,13,0.24091021262454784,0.2851266382444152,0.9601113172541744,0.9415041782729805,0.02249073299981319,0.01873094500069783,44,2026,,,,,,,,,,
linear_pretrain,14,14,0.22812029501256068,0.2746500261006874,0.9573283858998145,0.947075208913649,0.024132969999755005,0.0201238580007157,44,2026,,,,,,,,,,
linear_pretrain,15,15,0.21656050168302987,0.26430378274338573,0.9619666048237476,0.9387186629526463,0.02601820299969404,0.02166788800059294,44,2026,,,,,,,,,,
linear_pretrain,16,16,0.20628785553393203,0.25672243653856924,0.963821892393321,0.9387186629526463,0.027901282999664545,0.023228152000683622,44,2026,,,,,,,,,,
linear_pretrain,17,17,0.1976839103008621,0.24687391815717702,0.9647495361781077,0.9442896935933147,0.029618643000048905,0.02464172500094719,44,2026,,,,,,,,,,
linear_pretrain,18,18,0.1889822497313623,0.24230643361958878,0.9647495361781077,0.9387186629526463,0.031650174999867886,0.026384614001017326,44,2026,,,,,,,,,,
linear_pretrain,19,19,0.1813201764311731,0.2346952451186779,0.9666048237476809,0.9415041782729805,0.03344944899981783,0.02789959100118722,44,2026,,,,,,,,,,
linear_pretrain,20,20,0.17473529439026766,0.22782050302219323,0.9703153988868275,0.9526462395543176,0.03498634800007494,0.02919803200120441,44,2026,,,,,,,,,,
scratch_pretrain,0,0,2.2997034965584726,2.3020039643544647,0.14285714285714285,0.08913649025069638,0.0016492680001647386,0.0,44,2026,1.0639488232172205,2.310342984790645,0.9934933377377687,0.9959616762740582,0.01062620419691789,0.00964372998254912,0.011131725417439703,0.43460111317254174,0.2189239332096475,0.33534322820037105
scratch_pretrain,1,1,1.3021666831673901,1.2969806959057264,0.7272727272727273,0.7520891364902507,0.012373881999792502,0.005885762999696453,44,2026,1.0110281825788374,1.3122769649931785,0.9942907070756072,0.994580320477702,,,0.14100185528756956,0.2625231910946197,0.3409090909090909,0.25556586270871984
scratch_pretrain,2,2,0.823791977641579,0.8292736084150153,0.8302411873840445,0.8328690807799443,0.020710347999738588,0.01218652999978076,44,2026,1.025420771747262,0.8340461853590516,0.9866884222022586,0.9865533545815661,,,0.16048237476808905,0.3075139146567718,0.3645640074211503,0.16743970315398887
scratch_pretrain,3,3,0.6045266418044454,0.641976044584642,0.8970315398886828,0.8607242339832869,0.02893138099989301,0.018230010999559454,44,2026,1.0599400494490832,0.6151260422989362,0.9742446448272458,0.974634065890261,,,0.1414656771799629,0.25510204081632654,0.4294990723562152,0.17393320964749537
scratch_pretrain,4,4,0.44379644892367487,0.4928236734479069,0.924860853432282,0.8997214484679665,0.036431420000099024,0.023828993999813974,44,2026,1.0426487549664003,0.4542229364733389,0.96886121686972,0.9704464388885568,,,0.1150278293135436,0.2602040816326531,0.38636363636363635,0.23840445269016697
scratch_pretrain,5,5,0.3749674236961256,0.43110582036974154,0.9257884972170687,0.8997214484679665,0.04687777599974652,0.03233425399957923,44,2026,1.031195018834882,0.3852793738844744,0.9632917791163909,0.9653558581073072,,,0.12152133580705009,0.25834879406307976,0.35482374768089053,0.2653061224489796
scratch_pretrain,6,6,0.3259094226301705,0.3871493235386051,0.9369202226345084,0.9164345403899722,0.055248532999939926,0.03874415499967654,44,2026,1.0625790481690425,0.3365352131118609,0.9537368233863244,0.9567385231434519,,,0.1326530612244898,0.274582560296846,0.4100185528756957,0.18274582560296845
scratch_pretrain,7,7,0.27930245632660117,0.33929033903516503,0.9536178107606679,0.9220055710306406,0.0629521079999904,0.04449092999993809,44,2026,1.065354415697348,0.28995600048357467,0.9492721378961931,0.9530167606267825,,,0.12894248608534323,0.2764378478664193,0.4095547309833024,0.18506493506493507
scratch_pretrain,8,8,0.25283702786953305,0.32033001575580894,0.9471243042671614,0.9136490250696379,0.07150252500014176,0.05112680000002001,44,2026,1.059349085241272,0.2634305187219458,0.9461970097732091,0.9504723829734706,,,0.14100185528756956,0.2606679035250464,0.40538033395176254,0.19294990723562153
scratch_pretrain,9,9,0.22747065451621107,0.299620666367103,0.9554730983302412,0.9220055710306406,0.08015836100003071,0.057691653999881964,44,2026,1.0591426653050091,0.23806208116926117,0.9421811772487957,0.9473679738500232,,,0.13126159554730985,0.26484230055658625,0.4007421150278293,0.20315398886827457
scratch_pretrain,10,10,0.20855870224857675,0.28364524056145207,0.9591836734693877,0.9220055710306406,0.08897296599980109,0.06422689400005765,44,2026,1.057100492739576,0.21912970717597252,0.9393955964908108,0.9447594770704879,,,0.1414656771799629,0.26159554730983303,0.39935064935064934,0.19758812615955473
scratch_pretrain,11,11,0.18890443567337975,0.26289764095837603,0.9693877551020408,0.9331476323119777,0.09739351799998985,0.0704118879998532,44,2026,1.0691456211672883,0.19959589188505264,0.9336937203045967,0.9401009693362181,,,0.1414656771799629,0.2829313543599258,0.4044526901669759,0.17115027829313545
scratch_pretrain,12,12,0.17657085115512305,0.24995175497051558,0.9712430426716141,0.9331476323119777,0.10580559799973344,0.07640026699982627,44,2026,1.0745326877861021,0.1873161780329841,0.9305157006850646,0.9384140141305217,,,0.14517625231910947,0.26159554730983303,0.4165120593692022,0.1767161410018553
scratch_pretrain,13,13,0.1645203021989337,0.24054410213375432,0.974025974025974,0.935933147632312,0.11374197199984337,0.08237392299952262,44,2026,1.0644015952216743,0.17516431815115047,0.9294371542224074,0.9369335734635246,,,0.1567717996289425,0.2694805194805195,0.4049165120593692,0.16883116883116883
scratch_pretrain,14,14,0.15058396800425372,0.24041803731896558,0.9777365491651205,0.935933147632312,0.12135175599996728,0.08809383799962234,44,2026,1.0650254960681775,0.1612342229649355,0.926569825632576,0.9350765931062651,,,0.1391465677179963,0.274582560296846,0.4007421150278293,0.18552875695732837
scratch_pretrain,15,15,0.14970612114931434,0.22355137952438156,0.974025974025974,0.9415041782729805,0.12895888599996397,0.09375716699969416,44,2026,1.0790968690811251,0.1604970898401256,0.9214629047147836,0.9318652072037643,,,0.16419294990723562,0.2592764378478664,0.4165120593692022,0.16001855287569575
scratch_pretrain,16,16,0.135637854822286,0.22791888750156922,0.9823747680890538,0.9442896935933147,0.13766607900015515,0.0999744679993455,44,2026,1.0637395244026546,0.14627525006631253,0.9216524048049506,0.9314075733668244,,,0.1414656771799629,0.2694805194805195,0.40120593692022266,0.187847866419295
scratch_pretrain,17,17,0.1263396588804921,0.2099885473772533,0.9833024118738405,0.947075208913649,0.14606170399974872,0.10637258099950486,44,2026,1.0718059874241719,0.1370577187547338,0.9178374600326356,0.9287080574315776,,,0.150278293135436,0.274582560296846,0.40630797773654914,0.16883116883116883
scratch_pretrain,18,18,0.12170711092722186,0.21422640349864772,0.9842300556586271,0.9442896935933147,0.15456370899983085,0.1127777049996439,44,2026,1.0631523140431376,0.13233863406765323,0.9181280505422295,0.9295643530336011,,,0.150278293135436,0.2541743970315399,0.40584415584415584,0.18970315398886828
scratch_pretrain,19,19,0.11086608283743173,0.20381991543823622,0.987012987012987,0.947075208913649,0.16284641399988686,0.11892659399927652,44,2026,1.0672940884007085,0.12153902372143881,0.9143754049651546,0.9260717177743447,,,0.15352504638218925,0.26669758812615957,0.4044526901669759,0.17532467532467533
scratch_pretrain,20,20,0.10898813305974368,0.19436045750408795,0.9879406307977736,0.9498607242339833,0.17103390600004786,0.1250922879994505,44,2026,1.065413875151042,0.1196422718112541,0.9126455602055328,0.9249926107817246,0.04788733860474496,0.006434633268614097,0.14749536178107606,0.26437847866419295,0.4035250463821892,0.18460111317254174
linear_continue,0,20,0.17473529439026766,0.22782050302219323,0.9703153988868275,0.9526462395543176,0.00035242000012658536,0.0,44,2026,,,,,,,,,,
linear_continue,1,21,0.16709641715852017,0.22469957895883771,0.9712430426716141,0.9442896935933147,0.0025678080000943737,0.0018419480002194177,44,2026,,,,,,,,,,
linear_continue,2,22,0.15949971953367184,0.21436516959850968,0.9721706864564007,0.9498607242339833,0.0041943220003304305,0.0031804390000615967,44,2026,,,,,,,,,,
linear_continue,3,23,0.15322911872270104,0.21100086985686062,0.9758812615955473,0.947075208913649,0.005747186000007787,0.00448932600011176,44,2026,,,,,,,,,,
linear_continue,4,24,0.1480413606180862,0.2056558798680471,0.9768089053803339,0.947075208913649,0.007409964000089531,0.005859024000073987,44,2026,,,,,,,,,,
linear_continue,5,25,0.14319345138132883,0.2043556883473357,0.9749536178107606,0.947075208913649,0.00880841500020324,0.007017605000328331,44,2026,,,,,,,,,,
linear_continue,6,26,0.13851420503153336,0.19763631368020437,0.9768089053803339,0.9498607242339833,0.010360667999975703,0.008305490000111604,44,2026,,,,,,,,,,
linear_continue,7,27,0.1344785035706757,0.19374111344677183,0.9749536178107606,0.9498607242339833,0.011873791000198253,0.009557952000250225,44,2026,,,,,,,,,,
linear_continue,8,28,0.13046889959812197,0.1924464182910855,0.9777365491651205,0.9498607242339833,0.01347431600015625,0.01088677900042967,44,2026,,,,,,,,,,
linear_continue,9,29,0.1268921710549331,0.18974779196345762,0.9795918367346939,0.9498607242339833,0.014907630000379868,0.012080172000423772,44,2026,,,,,,,,,,
linear_continue,10,30,0.12348744034912967,0.1856905290095993,0.9786641929499073,0.9526462395543176,0.016322245000083058,0.013230821000433934,44,2026,,,,,,,,,,
linear_continue,11,31,0.1210775904408753,0.18443401391401532,0.9786641929499073,0.9498607242339833,0.01795200400010799,0.0146168730007048,44,2026,,,,,,,,,,
linear_continue,12,32,0.11743119204625643,0.18228489240796422,0.9814471243042672,0.9498607242339833,0.019505407999986346,0.015816536000784254,44,2026,,,,,,,,,,
linear_continue,13,33,0.11476799492276779,0.17805126429984813,0.9823747680890538,0.9526462395543176,0.02106900700027836,0.017132704000687227,44,2026,,,,,,,,,,
linear_continue,14,34,0.11213147393395376,0.1782933498275763,0.9814471243042672,0.9526462395543176,0.02266850100022566,0.018492227000479033,44,2026,,,,,,,,,,
linear_continue,15,35,0.10964573764219451,0.17547191764095857,0.9823747680890538,0.9526462395543176,0.02404699199996685,0.019641834000594827,44,2026,,,,,,,,,,
linear_continue,16,36,0.10726815225408144,0.17484735907394383,0.9833024118738405,0.9554317548746518,0.025450269999964803,0.02081657900043865,44,2026,,,,,,,,,,
linear_continue,17,37,0.10501453905639628,0.17203774567004912,0.9851576994434137,0.9554317548746518,0.02703619300018545,0.02217013300059989,44,2026,,,,,,,,,,
linear_continue,18,38,0.10269100000895476,0.16930309066987986,0.9842300556586271,0.9554317548746518,0.02861720900000364,0.02335057600066648,44,2026,,,,,,,,,,
linear_continue,19,39,0.10061769551162407,0.1685351964176412,0.9842300556586271,0.9554317548746518,0.03035260600017864,0.024805933000607183,44,2026,,,,,,,,,,
linear_continue,20,40,0.09870197184840199,0.16704181216167904,0.9833024118738405,0.9554317548746518,0.0320329210003365,0.0261148100007631,44,2026,,,,,,,,,,
linear_continue,21,41,0.09688884067157791,0.16780718766014416,0.9842300556586271,0.9526462395543176,0.03378904999999577,0.027585770000769116,44,2026,,,,,,,,,,
linear_continue,22,42,0.09503792585863652,0.16422634097757088,0.9851576994434137,0.9554317548746518,0.03560131300037028,0.02915698000106204,44,2026,,,,,,,,,,
linear_continue,23,43,0.0932451113912243,0.1620343019415139,0.9860853432282004,0.9554317548746518,0.0379874780001046,0.031246820000887965,44,2026,,,,,,,,,,
linear_continue,24,44,0.09163597441060899,0.1629863709887178,0.9860853432282004,0.9554317548746518,0.040138370000022405,0.03310464100059107,44,2026,,,,,,,,,,
linear_continue,25,45,0.08994764250272395,0.15978399162855328,0.987012987012987,0.9554317548746518,0.04227955700025632,0.0348788670007707,44,2026,,,,,,,,,,
linear_continue,26,46,0.08832554155989178,0.15965487517846655,0.9879406307977736,0.9554317548746518,0.04438902700030667,0.03667021800083603,44,2026,,,,,,,,,,
linear_continue,27,47,0.08682280528728561,0.15945494700052945,0.9879406307977736,0.9554317548746518,0.04654863200039472,0.03852055800052767,44,2026,,,,,,,,,,
linear_continue,28,48,0.08535190497728853,0.15601809255696975,0.9879406307977736,0.958217270194986,0.049014096000064455,0.04052535100026944,44,2026,,,,,,,,,,
linear_continue,29,49,0.08432059066598942,0.1599784058553097,0.9897959183673469,0.9554317548746518,0.05129353100028311,0.04247055400037425,44,2026,,,,,,,,,,
linear_continue,30,50,0.08275738523834576,0.1547212053291648,0.987012987012987,0.9526462395543176,0.05344101800028511,0.0442919410002105,44,2026,,,,,,,,,,
linear_continue,31,51,0.0814157145832659,0.15594730449173463,0.9888682745825603,0.9554317548746518,0.05567810900038239,0.04623232700032531,44,2026,,,,,,,,,,
linear_continue,32,52,0.0799890518527477,0.15523747001671184,0.9888682745825603,0.9554317548746518,0.0580517560001681,0.048269598000388214,44,2026,,,,,,,,,,
linear_continue,33,53,0.07895876896269104,0.1511183408579316,0.9879406307977736,0.9610027855153204,0.0602458530001968,0.05013159500003894,44,2026,,,,,,,,,,
linear_continue,34,54,0.07752571453017315,0.15345620560368717,0.9888682745825603,0.9554317548746518,0.062445907999972405,0.05199819900008151,44,2026,,,,,,,,,,
linear_continue,35,55,0.07645893805467925,0.1524024835528373,0.9897959183673469,0.9610027855153204,0.06460690500034616,0.05385591000003842,44,2026,,,,,,,,,,
linear_continue,36,56,0.07538378645805591,0.15110482344909448,0.9888682745825603,0.9610027855153204,0.06687320000037289,0.05581733700000768,44,2026,,,,,,,,,,
linear_continue,37,57,0.07419228562764774,0.14776680027262298,0.9907235621521335,0.9610027855153204,0.06913579000001846,0.05776250999997501,44,2026,,,,,,,,,,
linear_continue,38,58,0.07309208146713667,0.15167944905863212,0.9897959183673469,0.958217270194986,0.07148336700038271,0.0597594000000754,44,2026,,,,,,,,,,
linear_continue,39,59,0.07224072140329814,0.14770903348772513,0.9916512059369202,0.9610027855153204,0.07371676299999308,0.06168744699971285,44,2026,,,,,,,,,,
linear_continue,40,60,0.07095364386407615,0.14785616901469534,0.9888682745825603,0.9610027855153204,0.07602929800032143,0.06369862799965631,44,2026,,,,,,,,,,
linear_continue,41,61,0.0700185487204059,0.14832806717572322,0.9907235621521335,0.958217270194986,0.07837435100009316,0.06565163200002644,44,2026,,,,,,,,,,
linear_continue,42,62,0.06897452043608858,0.14650006730192539,0.9916512059369202,0.9610027855153204,0.0805938960002095,0.0675697440001386,44,2026,,,,,,,,,,
linear_continue,43,63,0.06800727921777797,0.14722251540513426,0.9916512059369202,0.9610027855153204,0.08301887000015995,0.06968087600034778,44,2026,,,,,,,,,,
linear_continue,44,64,0.06732875063356063,0.14649990427380616,0.9888682745825603,0.958217270194986,0.08533247600007599,0.07164880300024379,44,2026,,,,,,,,,,
linear_continue,45,65,0.06612778171158062,0.14406827229845404,0.9916512059369202,0.9610027855153204,0.08761097000024165,0.07361405600067883,44,2026,,,,,,,,,,
linear_continue,46,66,0.06530884841948029,0.1467267863926208,0.9925788497217068,0.9610027855153204,0.08987514199998259,0.07557366000082766,44,2026,,,,,,,,,,
linear_continue,47,67,0.06440170454569885,0.14220132729951493,0.9925788497217068,0.9610027855153204,0.0921588830001383,0.07755171200096811,44,2026,,,,,,,,,,
linear_continue,48,68,0.06360998574146444,0.143829068556193,0.9935064935064936,0.9610027855153204,0.09440023100023609,0.07945279800105709,44,2026,,,,,,,,,,
linear_continue,49,69,0.06282050414900353,0.14214934546938862,0.9907235621521335,0.9610027855153204,0.0967560610001783,0.08149527700106773,44,2026,,,,,,,,,,
linear_continue,50,70,0.06217034185971272,0.14626543715117504,0.9916512059369202,0.9610027855153204,0.09891961200037258,0.08335234700143701,44,2026,,,,,,,,,,
linear_continue,51,71,0.061276330333023245,0.13883718455017446,0.9935064935064936,0.9610027855153204,0.10088082800029952,0.08501193000165586,44,2026,,,,,,,,,,
linear_continue,52,72,0.06048736860441883,0.1421471031807329,0.9935064935064936,0.9610027855153204,0.10288585100033742,0.08671809400175334,44,2026,,,,,,,,,,
linear_continue,53,73,0.05961487558809259,0.14115407126094706,0.9944341372912802,0.9610027855153204,0.10484589600036998,0.08837294100203508,44,2026,,,,,,,,,,
linear_continue,54,74,0.05890017509350716,0.14072098090672222,0.9944341372912802,0.9610027855153204,0.10689789900015967,0.09012523400178907,44,2026,,,,,,,,,,
linear_continue,55,75,0.05821693701461161,0.13946675874234693,0.9944341372912802,0.9610027855153204,0.1087380240001039,0.09171584400201027,44,2026,,,,,,,,,,
linear_continue,56,76,0.057388074874978615,0.1401362154071964,0.9944341372912802,0.9610027855153204,0.11022612000033405,0.09287960300207487,44,2026,,,,,,,,,,
linear_continue,57,77,0.05677163127041911,0.1390466423368534,0.9944341372912802,0.9610027855153204,0.11168919900001129,0.09405081200202403,44,2026,,,,,,,,,,
linear_continue,58,78,0.056070616225031025,0.13932271840650456,0.9953617810760668,0.9610027855153204,0.11311470999999074,0.0952388770019752,44,2026,,,,,,,,,,
linear_continue,59,79,0.055471197584155495,0.136319050717395,0.9944341372912802,0.9610027855153204,0.11467748900031438,0.09657037800161561,44,2026,,,,,,,,,,
linear_continue,60,80,0.05481275546853838,0.13961006476964546,0.9944341372912802,0.9610027855153204,0.11605234400030895,0.09771882400127652,44,2026,,,,,,,,,,
linear_continue,61,81,0.054059312500073634,0.1372410255731062,0.9944341372912802,0.9610027855153204,0.11775536300001477,0.09913859700145622,44,2026,,,,,,,,,,
linear_continue,62,82,0.05344403172225651,0.13829086902178742,0.9953617810760668,0.9610027855153204,0.1191722620001201,0.10032935600156634,44,2026,,,,,,,,,,
linear_continue,63,83,0.052789892881376206,0.13690543705256378,0.9953617810760668,0.9610027855153204,0.12102077000008649,0.10176086700130327,44,2026,,,,,,,,,,
linear_continue,64,84,0.052265021464793046,0.13694889692141035,0.9953617810760668,0.9610027855153204,0.12250741300022128,0.10301094600163196,44,2026,,,,,,,,,,
linear_continue,65,85,0.05168959683623096,0.13538228038243708,0.9953617810760668,0.9610027855153204,0.12400417200024094,0.10427272200149673,44,2026,,,,,,,,,,
linear_continue,66,86,0.05112959748436945,0.13671551547337785,0.9953617810760668,0.9610027855153204,0.125627151000117,0.10565873500172529,44,2026,,,,,,,,,,
linear_continue,67,87,0.050536566111196474,0.1350997763112538,0.9953617810760668,0.9610027855153204,0.1271610359999613,0.10696329500160573,44,2026,,,,,,,,,,
linear_continue,68,88,0.049999708314129136,0.13608548094044315,0.9953617810760668,0.9610027855153204,0.12864269200008493,0.10812384900145844,44,2026,,,,,,,,,,
linear_continue,69,89,0.04944584812654512,0.13508886897123085,0.9953617810760668,0.9610027855153204,0.1300970770003005,0.10931075300140947,44,2026,,,,,,,,,,
linear_continue,70,90,0.04888574818915707,0.1345505876397342,0.9953617810760668,0.9610027855153204,0.1316363700002512,0.11061487200140618,44,2026,,,,,,,,,,
linear_continue,71,91,0.04837974949229492,0.13575149764252617,0.9953617810760668,0.9610027855153204,0.13310966400013058,0.11185576700154343,44,2026,,,,,,,,,,
linear_continue,72,92,0.04804012026539332,0.13123718129498751,0.9962894248608535,0.9610027855153204,0.13455185100019662,0.11307090300169875,44,2026,,,,,,,,,,
linear_continue,73,93,0.04728405986128913,0.1346515145505573,0.9953617810760668,0.9610027855153204,0.1360218900003929,0.11421296900152811,44,2026,,,,,,,,,,
linear_continue,74,94,0.04695556362088937,0.1352972528223306,0.9962894248608535,0.9610027855153204,0.13788543000009668,0.1158394230014892,44,2026,,,,,,,,,,
linear_continue,75,95,0.046489604905589295,0.1351195221549741,0.9953617810760668,0.9610027855153204,0.1394678470001054,0.11718146900147985,44,2026,,,,,,,,,,
linear_continue,76,96,0.04584424262498304,0.13250156429145818,0.9962894248608535,0.9610027855153204,0.14111452099996313,0.11845103700125037,44,2026,,,,,,,,,,
linear_continue,77,97,0.04539590385219839,0.13199904689800523,0.9972170686456401,0.9610027855153204,0.14344270000037795,0.12042014500093501,44,2026,,,,,,,,,,
linear_continue,78,98,0.04494355542803851,0.13407686609309286,0.9962894248608535,0.9610027855153204,0.14525655500028734,0.12185292800086245,44,2026,,,,,,,,,,
linear_continue,79,99,0.044517615121790644,0.13162404991560658,0.9972170686456401,0.9610027855153204,0.14760374200022852,0.12391422500104454,44,2026,,,,,,,,,,
linear_continue,80,100,0.044020310025927316,0.13189079790650923,0.9972170686456401,0.9610027855153204,0.14932232399996792,0.12533602100120333,44,2026,,,,,,,,,,
moe_continue,0,20,0.17473529439026764,0.22782050302219323,0.9703153988868275,0.9526462395543176,0.0012835480001740507,0.0,44,2026,1.0639488232172205,0.18537478262243984,0.9934933377377687,0.9959616762740582,4.4751483380287905e-18,0.009643729982549124,0.011131725417439703,0.43460111317254174,0.2189239332096475,0.33534322820037105
moe_continue,1,21,0.16181783871784097,0.21797762378142593,0.974025974025974,0.9498607242339833,0.014175680000334978,0.007426269000006869,44,2026,1.0159098267044218,0.1719769369848852,0.9968787552378213,0.9981592938498448,,,0.39517625231910947,0.2982374768089054,0.16743970315398887,0.1391465677179963
moe_continue,2,22,0.14906054802658672,0.20621267023849174,0.9768089053803339,0.9526462395543176,0.02337377000003471,0.014119496000148501,44,2026,1.003468543187416,0.15909523345846088,0.9968765303763888,0.9977732826215092,,,0.16512059369202226,0.2569573283858998,0.28617810760667906,0.2917439703153989
moe_continue,3,23,0.14439912184248216,0.20315249344756633,0.9730983302411874,0.9610027855153204,0.03220024200027183,0.020708827000362362,44,2026,1.0312388655738534,0.15471151049822068,0.9947994525417101,0.9967570359556666,,,0.10343228200371057,0.3339517625231911,0.41280148423005564,0.14981447124304267
moe_continue,4,24,0.13864010062577065,0.19726302993374503,0.9786641929499073,0.9554317548746518,0.041446115000326245,0.02755951100061793,44,2026,1.0154485669646283,0.14879458629541692,0.9936781147846372,0.994271250975819,,,0.1525974025974026,0.2894248608534323,0.19990723562152132,0.3580705009276438
moe_continue,5,25,0.12800649824171517,0.1853151414482679,0.9786641929499073,0.947075208913649,0.05133318000025611,0.035213602000567334,44,2026,1.0026922741667696,0.13803342098338287,0.992697187070344,0.9943210386569239,,,0.2949907235621521,0.2694805194805195,0.22356215213358072,0.21196660482374768
moe_continue,6,26,0.11498035618456437,0.17171093997511555,0.9814471243042672,0.958217270194986,0.0630637460003527,0.04458131700039303,44,2026,1.013490506635518,0.12511526125091954,0.9904454414942198,0.9931441300368312,,,0.15955473098330242,0.22727272727272727,0.37012987012987014,0.24304267161410018
moe_continue,7,27,0.11014805207581968,0.16572067490176434,0.9805194805194806,0.9637883008356546,0.07304214400028286,0.05146605800064208,44,2026,1.0262222149731568,0.12041027422555126,0.9875674687465157,0.991549803563967,,,0.12755102040816327,0.2560296846011132,0.39517625231910947,0.2212430426716141
moe_continue,8,28,0.11161060585581284,0.17154490972565808,0.9823747680890538,0.9554317548746518,0.08634867299997495,0.06198182300067856,44,2026,1.0060058907680425,0.12167066476349327,0.9854503325043152,0.9870006256368259,,,0.2523191094619666,0.25510204081632654,0.20408163265306123,0.2884972170686456
moe_continue,9,29,0.09893736525218884,0.15666339174946087,0.9879406307977736,0.9637883008356546,0.09563512600016111,0.0689663570005905,44,2026,1.0095844519368853,0.1090332097715577,0.9824636556972969,0.9844946794561142,,,0.1614100185528757,0.2912801484230056,0.2949907235621521,0.2523191094619666
moe_continue,10,30,0.09620246970734535,0.1563744628331472,0.9842300556586271,0.9637883008356546,0.10525722400006998,0.07636534500079506,44,2026,1.0240386688338798,0.10644285639568414,0.9771217778384764,0.978467985558154,,,0.11827458256029684,0.26484230055658625,0.313543599257885,0.3033395176252319
moe_continue,11,31,0.09070386379249859,0.1527619119374375,0.9842300556586271,0.9665738161559888,0.11406187300008241,0.08303386500074339,44,2026,1.0111192367650519,0.1008150561601491,0.9758896216250106,0.9794317601898761,,,0.17346938775510204,0.24582560296846012,0.3334879406307978,0.24721706864564008
moe_continue,12,32,0.08565062138576,0.14847487198527387,0.9860853432282004,0.9610027855153204,0.121943456000281,0.08879279900111214,44,2026,1.0123756691279302,0.09577437807703931,0.971874257667237,0.975229258027623,,,0.1660482374768089,0.2560296846011132,0.32560296846011133,0.2523191094619666
moe_continue,13,33,0.08402130152135226,0.14462558175531617,0.987012987012987,0.9637883008356546,0.13010454799996296,0.09496968000121342,44,2026,1.0270037151227223,0.09429133867257948,0.9661433034303414,0.9695919584100469,,,0.12940630797773656,0.24860853432282004,0.3464749536178108,0.2755102040816326
moe_continue,14,34,0.08162797896265385,0.14472548589556597,0.987012987012987,0.958217270194986,0.13976961000025767,0.10237175200154525,44,2026,1.0144790229383096,0.09177276919203695,0.962218521708203,0.9642751540417588,,,0.1767161410018553,0.24257884972170687,0.28617810760667906,0.2945269016697588
moe_continue,15,35,0.07541446128620906,0.13997214223153281,0.987012987012987,0.9665738161559888,0.14831537100008063,0.1088908580018142,44,2026,1.0147184624693093,0.08556164591090215,0.9599861942728771,0.9654286895251103,,,0.17161410018552875,0.24768089053803338,0.3297773654916512,0.25092764378478666
moe_continue,16,36,0.07282900372342453,0.13857876750833265,0.9897959183673469,0.9665738161559888,0.1562787460002255,0.11495350700170093,44,2026,1.0341842591511927,0.08317084631493646,0.9524884807970185,0.956047509286529,,,0.11966604823747681,0.25788497217068646,0.3293135435992579,0.29313543599257885
moe_continue,17,37,0.06916037186862653,0.13571606908101946,0.9916512059369202,0.9665738161559888,0.16537715699996625,0.12196617300151047,44,2026,1.015624043348926,0.07931661230211579,0.952148077866834,0.9591332943795087,,,0.17857142857142858,0.25092764378478666,0.33070500927643787,0.23979591836734693
moe_continue,18,38,0.06654598099427658,0.13400249930505412,0.9925788497217068,0.9637883008356546,0.1726631350002208,0.12743775500121046,44,2026,1.0347437243464987,0.07689341823774157,0.9434869306573629,0.9487293560978939,,,0.13079777365491652,0.25092764378478666,0.3297773654916512,0.2884972170686456
moe_continue,19,39,0.062990073771894,0.13097522672003356,0.9916512059369202,0.9665738161559888,0.1799019009999938,0.13286406800125405,44,2026,1.0120422416627026,0.07311049618852103,0.9436799354853308,0.949732882732614,,,0.1841372912801484,0.25185528756957326,0.3051948051948052,0.2588126159554731
moe_continue,20,40,0.06125718367951009,0.12854762576913953,0.9925788497217068,0.9665738161559888,0.18812399500029642,0.13923004300158937,44,2026,1.0417722802090263,0.07167490648160035,0.9347554446168492,0.9413734353449349,0.008919198588258077,0.0044482616499696955,0.12012987012987013,0.25788497217068646,0.3390538033395176,0.2829313543599258
moe_continue,21,41,0.057439770795328506,0.12815568713039976,0.9944341372912802,0.9637883008356546,0.19968345400002363,0.14587958400170464,44,2026,1.029222826140817,0.06773199905673667,0.9323464479370709,0.9390863106119476,,,0.14332096474953618,0.2634508348794063,0.32606679035250463,0.26716141001855287
moe_continue,22,42,0.05590026161657984,0.12581473484022426,0.9925788497217068,0.9665738161559888,0.20737310799995612,0.15172092100192458,44,2026,1.0347312287354047,0.06624757390393389,0.9273519944405447,0.9348858939464026,,,0.1377551020408163,0.25510204081632654,0.32884972170686455,0.2782931354359926
moe_continue,23,43,0.05265611211853868,0.12288844433464563,0.9935064935064936,0.9693593314763231,0.21463235500004885,0.15699374300174895,44,2026,1.0290407828041888,0.06294651994658057,0.9248637786040226,0.9335214622890583,,,0.15213358070500926,0.2560296846011132,0.32884972170686455,0.262987012987013
moe_continue,24,44,0.05092761972464973,0.12068068325902324,0.9944341372912802,0.9665738161559888,0.22220937000020058,0.162731845001872,44,2026,1.0225692025875341,0.061153311750525075,0.9213092522186743,0.9294334838769077,,,0.16465677179962895,0.2532467532467532,0.3116883116883117,0.27040816326530615
moe_continue,25,45,0.0490289494542661,0.11880539579084798,0.9944341372912802,0.9721448467966574,0.23575788800008013,0.17248024300170073,44,2026,1.020241276311913,0.05923136221738523,0.9187067330315154,0.928688257340733,,,0.17625231910946196,0.2481447124304267,0.3209647495361781,0.25463821892393323
moe_continue,26,46,0.04721451720104726,0.11884343542093098,0.9953617810760668,0.9610027855153204,0.24563335600032588,0.17967010600159483,44,2026,1.0271456148540772,0.057485973349588035,0.9133437129374276,0.9236660489945862,,,0.16280148423005567,0.2504638218923933,0.3269944341372913,0.2597402597402597
moe_continue,27,47,0.04557790544395027,0.11767004444938893,0.9953617810760668,0.9693593314763231,0.2539360010000564,0.18546890900142898,44,2026,1.019318521199805,0.05577109065594832,0.9115040913977281,0.923154891932771,,,0.17764378478664192,0.2597402597402597,0.3172541743970315,0.2453617810760668
moe_continue,28,48,0.044815856245444034,0.11526808042949509,0.9944341372912802,0.9693593314763231,0.26410960700013675,0.1935793060015385,44,2026,1.0167486667642052,0.05498334291308608,0.908223937194811,0.9207616626918815,,,0.1924860853432282,0.23562152133580705,0.31493506493506496,0.2569573283858998
moe_continue,29,49,0.04261913524455803,0.1162366709318141,0.9953617810760668,0.9665738161559888,0.2755939329999819,0.2026093540016518,44,2026,1.0242540380305338,0.052861675624863366,0.9022916581584952,0.9134966930984733,,,0.16651205936920221,0.25556586270871984,0.312152133580705,0.2657699443413729
moe_continue,30,50,0.04150401408761,0.11251409904267978,0.9953617810760668,0.9693593314763231,0.2862621530002798,0.21082929500153114,44,2026,1.0163998565732217,0.05166801265334222,0.9010386680663753,0.9147299979027131,,,0.18970315398886828,0.2435064935064935,0.3098330241187384,0.2569573283858998
moe_continue,31,51,0.0396477131786535,0.1131188430530689,0.9953617810760668,0.9693593314763231,0.2961488979999558,0.21840338600122777,44,2026,1.0266547233122316,0.04991426041177582,0.8946225117029135,0.9077717531853411,,,0.16419294990723562,0.2592764378478664,0.313543599257885,0.262987012987013
moe_continue,32,52,0.038779654095372554,0.11318241626295135,0.9962894248608535,0.9637883008356546,0.3034059619999425,0.22370829700139439,44,2026,1.0194771059058525,0.04897442515443108,0.8931000362680895,0.9079636239409583,,,0.187847866419295,0.23840445269016697,0.313543599257885,0.2602040816326531
moe_continue,33,53,0.04120504986853884,0.10988694027152109,0.9944341372912802,0.9693593314763231,0.310385197999949,0.22882934100107377,44,2026,1.0399681443197397,0.051604731311736235,0.8858073623576632,0.9023937865369068,,,0.15213358070500926,0.25742115027829315,0.3385899814471243,0.25185528756957326
moe_continue,34,54,0.0363707306008473,0.11052331429219946,0.9972170686456401,0.9665738161559888,0.3175206200003231,0.2340977170010774,44,2026,1.0208122489647729,0.04657885309049503,0.8852528600101681,0.9008697979634462,,,0.18506493506493507,0.24165120593692022,0.3116883116883117,0.26159554730983303
moe_continue,35,55,0.034739623631338964,0.10911398558951947,0.9972170686456401,0.9721448467966574,0.3246110940003746,0.23942247800096084,44,2026,1.025294643573598,0.044992570067074945,0.8809243349644943,0.8963699939637828,,,0.1725417439703154,0.2532467532467532,0.3116883116883117,0.2625231910946197
moe_continue,36,56,0.03424757732795364,0.10843915921446128,0.9981447124304267,0.9665738161559888,0.33168362000014895,0.2446127370008071,44,2026,1.0243311791516359,0.044490889119469995,0.8782609618015639,0.8953404841027996,,,0.1794990723562152,0.24860853432282004,0.3186456400742115,0.2532467532467532
moe_continue,37,57,0.03340687745626808,0.10672712831930281,0.9981447124304267,0.9749303621169917,0.33893441500003973,0.25001110800076276,44,2026,1.0202838293849714,0.043609715750117795,0.876326370897701,0.8942733212987668,,,0.18738404452690166,0.2481447124304267,0.3140074211502783,0.2504638218923933
moe_continue,38,58,0.0320402238084895,0.10687134956750997,0.9981447124304267,0.9693593314763231,0.34599521400014055,0.25523571800067657,44,2026,1.016347642310503,0.042203700231594525,0.8731076558408996,0.8903486103520347,,,0.19480519480519481,0.24489795918367346,0.30009276437847865,0.2602040816326531
moe_continue,39,59,0.031842558396824074,0.10661531577220416,0.9981447124304267,0.9721448467966574,0.3533406310002647,0.2605833230004464,44,2026,1.0253054287215666,0.04209561268403974,0.8689321973792768,0.8879628077666933,,,0.18089053803339517,0.25,0.3181818181818182,0.25092764378478666
moe_continue,40,60,0.030135560860105524,0.1063121414414336,0.9990723562152134,0.9721448467966574,0.36075472100037587,0.26611505400023816,44,2026,1.0221097030660318,0.04035665789076584,0.865991887492753,0.8848970702831453,0.004801816671649395,0.0024003263913395904,0.18738404452690166,0.2435064935064935,0.310760667903525,0.25834879406307976
moe_continue,41,61,0.03009674664819839,0.10360800135539733,0.9990723562152134,0.9749303621169917,0.3708252020001055,0.2713006260005386,44,2026,1.0190641206554978,0.04028738785475337,0.8643549088925397,0.88439104234548,,,0.19294990723562153,0.24860853432282004,0.30936920222634506,0.24907235621521337
moe_continue,42,62,0.029198461329723178,0.1052919546820035,0.9990723562152134,0.9749303621169917,0.37786771400033103,0.27651264700034517,44,2026,1.0227759784727022,0.0394262211144502,0.8602933301729071,0.8804729530127257,,,0.18831168831168832,0.24397031539888683,0.312152133580705,0.25556586270871984
moe_continue,43,63,0.02873223653661027,0.10550801097013202,0.9990723562152134,0.9749303621169917,0.38494909400014876,0.2817613530005474,44,2026,1.0253775805128007,0.03898601234173828,0.8568044073202732,0.877257818253965,,,0.18274582560296845,0.24582560296846012,0.31307977736549164,0.25834879406307976
moe_continue,44,64,0.02765028127496006,0.10274899836188858,0.9990723562152134,0.9777158774373259,0.39205084500008525,0.2870105410006545,44,2026,1.0211686314260573,0.037861967589220634,0.8546199472550347,0.8745281430854958,,,0.1859925788497217,0.25510204081632654,0.29730983302411873,0.26159554730983303
moe_continue,45,65,0.02696555410093764,0.10510504659612972,0.9990723562152134,0.9749303621169917,0.39966876100015725,0.29273489200022595,44,2026,1.0269714079783516,0.037235268180721155,0.8513914389734222,0.873542262210325,,,0.1794990723562152,0.2606679035250464,0.3140074211502783,0.24582560296846012
moe_continue,46,66,0.02662756716915376,0.10426176543923643,0.9990723562152134,0.9805013927576601,0.4067133560001821,0.29798898600029133,44,2026,1.0171544472316196,0.036799111641469956,0.8500829267783568,0.8714466545531796,,,0.19851576994434136,0.24489795918367346,0.2949907235621521,0.26159554730983303
moe_continue,47,67,0.02546520725875434,0.10256061808727297,0.9990723562152134,0.9805013927576601,0.4137919419999889,0.3032651540002007,44,2026,1.0168744446828468,0.03563395170558281,0.8478389569735632,0.870382283304651,,,0.1989795918367347,0.25,0.29591836734693877,0.25510204081632654
moe_continue,48,68,0.024834042821495005,0.10280385415271209,0.9990723562152134,0.9777158774373259,0.42144469999993817,0.3090635360003944,44,2026,1.0268504241573422,0.03510254706306842,0.8424752454425527,0.864563655766412,,,0.17857142857142858,0.25788497217068646,0.3038033395176252,0.2597402597402597
moe_continue,49,69,0.024167006774601728,0.10267037817421713,0.9990723562152134,0.9777158774373259,0.4289039780001076,0.31469207300051494,44,2026,1.0167616247077838,0.03433462302167957,0.8428797159512124,0.8669689302848912,,,0.2036178107606679,0.2453617810760668,0.30009276437847865,0.25092764378478666
moe_continue,50,70,0.023636069222345124,0.10357203903030744,0.9990723562152134,0.9805013927576601,0.4365437080000447,0.3204783470005168,44,2026,1.0234936471186074,0.0338710056935312,0.8383157862905125,0.8613307465070646,,,0.1859925788497217,0.2532467532467532,0.29684601113172543,0.26391465677179965
moe_continue,51,71,0.022912258241946835,0.10167875913398085,0.9990723562152134,0.9805013927576601,0.4443356050001057,0.326201406000564,44,2026,1.0162808349017871,0.03307506659096471,0.8384021277441289,0.8634010425295242,,,0.2054730983302412,0.24304267161410018,0.2949907235621521,0.2564935064935065
moe_continue,52,72,0.022398970810215774,0.10158825869885847,0.9990723562152134,0.9805013927576601,0.4518083130001287,0.3318723470006262,44,2026,1.0170938009159154,0.032569908819374924,0.8359774576585226,0.8611516144993354,,,0.20222634508348794,0.24675324675324675,0.2922077922077922,0.2588126159554731
moe_continue,53,73,0.02177095523970961,0.10157476200778064,0.9990723562152134,0.9777158774373259,0.4596604620001017,0.33789681900043433,44,2026,1.0185255118920014,0.031956210358629625,0.8328288031397514,0.8578638789070057,,,0.19851576994434136,0.25185528756957326,0.288961038961039,0.2606679035250464
moe_continue,54,74,0.021176109725515493,0.10227857354860707,0.9990723562152134,0.9832869080779945,0.4700286300003427,0.3464312630007953,44,2026,1.016426641725408,0.03134037614276958,0.831150064449737,0.8567404545834634,,,0.2017625231910946,0.25556586270871984,0.2852504638218924,0.25742115027829315
moe_continue,55,75,0.020892361458573518,0.10142433086035206,0.9990723562152134,0.9832869080779945,0.47791495000001305,0.35223919000054593,44,2026,1.0297512129079827,0.031189873587653343,0.8255562265441604,0.851155497219155,,,0.17578849721706866,0.2625231910946197,0.3010204081632653,0.2606679035250464
moe_continue,56,76,0.02043676190430877,0.10115584330968842,0.9990723562152134,0.9832869080779945,0.48537497899997106,0.35781261500051187,44,2026,1.0163690426201486,0.030600452330510258,0.826666918145209,0.8533184362997763,,,0.20315398886827457,0.2560296846011132,0.2847866419294991,0.2560296846011132
moe_continue,57,77,0.01997324585862989,0.10106721786258285,0.9990723562152134,0.9832869080779945,0.49300869900025646,0.36354826300066634,44,2026,1.0082766766941156,0.030056012625571046,0.8267877370913455,0.8549359531380958,,,0.2230983302411874,0.24768089053803338,0.2750463821892393,0.2541743970315399
moe_continue,58,78,0.01938240778836303,0.10262278176565579,0.9990723562152134,0.9805013927576601,0.5006010070001139,0.3692195640010141,44,2026,1.0220165932669396,0.029602573721032425,0.8203725319702486,0.8477368713295168,,,0.19341372912801486,0.2532467532467532,0.287569573283859,0.2657699443413729
moe_continue,59,79,0.018830154162047703,0.10133162773993194,1.0,0.9832869080779945,0.5081041200000982,0.3748138490009296,44,2026,1.012286899168263,0.028953023153730335,0.8217030645013406,0.8507925239292572,,,0.21335807050092764,0.2532467532467532,0.2815398886827458,0.25185528756957326
moe_continue,60,80,0.018326342258996247,0.10050020908290974,0.9990723562152134,0.9832869080779945,0.5153827369999817,0.38026974700096616,44,2026,1.0136849342298,0.02846319160129425,0.8192959260015946,0.8486288718388034,0.0033814918938636592,0.0012855047255784513,0.21150278293135436,0.24675324675324675,0.2810760667903525,0.2606679035250464
moe_continue,61,81,0.017795496882704,0.10086489558101558,1.0,0.9832869080779945,0.5258845460002703,0.3857485290013756,44,2026,1.0199740163702216,0.02799523704640622,0.8148181587455833,0.8439153324689264,,,0.1971243042671614,0.25556586270871984,0.2852504638218924,0.26205936920222633
moe_continue,62,82,0.017333705765635737,0.10182846346913448,1.0,0.9832869080779945,0.5334227530001954,0.3912346820015955,44,2026,1.014976842344921,0.027483474189084946,0.8141792374163085,0.8447087835259058,,,0.21103896103896103,0.24489795918367346,0.28432282003710574,0.2597402597402597
moe_continue,63,83,0.017461439138842134,0.1002251941146416,1.0,0.9832869080779945,0.5409430230001817,0.3969062150017635,44,2026,1.0154034238165415,0.02761547337700755,0.8119073496908746,0.84204824104682,,,0.20686456400742115,0.25556586270871984,0.2727272727272727,0.26484230055658625
moe_continue,64,84,0.017070849026642684,0.10054706425407642,1.0,0.9832869080779945,0.5487777450002795,0.4026988280020305,44,2026,1.0192847608696016,0.027263696635338702,0.8083785157702649,0.8387068084560672,,,0.19805194805194806,0.26437847866419295,0.27782931354359924,0.2597402597402597
moe_continue,65,85,0.01631043298396956,0.09913374157182454,1.0,0.9832869080779945,0.5565217500002291,0.4083709610022197,44,2026,1.0076238820049566,0.026386671804019123,0.8102082709482332,0.8423618218507718,,,0.22634508348794063,0.2481447124304267,0.2690166975881262,0.2564935064935065
moe_continue,66,86,0.016010100682283368,0.10079039533432134,1.0,0.9832869080779945,0.5639238620001379,0.4139362330020049,44,2026,1.0155829793436248,0.026165930475719617,0.8059018342496327,0.837748884183196,,,0.20871985157699444,0.24860853432282004,0.27736549165120594,0.2653061224489796
moe_continue,67,87,0.015562622118711091,0.10069260689532915,1.0,0.9832869080779945,0.5713681980000729,0.4194654820021242,44,2026,1.0135139765810168,0.02569776188452126,0.8041892088031037,0.8370374850585194,,,0.21196660482374768,0.25742115027829315,0.275974025974026,0.25463821892393323
moe_continue,68,88,0.015205705843368762,0.09973863000045152,1.0,0.9832869080779945,0.5787831090001418,0.4249962620019687,44,2026,1.0096397737461813,0.025302103580830577,0.8037644524747195,0.8373017270367283,,,0.22170686456400743,0.25,0.26669758812615957,0.26159554730983303
moe_continue,69,89,0.01478853569396708,0.09894970680671997,1.0,0.9832869080779945,0.5878967930002545,0.43183777100193765,44,2026,1.0114459635606263,0.024902995329573345,0.8014844580700294,0.8356564934110585,,,0.2166048237476809,0.2541743970315399,0.27087198515769945,0.25834879406307976
moe_continue,70,90,0.014525669506313874,0.09919165637007529,1.0,0.9832869080779945,0.5967745920002017,0.43851337100204546,44,2026,1.0128839719947753,0.024654509226261626,0.7990588856001724,0.8333351083561362,,,0.2147495361781076,0.25092764378478666,0.2694805194805195,0.26484230055658625
moe_continue,71,91,0.014086803344810925,0.10022013538161667,1.0,0.9805013927576601,0.6051748039999438,0.4446231210017686,44,2026,1.009473634978152,0.024181539694592444,0.7981863856830008,0.8336743082980814,,,0.22448979591836735,0.2435064935064935,0.2717996289424861,0.2602040816326531
moe_continue,72,92,0.013785698772957797,0.09898009738782182,1.0,0.9805013927576601,0.613805511999999,0.4513539640020099,44,2026,1.0151986392478494,0.02393768516543629,0.794241925731758,0.8296253798045071,,,0.2082560296846011,0.2597402597402597,0.27319109461966606,0.2588126159554731
moe_continue,73,93,0.013759396763291012,0.09997301805081237,1.0,0.9832869080779945,0.6220502700002726,0.45748204200162945,44,2026,1.02371112020933,0.023996507965384314,0.7895340474149675,0.8245662271615285,,,0.19155844155844157,0.26205936920222633,0.2792207792207792,0.26716141001855287
moe_continue,74,94,0.013655907618263647,0.09946234116221077,1.0,0.9805013927576601,0.6309791660000883,0.46407984500183375,44,2026,1.0137634430120375,0.02379354204838402,0.7912534062308549,0.8272196555083857,,,0.212430426716141,0.25463821892393323,0.26762523191094617,0.2653061224489796
moe_continue,75,95,0.013017579299392809,0.10011174821111658,1.0,0.9832869080779945,0.6397409410001273,0.4708406530016873,44,2026,1.0103495388645838,0.023121074688038645,0.790310118721652,0.8271844563465036,,,0.22077922077922077,0.25185528756957326,0.2653061224489796,0.26205936920222633
moe_continue,76,96,0.012705534336952798,0.09874550549161773,1.0,0.9832869080779945,0.6478010320001886,0.4768149700016693,44,2026,1.0111751717697974,0.022817286054650773,0.7889154287062055,0.8264151862206472,,,0.2189239332096475,0.25,0.2699443413729128,0.26113172541743973
moe_continue,77,97,0.012604415937746073,0.09797027986837419,1.0,0.9805013927576601,0.6566285550002249,0.4830615760015462,44,2026,1.0098854363533616,0.022703270301279686,0.787584229523447,0.8258811916615062,,,0.2212430426716141,0.25510204081632654,0.26716141001855287,0.2564935064935065
moe_continue,78,98,0.012343135094652525,0.10008853113533595,1.0,0.9805013927576601,0.6654397639999843,0.4898243670013471,44,2026,1.0138758183502243,0.02248189327815477,0.7850625285418111,0.8233064045662064,,,0.2147495361781076,0.24675324675324675,0.2680890538033395,0.27040816326530615
moe_continue,79,99,0.012190974908837268,0.09775302016977748,1.0,0.9805013927576601,0.6743419210001775,0.4966340790015238,44,2026,1.0100316645365104,0.022291291554202373,0.7836868438878497,0.8227439688585073,,,0.22170686456400743,0.2537105751391466,0.2625231910946197,0.26205936920222633
moe_continue,80,100,0.011623891832653662,0.09739500111093258,1.0,0.9805013927576601,0.6833663699999306,0.5032636210012242,44,2026,1.0092686379403852,0.021716578212057514,0.782278750989135,0.8222165669844052,0.0021139321519822426,0.000773038993605515,0.22356215213358072,0.25139146567717996,0.2662337662337662,0.2588126159554731
linear_mac_matched,0,20,0.17473529439026766,0.22782050302219323,0.9703153988868275,0.9526462395543176,0.0002688640001906606,0.0,44,2026,,,,,,,,,,
linear_mac_matched,1,21,0.16709641715852017,0.22469957895883771,0.9712430426716141,0.9442896935933147,0.002134748000116815,0.0015451009999196685,44,2026,,,,,,,,,,
linear_mac_matched,2,22,0.15949971953367184,0.21436516959850968,0.9721706864564007,0.9498607242339833,0.00406239399990227,0.0029865569999856234,44,2026,,,,,,,,,,
linear_mac_matched,3,23,0.15322911872270104,0.21100086985686062,0.9758812615955473,0.947075208913649,0.005811983000057808,0.004428914000072837,44,2026,,,,,,,,,,
linear_mac_matched,4,24,0.1480413606180862,0.2056558798680471,0.9768089053803339,0.947075208913649,0.007528432000071916,0.005839874999765016,44,2026,,,,,,,,,,
linear_mac_matched,5,25,0.14319345138132883,0.2043556883473357,0.9749536178107606,0.947075208913649,0.009571912999945198,0.007636674999957904,44,2026,,,,,,,,,,
linear_mac_matched,6,26,0.13851420503153336,0.19763631368020437,0.9768089053803339,0.9498607242339833,0.011492979000195191,0.00915653799984284,44,2026,,,,,,,,,,
linear_mac_matched,7,27,0.1344785035706757,0.19374111344677183,0.9749536178107606,0.9498607242339833,0.013053824000053282,0.010455058999923494,44,2026,,,,,,,,,,
linear_mac_matched,8,28,0.13046889959812197,0.1924464182910855,0.9777365491651205,0.9498607242339833,0.015014811000128248,0.012050196000018332,44,2026,,,,,,,,,,
linear_mac_matched,9,29,0.1268921710549331,0.18974779196345762,0.9795918367346939,0.9498607242339833,0.01664412900026946,0.013427634999970905,44,2026,,,,,,,,,,
linear_mac_matched,10,30,0.12348744034912967,0.1856905290095993,0.9786641929499073,0.9526462395543176,0.018268198999976448,0.014800988999922993,44,2026,,,,,,,,,,
linear_mac_matched,11,31,0.1210775904408753,0.18443401391401532,0.9786641929499073,0.9498607242339833,0.020102015000247775,0.01625981999995929,44,2026,,,,,,,,,,
linear_mac_matched,12,32,0.11743119204625643,0.18228489240796422,0.9814471243042672,0.9498607242339833,0.021740526000030513,0.017444950000026438,44,2026,,,,,,,,,,
linear_mac_matched,13,33,0.11476799492276779,0.17805126429984813,0.9823747680890538,0.9526462395543176,0.023215553000227374,0.01867900399975042,44,2026,,,,,,,,,,
linear_mac_matched,14,34,0.11213147393395376,0.1782933498275763,0.9814471243042672,0.9526462395543176,0.02484866700024213,0.02007387999947241,44,2026,,,,,,,,,,
linear_mac_matched,15,35,0.10964573764219451,0.17547191764095857,0.9823747680890538,0.9526462395543176,0.026778476999879786,0.021594604999336298,44,2026,,,,,,,,,,
linear_mac_matched,16,36,0.10726815225408144,0.17484735907394383,0.9833024118738405,0.9554317548746518,0.02847239199991236,0.023018413999579934,44,2026,,,,,,,,,,
linear_mac_matched,17,37,0.10501453905639628,0.17203774567004912,0.9851576994434137,0.9554317548746518,0.0303191070001958,0.02452591899964318,44,2026,,,,,,,,,,
linear_mac_matched,18,38,0.10269100000895476,0.16930309066987986,0.9842300556586271,0.9554317548746518,0.0320321200001672,0.025729967999723158,44,2026,,,,,,,,,,
linear_mac_matched,19,39,0.10061769551162407,0.1685351964176412,0.9842300556586271,0.9554317548746518,0.03360508400010076,0.026972083999680763,44,2026,,,,,,,,,,
linear_mac_matched,20,40,0.09870197184840199,0.16704181216167904,0.9833024118738405,0.9554317548746518,0.035108261999994284,0.02824120099967331,44,2026,,,,,,,,,,
linear_mac_matched,21,41,0.09688884067157791,0.16780718766014416,0.9842300556586271,0.9526462395543176,0.03683001900026284,0.029463436999776604,44,2026,,,,,,,,,,
linear_mac_matched,22,42,0.09503792585863652,0.16422634097757088,0.9851576994434137,0.9554317548746518,0.038552808000076766,0.03092094699968584,44,2026,,,,,,,,,,
linear_mac_matched,23,43,0.0932451113912243,0.1620343019415139,0.9860853432282004,0.9554317548746518,0.04030596200027503,0.03233376899970608,44,2026,,,,,,,,,,
linear_mac_matched,24,44,0.09163597441060899,0.1629863709887178,0.9860853432282004,0.9554317548746518,0.042016993000288494,0.03360741300002701,44,2026,,,,,,,,,,
linear_mac_matched,25,45,0.08994764250272395,0.15978399162855328,0.987012987012987,0.9554317548746518,0.043477217000145174,0.034826664999854984,44,2026,,,,,,,,,,
linear_mac_matched,26,46,0.08832554155989178,0.15965487517846655,0.9879406307977736,0.9554317548746518,0.04522345099985614,0.03633123500003421,44,2026,,,,,,,,,,
linear_mac_matched,27,47,0.08682280528728561,0.15945494700052945,0.9879406307977736,0.9554317548746518,0.04712766200009355,0.03773645600040254,44,2026,,,,,,,,,,
linear_mac_matched,28,48,0.08535190497728853,0.15601809255696975,0.9879406307977736,0.958217270194986,0.048899845000050846,0.03921592800043072,44,2026,,,,,,,,,,
linear_mac_matched,29,49,0.08432059066598942,0.1599784058553097,0.9897959183673469,0.9554317548746518,0.05063499200014121,0.04060745900051188,44,2026,,,,,,,,,,
linear_mac_matched,30,50,0.08275738523834576,0.1547212053291648,0.987012987012987,0.9526462395543176,0.05276747600009912,0.042489047000344726,44,2026,,,,,,,,,,
linear_mac_matched,31,51,0.0814157145832659,0.15594730449173463,0.9888682745825603,0.9554317548746518,0.05440831199985041,0.04389114400055405,44,2026,,,,,,,,,,
linear_mac_matched,32,52,0.0799890518527477,0.15523747001671184,0.9888682745825603,0.9554317548746518,0.05633345400019607,0.045576907000395295,44,2026,,,,,,,,,,
linear_mac_matched,33,53,0.07895876896269104,0.1511183408579316,0.9879406307977736,0.9610027855153204,0.058175792999918485,0.047177071000078286,44,2026,,,,,,,,,,
linear_mac_matched,34,54,0.07752571453017315,0.15345620560368717,0.9888682745825603,0.9554317548746518,0.060091781000210176,0.048733209000147326,44,2026,,,,,,,,,,
linear_mac_matched,35,55,0.07645893805467925,0.1524024835528373,0.9897959183673469,0.9610027855153204,0.06175696299987976,0.050108635000015056,44,2026,,,,,,,,,,
linear_mac_matched,36,56,0.07538378645805591,0.15110482344909448,0.9888682745825603,0.9610027855153204,0.06367162000015014,0.0516112229997816,44,2026,,,,,,,,,,
linear_mac_matched,37,57,0.07419228562764774,0.14776680027262298,0.9907235621521335,0.9610027855153204,0.06539095400012229,0.05308807199980947,44,2026,,,,,,,,,,
linear_mac_matched,38,58,0.07309208146713667,0.15167944905863212,0.9897959183673469,0.958217270194986,0.06698045200027991,0.05441577599958691,44,2026,,,,,,,,,,
linear_mac_matched,39,59,0.07224072140329814,0.14770903348772513,0.9916512059369202,0.9610027855153204,0.06883320599990839,0.05602937099956762,44,2026,,,,,,,,,,
linear_mac_matched,40,60,0.07095364386407615,0.14785616901469534,0.9888682745825603,0.9610027855153204,0.07056678000026295,0.05752516799975638,44,2026,,,,,,,,,,
linear_mac_matched,41,61,0.0700185487204059,0.14832806717572322,0.9907235621521335,0.958217270194986,0.07227618900014932,0.05894692499987286,44,2026,,,,,,,,,,
linear_mac_matched,42,62,0.06897452043608858,0.14650006730192539,0.9916512059369202,0.9610027855153204,0.07402521699987119,0.06041940800014345,44,2026,,,,,,,,,,
linear_mac_matched,43,63,0.06800727921777797,0.14722251540513426,0.9916512059369202,0.9610027855153204,0.07604459100002714,0.06193462400005956,44,2026,,,,,,,,,,
linear_mac_matched,44,64,0.06732875063356063,0.14649990427380616,0.9888682745825603,0.958217270194986,0.07805373000019245,0.06355169300013586,44,2026,,,,,,,,,,
linear_mac_matched,45,65,0.06612778171158062,0.14406827229845404,0.9916512059369202,0.9610027855153204,0.07968492100008007,0.06493619299999409,44,2026,,,,,,,,,,
linear_mac_matched,46,66,0.06530884841948029,0.1467267863926208,0.9925788497217068,0.9610027855153204,0.08156833100019867,0.06644775400036451,44,2026,,,,,,,,,,
linear_mac_matched,47,67,0.06440170454569885,0.14220132729951493,0.9925788497217068,0.9610027855153204,0.08350294799993208,0.0680694910006423,44,2026,,,,,,,,,,
linear_mac_matched,48,68,0.06360998574146444,0.143829068556193,0.9935064935064936,0.9610027855153204,0.08527898600004846,0.06947715700061963,44,2026,,,,,,,,,,
linear_mac_matched,49,69,0.06282050414900353,0.14214934546938862,0.9907235621521335,0.9610027855153204,0.08745827100028691,0.07131392700057404,44,2026,,,,,,,,,,
linear_mac_matched,50,70,0.06217034185971272,0.14626543715117504,0.9916512059369202,0.9610027855153204,0.08899158500025806,0.07258445600064078,44,2026,,,,,,,,,,
linear_mac_matched,51,71,0.061276330333023245,0.13883718455017446,0.9935064935064936,0.9610027855153204,0.09101323200002298,0.07423263200053043,44,2026,,,,,,,,,,
linear_mac_matched,52,72,0.06048736860441883,0.1421471031807329,0.9935064935064936,0.9610027855153204,0.09277214500025366,0.07573542000045563,44,2026,,,,,,,,,,
linear_mac_matched,53,73,0.05961487558809259,0.14115407126094706,0.9944341372912802,0.9610027855153204,0.09438823300024524,0.07711337100045057,44,2026,,,,,,,,,,
linear_mac_matched,54,74,0.05890017509350716,0.14072098090672222,0.9944341372912802,0.9610027855153204,0.09608680500014088,0.07843419600021662,44,2026,,,,,,,,,,
linear_mac_matched,55,75,0.05821693701461161,0.13946675874234693,0.9944341372912802,0.9610027855153204,0.09789025500003845,0.07992912200006685,44,2026,,,,,,,,,,
linear_mac_matched,56,76,0.057388074874978615,0.1401362154071964,0.9944341372912802,0.9610027855153204,0.09943893199988452,0.08116889400025684,44,2026,,,,,,,,,,
linear_mac_matched,57,77,0.05677163127041911,0.1390466423368534,0.9944341372912802,0.9610027855153204,0.1008887110001524,0.08236779600019872,44,2026,,,,,,,,,,
linear_mac_matched,58,78,0.056070616225031025,0.13932271840650456,0.9953617810760668,0.9610027855153204,0.10310690300002534,0.08418293400018229,44,2026,,,,,,,,,,
linear_mac_matched,59,79,0.055471197584155495,0.136319050717395,0.9944341372912802,0.9610027855153204,0.1046265370000583,0.08546882600012395,44,2026,,,,,,,,,,
linear_mac_matched,60,80,0.05481275546853838,0.13961006476964546,0.9944341372912802,0.9610027855153204,0.10604525799999465,0.08664179800007332,44,2026,,,,,,,,,,
linear_mac_matched,61,81,0.054059312500073634,0.1372410255731062,0.9944341372912802,0.9610027855153204,0.10797407700010808,0.08813540300025124,44,2026,,,,,,,,,,
linear_mac_matched,62,82,0.05344403172225651,0.13829086902178742,0.9953617810760668,0.9610027855153204,0.10950540800013187,0.08930074399995647,44,2026,,,,,,,,,,
linear_mac_matched,63,83,0.052789892881376206,0.13690543705256378,0.9953617810760668,0.9610027855153204,0.11108646299999236,0.0905392849999771,44,2026,,,,,,,,,,
linear_mac_matched,64,84,0.052265021464793046,0.13694889692141035,0.9953617810760668,0.9610027855153204,0.11287852600025872,0.09196953400032726,44,2026,,,,,,,,,,
linear_mac_matched,65,85,0.05168959683623096,0.13538228038243708,0.9953617810760668,0.9610027855153204,0.11479192100023283,0.09331833100031872,44,2026,,,,,,,,,,
linear_mac_matched,66,86,0.05112959748436945,0.13671551547337785,0.9953617810760668,0.9610027855153204,0.11676002800004426,0.0950228420001622,44,2026,,,,,,,,,,
linear_mac_matched,67,87,0.050536566111196474,0.1350997763112538,0.9953617810760668,0.9610027855153204,0.11870229600026505,0.09672066299981452,44,2026,,,,,,,,,,
linear_mac_matched,68,88,0.049999708314129136,0.13608548094044315,0.9953617810760668,0.9610027855153204,0.12049164500012921,0.09827196400010507,44,2026,,,,,,,,,,
linear_mac_matched,69,89,0.04944584812654512,0.13508886897123085,0.9953617810760668,0.9610027855153204,0.12234201499995834,0.09987422100039112,44,2026,,,,,,,,,,
linear_mac_matched,70,90,0.04888574818915707,0.1345505876397342,0.9953617810760668,0.9610027855153204,0.1243136080001932,0.10160440000026938,44,2026,,,,,,,,,,
linear_mac_matched,71,91,0.04837974949229492,0.13575149764252617,0.9953617810760668,0.9610027855153204,0.12600021200023548,0.10288436400014689,44,2026,,,,,,,,,,
linear_mac_matched,72,92,0.04804012026539332,0.13123718129498751,0.9962894248608535,0.9610027855153204,0.12751405600010912,0.10416612000017267,44,2026,,,,,,,,,,
linear_mac_matched,73,93,0.04728405986128913,0.1346515145505573,0.9953617810760668,0.9610027855153204,0.12927479200016023,0.10569563799981552,44,2026,,,,,,,,,,
linear_mac_matched,74,94,0.04695556362088937,0.1352972528223306,0.9962894248608535,0.9610027855153204,0.13103011900011552,0.10706575699941823,44,2026,,,,,,,,,,
linear_mac_matched,75,95,0.046489604905589295,0.1351195221549741,0.9953617810760668,0.9610027855153204,0.1327977250002732,0.10859430299933592,44,2026,,,,,,,,,,
linear_mac_matched,76,96,0.04584424262498304,0.13250156429145818,0.9962894248608535,0.9610027855153204,0.1345160770001712,0.1100756189994172,44,2026,,,,,,,,,,
linear_mac_matched,77,97,0.04539590385219839,0.13199904689800523,0.9972170686456401,0.9610027855153204,0.1361879390001377,0.11131096499957494,44,2026,,,,,,,,,,
linear_mac_matched,78,98,0.04494355542803851,0.13407686609309286,0.9962894248608535,0.9610027855153204,0.13801989200010212,0.11283669799968266,44,2026,,,,,,,,,,
linear_mac_matched,79,99,0.044517615121790644,0.13162404991560658,0.9972170686456401,0.9610027855153204,0.1399327560002348,0.11435025199943993,44,2026,,,,,,,,,,
linear_mac_matched,80,100,0.044020310025927316,0.13189079790650923,0.9972170686456401,0.9610027855153204,0.14153433299998142,0.11571474199945442,44,2026,,,,,,,,,,
linear_mac_matched,81,101,0.04355593973827566,0.13285787570376828,0.9972170686456401,0.9610027855153204,0.1430472560000453,0.11693140999932439,44,2026,,,,,,,,,,
linear_mac_matched,82,102,0.0431654376964423,0.13057281502208454,0.9972170686456401,0.9610027855153204,0.14489529200000106,0.11851527899943903,44,2026,,,,,,,,,,
linear_mac_matched,83,103,0.04275367341097012,0.13243383716411386,0.9962894248608535,0.9610027855153204,0.14642913700026838,0.11971176699944408,44,2026,,,,,,,,,,
linear_mac_matched,84,104,0.042348220353040214,0.1293093190733397,0.9981447124304267,0.9610027855153204,0.14807735400017918,0.12105970199945659,44,2026,,,,,,,,,,
linear_mac_matched,85,105,0.041830293687755156,0.13188654738039915,0.9981447124304267,0.9610027855153204,0.1500799730001745,0.12279099299939844,44,2026,,,,,,,,,,
linear_mac_matched,86,106,0.04147159380074868,0.13239129504276473,0.9972170686456401,0.9610027855153204,0.1519520760002706,0.12425509299964688,44,2026,,,,,,,,,,
linear_mac_matched,87,107,0.041175370619108004,0.12876383666454227,0.9972170686456401,0.9610027855153204,0.1535304270000779,0.12549863199956235,44,2026,,,,,,,,,,
linear_mac_matched,88,108,0.040711527492468834,0.13190418730084164,0.9981447124304267,0.9610027855153204,0.15509641000016927,0.12681075399950714,44,2026,,,,,,,,,,
linear_mac_matched,89,109,0.04030428081027267,0.1298903480802655,0.9981447124304267,0.9610027855153204,0.1569577569998728,0.1283117689995379,44,2026,,,,,,,,,,
linear_mac_matched,90,110,0.03991704754999849,0.1304908603225495,0.9981447124304267,0.9610027855153204,0.15858659400009856,0.12961961399969368,44,2026,,,,,,,,,,
linear_mac_matched,91,111,0.039589705726370134,0.1298372295581924,0.9981447124304267,0.9610027855153204,0.16042904300002192,0.13122397399956753,44,2026,,,,,,,,,,
linear_mac_matched,92,112,0.03910728672421399,0.12884190586750777,0.9981447124304267,0.9610027855153204,0.16215404500007935,0.13270659199952206,44,2026,,,,,,,,,,
linear_mac_matched,93,113,0.0387836712157053,0.12883789768761167,0.9981447124304267,0.9637883008356546,0.16367780400014453,0.1338714119992801,44,2026,,,,,,,,,,
linear_mac_matched,94,114,0.03841645955658921,0.12984776436805387,0.9981447124304267,0.9637883008356546,0.16540865500019208,0.1352985159992386,44,2026,,,,,,,,,,
linear_mac_matched,95,115,0.03806036010315784,0.12995183784651604,0.9981447124304267,0.9637883008356546,0.1671266859998468,0.13667165999959252,44,2026,,,,,,,,,,
linear_mac_matched,96,116,0.037733129688482074,0.13097714958938123,0.9981447124304267,0.9637883008356546,0.16899085700015348,0.1380665459996635,44,2026,,,,,,,,,,
linear_mac_matched,97,117,0.037370185559263504,0.1297916997692526,0.9981447124304267,0.9637883008356546,0.17054889800010642,0.13939250899966282,44,2026,,,,,,,,,,
linear_mac_matched,98,118,0.03714336341588757,0.12674124405389403,0.9981447124304267,0.9637883008356546,0.17238773100007165,0.1409913009997581,44,2026,,,,,,,,,,
linear_mac_matched,99,119,0.036724385671961166,0.1290023581659888,0.9981447124304267,0.9637883008356546,0.17394138600002407,0.1421846129996993,44,2026,,,,,,,,,,
linear_mac_matched,100,120,0.036346393018331084,0.12784025731141496,0.9981447124304267,0.9637883008356546,0.17566983300002903,0.14358893299959163,44,2026,,,,,,,,,,
linear_mac_matched,101,121,0.036017411440575346,0.12866178446321125,0.9981447124304267,0.9637883008356546,0.17741849999993065,0.1450488159998713,44,2026,,,,,,,,,,
linear_mac_matched,102,122,0.035740668470184596,0.12844570061087027,0.9981447124304267,0.9637883008356546,0.17908698700011882,0.14624241999990772,44,2026,,,,,,,,,,
linear_mac_matched,103,123,0.03536808170671833,0.12780388632275497,0.9981447124304267,0.9637883008356546,0.18068596000011894,0.14760372599994298,44,2026,,,,,,,,,,
linear_mac_matched,104,124,0.03506463411943235,0.1272957780981876,0.9981447124304267,0.9637883008356546,0.18226299900015874,0.1489464839996799,44,2026,,,,,,,,,,
linear_mac_matched,105,125,0.03480548702384874,0.12651997669830778,0.9981447124304267,0.9637883008356546,0.18384794100029467,0.15023207599961097,44,2026,,,,,,,,,,
linear_mac_matched,106,126,0.03459453796557465,0.1280875363346686,0.9981447124304267,0.9637883008356546,0.18543440400026157,0.15158657099937045,44,2026,,,,,,,,,,
linear_mac_matched,107,127,0.03421057940746763,0.12657126296879945,0.9981447124304267,0.9637883008356546,0.18706800900008602,0.15276914799915176,44,2026,,,,,,,,,,
linear_mac_matched,108,128,0.0338706088728769,0.12792951939094863,0.9981447124304267,0.9637883008356546,0.18880211500027144,0.1542699529991296,44,2026,,,,,,,,,,
linear_mac_matched,109,129,0.03359848492366978,0.12688036119383345,0.9981447124304267,0.9637883008356546,0.1909089400000994,0.1561018049987979,44,2026,,,,,,,,,,
linear_mac_matched,110,130,0.03331493581617785,0.12840938184529066,0.9981447124304267,0.9637883008356546,0.19262044200013406,0.15757392699879347,44,2026,,,,,,,,,,
linear_mac_matched,111,131,0.03298265009259823,0.12665192598629002,0.9981447124304267,0.9637883008356546,0.19444141800022408,0.1589605199988,44,2026,,,,,,,,,,
linear_mac_matched,112,132,0.03272164464679253,0.12640942925075796,0.9981447124304267,0.9637883008356546,0.1961498250002478,0.16033322299881547,44,2026,,,,,,,,,,
linear_mac_matched,113,133,0.03244997330967981,0.12668516476228897,0.9981447124304267,0.9610027855153204,0.19757251300006828,0.1615272379990529,44,2026,,,,,,,,,,
linear_mac_matched,114,134,0.0321992442756,0.12776880062092527,0.9990723562152134,0.9637883008356546,0.19940185099994778,0.16287376199898063,44,2026,,,,,,,,,,
linear_mac_matched,115,135,0.03189429897893328,0.12731744708794546,0.9981447124304267,0.9637883008356546,0.20084661200007758,0.16407312399906004,44,2026,,,,,,,,,,
linear_mac_matched,116,136,0.03176387063992843,0.12345052038737019,0.9981447124304267,0.9637883008356546,0.20227348600019468,0.16526726799884273,44,2026,,,,,,,,,,
linear_mac_matched,117,137,0.03138216128609616,0.1280340929821512,0.9981447124304267,0.9637883008356546,0.2038149820000399,0.1664181269989058,44,2026,,,,,,,,,,
linear_mac_matched,118,138,0.031157965909488147,0.12855911280973895,0.9981447124304267,0.9637883008356546,0.20543885200004297,0.16779834099861546,44,2026,,,,,,,,,,
linear_mac_matched,119,139,0.030833736752042217,0.1261019040381868,0.9981447124304267,0.9637883008356546,0.20684680800013666,0.16897448799863923,44,2026,,,,,,,,,,
linear_mac_matched,120,140,0.030600279713522114,0.1267205998577084,0.9981447124304267,0.9637883008356546,0.20886956699996517,0.1705487129984249,44,2026,,,,,,,,,,
linear_mac_matched,121,141,0.03033422390837103,0.12612300701332346,0.9990723562152134,0.9637883008356546,0.2105788950002534,0.17191615699812246,44,2026,,,,,,,,,,
linear_mac_matched,122,142,0.03020393959505498,0.12601666549890722,0.9990723562152134,0.9637883008356546,0.2124418940002215,0.1734310829979222,44,2026,,,,,,,,,,
linear_mac_matched,123,143,0.02989802760466913,0.12505417761348614,0.9981447124304267,0.9637883008356546,0.21413918500002183,0.17488166199791522,44,2026,,,,,,,,,,
linear_mac_matched,124,144,0.02964807786517851,0.1278811531561545,0.9990723562152134,0.9610027855153204,0.21602942500021527,0.17639450499791565,44,2026,,,,,,,,,,
linear_mac_matched,125,145,0.029381751016504528,0.1252671411716456,0.9981447124304267,0.9637883008356546,0.21773437699994247,0.1778307339982348,44,2026,,,,,,,,,,
linear_mac_matched,126,146,0.029162351632937362,0.12427359889335167,0.9990723562152134,0.9637883008356546,0.219412659000227,0.17927306099818452,44,2026,,,,,,,,,,
linear_mac_matched,127,147,0.02898486853927055,0.1271076066750867,0.9990723562152134,0.9637883008356546,0.22114515200019014,0.18076571399797103,44,2026,,,,,,,,,,
linear_mac_matched,128,148,0.028735922458959503,0.12460333352526905,0.9990723562152134,0.9637883008356546,0.22291264700015745,0.1822371239977656,44,2026,,,,,,,,,,
linear_mac_matched,129,149,0.028452408934411,0.1265266076742314,0.9990723562152134,0.9637883008356546,0.22487423500024306,0.18379151899762292,44,2026,,,,,,,,,,
linear_mac_matched,130,150,0.02827629707635827,0.1241073612915704,0.9981447124304267,0.9610027855153204,0.2263075989999379,0.18499171199800912,44,2026,,,,,,,,,,
linear_mac_matched,131,151,0.028024261438621755,0.12745263960525444,0.9990723562152134,0.9637883008356546,0.2281626160001906,0.18660645799764097,44,2026,,,,,,,,,,
linear_mac_matched,132,152,0.027768126522516385,0.1247923573045652,0.9990723562152134,0.9637883008356546,0.22992149800029438,0.18795642599752682,44,2026,,,,,,,,,,
linear_mac_matched,133,153,0.02755169278273126,0.1248365881670072,0.9990723562152134,0.9637883008356546,0.231382222999855,0.18912699499787777,44,2026,,,,,,,,,,
linear_mac_matched,134,154,0.027343796215034643,0.12570115274459615,0.9990723562152134,0.9637883008356546,0.23314890800020294,0.1906537589979962,44,2026,,,,,,,,,,
linear_mac_matched,135,155,0.02717473595066776,0.12433308389658446,0.9990723562152134,0.9637883008356546,0.23482192200026475,0.1919830159981757,44,2026,,,,,,,,,,
linear_mac_matched,136,156,0.02690097656002544,0.1250460738835874,0.9990723562152134,0.9637883008356546,0.23659362299986242,0.19351301499818874,44,2026,,,,,,,,,,
linear_mac_matched,137,157,0.026726706697202753,0.12607754506899269,0.9990723562152134,0.9637883008356546,0.23870720900004017,0.19529339999826334,44,2026,,,,,,,,,,
linear_mac_matched,138,158,0.026494201902709708,0.12404243821797668,0.9990723562152134,0.9637883008356546,0.2405239290001191,0.196867445998123,44,2026,,,,,,,,,,
linear_mac_matched,139,159,0.026315397069077748,0.12532189184553078,0.9990723562152134,0.9637883008356546,0.24207047300023987,0.19815905699806535,44,2026,,,,,,,,,,
linear_mac_matched,140,160,0.026212444661976562,0.12757425204015238,0.9990723562152134,0.9610027855153204,0.24430112500022005,0.1999357859981501,44,2026,,,,,,,,,,
linear_mac_matched,141,161,0.02609782871133488,0.12217667082298363,0.9990723562152134,0.9637883008356546,0.24601875600001222,0.20133015099781915,44,2026,,,,,,,,,,
linear_mac_matched,142,162,0.025704069360589787,0.1257269367849624,0.9990723562152134,0.9637883008356546,0.24754822400018384,0.202623974998005,44,2026,,,,,,,,,,
linear_mac_matched,143,163,0.025500453001959394,0.12479271109435397,0.9990723562152134,0.9637883008356546,0.2491301600002771,0.20384968699772799,44,2026,,,,,,,,,,
linear_mac_matched,144,164,0.02539695318379075,0.12699639797968507,0.9990723562152134,0.9637883008356546,0.2506965739999032,0.20518587399783428,44,2026,,,,,,,,,,
linear_mac_matched,145,165,0.025120635385539086,0.12454214029600048,0.9990723562152134,0.9637883008356546,0.25246403000028295,0.2067175959978158,44,2026,,,,,,,,,,
linear_mac_matched,146,166,0.024942954638862064,0.12328558322342392,0.9990723562152134,0.9637883008356546,0.25414928200007125,0.2081628779978928,44,2026,,,,,,,,,,
linear_mac_matched,147,167,0.02475536526188049,0.12450599616491648,0.9990723562152134,0.9610027855153204,0.25602471999991394,0.20976847999781967,44,2026,,,,,,,,,,
linear_mac_matched,148,168,0.024545854110120557,0.12468533366821782,0.9990723562152134,0.9637883008356546,0.2574158200000056,0.2109290429975772,44,2026,,,,,,,,,,
linear_mac_matched,149,169,0.02439131999649648,0.12358950063743425,0.9990723562152134,0.9637883008356546,0.2591722590000245,0.21244887699776882,44,2026,,,,,,,,,,
linear_mac_matched,150,170,0.024185133561904153,0.12470273842342484,0.9990723562152134,0.9637883008356546,0.26120213900003364,0.21424006899769665,44,2026,,,,,,,,,,
linear_mac_matched,151,171,0.024014913955075275,0.12420393625662231,0.9990723562152134,0.9637883008356546,0.2629104359998564,0.21555868099767395,44,2026,,,,,,,,,,
linear_mac_matched,152,172,0.023839595914938356,0.12466431779319548,0.9990723562152134,0.9637883008356546,0.26464358000021093,0.21705683199752457,44,2026,,,,,,,,,,
linear_mac_matched,153,173,0.02373394847140588,0.12402352466080077,0.9990723562152134,0.9637883008356546,0.26632824199987226,0.2185091949972957,44,2026,,,,,,,,,,
linear_mac_matched,154,174,0.023579245312602297,0.12443117975070962,0.9990723562152134,0.9610027855153204,0.26797467500000494,0.21977799199748915,44,2026,,,,,,,,,,
linear_mac_matched,155,175,0.023302346909995622,0.12385188589244711,0.9990723562152134,0.9637883008356546,0.26960770899995623,0.2211790869973811,44,2026,,,,,,,,,,
linear_mac_matched,156,176,0.02317731102707132,0.12410216503236646,0.9990723562152134,0.9637883008356546,0.2712121700001262,0.2225521299974389,44,2026,,,,,,,,,,
linear_mac_matched,157,177,0.02298201424297239,0.12434160067439698,0.9990723562152134,0.9637883008356546,0.2729362600002787,0.22387791199753337,44,2026,,,,,,,,,,
linear_mac_matched,158,178,0.022809691079115242,0.12587295780986632,0.9990723562152134,0.9610027855153204,0.2745391290000043,0.22524886199789762,44,2026,,,,,,,,,,
linear_mac_matched,159,179,0.022645337739583982,0.12502018095080866,0.9990723562152134,0.9637883008356546,0.2761695280000822,0.22664634099783143,44,2026,,,,,,,,,,
linear_mac_matched,160,180,0.022477614100146957,0.1238233409424152,0.9990723562152134,0.9610027855153204,0.2776472690002265,0.2278960189978534,44,2026,,,,,,,,,,
linear_mac_matched,161,181,0.022362744945640056,0.12620191578818576,0.9990723562152134,0.9610027855153204,0.2795138730002691,0.22938232199794584,44,2026,,,,,,,,,,
linear_mac_matched,162,182,0.022239374695158604,0.12163010524664625,0.9990723562152134,0.9637883008356546,0.28123277600025176,0.2308671029982179,44,2026,,,,,,,,,,
linear_mac_matched,163,183,0.022032741283352034,0.12384152974342601,0.9990723562152134,0.9637883008356546,0.2826460900000711,0.2320496599982107,44,2026,,,,,,,,,,
linear_mac_matched,164,184,0.021877864408994706,0.1259279426531425,0.9990723562152134,0.958217270194986,0.2845916930000385,0.23375913799827686,44,2026,,,,,,,,,,
linear_mac_matched,165,185,0.021702275734278333,0.12465659426432918,0.9990723562152134,0.9610027855153204,0.2863072610002746,0.23524039299809374,44,2026,,,,,,,,,,
linear_mac_matched,166,186,0.02157118522385465,0.1227466227285997,0.9990723562152134,0.9610027855153204,0.28782057399985206,0.23652407199824665,44,2026,,,,,,,,,,
linear_mac_matched,167,187,0.021409609757932106,0.12614186878947242,0.9990723562152134,0.9610027855153204,0.28973658299992167,0.2381726799981152,44,2026,,,,,,,,,,
linear_mac_matched,168,188,0.02123052114007845,0.1237873855842223,0.9990723562152134,0.9610027855153204,0.291426913000123,0.2396260239984258,44,2026,,,,,,,,,,
linear_mac_matched,169,189,0.021130522590372132,0.12557616676444,0.9990723562152134,0.9610027855153204,0.2929673180001373,0.2409117659981348,44,2026,,,,,,,,,,
linear_mac_matched,170,190,0.020965401311752452,0.12268880671665636,0.9990723562152134,0.9610027855153204,0.2947565660001601,0.24238366799772848,44,2026,,,,,,,,,,
linear_mac_matched,171,191,0.020809263635288972,0.12548501443991364,0.9990723562152134,0.9610027855153204,0.29630954999993264,0.24370553399785422,44,2026,,,,,,,,,,
linear_mac_matched,172,192,0.020649366059977706,0.12450447613599386,0.9990723562152134,0.9637883008356546,0.2978164139999535,0.24495642399779172,44,2026,,,,,,,,,,
linear_mac_matched,173,193,0.020483996754845767,0.12362696883051186,0.9990723562152134,0.958217270194986,0.29951674899984937,0.24642366799798765,44,2026,,,,,,,,,,
linear_mac_matched,174,194,0.02034503247753253,0.12540764888389688,0.9990723562152134,0.9610027855153204,0.30126376399994115,0.24793229499800873,44,2026,,,,,,,,,,
linear_mac_matched,175,195,0.02021311569860231,0.12402583883530839,0.9990723562152134,0.958217270194986,0.30271969100022034,0.24915009499818552,44,2026,,,,,,,,,,
linear_mac_matched,176,196,0.02006184579811758,0.12288226376241725,0.9990723562152134,0.9610027855153204,0.30440071700013505,0.25059639799837896,44,2026,,,,,,,,,,
linear_mac_matched,177,197,0.019993748452826397,0.12668424682498977,0.9990723562152134,0.9610027855153204,0.3059830340002918,0.25176734799833866,44,2026,,,,,,,,,,
linear_mac_matched,178,198,0.0198403306932401,0.12242041379913977,0.9990723562152134,0.9610027855153204,0.30739306300029057,0.25293565399852014,44,2026,,,,,,,,,,
linear_mac_matched,179,199,0.01965753288110426,0.12399916346204025,0.9990723562152134,0.9610027855153204,0.3091472090000025,0.2542898889987555,44,2026,,,,,,,,,,
linear_mac_matched,180,200,0.01955014175135091,0.12589884578498517,0.9990723562152134,0.9610027855153204,0.31061319199989157,0.2555193059984049,44,2026,,,,,,,,,,
linear_mac_matched,181,201,0.019410609691678134,0.12330170006065413,0.9990723562152134,0.9610027855153204,0.31240072700029486,0.25702211399857333,44,2026,,,,,,,,,,
linear_mac_matched,182,202,0.019253749634582245,0.12586396876696057,0.9990723562152134,0.958217270194986,0.31414618000007977,0.2583813869982805,44,2026,,,,,,,,,,
linear_mac_matched,183,203,0.01912683187559664,0.12316776403491021,0.9990723562152134,0.9610027855153204,0.31573930400008976,0.25959889699834093,44,2026,,,,,,,,,,
linear_mac_matched,184,204,0.018989258936176045,0.12486311735509238,0.9990723562152134,0.9610027855153204,0.3174187869999514,0.26104310699838607,44,2026,,,,,,,,,,
linear_mac_matched,185,205,0.01885734665257735,0.12545486119318336,0.9990723562152134,0.958217270194986,0.3191389819999131,0.2624289689983925,44,2026,,,,,,,,,,
linear_mac_matched,186,206,0.018720115053620895,0.12359886601664188,0.9990723562152134,0.958217270194986,0.3207833229998869,0.2637124569982916,44,2026,,,,,,,,,,
linear_mac_matched,187,207,0.018625097898685338,0.12646798725659347,1.0,0.958217270194986,0.32243726800015793,0.2651338629984821,44,2026,,,,,,,,,,
linear_mac_matched,188,208,0.018485740697591957,0.123788277901908,0.9990723562152134,0.9610027855153204,0.3240666159999819,0.2663879069982613,44,2026,,,,,,,,,,
linear_mac_matched,189,209,0.018353412172286872,0.12396153007353107,0.9990723562152134,0.958217270194986,0.3255787279999822,0.26766000799807443,44,2026,,,,,,,,,,
linear_mac_matched,190,210,0.018255325875502174,0.12525131425562575,0.9990723562152134,0.9610027855153204,0.3274479970000357,0.2692897469978561,44,2026,,,,,,,,,,
linear_mac_matched,191,211,0.01811594431494385,0.12303903106972615,1.0,0.958217270194986,0.3290517670002373,0.2705263949978871,44,2026,,,,,,,,,,
linear_mac_matched,192,212,0.01798456019597269,0.12519144683197928,0.9990723562152134,0.9554317548746518,0.33050543099989227,0.27175023299787426,44,2026,,,,,,,,,,
moe_no_balance,0,20,0.17473529439026764,0.22782050302219323,0.9703153988868275,0.9526462395543176,0.0014251119996515627,0.0,44,2026,1.0639488232172205,0.17473529439026764,0.9934933377377687,0.9959616762740582,4.4751483380287905e-18,0.0,0.011131725417439703,0.43460111317254174,0.2189239332096475,0.33534322820037105
moe_no_balance,1,21,0.16456621138841798,0.21571001839264967,0.9768089053803339,0.9498607242339833,0.013316408999799023,0.006614208000428334,44,2026,1.015366881107872,0.16456621138841798,0.9966861992279656,0.9980477277396164,,,0.3738404452690167,0.21289424860853431,0.300556586270872,0.11270871985157699
moe_no_balance,2,22,0.15012279143401225,0.20402027296710543,0.974025974025974,0.958217270194986,0.021761307999895507,0.012996338000448304,44,2026,1.0362182708098095,0.15012279143401225,0.9947830138346224,0.996402260839239,,,0.1326530612244898,0.4035250463821892,0.3715213358070501,0.09230055658627087
moe_no_balance,3,23,0.14155674532483523,0.19361968105388527,0.9768089053803339,0.9554317548746518,0.029638933999649453,0.018721120000463998,44,2026,1.0437642197565367,0.14155674532483523,0.9915453792079431,0.9916164858020425,,,0.22356215213358072,0.18228200371057515,0.44155844155844154,0.1525974025974026
moe_no_balance,4,24,0.13137986164568197,0.1861707822634657,0.9795918367346939,0.9610027855153204,0.0374731150000116,0.02445467500047016,44,2026,1.0714574329680562,0.13137986164568197,0.9863285959359992,0.9873913777864329,,,0.1280148423005566,0.323747680890538,0.4452690166975881,0.10296846011131726
moe_no_balance,5,25,0.13611351205666328,0.19806235989334262,0.974025974025974,0.9442896935933147,0.04572244099972522,0.030907661000128428,44,2026,1.0779999528233748,0.13611351205666328,0.9818792031073292,0.9845066222286847,,,0.29267161410018555,0.04267161410018553,0.4072356215213358,0.25742115027829315
moe_no_balance,6,26,0.12411227704186051,0.179483918639754,0.9749536178107606,0.9554317548746518,0.053598465000050055,0.03690324000035616,44,2026,1.188146346277126,0.12411227704186051,0.9509977074546733,0.9378404551400837,,,0.19434137291280149,0.1345083487940631,0.49489795918367346,0.17625231910946196
moe_no_balance,7,27,0.11651312000088804,0.1716468914958294,0.9795918367346939,0.9665738161559888,0.062034731000039756,0.0434788400002617,44,2026,1.1337689323286502,0.11651312000088804,0.9599691546538255,0.9535070561927177,,,0.2527829313543599,0.10575139146567718,0.45964749536178107,0.18181818181818182
moe_no_balance,8,28,0.10754913124182341,0.17178538983330746,0.9823747680890538,0.958217270194986,0.07002834099967004,0.04941710300045088,44,2026,1.1505226579061298,0.10754913124182341,0.9507014026670864,0.9423583546433725,,,0.19294990723562153,0.13126159554730985,0.46382189239332094,0.21196660482374768
moe_no_balance,9,29,0.10105938372350248,0.15934983901592764,0.9860853432282004,0.9693593314763231,0.07800241299992194,0.05536276600059864,44,2026,1.1360892580183635,0.10105938372350248,0.95031423139353,0.9441967866179733,,,0.22077922077922077,0.13821892393320964,0.45269016697588127,0.18831168831168832
moe_no_balance,10,30,0.09643189999730836,0.16004077643612097,0.9851576994434137,0.9610027855153204,0.08564657799979614,0.06101772300053199,44,2026,1.1432229950630375,0.09643189999730836,0.9441691740404587,0.9385556123535386,,,0.23608534322820038,0.11317254174397032,0.44712430426716143,0.2036178107606679
moe_no_balance,11,31,0.09035341518772003,0.15536904196440102,0.9888682745825603,0.9610027855153204,0.09365583299995706,0.06699733800087415,44,2026,1.1476814577018286,0.09035341518772003,0.9389836660176467,0.9329447729753375,,,0.19666048237476808,0.13589981447124305,0.449443413729128,0.21799628942486085
moe_no_balance,12,32,0.08774592582548638,0.15590406058265022,0.987012987012987,0.958217270194986,0.10199994999993578,0.07320365300120102,44,2026,1.1540363648279106,0.08774592582548638,0.9339734970362423,0.9293598052240739,,,0.2323747680890538,0.10528756957328386,0.4457328385899815,0.2166048237476809
moe_no_balance,13,33,0.08737187653945212,0.148381983943458,0.9860853432282004,0.9637883008356546,0.11013917999980549,0.07932574200140152,44,2026,1.1767907376124047,0.08737187653945212,0.9241745941451481,0.918332545095799,,,0.1767161410018553,0.14007421150278293,0.461038961038961,0.22217068645640073
moe_no_balance,14,34,0.0794167288287697,0.15080117897293607,0.9897959183673469,0.958217270194986,0.11835326199980045,0.08530727000152183,44,2026,1.1296435333086854,0.0794167288287697,0.9344232689845547,0.9345256841380296,,,0.22170686456400743,0.10853432282003711,0.4299628942486085,0.23979591836734693
moe_no_balance,15,35,0.0781723859535543,0.1449986163214749,0.9879406307977736,0.9554317548746518,0.12979741699973601,0.09460828600140303,44,2026,1.1484719074611616,0.0781723859535543,0.9225260867689681,0.9221091529246992,,,0.19387755102040816,0.13079777365491652,0.43692022263450836,0.23840445269016697
moe_no_balance,16,36,0.07175040260786546,0.1422857010286215,0.9925788497217068,0.958217270194986,0.14089301900003193,0.10282696500144084,44,2026,1.120454579697469,0.07175040260786546,0.9274241792780388,0.9312963868389852,,,0.2036178107606679,0.13404452690166976,0.4230055658627087,0.23933209647495363
moe_no_balance,17,37,0.06829233796377392,0.13847322985451016,0.9944341372912802,0.9665738161559888,0.1515233619998071,0.11088368100172374,44,2026,1.132613345985915,0.06829233796377392,0.9220812483054172,0.9268040976350226,,,0.21567717996289426,0.1326530612244898,0.4313543599257885,0.22031539888682747
moe_no_balance,18,38,0.0655098119007875,0.1384922549712332,0.9944341372912802,0.958217270194986,0.1611926399996264,0.11804766500199548,44,2026,1.125415595606418,0.0655098119007875,0.9204828869543825,0.9275590446048975,,,0.1989795918367347,0.137291280148423,0.4271799628942486,0.23654916512059368
moe_no_balance,19,39,0.06153246350296501,0.13778446389422358,0.9953617810760668,0.958217270194986,0.170032161999643,0.12488430700204844,44,2026,1.1193027105165119,0.06153246350296501,0.91955745978498,0.9287261744123151,,,0.21057513914656772,0.13126159554730985,0.4230055658627087,0.23515769944341372
moe_no_balance,20,40,0.062322573417856644,0.13588609217888215,0.9935064935064936,0.9554317548746518,0.17925333699986368,0.13176383400195846,44,2026,1.1218268554446538,0.062322573417856644,0.9157881559898886,0.9264358377049894,0.013743627075334506,0.0,0.19619666048237477,0.1349721706864564,0.42207792207792205,0.24675324675324675
moe_no_balance,21,41,0.061994259201422416,0.13112904294253486,0.9925788497217068,0.9554317548746518,0.194929841999965,0.1421599450022768,44,2026,1.127634209658498,0.061994259201422416,0.910004780903853,0.9224855088462419,,,0.16975881261595546,0.15584415584415584,0.424860853432282,0.24953617810760667
moe_no_balance,22,42,0.05873818675249475,0.1311894464192869,0.9925788497217068,0.958217270194986,0.2034013809998214,0.1485481040022023,44,2026,1.1171119987262552,0.05873818675249475,0.9094064633310133,0.9244438470715349,,,0.18042671614100186,0.15120593692022263,0.4197588126159555,0.24860853432282004
moe_no_balance,23,43,0.05578955257965627,0.1295398789106295,0.9944341372912802,0.9554317548746518,0.21232517899989034,0.15520834100198044,44,2026,1.135304236301061,0.05578955257965627,0.899996010274321,0.9162064839079644,,,0.17810760667903525,0.14007421150278293,0.42439703153988867,0.25742115027829315
moe_no_balance,24,44,0.05472211034138014,0.13332252759000549,0.9944341372912802,0.9554317548746518,0.22176209899998867,0.16222500400226636,44,2026,1.1252584462694977,0.05472211034138014,0.8999949468453968,0.9183288724908251,,,0.18274582560296845,0.12940630797773656,0.4165120593692022,0.27133580705009275
moe_no_balance,25,45,0.05367492683550929,0.125156474192356,0.9953617810760668,0.9610027855153204,0.2344394269998702,0.17204413800209295,44,2026,1.1359524065034639,0.05367492683550929,0.8913268157597971,0.9107572280670901,,,0.1725417439703154,0.15445269016697588,0.424860853432282,0.2481447124304267
moe_no_balance,26,46,0.05125197045287601,0.13170848787521988,0.9935064935064936,0.9498607242339833,0.2510943170000246,0.18570551000220803,44,2026,1.1381925913637156,0.05125197045287601,0.8882601606625068,0.909646900957353,,,0.18320964749536178,0.12152133580705009,0.41836734693877553,0.27690166975881264
moe_no_balance,27,47,0.048239593306927155,0.12344374798791916,0.9981447124304267,0.9637883008356546,0.26152677199979735,0.1935042580021218,44,2026,1.1424335462001414,0.048239593306927155,0.8807330197041452,0.9031766716181888,,,0.1859925788497217,0.13589981447124305,0.42393320964749537,0.2541743970315399
moe_no_balance,28,48,0.046611343536850966,0.12404549761132573,0.9972170686456401,0.9637883008356546,0.2721475999996983,0.20115550400214488,44,2026,1.122482732592778,0.046611343536850966,0.8829595828540593,0.9074948303061592,,,0.1901669758812616,0.13218923933209648,0.41233766233766234,0.2653061224489796
moe_no_balance,29,49,0.04474223202581104,0.12350178554804517,0.9972170686456401,0.9610027855153204,0.28420752099964375,0.21052622500201323,44,2026,1.1416259368586723,0.04474223202581104,0.8726664582878821,0.8987070393943865,,,0.19758812615955473,0.12755102040816327,0.4202226345083488,0.25463821892393323
moe_no_balance,30,50,0.04375583151791211,0.12361551824124056,0.9981447124304267,0.958217270194986,0.2951058710000325,0.21899650200202814,44,2026,1.1512787921183116,0.04375583151791211,0.865901646485396,0.8930229781780575,,,0.18692022263450836,0.1280148423005566,0.4230055658627087,0.26205936920222633
moe_no_balance,31,51,0.042646358963507124,0.12270673712054425,0.9981447124304267,0.9610027855153204,0.30526700899963544,0.2263674970017746,44,2026,1.1237251557465313,0.042646358963507124,0.8713862229938573,0.8999670360678986,,,0.19294990723562153,0.13218923933209648,0.4104823747680891,0.26437847866419295
moe_no_balance,32,52,0.04198152172309121,0.11827168988848569,0.9972170686456401,0.9637883008356546,0.31528305799974987,0.23398801700204785,44,2026,1.160823557723347,0.04198152172309121,0.855310568159762,0.8851248688547622,,,0.18042671614100186,0.14007421150278293,0.42764378478664195,0.25185528756957326
moe_no_balance,33,53,0.03951598643203791,0.11882477318295867,0.9981447124304267,0.9610027855153204,0.3257487939999919,0.2419217180022315,44,2026,1.1455340199278328,0.03951598643203791,0.8572809277935145,0.8893557449105377,,,0.19434137291280149,0.1266233766233766,0.4197588126159555,0.2592764378478664
moe_no_balance,34,54,0.037800867222017434,0.11900963204822686,0.9981447124304267,0.9637883008356546,0.3356604359996709,0.24932177700247848,44,2026,1.140255713596577,0.037800867222017434,0.8562239876488793,0.8890021621678652,,,0.18738404452690166,0.13218923933209648,0.4179035250463822,0.2625231910946197
moe_no_balance,35,55,0.037450347121402675,0.11742233810296497,0.9981447124304267,0.9637883008356546,0.3454620239999713,0.2563503470023534,44,2026,1.1530671226543017,0.037450347121402675,0.8487108471982417,0.8823779132919101,,,0.18460111317254174,0.12987012987012986,0.42115027829313545,0.26437847866419295
moe_no_balance,36,56,0.03749981155432943,0.11562039564726521,0.9972170686456401,0.9610027855153204,0.3547318619998805,0.26342187200225453,44,2026,1.135714707169321,0.03749981155432943,0.849820695504119,0.8848335574180439,,,0.19434137291280149,0.1349721706864564,0.4141929499072356,0.2564935064935065
moe_no_balance,37,57,0.034979682908633486,0.11651513771868692,0.9981447124304267,0.9637883008356546,0.36534499899971706,0.2714205350021075,44,2026,1.1576672888044839,0.034979682908633486,0.8409870748738861,0.8774292755350221,,,0.18645640074211503,0.1280148423005566,0.4225417439703154,0.262987012987013
moe_no_balance,38,58,0.035717827532311175,0.121095640809744,0.9972170686456401,0.9610027855153204,0.3742592829999012,0.2779884830024457,44,2026,1.153159320021449,0.035717827532311175,0.8393874039705866,0.8771649048957262,,,0.19202226345083487,0.12198515769944342,0.4179035250463822,0.2680890538033395
moe_no_balance,39,59,0.03477038512476975,0.1149121966847325,0.9962894248608535,0.9610027855153204,0.38309274599987475,0.2846976740024729,44,2026,1.1526294431673965,0.03477038512476975,0.8368965216146999,0.87521547697516,,,0.1794990723562152,0.13589981447124305,0.4202226345083488,0.26437847866419295
moe_no_balance,40,60,0.03257950598267488,0.11741414660526722,0.9972170686456401,0.958217270194986,0.3917199679999612,0.2915054230024907,44,2026,1.16595853725715,0.03257950598267488,0.8289819454573933,0.8688160552022991,0.009336631603735594,0.0,0.1859925788497217,0.12523191094619665,0.4230055658627087,0.2657699443413729
moe_no_balance,41,61,0.03152207951346815,0.11619717202296934,0.9972170686456401,0.9665738161559888,0.4030057059999308,0.29742278400226496,44,2026,1.1414163562783595,0.03152207951346815,0.8332316036879927,0.8738562487770107,,,0.19619666048237477,0.1280148423005566,0.413265306122449,0.2625231910946197
moe_no_balance,42,62,0.031781033648643826,0.11954372487527146,0.9981447124304267,0.9665738161559888,0.4116377959999227,0.30420915100239654,44,2026,1.1601806989221926,0.031781033648643826,0.8243071183550575,0.8659849285392087,,,0.18692022263450836,0.12105751391465677,0.41697588126159557,0.2750463821892393
moe_no_balance,43,63,0.03101933094018786,0.11036242912443944,0.9981447124304267,0.9610027855153204,0.4197078719998899,0.31032399900277596,44,2026,1.1791928965399685,0.03101933094018786,0.8153427179860313,0.8576415147832792,,,0.17578849721706866,0.1326530612244898,0.4271799628942486,0.26437847866419295
moe_no_balance,44,64,0.030083094630623156,0.11592634412568845,0.9981447124304267,0.9637883008356546,0.42780060099994444,0.3163627220028502,44,2026,1.1492021136497201,0.030083094630623156,0.8211853272477967,0.8646256020400261,,,0.19341372912801486,0.12384044526901669,0.41233766233766234,0.27040816326530615
moe_no_balance,45,65,0.028913624929767727,0.11227247763852338,0.9981447124304267,0.9637883008356546,0.4370218269996258,0.32279453600267516,44,2026,1.1719596872191407,0.028913624929767727,0.8110715548309155,0.8553610893170782,,,0.17996289424860853,0.12987012987012986,0.42207792207792205,0.2680890538033395
moe_no_balance,46,66,0.028464374057509338,0.11537964440560981,0.9981447124304267,0.9637883008356546,0.44592517399996723,0.329659581002943,44,2026,1.1664056388838913,0.028464374057509338,0.8113360688768948,0.8569772213183581,,,0.19155844155844157,0.11688311688311688,0.4179035250463822,0.27365491651205937
moe_no_balance,47,67,0.02655868870617143,0.11365888088209868,0.9981447124304267,0.9637883008356546,0.4532642209996993,0.33494261900295896,44,2026,1.1615330279962128,0.02655868870617143,0.8097967236040016,0.8557743300226648,,,0.18970315398886828,0.12523191094619665,0.4165120593692022,0.26855287569573283
moe_no_balance,48,68,0.026514642821487622,0.11436998983190372,0.9981447124304267,0.9637883008356546,0.4685650819997136,0.34688190900305926,44,2026,1.1754754376140033,0.026514642821487622,0.8024689499449366,0.8492537731339245,,,0.18460111317254174,0.12198515769944342,0.4197588126159555,0.27365491651205937
moe_no_balance,49,69,0.025999727136866786,0.11283763251364298,0.9990723562152134,0.9665738161559888,0.4765888580000137,0.35298053200313007,44,2026,1.172922568285239,0.025999727136866786,0.8013756291684871,0.8492656047569869,,,0.19109461966604824,0.11641929499072357,0.41836734693877553,0.27411873840445267
moe_no_balance,50,70,0.024750515738102448,0.11229989074757209,0.9981447124304267,0.9610027855153204,0.48453211299965915,0.35890597600291585,44,2026,1.1675901524689136,0.024750515738102448,0.800666397764313,0.8486291155016418,,,0.18645640074211503,0.1266233766233766,0.4179035250463822,0.2690166975881262
moe_no_balance,51,71,0.024520391148607504,0.11271491755071023,0.9981447124304267,0.9610027855153204,0.4918978799996694,0.36445068700322736,44,2026,1.191704794221273,0.024520391148607504,0.7899103864647867,0.8394267023174548,,,0.1841372912801484,0.11781076066790352,0.424860853432282,0.27319109461966606
moe_no_balance,52,72,0.024190399813734678,0.11293695832828658,0.9990723562152134,0.9637883008356546,0.4994046699998762,0.3699017070030095,44,2026,1.1860032895553652,0.024190399813734678,0.7896248930246348,0.8404242563492226,,,0.18877551020408162,0.11410018552875696,0.42161410018552875,0.2755102040816326
moe_no_balance,53,73,0.022868958940465887,0.11026745272186236,0.9990723562152134,0.9693593314763231,0.5068568970000342,0.37553847700291954,44,2026,1.1847261496755301,0.022868958940465887,0.7869519373527811,0.8378432706840194,,,0.18089053803339517,0.12476808905380334,0.4230055658627087,0.27133580705009275
moe_no_balance,54,74,0.022289784780029052,0.11195653444994091,0.9990723562152134,0.9665738161559888,0.5147826359998362,0.38160562300299716,44,2026,1.1755183637130986,0.022289784780029052,0.7882012457380277,0.8400946504807095,,,0.1906307977736549,0.12152133580705009,0.4197588126159555,0.2680890538033395
moe_no_balance,55,75,0.02178888332689196,0.11034895878154233,0.9990723562152134,0.9637883008356546,0.5223721689999365,0.38741090500298014,44,2026,1.1834244020970244,0.02178888332689196,0.7826853813048236,0.8356258933710984,,,0.19155844155844157,0.11873840445269017,0.42161410018552875,0.2680890538033395
moe_no_balance,56,76,0.022023659652610286,0.11302234320517451,0.9981447124304267,0.9665738161559888,0.5302033559996744,0.3934289370031365,44,2026,1.16677316050536,0.022023659652610286,0.7863022446841151,0.8390071318857543,,,0.18970315398886828,0.12244897959183673,0.41465677179962895,0.27319109461966606
moe_no_balance,57,77,0.021069170015872864,0.11022386637142796,0.9990723562152134,0.9665738161559888,0.5383161159998053,0.39962725000305,44,2026,1.1734070650957347,0.021069170015872864,0.7820979704554344,0.8351191761086286,,,0.18089053803339517,0.12987012987012986,0.41836734693877553,0.27087198515769945
moe_no_balance,58,78,0.02090063898726689,0.11271103002301987,0.9990723562152134,0.9610027855153204,0.5458702470000389,0.40524540200294723,44,2026,1.1875147298374813,0.02090063898726689,0.7760918775909273,0.8305868184516857,,,0.18923933209647495,0.11317254174397032,0.42115027829313545,0.2764378478664193
moe_no_balance,59,79,0.019911191167092807,0.11066550304363608,1.0,0.9637883008356546,0.5536896159997013,0.41119429100263005,44,2026,1.18733013863479,0.019911191167092807,0.7743254686257282,0.8292939413542444,,,0.18506493506493507,0.11595547309833024,0.42115027829313545,0.27782931354359924
moe_no_balance,60,80,0.019496334454295022,0.11080044657215062,1.0,0.9637883008356546,0.5616508779999094,0.4171658440027386,44,2026,1.1739505449427439,0.019496334454295022,0.7755095056742519,0.8305510664647805,0.0034365695727071334,0.0,0.18831168831168832,0.12384044526901669,0.41697588126159557,0.27087198515769945
moe_no_balance,61,81,0.02002110710837319,0.1118713603829905,1.0,0.9637883008356546,0.5732835459998569,0.4235961760027749,44,2026,1.1967511270937576,0.02002110710837319,0.7663918681935077,0.8235744139359148,,,0.19109461966604824,0.10853432282003711,0.4225417439703154,0.27782931354359924
moe_no_balance,62,82,0.01956531091417603,0.11123421033840053,0.9990723562152134,0.9665738161559888,0.5812424249998003,0.42956970100249237,44,2026,1.1788011183850857,0.01956531091417603,0.7690535917993707,0.8250520512853939,,,0.1767161410018553,0.12708719851576994,0.4165120593692022,0.27968460111317256
moe_no_balance,63,83,0.01828926327133023,0.11312850593024527,1.0,0.9665738161559888,0.5891345329996511,0.43539243000259376,44,2026,1.1907244679944373,0.01828926327133023,0.7631170537519661,0.8206054971160892,,,0.18274582560296845,0.11688311688311688,0.4206864564007421,0.27968460111317256
moe_no_balance,64,84,0.017793486052986023,0.11221797986869403,1.0,0.9665738161559888,0.596708192999813,0.4410673670026881,44,2026,1.182674587712729,0.017793486052986023,0.7629426484924292,0.8208248513393063,,,0.18692022263450836,0.11966604823747681,0.41836734693877553,0.2750463821892393
moe_no_balance,65,85,0.017454729282161307,0.10843158477214927,1.0,0.9693593314763231,0.6044395599997188,0.4467576970027949,44,2026,1.1791299516202143,0.017454729282161307,0.7614972001111049,0.8197312947329328,,,0.1841372912801484,0.12291280148423006,0.4160482374768089,0.27690166975881264
moe_no_balance,66,86,0.01710830860035526,0.10899880805570493,1.0,0.9693593314763231,0.6121431139999913,0.4525229500027308,44,2026,1.1893576646256712,0.01710830860035526,0.7567324696221084,0.8159111815167842,,,0.18228200371057515,0.11827458256029684,0.41836734693877553,0.2810760667903525
moe_no_balance,67,87,0.01681154133817901,0.10820999409039621,1.0,0.9693593314763231,0.6199840559997938,0.4583419840028,44,2026,1.1789488398214798,0.01681154133817901,0.7580838569900233,0.8176249513838062,,,0.187847866419295,0.12105751391465677,0.41512059369202226,0.275974025974026
moe_no_balance,68,88,0.016630430092143884,0.10870524263608773,1.0,0.9693593314763231,0.6278452980000111,0.46417306500279665,44,2026,1.177812742659108,0.016630430092143884,0.7561482879012517,0.8159872657229603,,,0.17810760667903525,0.1303339517625232,0.41697588126159557,0.274582560296846
moe_no_balance,69,89,0.01607412742647089,0.10879866962428161,1.0,0.9693593314763231,0.6425644839996494,0.47699455900283283,44,2026,1.1895995210218029,0.01607412742647089,0.7503311639184368,0.8115879642773342,,,0.1813543599257885,0.12152133580705009,0.41883116883116883,0.2782931354359926
moe_no_balance,70,90,0.01565257397828614,0.11021543715065008,1.0,0.9693593314763231,0.6498813479997807,0.4824084130027586,44,2026,1.1892036426928003,0.01565257397828614,0.7485290535856118,0.8103672743895831,,,0.17764378478664192,0.12430426716141002,0.41836734693877553,0.27968460111317256
moe_no_balance,71,91,0.015236106564587733,0.10921071605785726,1.0,0.9693593314763231,0.657091711999783,0.4878249320026953,44,2026,1.191597107568522,0.015236106564587733,0.7460093333007042,0.8087840648027448,,,0.18460111317254174,0.11873840445269017,0.41836734693877553,0.2782931354359926
moe_no_balance,72,92,0.015115837733607312,0.10654083088625925,1.0,0.9693593314763231,0.6643294669997886,0.49313012300262926,44,2026,1.205409371329575,0.015115837733607312,0.7404331738650775,0.8045866303324297,,,0.18692022263450836,0.11270871985157699,0.424860853432282,0.2755102040816326
moe_no_balance,73,93,0.014687451822515348,0.1107880646781384,1.0,0.9693593314763231,0.6715929209999558,0.49857738700302434,44,2026,1.1758777833339915,0.014687451822515348,0.7463257397035091,0.809368324691799,,,0.1836734693877551,0.1261595547309833,0.41233766233766234,0.27782931354359924
moe_no_balance,74,94,0.014418867243559383,0.10921665636085001,1.0,0.9693593314763231,0.678763484999763,0.5039995740030463,44,2026,1.199418641641323,0.014418867243559383,0.7380819380991142,0.8023692947665898,,,0.1725417439703154,0.12430426716141002,0.42115027829313545,0.2820037105751391
moe_no_balance,75,95,0.014180916990291718,0.11150710389730707,1.0,0.9665738161559888,0.6862916459999724,0.5095694440028637,44,2026,1.1812645737522123,0.014180916990291718,0.7411902818001699,0.8056397032728954,,,0.187847866419295,0.12059369202226346,0.413265306122449,0.2782931354359926
moe_no_balance,76,96,0.013759599818326588,0.10837836434714924,1.0,0.9693593314763231,0.6946764949998396,0.5160489100030645,44,2026,1.1988275063038205,0.013759599818326588,0.7339145354103082,0.7996437715301042,,,0.18042671614100186,0.12198515769944342,0.42207792207792205,0.2755102040816326
moe_no_balance,77,97,0.013554476273052552,0.11074700701786663,1.0,0.9693593314763231,0.7022385569998733,0.5216129000032197,44,2026,1.1922885345725343,0.013554476273052552,0.7347383028848252,0.800343649563185,,,0.17857142857142858,0.12244897959183673,0.4179035250463822,0.2810760667903525
moe_no_balance,78,98,0.013456041139082102,0.10862767927844887,1.0,0.9693593314763231,0.7148188699998173,0.5319888500030174,44,2026,1.1849345359817507,0.013456041139082102,0.7353204975320338,0.8011699440598724,,,0.1790352504638219,0.1280148423005566,0.41697588126159557,0.275974025974026
moe_no_balance,79,99,0.012971078243054898,0.10978356596838887,1.0,0.9693593314763231,0.7237614769996981,0.538613203003024,44,2026,1.1923461396234076,0.012971078243054898,0.73214341017558,0.7990234990374274,,,0.18320964749536178,0.12012987012987013,0.41883116883116883,0.27782931354359924
moe_no_balance,80,100,0.012735882943657843,0.10954820748829412,1.0,0.9693593314763231,0.7327506329997959,0.545449635003024,44,2026,1.198757134276578,0.012735882943657843,0.7285418450701322,0.7962430041166935,0.00399135864177361,0.0,0.18228200371057515,0.11920222634508348,0.4206864564007421,0.27782931354359924
scratch_continue,0,20,0.10898813305974368,0.19436045750408795,0.9879406307977736,0.9498607242339833,0.001095817000077659,0.0,44,2026,1.065413875151042,0.1196422718112541,0.9126455602055328,0.9249926107817246,0.04788733860474496,0.006434633268614097,0.14749536178107606,0.26437847866419295,0.4035250463821892,0.18460111317254174
scratch_continue,1,21,0.10088222361174155,0.2054590481134097,0.9851576994434137,0.9498607242339833,0.012947364999945421,0.006474148000052082,44,2026,1.0533684179364797,0.11141590779110636,0.9118967388805979,0.9231609341833569,,,0.1679035250463822,0.2634508348794063,0.3919294990723562,0.1767161410018553
scratch_continue,2,22,0.09967991263336892,0.20709368548731258,0.9860853432282004,0.9415041782729805,0.02100795600017591,0.012210077000418096,44,2026,1.0833586568658466,0.11051349920202738,0.9046896873513534,0.9215943664366403,,,0.16280148423005567,0.24165120593692022,0.42346938775510207,0.17207792207792208
scratch_continue,3,23,0.08997128410229932,0.19358361029050472,0.9860853432282004,0.9526462395543176,0.029773747000035655,0.018666899000436388,44,2026,1.0931678694397544,0.10090296279669686,0.8993948021777313,0.9177852643975041,,,0.15352504638218925,0.262987012987013,0.42578849721706863,0.15769944341372913
scratch_continue,4,24,0.08593772732308835,0.19585943089127156,0.9888682745825603,0.947075208913649,0.03833200600001874,0.025023421000241797,44,2026,1.071267691972363,0.09665040424281199,0.902009070421393,0.9188654197212333,,,0.1553803339517625,0.2532467532467532,0.41280148423005564,0.17857142857142858
scratch_continue,5,25,0.0800216696422191,0.18634194085167435,0.9916512059369202,0.9526462395543176,0.04697437200002241,0.03150630100026319,44,2026,1.0638550865553393,0.09066022050777249,0.8998685909890302,0.9162284955343103,,,0.17532467532467533,0.2569573283858998,0.40213358070500926,0.16558441558441558
scratch_continue,6,26,0.08058762976066369,0.18892490045820226,0.9888682745825603,0.947075208913649,0.054856315000051836,0.03745447800019974,44,2026,1.0878245346753705,0.0914658751074174,0.8942210301042406,0.9153139709238007,,,0.15213358070500926,0.24443413729128013,0.4253246753246753,0.17810760667903525
scratch_continue,7,27,0.07554192983443198,0.18522621393488375,0.9897959183673469,0.9498607242339833,0.06335871000010229,0.04367101800016826,44,2026,1.0603850869843077,0.08614578070427506,0.896745298800294,0.9148927115832531,,,0.18320964749536178,0.24489795918367346,0.4030612244897959,0.16883116883116883
scratch_continue,8,28,0.06993144592821054,0.18382861345623625,0.9907235621521335,0.9554317548746518,0.07161120000000665,0.04988540600015767,44,2026,1.0669858238900547,0.08060130416711109,0.8933790356196604,0.9131213813620878,,,0.17068645640074212,0.24860853432282004,0.40816326530612246,0.1725417439703154
scratch_continue,9,29,0.06690248563583254,0.18393907897824527,0.9916512059369202,0.9526462395543176,0.08020782599987797,0.05657780100000309,44,2026,1.075647568629786,0.0776589613221304,0.8896984627386976,0.9114292545617412,,,0.16883116883116883,0.24907235621521337,0.41465677179962895,0.16743970315398887
scratch_continue,10,30,0.06547291081905647,0.18214117789957723,0.9907235621521335,0.9526462395543176,0.08862311099983344,0.06305038600021362,44,2026,1.0693570860588797,0.07616648167964526,0.8893013233394413,0.9110471466953648,,,0.16697588126159554,0.24443413729128013,0.41233766233766234,0.17625231910946196
scratch_continue,11,31,0.060144692095360434,0.18133573070535033,0.9925788497217068,0.947075208913649,0.09662863999983529,0.06878217800021957,44,2026,1.0640252989392762,0.07078494508475319,0.8884970356449039,0.9102129803413194,,,0.17207792207792208,0.25092764378478666,0.40538033395176254,0.17161410018552875
scratch_continue,12,32,0.06219485066038461,0.18638423025190912,0.9925788497217068,0.9526462395543176,0.1051046249999672,0.0752712779999456,44,2026,1.0758507048263448,0.07295335770864805,0.885423836791336,0.910439628979322,,,0.16883116883116883,0.23933209647495363,0.4179035250463822,0.17393320964749537
scratch_continue,13,33,0.05607730335848552,0.1736148539214169,0.9944341372912802,0.9526462395543176,0.11333773600017594,0.08152136899980178,44,2026,1.0673311580033082,0.06675061493851861,0.8836400502130024,0.9070541150154737,,,0.16465677179962895,0.25834879406307976,0.40584415584415584,0.17115027829313545
scratch_continue,14,34,0.05352597749064411,0.18014750819373793,0.9953617810760668,0.947075208913649,0.12160519799999747,0.0876659609998569,44,2026,1.0565757725849205,0.06409173521649332,0.884419698875751,0.9073507474186466,,,0.17393320964749537,0.24953617810760667,0.39935064935064934,0.17717996289424862
scratch_continue,15,35,0.05222787804896897,0.17082542383987612,0.9944341372912802,0.9554317548746518,0.12971758699995917,0.09326039699999455,44,2026,1.064176059199202,0.062869638640961,0.8805417099385433,0.9052694586005129,,,0.18320964749536178,0.25463821892393323,0.4007421150278293,0.1614100185528757
scratch_continue,16,36,0.05041262679225411,0.17929375670792916,0.9962894248608535,0.9415041782729805,0.13782956600016405,0.09925458299994716,44,2026,1.0650169768647637,0.06106279656090175,0.8792138367965461,0.9047461556203815,,,0.15306122448979592,0.25510204081632654,0.4067717996289425,0.18506493506493507
scratch_continue,17,37,0.04826205227248803,0.17160129610183675,0.9962894248608535,0.9498607242339833,0.14604829500012784,0.10534529399956227,44,2026,1.0735459048707814,0.05899751132119585,0.8744094628565371,0.9023191340334435,,,0.18645640074211503,0.25742115027829315,0.4067717996289425,0.14935064935064934
scratch_continue,18,38,0.046191524326037764,0.17243214089469014,0.9962894248608535,0.947075208913649,0.15407846100015377,0.11133216999951401,44,2026,1.052871449042264,0.056720238816460405,0.876961075720655,0.9018014079137163,,,0.17207792207792208,0.2560296846011132,0.3937847866419295,0.17810760667903525
scratch_continue,19,39,0.044704325339582664,0.1651186690419021,0.9972170686456401,0.9526462395543176,0.16223504600020533,0.11733892599932005,44,2026,1.0739180149569991,0.05544350548915265,0.8722900360676871,0.9010726129826472,,,0.16743970315398887,0.2569573283858998,0.41233766233766234,0.16326530612244897
scratch_continue,20,40,0.045016161276725974,0.19751634009776434,0.9953617810760668,0.9442896935933147,0.17222249299993564,0.12497396799926719,44,2026,1.0494256946124272,0.055510418222850244,0.8747677012908261,0.9004195358598188,0.07351618019135883,0.005612863835134787,0.1790352504638219,0.25185528756957326,0.39053803339517623,0.17857142857142858
scratch_continue,21,41,0.04244185341698771,0.16605158395449268,0.9962894248608535,0.9498607242339833,0.18685136300018712,0.13283645199908278,44,2026,1.0624647794616044,0.05306650121160375,0.8713588275046904,0.8998513892858137,,,0.17717996289424862,0.2564935064935065,0.400278293135436,0.1660482374768089
scratch_continue,22,42,0.039822618539277196,0.1650003649253313,0.9981447124304267,0.947075208913649,0.19702106400018238,0.14064202999907138,44,2026,1.0588756656795808,0.050411375196073006,0.8697537171836135,0.8981144666604134,,,0.18831168831168832,0.26205936920222633,0.39285714285714285,0.1567717996289425
scratch_continue,23,43,0.04031054775488561,0.16767756540097323,0.9962894248608535,0.9526462395543176,0.20661337699993965,0.14806009599897152,44,2026,1.0724608590910827,0.05103515634579643,0.8680880824531844,0.9000444292740174,,,0.1730055658627087,0.24397031539888683,0.4155844155844156,0.16743970315398887
scratch_continue,24,44,0.03665487740050867,0.16855906469520335,0.9990723562152134,0.9442896935933147,0.2167767279997861,0.15612112799863098,44,2026,1.0517901596956063,0.047172778997464734,0.8683311340287038,0.8967959582892672,,,0.1859925788497217,0.25834879406307976,0.3891465677179963,0.16651205936920221
scratch_continue,25,45,0.036157731772732724,0.1719916481865697,0.9990723562152134,0.9442896935933147,0.22689181599980657,0.16415857499896447,44,2026,1.0520745853194904,0.046678477625927625,0.8671674861891602,0.8967377377089648,,,0.18181818181818182,0.25092764378478666,0.39285714285714285,0.17439703153988867
scratch_continue,26,46,0.03552356969494299,0.16558353803639625,0.9981447124304267,0.9498607242339833,0.23608294599989676,0.17097720999890953,44,2026,1.0653928015686005,0.046177497710629,0.8630170252294622,0.895143141281347,,,0.17764378478664192,0.25742115027829315,0.40213358070500926,0.16280148423005567
scratch_continue,27,47,0.035169464719072854,0.17219902052786112,0.9981447124304267,0.9442896935933147,0.24465190199998688,0.17752037099899098,44,2026,1.0555565013485335,0.04572502973255819,0.8641690356031394,0.8959549962996336,,,0.18506493506493507,0.24768089053803338,0.3970315398886827,0.1702226345083488
scratch_continue,28,48,0.03249907219029694,0.2084031742053266,1.0,0.935933147632312,0.2536187450000398,0.1841703719992438,44,2026,1.048315831553463,0.042982230505831574,0.863315994350576,0.8936109401532486,,,0.18181818181818182,0.25788497217068646,0.3877551020408163,0.1725417439703154
scratch_continue,29,49,0.03071196411893834,0.1753451115394197,1.0,0.9415041782729805,0.26225205699984144,0.1903875529992547,44,2026,1.0524002247746005,0.04123596636668435,0.8625442736363904,0.8944825069555369,,,0.19155844155844157,0.2541743970315399,0.3919294990723562,0.16233766233766234
scratch_continue,30,50,0.0317374159319911,0.17024552380809185,0.9990723562152134,0.9442896935933147,0.27178807500013136,0.19750384599956305,44,2026,1.0510135810344508,0.042247551742335604,0.8605455586801553,0.8931807993280985,,,0.1813543599257885,0.25185528756957326,0.3910018552875696,0.17578849721706866
scratch_continue,31,51,0.029832591831460614,0.16565193334405134,1.0,0.9415041782729805,0.28081185400014874,0.20455462999962037,44,2026,1.0502736027697166,0.04033532785915778,0.858948087298516,0.8917033738796432,,,0.1841372912801484,0.2588126159554731,0.387291280148423,0.16975881261595546
scratch_continue,32,52,0.030210342920329043,0.167481866272418,0.9990723562152134,0.947075208913649,0.2946622039999056,0.21541863299989927,44,2026,1.0492898156970039,0.040703241077299085,0.8584642159670912,0.8921444534071691,,,0.19619666048237477,0.24953617810760667,0.38868274582560297,0.16558441558441558
scratch_continue,33,53,0.031164350378699857,0.1935968365223259,0.9981447124304267,0.9415041782729805,0.3030067730001065,0.2217982590000247,44,2026,1.0498687755260618,0.041663038133960474,0.8571796140116047,0.8911021982911261,,,0.17764378478664192,0.25092764378478666,0.39239332096474955,0.1790352504638219
scratch_continue,34,54,0.027834077843047825,0.16410407030153737,0.9990723562152134,0.947075208913649,0.3135366189999331,0.22992833999978757,44,2026,1.04761168272457,0.03831019467029353,0.8562091105962918,0.8901915601815381,,,0.19109461966604824,0.2527829313543599,0.3868274582560297,0.16929499072356216
scratch_continue,35,55,0.027588740141898768,0.18996354511072328,0.9990723562152134,0.9415041782729805,0.3233771049999632,0.23739374700016924,44,2026,1.045301603180782,0.03804175617370659,0.8551756581126577,0.8891316703306067,,,0.18738404452690166,0.2532467532467532,0.3849721706864564,0.17439703153988867
scratch_continue,36,56,0.02683066724962663,0.17030810484551784,0.9990723562152134,0.9415041782729805,0.3331796839997878,0.2448516830004337,44,2026,1.045629375854646,0.037286961008173095,0.8535850653586646,0.8878767821018139,,,0.19758812615955473,0.2560296846011132,0.38311688311688313,0.16326530612244897
scratch_continue,37,57,0.026969421746898408,0.16459593949848395,0.9990723562152134,0.9498607242339833,0.34436881100009487,0.25323687700074515,44,2026,1.0564123832313714,0.037533545579212124,0.8510725273731179,0.8879817223497166,,,0.17578849721706866,0.2564935064935065,0.3965677179962894,0.17115027829313545
scratch_continue,38,58,0.025555418134998852,0.19292096682239268,0.9990723562152134,0.9442896935933147,0.353418758999851,0.26029180800060203,44,2026,1.0463735463119257,0.03601915359811811,0.8521413368068,0.8880089552579871,,,0.18970315398886828,0.24907235621521337,0.387291280148423,0.17393320964749537
scratch_continue,39,59,0.023361005833239724,0.16310865722182485,1.0,0.9526462395543176,0.3620531920000758,0.26655706200062923,44,2026,1.05120579826957,0.033873063815935425,0.8495431945273068,0.8864195268897374,,,0.2017625231910946,0.2569573283858998,0.3877551020408163,0.15352504638218925
scratch_continue,40,60,0.02313305271111601,0.15822485389278004,1.0,0.9498607242339833,0.369862817000012,0.2723115980006696,44,2026,1.0563292916124836,0.033696345627240845,0.8471154811538874,0.8856459114142826,0.046305948983320064,0.005569446866074664,0.20269016697588127,0.25834879406307976,0.38961038961038963,0.14935064935064934
scratch_continue,41,61,0.02428078636329015,0.18653765409195855,0.9990723562152134,0.947075208913649,0.38193484600014926,0.27872795900066194,44,2026,1.0485996229549546,0.0347667825928397,0.8482859955159355,0.8860011183110439,,,0.18552875695732837,0.25185528756957326,0.39007421150278293,0.1725417439703154
scratch_continue,42,62,0.02173092535711871,0.21277006308322025,1.0,0.9415041782729805,0.38941153999985545,0.28439437300085046,44,2026,1.0416966699415446,0.03214789205653416,0.8471285525005993,0.8833598690690628,,,0.19851576994434136,0.25463821892393323,0.3812615955473098,0.16558441558441558
scratch_continue,43,63,0.022958705316392804,0.16505016248318655,1.0,0.9526462395543176,0.39818628400007583,0.2910894420006116,44,2026,1.049072885989298,0.033449434176285785,0.8450082124954003,0.8837304289387691,,,0.1841372912801484,0.25185528756957326,0.39007421150278293,0.17393320964749537
scratch_continue,44,64,0.02123284564573374,0.21387017340731684,1.0,0.9415041782729805,0.40660213999990447,0.2974316020004153,44,2026,1.0424830320046603,0.03165767596578034,0.8442479507067637,0.8812911765041767,,,0.2017625231910946,0.2564935064935065,0.3807977736549165,0.16094619666048238
scratch_continue,45,65,0.022756634001026666,0.16518964505279496,1.0,0.9498607242339833,0.41506092899999203,0.30361811700049657,44,2026,1.0558619615874634,0.0333152536169013,0.8429077482882714,0.8845486791462807,,,0.18042671614100186,0.24675324675324675,0.3979591836734694,0.174860853432282
scratch_continue,46,66,0.020052580197614165,0.21330809312822943,1.0,0.9387186629526463,0.42673344700006055,0.31184313600078895,44,2026,1.035806153892426,0.030410641736538423,0.8427418253131123,0.8792910874913732,,,0.1989795918367347,0.25510204081632654,0.3752319109461967,0.17068645640074212
scratch_continue,47,67,0.019679864910630722,0.1585143517993844,1.0,0.9526462395543176,0.4361433170001874,0.3187227430007624,44,2026,1.0494301751247865,0.03017416666187859,0.8412826933933683,0.8821182228781789,,,0.20686456400742115,0.24907235621521337,0.38821892393320967,0.15584415584415584
scratch_continue,48,68,0.019817166978819727,0.15730035665909314,1.0,0.9554317548746518,0.44586027600007583,0.32620686800100884,44,2026,1.0563110455592002,0.03038027743441173,0.8395081605679108,0.8822485348074915,,,0.20037105751391465,0.25185528756957326,0.3942486085343228,0.15352504638218925
scratch_continue,49,69,0.01915007337197829,0.21531285477029327,1.0,0.9415041782729805,0.4546311650001371,0.33280638400128737,44,2026,1.037139949189163,0.02952147286386992,0.8403014829726833,0.8788007313075357,,,0.19805194805194806,0.25185528756957326,0.37708719851576994,0.1730055658627087
scratch_continue,50,70,0.017590730593437402,0.1645148322981102,1.0,0.9498607242339833,0.46365823899986935,0.33973306200095976,44,2026,1.0421487371061444,0.028012217964498848,0.838455482986225,0.8785374266848461,,,0.2036178107606679,0.25463821892393323,0.37940630797773656,0.16233766233766234
scratch_continue,51,71,0.017704800191703837,0.16568284853682283,1.0,0.9498607242339833,0.47279224400017483,0.3462604190008278,44,2026,1.042903503518729,0.028133835226891127,0.8381390033484563,0.8794389844728093,,,0.19851576994434136,0.25,0.3826530612244898,0.16883116883116883
scratch_continue,52,72,0.017248665428658792,0.16143088224074184,1.0,0.9526462395543176,0.4822260079999978,0.3536174530008793,44,2026,1.0435455347603195,0.02768412077626199,0.8370439380792165,0.878492950913601,,,0.21103896103896103,0.25092764378478666,0.3803339517625232,0.15769944341372913
scratch_continue,53,73,0.016389131165754203,0.2164641797077195,1.0,0.9442896935933147,0.4928756300000714,0.3614348290007001,44,2026,1.0375171834574255,0.02676430300032846,0.8362213238211909,0.8762125696933242,,,0.20083487940630798,0.2527829313543599,0.37662337662337664,0.16975881261595546
scratch_continue,54,74,0.016599121398190125,0.16530776412506457,1.0,0.9498607242339833,0.5054045749998295,0.37097774800076877,44,2026,1.043826343295806,0.027037384831148183,0.8349616304794808,0.8771550476040835,,,0.20037105751391465,0.25139146567717996,0.38358070500927643,0.16465677179962895
scratch_continue,55,75,0.015505224559810042,0.2150473279724427,1.0,0.9442896935933147,0.5159371310001006,0.37878248500055633,44,2026,1.037902546099171,0.025884250020801754,0.8343536597102988,0.8752734005744609,,,0.2054730983302412,0.2537105751391466,0.37569573283859,0.16512059369202226
scratch_continue,56,76,0.016096499644454212,0.21899656010400811,1.0,0.9415041782729805,0.5271497979997548,0.3874489570002879,44,2026,1.0336338854082763,0.026432838498536976,0.8345785421202512,0.8751691962023657,,,0.20640074211502782,0.25,0.3738404452690167,0.16975881261595546
scratch_continue,57,77,0.016222939697593447,0.15950867599019045,1.0,0.9498607242339833,0.5386624869997831,0.39640338100025474,44,2026,1.0521020192076702,0.026743959889670148,0.8311011228799806,0.8766113455774888,,,0.19341372912801486,0.2527829313543599,0.3914656771799629,0.16233766233766234
scratch_continue,58,78,0.015758089523928678,0.2181567394697916,1.0,0.9387186629526463,0.5491768050001156,0.40442678700037504,44,2026,1.0342538691998526,0.026100628215927204,0.832666999109209,0.8742068611096819,,,0.20269016697588127,0.2523191094619666,0.3738404452690167,0.17115027829313545
scratch_continue,59,79,0.014988280429425882,0.1875432477155093,1.0,0.947075208913649,0.5587342949997947,0.41177630000038334,44,2026,1.0385355685111692,0.025373636114537572,0.8317971076089934,0.8751135793305155,,,0.20686456400742115,0.2481447124304267,0.37755102040816324,0.16743970315398887
scratch_continue,60,80,0.014955273343711257,0.21579848345829106,1.0,0.9442896935933147,0.5694361559999379,0.420075571000325,44,2026,1.0343806235081505,0.025299079578792762,0.8312527949197333,0.8738311255857155,0.0327348937868724,0.004779255045339862,0.20593692022263452,0.2481447124304267,0.3747680890538033,0.17115027829313545
scratch_continue,61,81,0.014469028019091197,0.20791019133929642,1.0,0.9498607242339833,0.5823047409999162,0.4269316420004543,44,2026,1.0328624474383383,0.02479765249347458,0.829283986613689,0.8713832446077723,,,0.20871985157699444,0.24953617810760667,0.37430426716141,0.16743970315398887
scratch_continue,62,82,0.014306099049951379,0.15300831977179621,1.0,0.9610027855153204,0.5908994549999989,0.4333661700002267,44,2026,1.044774404063888,0.02475384309059026,0.825880049662889,0.8717788369395407,,,0.19666048237476808,0.25092764378478666,0.3849721706864564,0.16743970315398887
scratch_continue,63,83,0.013865688585715831,0.18452061587029658,1.0,0.9554317548746518,0.6014513499999339,0.44144836300029056,44,2026,1.0343497377264068,0.0242091859629799,0.8272621956399748,0.8715483087142377,,,0.212430426716141,0.24582560296846012,0.3738404452690167,0.1679035250463822
scratch_continue,64,84,0.012938769120958909,0.15333508200067716,1.0,0.958217270194986,0.6102532849999989,0.44806492400039133,44,2026,1.03834792867969,0.02332224840775581,0.8249498230648992,0.8698468688623792,,,0.20871985157699444,0.2532467532467532,0.37708719851576994,0.16094619666048238
scratch_continue,65,85,0.013122009912356148,0.2095858532004878,1.0,0.9526462395543176,0.6191034829998898,0.45471761000044353,44,2026,1.0305561436119186,0.023427571348475333,0.8256759681026671,0.8691270532247152,,,0.20871985157699444,0.24907235621521337,0.3719851576994434,0.1702226345083488
scratch_continue,66,86,0.012612163495526777,0.20717910363061673,1.0,0.9526462395543176,0.62890458999982,0.46131017600009727,44,2026,1.0338759143942837,0.022950922639469615,0.8246682275144921,0.8691561852181104,,,0.20686456400742115,0.25185528756957326,0.37430426716141,0.16697588126159554
scratch_continue,67,87,0.01244424624343367,0.20860645082806362,1.0,0.9498607242339833,0.6371659930000533,0.46735060199989675,44,2026,1.0334352837211012,0.022778599080644682,0.8241629259632968,0.8691141499634837,,,0.2077922077922078,0.24860853432282004,0.37430426716141,0.16929499072356216
scratch_continue,68,88,0.012041838834003801,0.18167130807364798,1.0,0.9526462395543176,0.6463602079998054,0.47430739499986885,44,2026,1.0323421910633053,0.022365260744636854,0.8234425659735902,0.8683823535917993,,,0.21150278293135436,0.2481447124304267,0.37291280148423006,0.16743970315398887
scratch_continue,69,89,0.011591329313551781,0.18188276915916698,1.0,0.9554317548746518,0.654724195000199,0.48063742699969225,44,2026,1.0321333457583877,0.021912662771135658,0.822393507939663,0.8671401596108442,,,0.212430426716141,0.25139146567717996,0.3719851576994434,0.16419294990723562
scratch_continue,70,90,0.011648843159962351,0.1811293337579081,1.0,0.9526462395543176,0.6627800490000482,0.4865440119997402,44,2026,1.0328991788485358,0.02197783494844771,0.8222287258710157,0.8677993255203496,,,0.2082560296846011,0.2481447124304267,0.3747680890538033,0.16883116883116883
scratch_continue,71,91,0.011546766063136062,0.1727397608999375,1.0,0.9554317548746518,0.6709841970000525,0.49283859999968627,44,2026,1.0332140505226173,0.021878906568362236,0.8206502533425699,0.8660245332387565,,,0.22217068645640073,0.2504638218923933,0.37105751391465674,0.15630797773654917
scratch_continue,72,92,0.01148768445986658,0.21167786260016366,1.0,0.947075208913649,0.6797817249998843,0.4994335090000277,44,2026,1.0301814359237425,0.021789498819104004,0.8212908293916259,0.8670376045233106,,,0.21567717996289426,0.24211502782931354,0.37291280148423006,0.16929499072356216
scratch_continue,73,93,0.01112751400553255,0.2117669924332807,1.0,0.9498607242339833,0.6883761079998294,0.5057317720002175,44,2026,1.0297290184775145,0.021424804190307695,0.8205280910032512,0.8661604278483407,,,0.21753246753246752,0.24489795918367346,0.3719851576994434,0.16558441558441558
scratch_continue,74,94,0.015719501293463417,0.2120184440568299,0.9981447124304267,0.9498607242339833,0.6977748710000924,0.5129126910001105,44,2026,1.026937257697418,0.0259888738704376,0.8192458967761699,0.8641661144710978,,,0.21567717996289426,0.25,0.36641929499072357,0.1679035250463822
scratch_continue,75,95,0.01070622278786114,0.21040188202247478,1.0,0.947075208913649,0.7078564789999291,0.5206180889999814,44,2026,1.0305506005074119,0.02101172879293526,0.8172075916915985,0.863610166975451,,,0.2082560296846011,0.24953617810760667,0.37337662337662336,0.16883116883116883
scratch_continue,76,96,0.010520010976810053,0.2264465043517174,1.0,0.947075208913649,0.7167269070000657,0.5274057579999862,44,2026,1.0278988634278508,0.02079899961108856,0.8175183742791331,0.8640113200057854,,,0.22077922077922077,0.24489795918367346,0.3682745825602968,0.1660482374768089
scratch_continue,77,97,0.010107496542900059,0.22527885360968086,1.0,0.9498607242339833,0.7252157819998502,0.5338063250001142,44,2026,1.0267625360230481,0.02037512190313054,0.8165511686859127,0.8625971162009863,,,0.21567717996289426,0.24907235621521337,0.3673469387755102,0.1679035250463822
scratch_continue,78,98,0.012636731591084523,0.22170632077914412,0.9990723562152134,0.9526462395543176,0.734545831000105,0.5403057910002644,44,2026,1.0252922887084246,0.02288965447816877,0.8152960803003179,0.8617659766812341,,,0.22541743970315398,0.24397031539888683,0.36363636363636365,0.16697588126159554
scratch_continue,79,99,0.010332162800792171,0.22183921685933405,1.0,0.9526462395543176,0.7436003560001154,0.5472628840002471,44,2026,1.025184703161581,0.020584009832407983,0.8141677874776158,0.8608028712470364,,,0.2323747680890538,0.24304267161410018,0.3608534322820037,0.1637291280148423
scratch_continue,80,100,0.009784362543797907,0.19329868060686348,1.0,0.9526462395543176,0.7526563430001261,0.5535419090001596,44,2026,1.027057213628761,0.02005493468008552,0.8134987349231503,0.8613310938525983,0.004731696464809578,0.004406934999138356,0.22356215213358072,0.24165120593692022,0.3678107606679035,0.16697588126159554
