phase,epoch,global_epoch,train_ce,val_ce,train_accuracy,val_accuracy,elapsed_seconds,training_seconds,seed,split_seed,balance_loss,objective,router_entropy_normalized,selected_gate_entropy_normalized,task_router_grad_l2,aux_router_grad_l2,expert_0_assignment_share,expert_1_assignment_share,expert_2_assignment_share,expert_3_assignment_share
linear_pretrain,0,0,2.298791178350566,2.2978511116291425,0.10482374768089053,0.116991643454039,0.0005827850000059698,0.0,42,2026,,,,,,,,,,
linear_pretrain,1,1,1.5142829586377529,1.5312177480235312,0.87569573283859,0.8635097493036211,0.0026436419998390193,0.0017072850000658946,42,2026,,,,,,,,,,
linear_pretrain,2,2,1.0176949792274852,1.0411950771183938,0.8970315398886828,0.883008356545961,0.004317977000027895,0.003063844000280369,42,2026,,,,,,,,,,
linear_pretrain,3,3,0.7469286315460766,0.773127324199084,0.9128014842300557,0.9164345403899722,0.0059750770001301134,0.004344067000147334,42,2026,,,,,,,,,,
linear_pretrain,4,4,0.5937097523669649,0.6222533233692614,0.9267161410018553,0.9192200557103064,0.0075298629999451805,0.005635567999888735,42,2026,,,,,,,,,,
linear_pretrain,5,5,0.49961011117945014,0.5296241535027373,0.9276437847866419,0.9275766016713092,0.00912938600004054,0.006993607999902451,42,2026,,,,,,,,,,
linear_pretrain,6,6,0.43284252796046274,0.4646308722267099,0.935064935064935,0.9303621169916435,0.010546384999997827,0.008152359000177967,42,2026,,,,,,,,,,
linear_pretrain,7,7,0.38410802521830006,0.41726302936604437,0.9434137291280148,0.9331476323119777,0.012116173999856983,0.009487535000062053,42,2026,,,,,,,,,,
linear_pretrain,8,8,0.3477860543572932,0.3840135184923067,0.9461966604823747,0.9303621169916435,0.013818690999869432,0.010691562999909365,42,2026,,,,,,,,,,
linear_pretrain,9,9,0.31781491704996745,0.3545154112377532,0.948051948051948,0.9331476323119777,0.015593468000133726,0.012175662999652559,42,2026,,,,,,,,,,
linear_pretrain,10,10,0.293998759036337,0.3357085714073225,0.9499072356215214,0.9303621169916435,0.017218499000136944,0.01356306699972265,42,2026,,,,,,,,,,
linear_pretrain,11,11,0.273270951380615,0.31504062418250633,0.9545454545454546,0.9415041782729805,0.018806335000135732,0.014843840999674285,42,2026,,,,,,,,,,
linear_pretrain,12,12,0.25649162455067215,0.2998898105360197,0.9582560296846011,0.9442896935933147,0.020238666999830457,0.016044564999901922,42,2026,,,,,,,,,,
linear_pretrain,13,13,0.24145269564423383,0.2865563891548684,0.9582560296846011,0.9415041782729805,0.022013744000105362,0.017581393999535067,42,2026,,,,,,,,,,
linear_pretrain,14,14,0.22857260705254961,0.27629377240044667,0.9601113172541744,0.9442896935933147,0.02363092299992786,0.018931661999886273,42,2026,,,,,,,,,,
linear_pretrain,15,15,0.21723225050156822,0.26618782390872514,0.9628942486085343,0.935933147632312,0.025132740000117337,0.02020180099952995,42,2026,,,,,,,,,,
linear_pretrain,16,16,0.2071698766573333,0.25709820369523495,0.963821892393321,0.9442896935933147,0.026957682000102068,0.021659921999798826,42,2026,,,,,,,,,,
linear_pretrain,17,17,0.19796058265850822,0.2503986277087135,0.9656771799628943,0.9387186629526463,0.028578226999798062,0.022928077999949892,42,2026,,,,,,,,,,
linear_pretrain,18,18,0.19025555367191066,0.24129945907421382,0.9666048237476809,0.947075208913649,0.029977889999827312,0.024096112999814068,42,2026,,,,,,,,,,
linear_pretrain,19,19,0.18228439190311443,0.23705718961976507,0.9675324675324676,0.9387186629526463,0.031902410999919084,0.02578126499975042,42,2026,,,,,,,,,,
linear_pretrain,20,20,0.1754599154532549,0.23018700104294362,0.9721706864564007,0.9415041782729805,0.03350464799996189,0.027109990999633737,42,2026,,,,,,,,,,
scratch_pretrain,0,0,2.298580726871562,2.299035389313186,0.10482374768089053,0.09192200557103064,0.0012819359999411972,0.0,42,2026,1.1263217924278857,2.3098439447958405,0.991236538803306,0.9962115770129156,0.006450231336978372,0.014881163775297265,0.4805194805194805,0.025510204081632654,0.4911873840445269,0.0027829313543599257
scratch_pretrain,1,1,1.4233386154577243,1.4135243847333523,0.7458256029684601,0.7604456824512534,0.012569184999847494,0.0059068740001748665,42,2026,1.0916076664883467,1.4342546921226078,0.9858203787175859,0.980917541707914,,,0.1261595547309833,0.3042671614100185,0.474025974025974,0.09554730983302412
scratch_pretrain,2,2,0.8685174078132772,0.9220722571652266,0.839517625231911,0.8161559888579387,0.020251386999916576,0.011590833999889583,42,2026,1.1554320210633697,0.880071728023911,0.9632495933561898,0.9505720944050088,,,0.12987012987012986,0.2857142857142857,0.4846938775510204,0.09972170686456401
scratch_pretrain,3,3,0.6140414695474541,0.672328118340091,0.8877551020408163,0.8495821727019499,0.02822641900002054,0.017726302000028227,42,2026,1.1862226277098473,0.6259036958245525,0.9444984459522457,0.9294734569481236,,,0.1331168831168831,0.2727272727272727,0.48562152133580705,0.10853432282003711
scratch_pretrain,4,4,0.49657060921992613,0.5494720409584558,0.911873840445269,0.8857938718662952,0.03708051200010232,0.02453733500033195,42,2026,1.2200727223026424,0.5087713364429526,0.9222394705204779,0.9029565429836341,,,0.1414656771799629,0.2189239332096475,0.48886827458256027,0.1507421150278293
scratch_pretrain,5,5,0.4018088105436984,0.44892823245856417,0.922077922077922,0.8969359331476323,0.04729516899988084,0.03264405500021894,42,2026,1.2550562752683898,0.4143593732963823,0.9035983990241417,0.885999833102016,,,0.11178107606679036,0.27365491651205937,0.4893320964749536,0.12523191094619665
scratch_pretrain,6,6,0.3425761784770411,0.3904006515375803,0.937847866419295,0.9136490250696379,0.05679554200014536,0.0395505710002908,42,2026,1.2724900851763397,0.3553010793288045,0.8895268862505551,0.8719557146903821,,,0.10482374768089053,0.27411873840445267,0.4897959183673469,0.13126159554730985
scratch_pretrain,7,7,0.29971674180018554,0.3483737299760752,0.948051948051948,0.9220055710306406,0.06787452300022778,0.04819691800048531,42,2026,1.2723817544449836,0.3124405593446354,0.8834341054616672,0.8664962930450709,,,0.09740259740259741,0.26391465677179965,0.48794063079777367,0.1507421150278293
scratch_pretrain,8,8,0.27118449485291973,0.3259937711544911,0.9526901669758813,0.9136490250696379,0.07630079299997305,0.05453628200029925,42,2026,1.2919123194433115,0.28410361804735285,0.867895792741942,0.8511843197987168,,,0.11920222634508348,0.2597402597402597,0.48886827458256027,0.13218923933209648
scratch_pretrain,9,9,0.24083905823764,0.29832922191773126,0.961038961038961,0.9303621169916435,0.08726476599986199,0.06325644300022759,42,2026,1.2791206772605421,0.25363026501024544,0.8700923980852963,0.857413434617332,,,0.08302411873840446,0.27411873840445267,0.48330241187384043,0.15955473098330242
scratch_pretrain,10,10,0.22034905086641615,0.28042354588475416,0.9647495361781077,0.9275766016713092,0.09634012100013933,0.06999155300036364,42,2026,1.285721039467652,0.23320626126109267,0.8593078099908135,0.844713670785153,,,0.10018552875695733,0.25092764378478666,0.48330241187384043,0.16558441558441558
scratch_pretrain,11,11,0.1987360871713333,0.25860224391482606,0.9666048237476809,0.9303621169916435,0.10600086100021144,0.07720425500065176,42,2026,1.2860626193492146,0.21159671336482544,0.8583243060137594,0.8478066557621047,,,0.09693877551020408,0.2852504638218924,0.48237476808905383,0.13543599257884972
scratch_pretrain,12,12,0.18549712184566444,0.24412145861427972,0.9730983302411874,0.9331476323119777,0.11530195600016668,0.0839240110008177,42,2026,1.2946306763117366,0.1984434286087818,0.8490348718841542,0.8384744920327228,,,0.08302411873840446,0.2680890538033395,0.4819109461966605,0.16697588126159554
scratch_pretrain,13,13,0.17470466615455588,0.23914290841274755,0.9721706864564007,0.9387186629526463,0.12566485500019553,0.09199654900112364,42,2026,1.2795986014403422,0.1875006521689593,0.8524209624856133,0.8444457593780246,,,0.06771799628942486,0.27411873840445267,0.47634508348794063,0.18181818181818182
scratch_pretrain,14,14,0.16001262662506294,0.22370453189625403,0.9768089053803339,0.9387186629526463,0.13581092899994474,0.09987073900083487,42,2026,1.2815205024767264,0.1728278316498302,0.8480631603573253,0.841021276122299,,,0.07977736549165121,0.2894248608534323,0.475417439703154,0.1553803339517625
scratch_pretrain,15,15,0.1511043634963008,0.21464290202944647,0.9768089053803339,0.9442896935933147,0.14657678399998986,0.10823311300055138,42,2026,1.2636602156057433,0.16374096565235824,0.8515460917361332,0.8437801147392539,,,0.08116883116883117,0.2820037105751391,0.4712430426716141,0.16558441558441558
scratch_pretrain,16,16,0.14112636065301506,0.20310317630086752,0.9777365491651205,0.9387186629526463,0.1564196429999356,0.11595565600055124,42,2026,1.2803765828339362,0.15393012648135443,0.8414807251141548,0.8355014709902026,,,0.08116883116883117,0.28710575139146566,0.474025974025974,0.15769944341372913
scratch_pretrain,17,17,0.13389083162126666,0.2052371801326985,0.9833024118738405,0.9387186629526463,0.16654120000021067,0.1235293650006497,42,2026,1.266111550559055,0.1465519471268572,0.8435950758017626,0.8366196194219592,,,0.08070500927643785,0.274582560296846,0.47031539888682744,0.17439703153988867
scratch_pretrain,18,18,0.12345207535537621,0.19242678035222452,0.9823747680890538,0.9442896935933147,0.176164448000236,0.13055558100086273,42,2026,1.2721816714133878,0.13617389206951008,0.8407222127910325,0.8373111958145936,,,0.0728200371057514,0.2949907235621521,0.47031539888682744,0.161873840445269
scratch_pretrain,19,19,0.11849554907377084,0.1937361116091326,0.9860853432282004,0.9442896935933147,0.18537142200011658,0.13752609400125948,42,2026,1.2446064317815113,0.13094161339158594,0.845120231654401,0.8390853103179837,,,0.07838589981447125,0.2782931354359926,0.4605751391465677,0.18274582560296845
scratch_pretrain,20,20,0.11138465240429507,0.18265909796143215,0.9833024118738405,0.9442896935933147,0.19353043999990405,0.14370288400141362,42,2026,1.2747140296949047,0.12413179270124412,0.8331716945329958,0.8310582666149408,0.06278475079224084,0.009133423146244811,0.06957328385899815,0.2898886827458256,0.46938775510204084,0.17115027829313545
linear_continue,0,20,0.1754599154532549,0.23018700104294362,0.9721706864564007,0.9415041782729805,0.00037480299988601473,0.0,42,2026,,,,,,,,,,
linear_continue,1,21,0.1676505072457224,0.2251398897278031,0.9712430426716141,0.9442896935933147,0.0024868759996934386,0.0017367489999742247,42,2026,,,,,,,,,,
linear_continue,2,22,0.16048946622364887,0.2182660078130417,0.9730983302411874,0.9415041782729805,0.004522403999999369,0.0034702930001913046,42,2026,,,,,,,,,,
linear_continue,3,23,0.1542551759139228,0.2123679088306416,0.9749536178107606,0.9442896935933147,0.00594194699988293,0.004653491000226495,42,2026,,,,,,,,,,
linear_continue,4,24,0.148790736987287,0.20792510672318432,0.9758812615955473,0.9498607242339833,0.007970695000039996,0.006240535000415548,42,2026,,,,,,,,,,
linear_continue,5,25,0.14375854710508956,0.2039603006902516,0.9768089053803339,0.947075208913649,0.009674694999830535,0.0076318750002428715,42,2026,,,,,,,,,,
linear_continue,6,26,0.13909423182387545,0.19971849262475835,0.9768089053803339,0.9526462395543176,0.011348920999807888,0.008950766000452859,42,2026,,,,,,,,,,
linear_continue,7,27,0.13481928148777148,0.1953080764508525,0.9777365491651205,0.9526462395543176,0.012805598999875656,0.010155707000649272,42,2026,,,,,,,,,,
linear_continue,8,28,0.1309605603310323,0.19369575589695157,0.9777365491651205,0.9498607242339833,0.014322017999802483,0.011407358000724344,42,2026,,,,,,,,,,
linear_continue,9,29,0.12737333325572683,0.18893663476220707,0.9777365491651205,0.9526462395543176,0.015692115999627276,0.012551017000532738,42,2026,,,,,,,,,,
linear_continue,10,30,0.12389469982789601,0.18749484158576116,0.9805194805194806,0.9498607242339833,0.017318369999884453,0.013921577000473917,42,2026,,,,,,,,,,
linear_continue,11,31,0.1207761080732313,0.18604703483078508,0.9795918367346939,0.947075208913649,0.018815939999967668,0.015188781000233575,42,2026,,,,,,,,,,
linear_continue,12,32,0.11809592946570749,0.18196471763206276,0.9795918367346939,0.9526462395543176,0.02039123699978518,0.016512299000623898,42,2026,,,,,,,,,,
linear_continue,13,33,0.1148655392825284,0.18175892002134109,0.9795918367346939,0.9498607242339833,0.022067063999656966,0.01794981900093262,42,2026,,,,,,,,,,
linear_continue,14,34,0.11227513030482392,0.17854596924585808,0.9823747680890538,0.9498607242339833,0.023497654000038892,0.019149101000948576,42,2026,,,,,,,,,,
linear_continue,15,35,0.11028581574041368,0.17423451560549086,0.9805194805194806,0.9554317548746518,0.024919079000028432,0.020331417000761576,42,2026,,,,,,,,,,
linear_continue,16,36,0.10784802697510314,0.17694917552381975,0.9823747680890538,0.9526462395543176,0.02653236299966011,0.021609457000977272,42,2026,,,,,,,,,,
linear_continue,17,37,0.10519676952621608,0.17425189177762399,0.9823747680890538,0.9498607242339833,0.028654110999923432,0.023417554000843666,42,2026,,,,,,,,,,
linear_continue,18,38,0.10277757561852814,0.17049668756566194,0.9842300556586271,0.9526462395543176,0.030226152999603073,0.024750126000526507,42,2026,,,,,,,,,,
linear_continue,19,39,0.1006600910337392,0.1704122222391082,0.9842300556586271,0.9554317548746518,0.03200154099977226,0.026289649000318605,42,2026,,,,,,,,,,
linear_continue,20,40,0.09894219937744954,0.16854339107370753,0.9851576994434137,0.958217270194986,0.03372095399981845,0.027693418000126258,42,2026,,,,,,,,,,
linear_continue,21,41,0.09676065415934662,0.16662125835132247,0.9833024118738405,0.9526462395543176,0.035400857999775326,0.029046591000223998,42,2026,,,,,,,,,,
linear_continue,22,42,0.09501154750304168,0.16389260888048812,0.9851576994434137,0.9526462395543176,0.037146830999972735,0.03055504700023448,42,2026,,,,,,,,,,
linear_continue,23,43,0.09331583024923058,0.16515333557148607,0.9860853432282004,0.958217270194986,0.03886373099976481,0.032031375000315165,42,2026,,,,,,,,,,
linear_continue,24,44,0.09156751952397647,0.16371148541950098,0.9842300556586271,0.9498607242339833,0.040643434999765304,0.03357071800064659,42,2026,,,,,,,,,,
linear_continue,25,45,0.09074072775765052,0.1644219664375913,0.9879406307977736,0.9526462395543176,0.04258342899993295,0.03507570000056148,42,2026,,,,,,,,,,
linear_continue,26,46,0.08860897499700714,0.15924351683070678,0.9851576994434137,0.9526462395543176,0.04414566699961142,0.036357476000375755,42,2026,,,,,,,,,,
linear_continue,27,47,0.08701638168606618,0.16248824977415544,0.9888682745825603,0.9526462395543176,0.045907192999948165,0.037881475000631326,42,2026,,,,,,,,,,
linear_continue,28,48,0.08551390832039767,0.15661118311540365,0.9879406307977736,0.9554317548746518,0.04770946099961293,0.03931212500037873,42,2026,,,,,,,,,,
linear_continue,29,49,0.0838392528963775,0.1575688530412365,0.9897959183673469,0.9554317548746518,0.04920120199994926,0.04056787200033796,42,2026,,,,,,,,,,
linear_continue,30,50,0.08256987784668184,0.15553620419242065,0.9888682745825603,0.9554317548746518,0.05073884299963538,0.0418627980002384,42,2026,,,,,,,,,,
linear_continue,31,51,0.08131407230430111,0.15647970656716292,0.9888682745825603,0.9554317548746518,0.053518838999934815,0.04408342500028084,42,2026,,,,,,,,,,
linear_continue,32,52,0.08009716335919446,0.15642746645229966,0.9888682745825603,0.9554317548746518,0.05547601999978724,0.04568760500023927,42,2026,,,,,,,,,,
linear_continue,33,53,0.07872196465745847,0.1540612383977188,0.9897959183673469,0.9554317548746518,0.05715479199989204,0.04699131400047918,42,2026,,,,,,,,,,
linear_continue,34,54,0.07756557017525555,0.153422330158875,0.9888682745825603,0.9554317548746518,0.05894727499980945,0.04852933500069412,42,2026,,,,,,,,,,
linear_continue,35,55,0.07644157286572897,0.15206392179558922,0.9888682745825603,0.958217270194986,0.06062949299985121,0.04997268300030555,42,2026,,,,,,,,,,
linear_continue,36,56,0.07527065064513738,0.15160131305538552,0.9897959183673469,0.958217270194986,0.0627307199997631,0.05171491100009007,42,2026,,,,,,,,,,
linear_continue,37,57,0.07413317953494662,0.15147547502929457,0.9897959183673469,0.9610027855153204,0.06453863599972465,0.053166822000093816,42,2026,,,,,,,,,,
linear_continue,38,58,0.07312898297148943,0.14937406303569228,0.9907235621521335,0.9610027855153204,0.0663884450000296,0.05457838299980722,42,2026,,,,,,,,,,
linear_continue,39,59,0.0719767248772628,0.14943777733502914,0.9897959183673469,0.9610027855153204,0.06876740899997458,0.056707330999870464,42,2026,,,,,,,,,,
linear_continue,40,60,0.07099891418094363,0.150208746298205,0.9888682745825603,0.958217270194986,0.07061521499963419,0.05807441500019195,42,2026,,,,,,,,,,
linear_continue,41,61,0.06993961506563896,0.14823292058405468,0.9907235621521335,0.9610027855153204,0.07298374399988461,0.05999175600027229,42,2026,,,,,,,,,,
linear_continue,42,62,0.06896801469873698,0.14809623819781162,0.9916512059369202,0.9610027855153204,0.0749307090000002,0.06169541600002049,42,2026,,,,,,,,,,
linear_continue,43,63,0.06817890810832089,0.14622086593808536,0.9916512059369202,0.9610027855153204,0.07648843999959354,0.06298884899979384,42,2026,,,,,,,,,,
linear_continue,44,64,0.06715344952850759,0.1461136377602879,0.9916512059369202,0.9610027855153204,0.07863628699988112,0.06460542700006044,42,2026,,,,,,,,,,
linear_continue,45,65,0.0663702199280226,0.14667147596962168,0.9907235621521335,0.9610027855153204,0.08019359599984455,0.0658881439999277,42,2026,,,,,,,,,,
linear_continue,46,66,0.06544429407980508,0.1440869662341609,0.9925788497217068,0.9610027855153204,0.08171563299993068,0.06716423099987878,42,2026,,,,,,,,,,
linear_continue,47,67,0.0644715754415966,0.14555345363676664,0.9925788497217068,0.9610027855153204,0.08348929799967664,0.06865143599998191,42,2026,,,,,,,,,,
linear_continue,48,68,0.06376709456736288,0.14265174575796363,0.9916512059369202,0.9610027855153204,0.08492651699998532,0.06985429399992427,42,2026,,,,,,,,,,
linear_continue,49,69,0.06284386996181564,0.14424174583959976,0.9925788497217068,0.9610027855153204,0.0864292649998788,0.07109565900009329,42,2026,,,,,,,,,,
linear_continue,50,70,0.06208355060940073,0.14282134999404988,0.9925788497217068,0.9610027855153204,0.08835068199960006,0.07268421600019792,42,2026,,,,,,,,,,
linear_continue,51,71,0.06121789936830142,0.14203050489714897,0.9935064935064936,0.9610027855153204,0.08992615899978773,0.07395907199997964,42,2026,,,,,,,,,,
linear_continue,52,72,0.060435314371563444,0.14288471367032374,0.9935064935064936,0.9610027855153204,0.09158261799984757,0.07536432400002013,42,2026,,,,,,,,,,
linear_continue,53,73,0.05974975914346252,0.14295014218022406,0.9925788497217068,0.9610027855153204,0.0934194579999712,0.07691539500001454,42,2026,,,,,,,,,,
linear_continue,54,74,0.058897633759714726,0.1412508362046776,0.9944341372912802,0.9610027855153204,0.09538206699971852,0.07853772199996456,42,2026,,,,,,,,,,
linear_continue,55,75,0.05825775356583025,0.14124240705126384,0.9944341372912802,0.9610027855153204,0.09681643199974133,0.07974057999990691,42,2026,,,,,,,,,,
linear_continue,56,76,0.057554855251967595,0.14057431735865644,0.9953617810760668,0.9610027855153204,0.09887369299985949,0.0815540339999643,42,2026,,,,,,,,,,
linear_continue,57,77,0.05684661076119887,0.1397128244008522,0.9944341372912802,0.9610027855153204,0.1005162499996004,0.08286204900014127,42,2026,,,,,,,,,,
linear_continue,58,78,0.0562297934441071,0.1411444527999822,0.9944341372912802,0.9610027855153204,0.10214878299984775,0.08404724899992289,42,2026,,,,,,,,,,
linear_continue,59,79,0.05551192171305115,0.13847348789402758,0.9944341372912802,0.9610027855153204,0.1041546369997377,0.08568437899975834,42,2026,,,,,,,,,,
linear_continue,60,80,0.054834947401519174,0.13975819573887463,0.9953617810760668,0.9610027855153204,0.10571481099987068,0.08692921899955763,42,2026,,,,,,,,,,
linear_continue,61,81,0.05425759999713298,0.13556402452608599,0.9944341372912802,0.9610027855153204,0.10769635799988464,0.08850374499934333,42,2026,,,,,,,,,,
linear_continue,62,82,0.053562063926594704,0.1389967442924407,0.9953617810760668,0.9610027855153204,0.10943532099963704,0.08997542599945518,42,2026,,,,,,,,,,
linear_continue,63,83,0.05300466917819848,0.13847960951017707,0.9953617810760668,0.9610027855153204,0.11142944699986401,0.091640637999717,42,2026,,,,,,,,,,
linear_continue,64,84,0.052519856614051924,0.13346805027168238,0.9953617810760668,0.9610027855153204,0.11307988699991256,0.09294355599968185,42,2026,,,,,,,,,,
linear_continue,65,85,0.05178025171847778,0.13894151192983648,0.9953617810760668,0.9610027855153204,0.1149129309997079,0.09453730099994573,42,2026,,,,,,,,,,
linear_continue,66,86,0.05114116904465887,0.13778147734292656,0.9953617810760668,0.9610027855153204,0.11662204899994322,0.09601192599984643,42,2026,,,,,,,,,,
linear_continue,67,87,0.05067165656540843,0.13640066290107175,0.9953617810760668,0.9610027855153204,0.11827793699967515,0.0972663709999324,42,2026,,,,,,,,,,
linear_continue,68,88,0.05005164099412405,0.1351443667289314,0.9953617810760668,0.9610027855153204,0.11993401499967149,0.09868935900021825,42,2026,,,,,,,,,,
linear_continue,69,89,0.04944232336083016,0.13613605015512145,0.9953617810760668,0.9610027855153204,0.12157649299979312,0.09998040900018168,42,2026,,,,,,,,,,
linear_continue,70,90,0.048905193569120535,0.13527716388912575,0.9953617810760668,0.9610027855153204,0.12354792499991163,0.10145177999993393,42,2026,,,,,,,,,,
linear_continue,71,91,0.04840802499537754,0.13366036987379015,0.9953617810760668,0.9610027855153204,0.1250523849998899,0.10270851799987213,42,2026,,,,,,,,,,
linear_continue,72,92,0.0479078545069809,0.13556822963347576,0.9953617810760668,0.9610027855153204,0.12686545899987323,0.10427314899970952,42,2026,,,,,,,,,,
linear_continue,73,93,0.04739212354572952,0.13389359569960732,0.9953617810760668,0.9610027855153204,0.12963689299976977,0.10670657499986191,42,2026,,,,,,,,,,
linear_continue,74,94,0.04695019298051937,0.1335686052668957,0.9962894248608535,0.9610027855153204,0.13166096399982052,0.10845555300011256,42,2026,,,,,,,,,,
linear_continue,75,95,0.04645889544766392,0.13451613816240163,0.9953617810760668,0.9610027855153204,0.13330147899978328,0.10983234200011793,42,2026,,,,,,,,,,
linear_continue,76,96,0.0460098317382428,0.133583224808532,0.9962894248608535,0.9610027855153204,0.13521310099986295,0.11142359299992677,42,2026,,,,,,,,,,
linear_continue,77,97,0.0455049537942948,0.1318017092563576,0.9962894248608535,0.9610027855153204,0.13688144699972327,0.11285058699968431,42,2026,,,,,,,,,,
linear_continue,78,98,0.04508655760173009,0.13555668822342154,0.9953617810760668,0.9610027855153204,0.1382833339998797,0.11400231699963115,42,2026,,,,,,,,,,
linear_continue,79,99,0.044526015341702654,0.13136990810720556,0.9972170686456401,0.9610027855153204,0.14013466500000504,0.11549786399973527,42,2026,,,,,,,,,,
linear_continue,80,100,0.04405248762651332,0.13282804401816545,0.9962894248608535,0.9610027855153204,0.14170762799994918,0.11683384199977809,42,2026,,,,,,,,,,
moe_continue,0,20,0.1754599154532549,0.2301870010429436,0.9721706864564007,0.9415041782729805,0.0011411039999984496,0.0,42,2026,1.1263217924278857,0.18672313337753377,0.991236538803306,0.9962115770129156,4.380224808097283e-18,0.014881163775297263,0.4805194805194805,0.025510204081632654,0.4911873840445269,0.0027829313543599257
moe_continue,1,21,0.16416430595516485,0.22461326568444126,0.9693877551020408,0.9415041782729805,0.01353620800000499,0.006775650000236055,42,2026,1.0150377944754092,0.17431468389991894,0.9973058092131766,0.9979847604907314,,,0.3474025974025974,0.20269016697588127,0.33766233766233766,0.11224489795918367
moe_continue,2,22,0.15208428422922773,0.2101268502968764,0.9749536178107606,0.9415041782729805,0.022321025999644917,0.013630529000238312,42,2026,1.0071064222446318,0.16215534845167406,0.9972226722605471,0.9984443492714075,,,0.310760667903525,0.14888682745825602,0.23330241187384043,0.3070500927643785
moe_continue,3,23,0.13644737276289867,0.19859013682359689,0.9795918367346939,0.9442896935933147,0.03084109699966575,0.02016736999985369,42,2026,1.0058895090004154,0.14650626785290283,0.9965398929443235,0.997665585781557,,,0.16048237476808905,0.3232838589981447,0.2699443413729128,0.24628942486085342
moe_continue,4,24,0.1305161210052186,0.19090226505106028,0.9795918367346939,0.947075208913649,0.03945230499994068,0.026550260000021808,42,2026,1.0042889574645844,0.14055901057986442,0.9958002736319651,0.99656246876921,,,0.2537105751391466,0.2764378478664193,0.29081632653061223,0.1790352504638219
moe_continue,5,25,0.11939707443815195,0.18841576809890656,0.9805194805194806,0.947075208913649,0.047570251999786706,0.032541511000090395,42,2026,1.0048542218092875,0.12944561665624482,0.9947470543950788,0.9964316606571114,,,0.18228200371057515,0.2342300556586271,0.27782931354359924,0.30565862708719854
moe_continue,6,26,0.11654557444723652,0.18339415721985539,0.9833024118738405,0.9498607242339833,0.05529826299971319,0.03825272199992469,42,2026,1.0086740143975075,0.1266323145912116,0.992455121086159,0.9942377540342486,,,0.2653061224489796,0.2922077922077922,0.2857142857142857,0.1567717996289425
moe_continue,7,27,0.11359519104681405,0.16877471496774044,0.9777365491651205,0.9526462395543176,0.06383208499983084,0.04460927199988873,42,2026,1.0236287431108848,0.1238314784779229,0.9895017415853138,0.9932947600328492,,,0.19619666048237477,0.1391465677179963,0.300556586270872,0.36410018552875695
moe_continue,8,28,0.10918113071000439,0.16456564270868515,0.9842300556586271,0.9610027855153204,0.0720312329999615,0.05093889199997648,42,2026,1.0292901358387818,0.1194740320683922,0.9865395907040961,0.9881612096439768,,,0.32653061224489793,0.13821892393320964,0.3385899814471243,0.19666048237476808
moe_continue,9,29,0.0964458298331481,0.15829754237029212,0.9879406307977736,0.958217270194986,0.08091206599965517,0.057535973000085505,42,2026,1.0014601118111588,0.10646043095125969,0.9871524224836712,0.9908172663717014,,,0.23840445269016697,0.21985157699443414,0.27736549165120594,0.26437847866419295
moe_continue,10,30,0.0908872910273758,0.15285453785469644,0.987012987012987,0.958217270194986,0.0892978659999244,0.06376361900038319,42,2026,1.003514696099997,0.10092243798837577,0.9849324236314466,0.9886507031533912,,,0.2527829313543599,0.1971243042671614,0.275974025974026,0.27411873840445267
moe_continue,11,31,0.0865870831973708,0.15554893435781617,0.9897959183673469,0.9610027855153204,0.09931814099991243,0.0716627170004358,42,2026,1.0115104999806606,0.09670218819717741,0.9813500821791847,0.9841553416311755,,,0.2782931354359926,0.1813543599257885,0.3038033395176252,0.23654916512059368
moe_continue,12,32,0.08258426898758543,0.1483365148287509,0.9897959183673469,0.9637883008356546,0.10887461899983464,0.07851328900051158,42,2026,1.009794763019569,0.09268221661778112,0.979465475513152,0.9847836798222785,,,0.25092764378478666,0.1683673469387755,0.2782931354359926,0.30241187384044527
moe_continue,13,33,0.07847784826860062,0.14227303086702137,0.9925788497217068,0.9610027855153204,0.11855838799965568,0.08607116400025916,42,2026,1.0123122675643472,0.08860097094424409,0.9755331329445357,0.9787623838386035,,,0.27968460111317256,0.18831168831168832,0.30287569573283857,0.22912801484230055
moe_continue,14,34,0.07429205716480065,0.1383594495422331,0.9916512059369202,0.9637883008356546,0.1274966679998215,0.09303939300025377,42,2026,1.004884632540434,0.084340903490205,0.9748628900230437,0.9815468340953802,,,0.22959183673469388,0.2012987012987013,0.2750463821892393,0.2940630797773655
moe_continue,15,35,0.07176504359364452,0.13446960336820768,0.9925788497217068,0.9693593314763231,0.1364146869996148,0.09950506700033657,42,2026,1.0205001705249606,0.08197004529889412,0.9692660722832503,0.9737129777970616,,,0.2699443413729128,0.1572356215213358,0.32189239332096475,0.25092764378478666
moe_continue,16,36,0.06757061616470923,0.13406317966534156,0.9916512059369202,0.9665738161559888,0.14521227399973213,0.10636071600038122,42,2026,1.0127142601442012,0.07769775876615125,0.9675754204011408,0.9742799627885448,,,0.24304267161410018,0.18089053803339517,0.3167903525046382,0.2592764378478664
moe_continue,17,37,0.06469381980417074,0.12664754357409364,0.9944341372912802,0.9693593314763231,0.15416472499964584,0.11322356700020464,42,2026,1.0168275358668817,0.07486209516283956,0.9632724668847424,0.9700973057255341,,,0.2634508348794063,0.1572356215213358,0.30194805194805197,0.27736549165120594
moe_continue,18,38,0.061771598733879565,0.12441850384729872,0.9944341372912802,0.9693593314763231,0.16313434099993174,0.12032318399997166,42,2026,1.020368231544544,0.071975281049325,0.9588172110446912,0.9656490384990705,,,0.27365491651205937,0.15352504638218925,0.3047309833024119,0.2680890538033395
moe_continue,19,39,0.0586692103851473,0.12481301644631676,0.9944341372912802,0.9665738161559888,0.17190518899997187,0.12682313000004797,42,2026,1.025066645147152,0.06891987683661882,0.9550578099936704,0.9642628395669045,,,0.2694805194805195,0.14053803339517626,0.2987012987012987,0.2912801484230056
moe_continue,20,40,0.05651201969843278,0.1247245606031863,0.9953617810760668,0.9665738161559888,0.17996826399985366,0.132624425999893,42,2026,1.0146920538366035,0.06665894023679882,0.9537745615706507,0.9630980853853275,0.013806453171357392,0.0027983465995874823,0.2564935064935065,0.17717996289424862,0.30844155844155846,0.25788497217068646
moe_continue,21,41,0.05452098612414286,0.11790614015222468,0.9962894248608535,0.9693593314763231,0.1921043379998082,0.13875993399960862,42,2026,1.0152573655994193,0.06467355978013706,0.9495957326967926,0.9587297203348767,,,0.2694805194805195,0.17393320964749537,0.29730983302411873,0.2592764378478664
moe_continue,22,42,0.0506227531362496,0.12124878363245634,0.9953617810760668,0.9665738161559888,0.20075511499999266,0.1448764939996181,42,2026,1.0233927703602974,0.06085668083985257,0.9452030559414464,0.956682834475893,,,0.25139146567717996,0.15862708719851576,0.31910946196660483,0.27087198515769945
moe_continue,23,43,0.05101001575289477,0.12147064668499473,0.9953617810760668,0.9665738161559888,0.2083886839996012,0.15055142099936347,42,2026,1.0094220557378986,0.06110423631027376,0.9444494378625148,0.9558912071982412,,,0.2537105751391466,0.2017625231910946,0.300556586270872,0.24397031539888683
moe_continue,24,44,0.047939786377102285,0.12174130270368844,0.9962894248608535,0.9637883008356546,0.21689523399982136,0.15681975899951794,42,2026,1.0121296284254422,0.058061082661356705,0.9409021203909912,0.9539136816142423,,,0.2537105751391466,0.17764378478664192,0.2884972170686456,0.28014842300556586
moe_continue,25,45,0.04742938116555405,0.11321134719785662,0.9962894248608535,0.9721448467966574,0.22513710699968215,0.1632184319996668,42,2026,1.0277888451527775,0.05770726961708182,0.9337626782087131,0.9465824572894961,,,0.25463821892393323,0.16883116883116883,0.33116883116883117,0.2453617810760668
moe_continue,26,46,0.04478328952161639,0.11613383180621879,0.9981447124304267,0.9693593314763231,0.23663627999985692,0.17194440799994481,42,2026,1.0015676835865224,0.05479896635748162,0.9363655184187709,0.9517884568108299,,,0.24675324675324675,0.22820037105751392,0.2694805194805195,0.25556586270871984
moe_continue,27,47,0.04215782894948591,0.10691968476826813,0.9981447124304267,0.9721448467966574,0.24832014399999025,0.1812354469998354,42,2026,1.0206428842164805,0.052364257791650715,0.9282955024708487,0.9444199298782926,,,0.2588126159554731,0.16326530612244897,0.2982374768089054,0.27968460111317256
moe_continue,28,48,0.040961782037242336,0.1118286595546426,0.9981447124304267,0.9693593314763231,0.2603221769995798,0.1911071089998586,42,2026,1.014417273131472,0.05110595476855706,0.9265822878381824,0.9421623607077715,,,0.2602040816326531,0.1924860853432282,0.3038033395176252,0.2435064935064935
moe_continue,29,49,0.039148983316851745,0.10629670419917898,0.9981447124304267,0.9721448467966574,0.273896811999748,0.20144732499966267,42,2026,1.024070296353177,0.04938968628038351,0.9207040477974578,0.937444318507068,,,0.26669758812615957,0.1679035250463822,0.3102968460111317,0.25510204081632654
moe_continue,30,50,0.03818375383337974,0.11034778139700246,0.9981447124304267,0.9721448467966574,0.2828388569996605,0.20837051699936637,42,2026,1.0103300386451042,0.04828705421983078,0.9210210265479757,0.9391541416401289,,,0.2481447124304267,0.20083487940630798,0.29962894248608535,0.25139146567717996
moe_continue,31,51,0.037120967951443797,0.10238761393769813,0.9972170686456401,0.9749303621169917,0.2925556359996335,0.2153838039994298,42,2026,1.0241613754961392,0.047362581706405185,0.9145700418155586,0.9337239957042034,,,0.25834879406307976,0.16651205936920221,0.312152133580705,0.262987012987013
moe_continue,32,52,0.035961272478134014,0.10953773778748212,0.9981447124304267,0.9693593314763231,0.30133812099984425,0.22195233299908068,42,2026,1.0187521344442005,0.04614879382257602,0.9125791720720013,0.9314159176853639,,,0.26113172541743973,0.19202226345083487,0.30936920222634506,0.23747680890538034
moe_continue,33,53,0.03360739953416592,0.10620343579549833,0.9990723562152134,0.9721448467966574,0.3101685379997434,0.22849494299907747,42,2026,1.0187579068489354,0.04379497860265528,0.9103468927021017,0.9310202510744455,,,0.25742115027829315,0.18042671614100186,0.3051948051948052,0.2569573283858998
moe_continue,34,54,0.03339806591808438,0.10310577070701746,0.9981447124304267,0.9721448467966574,0.31952629299985347,0.23585865099903458,42,2026,1.017186916671002,0.0435699350847944,0.9082873108184685,0.929759281448285,,,0.2560296846011132,0.18320964749536178,0.3042671614100185,0.2564935064935065
moe_continue,35,55,0.03220022103799032,0.10369307086036238,0.9981447124304267,0.9721448467966574,0.32838222799955474,0.2425727489990095,42,2026,1.0188344762660644,0.042388565800650965,0.9043062830023507,0.9261347058343598,,,0.25742115027829315,0.18970315398886828,0.3102968460111317,0.24257884972170687
moe_continue,36,56,0.03148936630874047,0.10173800916545032,0.9990723562152134,0.9749303621169917,0.33739573099956033,0.2493131659989558,42,2026,1.020919883785848,0.04169856514659895,0.9004720249938646,0.9218738149130263,,,0.2657699443413729,0.20037105751391465,0.3098330241187384,0.22402597402597402
moe_continue,37,57,0.03024142668811581,0.10240157609356,0.9990723562152134,0.9749303621169917,0.34745266099980654,0.2565531129989722,42,2026,1.0197992051212856,0.040439418739328666,0.8980220505678358,0.9210996062447465,,,0.2569573283858998,0.2012987012987013,0.31307977736549164,0.22866419294990722
moe_continue,38,58,0.028075270304783646,0.10302434519971161,1.0,0.9749303621169917,0.35620556099956957,0.2633778669987805,42,2026,1.01117837976096,0.038187054102393245,0.898132199896698,0.92310750695287,,,0.2504638218923933,0.2017625231910946,0.2982374768089054,0.24953617810760667
moe_continue,39,59,0.028584071365762735,0.09373557435486554,0.9990723562152134,0.9805013927576601,0.3650134539998362,0.2700526959988565,42,2026,1.0291703116529316,0.038875774482292055,0.8896961424924196,0.9148697005423229,,,0.2717996289424861,0.16419294990723562,0.3047309833024119,0.2592764378478664
moe_continue,40,60,0.0264813253433545,0.10052755512842318,0.9990723562152134,0.9777158774373259,0.37426226999969003,0.2771504599986656,42,2026,1.013925020479726,0.03662057554815176,0.8917869990972987,0.9182323229529298,0.0093373843333874,0.002067198836821837,0.25463821892393323,0.19526901669758812,0.29916512059369205,0.25092764378478666
moe_continue,41,61,0.02545721682559697,0.09897757802147618,1.0,0.9777158774373259,0.3861337169996659,0.28352742199876957,42,2026,1.0176128699309044,0.03563334552490602,0.8876998265237441,0.914592820580014,,,0.2597402597402597,0.19294990723562153,0.3038033395176252,0.2435064935064935
moe_continue,42,62,0.026209105916491306,0.09442105588217233,0.9990723562152134,0.9805013927576601,0.39580175299988696,0.2909088219989826,42,2026,1.025378297969637,0.03646288889618768,0.8835226019525716,0.9111643581695833,,,0.26484230055658625,0.17578849721706866,0.30936920222634506,0.25
moe_continue,43,63,0.024388109230990374,0.0964258126778985,1.0,0.9805013927576601,0.4057914819995858,0.29830371199932415,42,2026,1.0152005461263538,0.03454011469225391,0.8837783417160804,0.912490700731742,,,0.25510204081632654,0.20454545454545456,0.30565862708719854,0.23469387755102042
moe_continue,44,64,0.02390270923210436,0.0947769340825544,0.9990723562152134,0.9777158774373259,0.416342383999563,0.306510602999424,42,2026,1.0176042842785404,0.034078752074889765,0.8808015984189889,0.9111623628676031,,,0.2504638218923933,0.18692022263450836,0.3047309833024119,0.25788497217068646
moe_continue,45,65,0.022776696563890805,0.09573381922348302,1.0,0.9777158774373259,0.4268252039996696,0.3145059749990651,42,2026,1.0165129172516887,0.03294182573640769,0.8789103588852039,0.9100459247942432,,,0.25185528756957326,0.18645640074211503,0.2987012987012987,0.262987012987013
moe_continue,46,66,0.021727999281528184,0.0923589058471699,1.0,0.9805013927576601,0.4372644379996018,0.3225422189989331,42,2026,1.0166335541137712,0.0318943348226659,0.8761154660990585,0.9082111411818086,,,0.24721706864564008,0.19480519480519481,0.3075139146567718,0.2504638218923933
moe_continue,47,67,0.02109575094173493,0.09565043324405063,1.0,0.9777158774373259,0.4477073879997988,0.3305705819989271,42,2026,1.01613304491068,0.031257081390841726,0.8734160691571582,0.9052255871420858,,,0.2588126159554731,0.18970315398886828,0.2945269016697588,0.2569573283858998
moe_continue,48,68,0.02078253187668858,0.09317896901060013,1.0,0.9805013927576601,0.45754980599986084,0.3379308599992328,42,2026,1.01447327763028,0.03092726465299138,0.8720313202831022,0.9047791336853501,,,0.25185528756957326,0.19851576994434136,0.300556586270872,0.24907235621521337
moe_continue,49,69,0.02022285851939721,0.09596020116016621,1.0,0.9777158774373259,0.4655629249996309,0.3437265979991935,42,2026,1.0147705900030484,0.030370564419427693,0.8694686653746322,0.9024792624436018,,,0.25463821892393323,0.20083487940630798,0.300556586270872,0.24397031539888683
moe_continue,50,70,0.019613460506387036,0.09256297742075671,1.0,0.9805013927576601,0.4728823719997308,0.349124738998853,42,2026,1.0140105661481371,0.02975356616786841,0.8673226208447828,0.9014751117964129,,,0.24907235621521337,0.2036178107606679,0.30287569573283857,0.24443413729128013
moe_continue,51,71,0.018963107344771225,0.0912516365507021,1.0,0.9777158774373259,0.48030551499959984,0.354785603999062,42,2026,1.015713153494795,0.029120238879719176,0.8648502979177705,0.9001891439148498,,,0.24860853432282004,0.19573283858998144,0.3014842300556586,0.2541743970315399
moe_continue,52,72,0.019370284309025654,0.09516144526730475,1.0,0.9777158774373259,0.4874430389995723,0.3600353609990634,42,2026,1.0117179671796395,0.029487463980822047,0.8617220130625723,0.896343400570645,,,0.26484230055658625,0.22820037105751392,0.29035250463821893,0.2166048237476809
moe_continue,53,73,0.019009857130065838,0.08782457922081827,1.0,0.9777158774373259,0.49791354099988894,0.3684964539993416,42,2026,1.0162610413699462,0.0291724675437653,0.8583660330506103,0.8956204383672497,,,0.24628942486085342,0.2147495361781076,0.310760667903525,0.22820037105751392
moe_continue,54,74,0.018434157456012405,0.08899162917134307,1.0,0.9805013927576601,0.5052768029995605,0.37398052299931805,42,2026,1.0130549419275294,0.0285647068752877,0.8566581390593465,0.8947312709248662,,,0.2435064935064935,0.21335807050092764,0.30565862708719854,0.23747680890538034
moe_continue,55,75,0.017696602948146633,0.09064309562440254,1.0,0.9805013927576601,0.5122270559995741,0.37915412599932097,42,2026,1.0137678139785296,0.027834281087931928,0.8544333551337384,0.8929135511416417,,,0.2537105751391466,0.1971243042671614,0.29313543599257885,0.2560296846011132
moe_continue,56,76,0.016966811063333226,0.09130109715476217,1.0,0.9805013927576601,0.5198283859999719,0.3846605099993212,42,2026,1.0138366133739407,0.027105177197072634,0.8519999902404509,0.890547962955475,,,0.2564935064935065,0.20500927643784786,0.29684601113172543,0.24165120593692022
moe_continue,57,77,0.01647788858815323,0.084447043062348,1.0,0.9805013927576601,0.5272182389999216,0.3901112799994735,42,2026,1.0177303985862687,0.02665519257401592,0.8497320248069788,0.8896667958843967,,,0.2453617810760668,0.20408163265306123,0.3112244897959184,0.23933209647495363
moe_continue,58,78,0.016124574854937148,0.08958343494555883,1.0,0.9805013927576601,0.5351730509996742,0.39611983799932204,42,2026,1.0169480588491813,0.02629405544342896,0.8472294567859917,0.8874183075803196,,,0.25139146567717996,0.2077922077922078,0.3079777365491651,0.23283858998144713
moe_continue,59,79,0.016986525229606586,0.08924440120961917,0.9990723562152134,0.9805013927576601,0.5426317169999493,0.4017471929992098,42,2026,1.0212622942734977,0.027199148172341564,0.8443221012528878,0.8850397980699328,,,0.2560296846011132,0.19387755102040816,0.30936920222634506,0.24072356215213359
moe_continue,60,80,0.01540345534929647,0.08800693795286682,1.0,0.9805013927576601,0.5500683409995872,0.4072865859993726,42,2026,1.0192445356805193,0.02559590070610166,0.8431372074868003,0.8849498303418255,0.0031821276551936744,0.0021464456216972265,0.25185528756957326,0.19155844155844157,0.3051948051948052,0.25139146567717996
moe_continue,61,81,0.016335060358356846,0.0852251059063326,0.9990723562152134,0.9832869080779945,0.5650040959999387,0.41473578299928704,42,2026,1.0208681047523924,0.02654374140588077,0.8405615395994311,0.8828163548001072,,,0.25139146567717996,0.19944341372912802,0.31261595547309834,0.23654916512059368
moe_continue,62,82,0.014742198312025584,0.08811618274355992,1.0,0.9805013927576601,0.5737203509997926,0.4213281979991734,42,2026,1.0179001488366992,0.024921199800392577,0.8393127407930465,0.8821673048650186,,,0.2537105751391466,0.19805194805194806,0.3033395176252319,0.24489795918367346
moe_continue,63,83,0.014204362263668483,0.08903814552046875,1.0,0.9805013927576601,0.5825734929999271,0.42765706699901784,42,2026,1.0191726756751376,0.02439608902041986,0.8376670638494421,0.8814855976356559,,,0.2564935064935065,0.18738404452690166,0.29591836734693877,0.2602040816326531
moe_continue,64,84,0.013966537726507008,0.08628802628952165,1.0,0.9805013927576601,0.5934064789998956,0.4351578669989067,42,2026,1.0177147834191262,0.02414368556069827,0.8363057637105785,0.8801522711860005,,,0.2541743970315399,0.19573283858998144,0.3010204081632653,0.24907235621521337
moe_continue,65,85,0.014839065847648752,0.08771487612122675,0.9990723562152134,0.9777158774373259,0.6036342759998661,0.4430819729986979,42,2026,1.0155855550118105,0.024994921397766857,0.8355119058035512,0.8817082834871216,,,0.24211502782931354,0.19480519480519481,0.29684601113172543,0.2662337662337662
moe_continue,66,86,0.014765420043491849,0.08989727962094152,1.0,0.9805013927576601,0.6139279319995694,0.4508129589989949,42,2026,1.023461853132906,0.02500003857482091,0.8301936486841831,0.8745487233487181,,,0.26484230055658625,0.18970315398886828,0.3042671614100185,0.24118738404452691
moe_continue,67,87,0.013382956688053296,0.08607275014317241,1.0,0.9777158774373259,0.6224918389998493,0.4571182719987519,42,2026,1.0137697181660061,0.02352065386971336,0.8310779254373698,0.8772944712480227,,,0.24443413729128013,0.20871985157699444,0.30194805194805197,0.24489795918367346
moe_continue,68,88,0.013545247984345315,0.08549089909276032,0.9990723562152134,0.9832869080779945,0.6327394749996529,0.4646169189986722,42,2026,1.0217956958104266,0.02376320494244958,0.8268825170705518,0.8738702323925635,,,0.2481447124304267,0.19202226345083487,0.3102968460111317,0.24953617810760667
moe_continue,69,89,0.012376585728435426,0.08878651137569839,1.0,0.9777158774373259,0.6434346039995944,0.47292310799866755,42,2026,1.0155237786661189,0.022531823515096614,0.8270415375891225,0.8742869050721306,,,0.24907235621521337,0.19619666048237477,0.2945269016697588,0.2602040816326531
moe_continue,70,90,0.012854589548503227,0.0880935172277362,1.0,0.9805013927576601,0.655149634999816,0.48221967599874915,42,2026,1.0206488319236142,0.02306107786773937,0.8237096504371807,0.8711194671540635,,,0.2527829313543599,0.19109461966604824,0.3038033395176252,0.2523191094619666
moe_continue,71,91,0.011761583342929774,0.08833098769467285,1.0,0.9777158774373259,0.6659298859999581,0.4906467119985791,42,2026,1.0138175073551583,0.021899758416481355,0.8242854448063329,0.8723563379846447,,,0.24675324675324675,0.2012987012987013,0.29359925788497215,0.25834879406307976
moe_continue,72,92,0.01177781640713715,0.08852393121381066,1.0,0.9777158774373259,0.6765408789997309,0.498894844998631,42,2026,1.017420517744609,0.021952021584583238,0.8214384293446093,0.8696817754851787,,,0.24907235621521337,0.19990723562152132,0.3014842300556586,0.24953617810760667
moe_continue,73,93,0.011284024163890322,0.08786552807042375,1.0,0.9805013927576601,0.686741444999825,0.5067041189986412,42,2026,1.0176613772663228,0.021460637936553548,0.8198447323059223,0.8686964871616083,,,0.2527829313543599,0.19387755102040816,0.29684601113172543,0.2564935064935065
moe_continue,74,94,0.01245986726349323,0.08608288682975962,0.9990723562152134,0.9777158774373259,0.6970188359996428,0.5145588709983713,42,2026,1.0188708893488758,0.022648576156981987,0.8173295448257366,0.8670949087214859,,,0.24072356215213359,0.20500927643784786,0.310760667903525,0.2435064935064935
moe_continue,75,95,0.012107796231715434,0.08884441741475713,0.9990723562152134,0.9777158774373259,0.707171279999784,0.5223824859981505,42,2026,1.0149685584501837,0.02225748181621727,0.8177311029775016,0.8683263650712109,,,0.25092764378478666,0.19341372912801486,0.2857142857142857,0.2699443413729128
moe_continue,76,96,0.011074218352330146,0.08629737069528752,1.0,0.9805013927576601,0.7173086599996168,0.5301690649980628,42,2026,1.0154887470468494,0.02122910582279864,0.8150738604597245,0.8656293714604169,,,0.24397031539888683,0.20593692022263452,0.30241187384044527,0.24768089053803338
moe_continue,77,97,0.010809821736638721,0.0885502460446282,1.0,0.9805013927576601,0.7276026169997749,0.538073250997968,42,2026,1.0123624303535546,0.020933446040174268,0.8146293747504448,0.8655259641865067,,,0.2453617810760668,0.20871985157699444,0.2949907235621521,0.25092764378478666
moe_continue,78,98,0.010211866602699151,0.08932355699591259,1.0,0.9777158774373259,0.7379748099997414,0.5460134709978774,42,2026,1.0167482235523504,0.020379348838222656,0.8118569848819772,0.8629871123551602,,,0.25185528756957326,0.19619666048237477,0.2949907235621521,0.2569573283858998
moe_continue,79,99,0.011103765199844488,0.08480047487899961,0.9990723562152134,0.9777158774373259,0.7482968989997971,0.5539629349977986,42,2026,1.015871819094755,0.02126248339079204,0.8108865768570203,0.8635783635513371,,,0.23840445269016697,0.20222634508348794,0.3038033395176252,0.25556586270871984
moe_continue,80,100,0.010105489448223058,0.0868185433818701,1.0,0.9805013927576601,0.7587799689999883,0.5620332999978928,42,2026,1.0183876608143854,0.020289366056366914,0.8078649994775922,0.8598570621530696,0.0028394972032484045,0.0018512159658749183,0.2523191094619666,0.2012987012987013,0.3010204081632653,0.2453617810760668
linear_mac_matched,0,20,0.1754599154532549,0.23018700104294362,0.9721706864564007,0.9415041782729805,0.00034800299999915296,0.0,42,2026,,,,,,,,,,
linear_mac_matched,1,21,0.1676505072457224,0.2251398897278031,0.9712430426716141,0.9442896935933147,0.0025428409999221913,0.00167682999972385,42,2026,,,,,,,,,,
linear_mac_matched,2,22,0.16048946622364887,0.2182660078130417,0.9730983302411874,0.9415041782729805,0.0044965060001231905,0.0032793779996609373,42,2026,,,,,,,,,,
linear_mac_matched,3,23,0.1542551759139228,0.2123679088306416,0.9749536178107606,0.9442896935933147,0.006056440000065777,0.004593801999362768,42,2026,,,,,,,,,,
linear_mac_matched,4,24,0.148790736987287,0.20792510672318432,0.9758812615955473,0.9498607242339833,0.007716363999861642,0.005853133999607962,42,2026,,,,,,,,,,
linear_mac_matched,5,25,0.14375854710508956,0.2039603006902516,0.9768089053803339,0.947075208913649,0.009257389000140392,0.007059035999645857,42,2026,,,,,,,,,,
linear_mac_matched,6,26,0.13909423182387545,0.19971849262475835,0.9768089053803339,0.9526462395543176,0.010906776999945578,0.008468423999602237,42,2026,,,,,,,,,,
linear_mac_matched,7,27,0.13481928148777148,0.1953080764508525,0.9777365491651205,0.9526462395543176,0.012579140000070765,0.009789188000013382,42,2026,,,,,,,,,,
linear_mac_matched,8,28,0.1309605603310323,0.19369575589695157,0.9777365491651205,0.9498607242339833,0.01402255899984084,0.010994098000082886,42,2026,,,,,,,,,,
linear_mac_matched,9,29,0.12737333325572683,0.18893663476220707,0.9777365491651205,0.9526462395543176,0.016344842999842513,0.012900097000056121,42,2026,,,,,,,,,,
linear_mac_matched,10,30,0.12389469982789601,0.18749484158576116,0.9805194805194806,0.9498607242339833,0.019686994000039704,0.01573222099978011,42,2026,,,,,,,,,,
linear_mac_matched,11,31,0.1207761080732313,0.18604703483078508,0.9795918367346939,0.947075208913649,0.022297315999821876,0.017785376000119868,42,2026,,,,,,,,,,
linear_mac_matched,12,32,0.11809592946570749,0.18196471763206276,0.9795918367346939,0.9526462395543176,0.024888228999770945,0.02011649899986878,42,2026,,,,,,,,,,
linear_mac_matched,13,33,0.1148655392825284,0.18175892002134109,0.9795918367346939,0.9498607242339833,0.027324027999839018,0.02209574300013628,42,2026,,,,,,,,,,
linear_mac_matched,14,34,0.11227513030482392,0.17854596924585808,0.9823747680890538,0.9498607242339833,0.029755892000139283,0.024142247999861866,42,2026,,,,,,,,,,
linear_mac_matched,15,35,0.11028581574041368,0.17423451560549086,0.9805194805194806,0.9554317548746518,0.03196920699974726,0.025990293999711866,42,2026,,,,,,,,,,
linear_mac_matched,16,36,0.10784802697510314,0.17694917552381975,0.9823747680890538,0.9526462395543176,0.0346263699998417,0.028281226999752107,42,2026,,,,,,,,,,
linear_mac_matched,17,37,0.10519676952621608,0.17425189177762399,0.9823747680890538,0.9498607242339833,0.03709215399976529,0.03001029499955621,42,2026,,,,,,,,,,
linear_mac_matched,18,38,0.10277757561852814,0.17049668756566194,0.9842300556586271,0.9526462395543176,0.03972121500009962,0.032020013999954244,42,2026,,,,,,,,,,
linear_mac_matched,19,39,0.1006600910337392,0.1704122222391082,0.9842300556586271,0.9554317548746518,0.041740578999906575,0.033649401999809925,42,2026,,,,,,,,,,
linear_mac_matched,20,40,0.09894219937744954,0.16854339107370753,0.9851576994434137,0.958217270194986,0.044928924000032566,0.036082872999941173,42,2026,,,,,,,,,,
linear_mac_matched,21,41,0.09676065415934662,0.16662125835132247,0.9833024118738405,0.9526462395543176,0.04828390500006208,0.038722528999642236,42,2026,,,,,,,,,,
linear_mac_matched,22,42,0.09501154750304168,0.16389260888048812,0.9851576994434137,0.9526462395543176,0.05156063799995536,0.04132983599947693,42,2026,,,,,,,,,,
linear_mac_matched,23,43,0.09331583024923058,0.16515333557148607,0.9860853432282004,0.958217270194986,0.05384966700012228,0.04306721599914454,42,2026,,,,,,,,,,
linear_mac_matched,24,44,0.09156751952397647,0.16371148541950098,0.9842300556586271,0.9498607242339833,0.05641454099986731,0.04515937899941491,42,2026,,,,,,,,,,
linear_mac_matched,25,45,0.09074072775765052,0.1644219664375913,0.9879406307977736,0.9526462395543176,0.05897461699987616,0.04713591899962921,42,2026,,,,,,,,,,
linear_mac_matched,26,46,0.08860897499700714,0.15924351683070678,0.9851576994434137,0.9526462395543176,0.06102746099986689,0.04882605799957673,42,2026,,,,,,,,,,
linear_mac_matched,27,47,0.08701638168606618,0.16248824977415544,0.9888682745825603,0.9526462395543176,0.06394797899974947,0.05148286999974516,42,2026,,,,,,,,,,
linear_mac_matched,28,48,0.08551390832039767,0.15661118311540365,0.9879406307977736,0.9554317548746518,0.06573549499989895,0.05298350399971241,42,2026,,,,,,,,,,
linear_mac_matched,29,49,0.0838392528963775,0.1575688530412365,0.9897959183673469,0.9554317548746518,0.06805781399998523,0.054925292000007175,42,2026,,,,,,,,,,
linear_mac_matched,30,50,0.08256987784668184,0.15553620419242065,0.9888682745825603,0.9554317548746518,0.07033103000003393,0.056878475999837974,42,2026,,,,,,,,,,
linear_mac_matched,31,51,0.08131407230430111,0.15647970656716292,0.9888682745825603,0.9554317548746518,0.07274770999993052,0.05876045400009389,42,2026,,,,,,,,,,
linear_mac_matched,32,52,0.08009716335919446,0.15642746645229966,0.9888682745825603,0.9554317548746518,0.07478716500008886,0.06042174000049272,42,2026,,,,,,,,,,
linear_mac_matched,33,53,0.07872196465745847,0.1540612383977188,0.9897959183673469,0.9554317548746518,0.07720841299988024,0.06251644800022405,42,2026,,,,,,,,,,
linear_mac_matched,34,54,0.07756557017525555,0.153422330158875,0.9888682745825603,0.9554317548746518,0.07961729199996626,0.06442497500029276,42,2026,,,,,,,,,,
linear_mac_matched,35,55,0.07644157286572897,0.15206392179558922,0.9888682745825603,0.958217270194986,0.08200941599989164,0.06630675200040059,42,2026,,,,,,,,,,
linear_mac_matched,36,56,0.07527065064513738,0.15160131305538552,0.9897959183673469,0.958217270194986,0.0847741299999143,0.06873109400066824,42,2026,,,,,,,,,,
linear_mac_matched,37,57,0.07413317953494662,0.15147547502929457,0.9897959183673469,0.9610027855153204,0.08732133700004852,0.07080881600040811,42,2026,,,,,,,,,,
linear_mac_matched,38,58,0.07312898297148943,0.14937406303569228,0.9907235621521335,0.9610027855153204,0.09053497500008234,0.07355074500037517,42,2026,,,,,,,,,,
linear_mac_matched,39,59,0.0719767248772628,0.14943777733502914,0.9897959183673469,0.9610027855153204,0.09285104399987176,0.07543509600009202,42,2026,,,,,,,,,,
linear_mac_matched,40,60,0.07099891418094363,0.150208746298205,0.9888682745825603,0.958217270194986,0.09475604599992948,0.07705125400025281,42,2026,,,,,,,,,,
linear_mac_matched,41,61,0.06993961506563896,0.14823292058405468,0.9907235621521335,0.9610027855153204,0.09714873099983379,0.07908422800028347,42,2026,,,,,,,,,,
linear_mac_matched,42,62,0.06896801469873698,0.14809623819781162,0.9916512059369202,0.9610027855153204,0.09904575200016552,0.08052959999986342,42,2026,,,,,,,,,,
linear_mac_matched,43,63,0.06817890810832089,0.14622086593808536,0.9916512059369202,0.9610027855153204,0.10137949799991475,0.08236267399979624,42,2026,,,,,,,,,,
linear_mac_matched,44,64,0.06715344952850759,0.1461136377602879,0.9916512059369202,0.9610027855153204,0.10524028899999394,0.08438249899973016,42,2026,,,,,,,,,,
linear_mac_matched,45,65,0.0663702199280226,0.14667147596962168,0.9907235621521335,0.9610027855153204,0.1075977509999575,0.08634950499981642,42,2026,,,,,,,,,,
linear_mac_matched,46,66,0.06544429407980508,0.1440869662341609,0.9925788497217068,0.9610027855153204,0.10972184199999901,0.08799615999987509,42,2026,,,,,,,,,,
linear_mac_matched,47,67,0.0644715754415966,0.14555345363676664,0.9925788497217068,0.9610027855153204,0.11208257899988894,0.08995288899996012,42,2026,,,,,,,,,,
linear_mac_matched,48,68,0.06376709456736288,0.14265174575796363,0.9916512059369202,0.9610027855153204,0.114011827000013,0.09151809100012542,42,2026,,,,,,,,,,
linear_mac_matched,49,69,0.06284386996181564,0.14424174583959976,0.9925788497217068,0.9610027855153204,0.11656495299985181,0.09374826200019015,42,2026,,,,,,,,,,
linear_mac_matched,50,70,0.06208355060940073,0.14282134999404988,0.9925788497217068,0.9610027855153204,0.11870675099999062,0.09553976400002284,42,2026,,,,,,,,,,
linear_mac_matched,51,71,0.06121789936830142,0.14203050489714897,0.9935064935064936,0.9610027855153204,0.12079061199983698,0.09722956299992802,42,2026,,,,,,,,,,
linear_mac_matched,52,72,0.060435314371563444,0.14288471367032374,0.9935064935064936,0.9610027855153204,0.12288946599983319,0.09885908100022789,42,2026,,,,,,,,,,
linear_mac_matched,53,73,0.05974975914346252,0.14295014218022406,0.9925788497217068,0.9610027855153204,0.12527219599996897,0.10087874600048963,42,2026,,,,,,,,,,
linear_mac_matched,54,74,0.058897633759714726,0.1412508362046776,0.9944341372912802,0.9610027855153204,0.12744095400012156,0.10251997200066398,42,2026,,,,,,,,,,
linear_mac_matched,55,75,0.05825775356583025,0.14124240705126384,0.9944341372912802,0.9610027855153204,0.12947963699980392,0.10431209400076114,42,2026,,,,,,,,,,
linear_mac_matched,56,76,0.057554855251967595,0.14057431735865644,0.9953617810760668,0.9610027855153204,0.13217824200000905,0.10659077800119121,42,2026,,,,,,,,,,
linear_mac_matched,57,77,0.05684661076119887,0.1397128244008522,0.9944341372912802,0.9610027855153204,0.1344423430000461,0.10846048800158314,42,2026,,,,,,,,,,
linear_mac_matched,58,78,0.0562297934441071,0.1411444527999822,0.9944341372912802,0.9610027855153204,0.13665297499983353,0.11029204000169557,42,2026,,,,,,,,,,
linear_mac_matched,59,79,0.05551192171305115,0.13847348789402758,0.9944341372912802,0.9610027855153204,0.1387246879999111,0.1120632320016739,42,2026,,,,,,,,,,
linear_mac_matched,60,80,0.054834947401519174,0.13975819573887463,0.9953617810760668,0.9610027855153204,0.14093228399997315,0.11374041100179966,42,2026,,,,,,,,,,
linear_mac_matched,61,81,0.05425759999713298,0.13556402452608599,0.9944341372912802,0.9610027855153204,0.14371115999983886,0.1160467060017254,42,2026,,,,,,,,,,
linear_mac_matched,62,82,0.053562063926594704,0.1389967442924407,0.9953617810760668,0.9610027855153204,0.14621337900007347,0.11781868800153461,42,2026,,,,,,,,,,
linear_mac_matched,63,83,0.05300466917819848,0.13847960951017707,0.9953617810760668,0.9610027855153204,0.14837416499995015,0.11965940300115108,42,2026,,,,,,,,,,
linear_mac_matched,64,84,0.052519856614051924,0.13346805027168238,0.9953617810760668,0.9610027855153204,0.15039678399989498,0.12126898100086692,42,2026,,,,,,,,,,
linear_mac_matched,65,85,0.05178025171847778,0.13894151192983648,0.9953617810760668,0.9610027855153204,0.15265764100013257,0.12312671200106706,42,2026,,,,,,,,,,
linear_mac_matched,66,86,0.05114116904465887,0.13778147734292656,0.9953617810760668,0.9610027855153204,0.1548333900000216,0.1247055740009273,42,2026,,,,,,,,,,
linear_mac_matched,67,87,0.05067165656540843,0.13640066290107175,0.9953617810760668,0.9610027855153204,0.15680672500002402,0.1262960330009264,42,2026,,,,,,,,,,
linear_mac_matched,68,88,0.05005164099412405,0.1351443667289314,0.9953617810760668,0.9610027855153204,0.1591660399999455,0.12826406000067436,42,2026,,,,,,,,,,
linear_mac_matched,69,89,0.04944232336083016,0.13613605015512145,0.9953617810760668,0.9610027855153204,0.1606936550001592,0.12953039300055025,42,2026,,,,,,,,,,
linear_mac_matched,70,90,0.048905193569120535,0.13527716388912575,0.9953617810760668,0.9610027855153204,0.16279312899996512,0.13126036200083036,42,2026,,,,,,,,,,
linear_mac_matched,71,91,0.04840802499537754,0.13366036987379015,0.9953617810760668,0.9610027855153204,0.16458419999980833,0.13276365000092483,42,2026,,,,,,,,,,
linear_mac_matched,72,92,0.0479078545069809,0.13556822963347576,0.9953617810760668,0.9610027855153204,0.16635304700002962,0.1341654960010601,42,2026,,,,,,,,,,
linear_mac_matched,73,93,0.04739212354572952,0.13389359569960732,0.9953617810760668,0.9610027855153204,0.16861701900006665,0.13613639700088243,42,2026,,,,,,,,,,
linear_mac_matched,74,94,0.04695019298051937,0.1335686052668957,0.9962894248608535,0.9610027855153204,0.17074796099996092,0.1378518640008224,42,2026,,,,,,,,,,
linear_mac_matched,75,95,0.04645889544766392,0.13451613816240163,0.9953617810760668,0.9610027855153204,0.172950690000107,0.13968118300044807,42,2026,,,,,,,,,,
linear_mac_matched,76,96,0.0460098317382428,0.133583224808532,0.9962894248608535,0.9610027855153204,0.17552767200004382,0.14183662100003858,42,2026,,,,,,,,,,
linear_mac_matched,77,97,0.0455049537942948,0.1318017092563576,0.9962894248608535,0.9610027855153204,0.17765848299995923,0.14367248999997173,42,2026,,,,,,,,,,
linear_mac_matched,78,98,0.04508655760173009,0.13555668822342154,0.9953617810760668,0.9610027855153204,0.17979367099997035,0.14554667599986715,42,2026,,,,,,,,,,
linear_mac_matched,79,99,0.044526015341702654,0.13136990810720556,0.9972170686456401,0.9610027855153204,0.18149808199996187,0.14690882300010344,42,2026,,,,,,,,,,
linear_mac_matched,80,100,0.04405248762651332,0.13282804401816545,0.9962894248608535,0.9610027855153204,0.18386359599981006,0.149014477000037,42,2026,,,,,,,,,,
linear_mac_matched,81,101,0.043629089531562304,0.13239314991221351,0.9962894248608535,0.9610027855153204,0.1858837009999661,0.15049427099984314,42,2026,,,,,,,,,,
linear_mac_matched,82,102,0.043327760520614114,0.13330391416570672,0.9972170686456401,0.9610027855153204,0.18790231399998447,0.1522651020000012,42,2026,,,,,,,,,,
linear_mac_matched,83,103,0.04278732083985477,0.13102741968238696,0.9972170686456401,0.9610027855153204,0.18963128199993662,0.1537309440000172,42,2026,,,,,,,,,,
linear_mac_matched,84,104,0.042363890699184725,0.13336792218836313,0.9981447124304267,0.9610027855153204,0.19166456699986156,0.1554742640000768,42,2026,,,,,,,,,,
linear_mac_matched,85,105,0.04193447956746664,0.13101331203382785,0.9972170686456401,0.9610027855153204,0.1933080459998564,0.15677529799995682,42,2026,,,,,,,,,,
linear_mac_matched,86,106,0.041615092293172826,0.13478844438907034,0.9981447124304267,0.9610027855153204,0.1951221419999456,0.1582328980002785,42,2026,,,,,,,,,,
linear_mac_matched,87,107,0.0411651786772494,0.12969614131829116,0.9981447124304267,0.9610027855153204,0.19701315300017086,0.1598630480002612,42,2026,,,,,,,,,,
linear_mac_matched,88,108,0.04070183620646176,0.13139049533249997,0.9981447124304267,0.9610027855153204,0.19879774399987582,0.16138469400038957,42,2026,,,,,,,,,,
linear_mac_matched,89,109,0.040340069929662645,0.13052453576286216,0.9981447124304267,0.9637883008356546,0.20088116399983846,0.16322013100034383,42,2026,,,,,,,,,,
linear_mac_matched,90,110,0.039913302828929256,0.12895766729277283,0.9981447124304267,0.9610027855153204,0.20271942599993054,0.164690731000519,42,2026,,,,,,,,,,
linear_mac_matched,91,111,0.0396601697185207,0.1316227945505057,0.9972170686456401,0.9610027855153204,0.20466528999986622,0.1663419120004619,42,2026,,,,,,,,,,
linear_mac_matched,92,112,0.039167876887473946,0.1295844792437251,0.9981447124304267,0.9637883008356546,0.20644659599975057,0.16787203100057013,42,2026,,,,,,,,,,
linear_mac_matched,93,113,0.03882943574620352,0.12854782447663163,0.9981447124304267,0.9637883008356546,0.2084143629999744,0.16938304100040114,42,2026,,,,,,,,,,
linear_mac_matched,94,114,0.03848764831031364,0.13053435474802652,0.9981447124304267,0.9610027855153204,0.20986826699981975,0.17060179200052517,42,2026,,,,,,,,,,
linear_mac_matched,95,115,0.03806939012138514,0.12892253639732365,0.9981447124304267,0.9637883008356546,0.21146510600010515,0.17193616700023995,42,2026,,,,,,,,,,
linear_mac_matched,96,116,0.03777823920934336,0.13120188372924835,0.9981447124304267,0.9637883008356546,0.2131126320000476,0.1733480679999957,42,2026,,,,,,,,,,
linear_mac_matched,97,117,0.03743045506955552,0.13053747333251017,0.9981447124304267,0.958217270194986,0.2147584139997889,0.17471478200013735,42,2026,,,,,,,,,,
linear_mac_matched,98,118,0.03706150766130216,0.1296783372974974,0.9981447124304267,0.9637883008356546,0.21620848300017315,0.17593408299990188,42,2026,,,,,,,,,,
linear_mac_matched,99,119,0.03671765045136437,0.12867392560039606,0.9981447124304267,0.9637883008356546,0.2177701390000948,0.17722404100004496,42,2026,,,,,,,,,,
linear_mac_matched,100,120,0.03634736369860122,0.12898373339457428,0.9981447124304267,0.9637883008356546,0.21928389400000015,0.17850501500015525,42,2026,,,,,,,,,,
linear_mac_matched,101,121,0.03607129611088132,0.12986644358668928,0.9981447124304267,0.9610027855153204,0.22140414900013639,0.18009616600011213,42,2026,,,,,,,,,,
linear_mac_matched,102,122,0.03579176433845029,0.1283230862901399,0.9981447124304267,0.9637883008356546,0.22313581099979274,0.18158443200036345,42,2026,,,,,,,,,,
linear_mac_matched,103,123,0.035831781384215056,0.12465906062674166,0.9981447124304267,0.9637883008356546,0.22519362299999557,0.18317902700027844,42,2026,,,,,,,,,,
linear_mac_matched,104,124,0.03543314101830034,0.13160690953903467,0.9981447124304267,0.958217270194986,0.22769640299975435,0.1853922320001402,42,2026,,,,,,,,,,
linear_mac_matched,105,125,0.03485410735991605,0.128449720127465,0.9981447124304267,0.9637883008356546,0.22935109899981398,0.1868033519999699,42,2026,,,,,,,,,,
linear_mac_matched,106,126,0.034524342083253015,0.12623972229712782,0.9981447124304267,0.9637883008356546,0.2312742989997787,0.18848066200007452,42,2026,,,,,,,,,,
linear_mac_matched,107,127,0.03423356020616795,0.13084030648313058,0.9981447124304267,0.9637883008356546,0.2329351839998708,0.18989567800008444,42,2026,,,,,,,,,,
linear_mac_matched,108,128,0.03397514166121562,0.12839708750044784,0.9981447124304267,0.9637883008356546,0.23476423200008867,0.1914349610001409,42,2026,,,,,,,,,,
linear_mac_matched,109,129,0.03361151365409289,0.12723594029756832,0.9981447124304267,0.9637883008356546,0.23662424599979204,0.19300663200010604,42,2026,,,,,,,,,,
linear_mac_matched,110,130,0.03331421494060595,0.12747008168598908,0.9981447124304267,0.9637883008356546,0.23815447500010123,0.1942748080000456,42,2026,,,,,,,,,,
linear_mac_matched,111,131,0.033042342692476585,0.1268577564434287,0.9981447124304267,0.9637883008356546,0.23993747399981658,0.19569061499987583,42,2026,,,,,,,,,,
linear_mac_matched,112,132,0.0327317050398983,0.12812681223916225,0.9981447124304267,0.9637883008356546,0.24143295099975148,0.196946521999962,42,2026,,,,,,,,,,
linear_mac_matched,113,133,0.0324695795240642,0.12830503436661453,0.9981447124304267,0.9637883008356546,0.24308133700014878,0.19825964500023474,42,2026,,,,,,,,,,
linear_mac_matched,114,134,0.03229837101862614,0.12593430688420526,0.9981447124304267,0.9637883008356546,0.24472733999982665,0.19963050500018653,42,2026,,,,,,,,,,
linear_mac_matched,115,135,0.03194602554958316,0.12620010723388123,0.9981447124304267,0.9637883008356546,0.2464976100000058,0.2011600629998611,42,2026,,,,,,,,,,
linear_mac_matched,116,136,0.03177749734250071,0.1293695424095932,0.9990723562152134,0.9637883008356546,0.24843817600003604,0.2028571330001796,42,2026,,,,,,,,,,
linear_mac_matched,117,137,0.031566100138487756,0.12461577307064403,0.9981447124304267,0.9637883008356546,0.25034355900015726,0.2045183990003352,42,2026,,,,,,,,,,
linear_mac_matched,118,138,0.031152852270732362,0.12654517635274248,0.9990723562152134,0.9637883008356546,0.2520885499998258,0.20602149700016525,42,2026,,,,,,,,,,
linear_mac_matched,119,139,0.030957774801371015,0.1272194881576076,0.9981447124304267,0.9610027855153204,0.2534773669999595,0.20717911600013394,42,2026,,,,,,,,,,
linear_mac_matched,120,140,0.030645948667699794,0.128127374539245,0.9981447124304267,0.9637883008356546,0.25542396199989525,0.20885402200019598,42,2026,,,,,,,,,,
linear_mac_matched,121,141,0.030441266964878616,0.12499926381305987,0.9990723562152134,0.9637883008356546,0.25702370499993776,0.21016790600015156,42,2026,,,,,,,,,,
linear_mac_matched,122,142,0.030127845296930467,0.12656955294780708,0.9990723562152134,0.9637883008356546,0.2584073839998382,0.21132463399999324,42,2026,,,,,,,,,,
linear_mac_matched,123,143,0.03000005914596487,0.12992750772463285,0.9990723562152134,0.9610027855153204,0.26019482999981847,0.21278706099974443,42,2026,,,,,,,,,,
linear_mac_matched,124,144,0.029707961789088713,0.12423474972832418,0.9990723562152134,0.9637883008356546,0.2617912380001144,0.2140603339998961,42,2026,,,,,,,,,,
linear_mac_matched,125,145,0.02940323419508599,0.1265538204982623,0.9990723562152134,0.9610027855153204,0.2633803660000922,0.21536905999982991,42,2026,,,,,,,,,,
linear_mac_matched,126,146,0.029201510820568842,0.1255840676394125,0.9990723562152134,0.9637883008356546,0.2650064290000955,0.21675529300000562,42,2026,,,,,,,,,,
linear_mac_matched,127,147,0.028988173589603143,0.12770117794917363,0.9990723562152134,0.9610027855153204,0.26664379900012136,0.21811521700010417,42,2026,,,,,,,,,,
linear_mac_matched,128,148,0.028779261864000726,0.12296644170519264,0.9990723562152134,0.9637883008356546,0.2682350999998562,0.21947380800020255,42,2026,,,,,,,,,,
linear_mac_matched,129,149,0.028543879372614364,0.12864143875551212,0.9990723562152134,0.9637883008356546,0.2697450890000255,0.22062874299990654,42,2026,,,,,,,,,,
linear_mac_matched,130,150,0.028322468344377277,0.12721866675898086,0.9981447124304267,0.9610027855153204,0.271617311999762,0.22214816499990775,42,2026,,,,,,,,,,
linear_mac_matched,131,151,0.028100806183277368,0.12551136739965998,0.9990723562152134,0.9637883008356546,0.2730201589997705,0.2233202459997301,42,2026,,,,,,,,,,
linear_mac_matched,132,152,0.027794957449411805,0.12592647888895936,0.9990723562152134,0.9637883008356546,0.27457583700015675,0.22460953299969333,42,2026,,,,,,,,,,
linear_mac_matched,133,153,0.027672385575233525,0.1258529479504883,0.9990723562152134,0.9610027855153204,0.27620298100009677,0.2259872629997517,42,2026,,,,,,,,,,
linear_mac_matched,134,154,0.027532446068441723,0.1273641131607161,0.9990723562152134,0.9637883008356546,0.2776425739998558,0.22717610899962892,42,2026,,,,,,,,,,
linear_mac_matched,135,155,0.027230933730386965,0.12425227529277609,0.9990723562152134,0.9637883008356546,0.279404090999833,0.22854423499939003,42,2026,,,,,,,,,,
linear_mac_matched,136,156,0.027028165171404134,0.12461256705282082,0.9990723562152134,0.9610027855153204,0.28106558699983,0.22992820399940683,42,2026,,,,,,,,,,
linear_mac_matched,137,157,0.026819492502665812,0.12760716052777407,0.9990723562152134,0.9637883008356546,0.28262640200000533,0.23121295399914743,42,2026,,,,,,,,,,
linear_mac_matched,138,158,0.026587138952020688,0.12424127408962234,0.9990723562152134,0.9637883008356546,0.284311063000132,0.23254746899920065,42,2026,,,,,,,,,,
linear_mac_matched,139,159,0.02634077621892889,0.12605786738259755,0.9990723562152134,0.9637883008356546,0.2860021339997729,0.2339181279994591,42,2026,,,,,,,,,,
linear_mac_matched,140,160,0.026153355981755753,0.12532112468078604,0.9990723562152134,0.9610027855153204,0.28768933899982585,0.2353267139997115,42,2026,,,,,,,,,,
linear_mac_matched,141,161,0.025939764673923924,0.12588650328276324,0.9990723562152134,0.9610027855153204,0.28913835599996673,0.23649328700003025,42,2026,,,,,,,,,,
linear_mac_matched,142,162,0.025742172958465002,0.1254180987997276,0.9990723562152134,0.9637883008356546,0.29118433999974513,0.2381809619996602,42,2026,,,,,,,,,,
linear_mac_matched,143,163,0.025586293820957784,0.12469824635156422,0.9990723562152134,0.9610027855153204,0.29268781900009344,0.2394325629998093,42,2026,,,,,,,,,,
linear_mac_matched,144,164,0.025367951780610326,0.1265768409166341,0.9990723562152134,0.9637883008356546,0.2941691850001007,0.2405990659995041,42,2026,,,,,,,,,,
linear_mac_matched,145,165,0.025165161333085054,0.12515882109637855,0.9990723562152134,0.9637883008356546,0.29592958000012004,0.242118448999463,42,2026,,,,,,,,,,
linear_mac_matched,146,166,0.025020645366108155,0.12210430763907854,0.9990723562152134,0.9610027855153204,0.2974487319997934,0.24338537199946586,42,2026,,,,,,,,,,
linear_mac_matched,147,167,0.024855643410679473,0.12784297901641756,0.9990723562152134,0.9610027855153204,0.2990525720001642,0.2446799369990913,42,2026,,,,,,,,,,
linear_mac_matched,148,168,0.024632541285386493,0.12503482990827558,0.9990723562152134,0.9637883008356546,0.3007622209997862,0.24602522799887083,42,2026,,,,,,,,,,
linear_mac_matched,149,169,0.02444758432565719,0.12437496846863949,0.9990723562152134,0.9637883008356546,0.30235371199978545,0.24736968799879833,42,2026,,,,,,,,,,
linear_mac_matched,150,170,0.02427333050724172,0.12512164156531638,0.9990723562152134,0.9637883008356546,0.30399639000006573,0.24876765799899658,42,2026,,,,,,,,,,
linear_mac_matched,151,171,0.024101781249543153,0.12776281914773333,0.9990723562152134,0.9610027855153204,0.3055352920000587,0.25005042499924457,42,2026,,,,,,,,,,
linear_mac_matched,152,172,0.0240103965435986,0.12237760852755422,0.9990723562152134,0.9637883008356546,0.307282406000013,0.25146909699924436,42,2026,,,,,,,,,,
linear_mac_matched,153,173,0.02371594130516217,0.12577797945161653,0.9990723562152134,0.9610027855153204,0.30878649599981145,0.2527336069992998,42,2026,,,,,,,,,,
linear_mac_matched,154,174,0.02353682456236653,0.12428255085041975,0.9990723562152134,0.9610027855153204,0.31048097199982294,0.25418933399942034,42,2026,,,,,,,,,,
linear_mac_matched,155,175,0.023363928462171307,0.12440951122675133,0.9990723562152134,0.9610027855153204,0.3124924839999039,0.25595697899962033,42,2026,,,,,,,,,,
linear_mac_matched,156,176,0.023203245401650117,0.12466546471832331,0.9990723562152134,0.9610027855153204,0.31396855200000573,0.25719672199966226,42,2026,,,,,,,,,,
linear_mac_matched,157,177,0.023042776345139016,0.12475165920922957,0.9990723562152134,0.9637883008356546,0.31563352300008773,0.25852265399953467,42,2026,,,,,,,,,,
linear_mac_matched,158,178,0.02291637887399825,0.12291735202016431,0.9990723562152134,0.9610027855153204,0.31722424300005514,0.25987527599954774,42,2026,,,,,,,,,,
linear_mac_matched,159,179,0.02269825763941163,0.12605740063463639,0.9990723562152134,0.9610027855153204,0.3188247580001189,0.2612363809994349,42,2026,,,,,,,,,,
linear_mac_matched,160,180,0.022550909762984864,0.12402670731800962,0.9990723562152134,0.9610027855153204,0.32063065100010135,0.26274108099914883,42,2026,,,,,,,,,,
linear_mac_matched,161,181,0.022407766609507974,0.12794792340781025,0.9990723562152134,0.9610027855153204,0.32246744099984426,0.26428598199890985,42,2026,,,,,,,,,,
linear_mac_matched,162,182,0.02221626913049096,0.1250310793362658,0.9990723562152134,0.9637883008356546,0.32413697999982105,0.2657174729988583,42,2026,,,,,,,,,,
linear_mac_matched,163,183,0.022058343896658446,0.12344444997638072,0.9990723562152134,0.9610027855153204,0.32572649799976716,0.26703074599890897,42,2026,,,,,,,,,,
linear_mac_matched,164,184,0.021952621753133165,0.12400292846692287,0.9990723562152134,0.9637883008356546,0.3275722909997967,0.268551299999217,42,2026,,,,,,,,,,
linear_mac_matched,165,185,0.021753292774086885,0.1228440379699998,0.9990723562152134,0.9610027855153204,0.32898805800004993,0.26972178899904975,42,2026,,,,,,,,,,
linear_mac_matched,166,186,0.021589144586306414,0.12586781993082363,0.9990723562152134,0.9610027855153204,0.33057289899988973,0.27103394999903685,42,2026,,,,,,,,,,
linear_mac_matched,167,187,0.021444514401327743,0.12540342446323113,0.9990723562152134,0.9637883008356546,0.33241078099990773,0.2726318299992272,42,2026,,,,,,,,,,
linear_mac_matched,168,188,0.021285790376281668,0.12414892047113206,0.9990723562152134,0.9637883008356546,0.334031825999773,0.27385351599923524,42,2026,,,,,,,,,,
linear_mac_matched,169,189,0.02117501528660557,0.12683304273607798,0.9990723562152134,0.9610027855153204,0.33578527100007705,0.2753113869994195,42,2026,,,,,,,,,,
linear_mac_matched,170,190,0.02103007486849594,0.12456205422538814,0.9990723562152134,0.958217270194986,0.33738820899998245,0.2766756469995926,42,2026,,,,,,,,,,
linear_mac_matched,171,191,0.020833446303815784,0.12440323414387719,0.9990723562152134,0.9637883008356546,0.3388168860001315,0.27787285599970346,42,2026,,,,,,,,,,
linear_mac_matched,172,192,0.020701616885581253,0.12339676667970553,0.9990723562152134,0.9610027855153204,0.3405829289999929,0.2793388089999098,42,2026,,,,,,,,,,
linear_mac_matched,173,193,0.0205405730599996,0.1262271120319064,0.9990723562152134,0.9610027855153204,0.3423280709998835,0.2808426080000572,42,2026,,,,,,,,,,
linear_mac_matched,174,194,0.020387096502292538,0.12556069395399738,0.9990723562152134,0.9637883008356546,0.343963679999888,0.2822416210001393,42,2026,,,,,,,,,,
linear_mac_matched,175,195,0.020261977264809158,0.12290639277568007,0.9990723562152134,0.9610027855153204,0.3454668189997392,0.2834960470004262,42,2026,,,,,,,,,,
linear_mac_matched,176,196,0.020135777865305852,0.1254859332455422,0.9990723562152134,0.9637883008356546,0.34725736100017457,0.28494337300071493,42,2026,,,,,,,,,,
linear_mac_matched,177,197,0.01997444155647561,0.1255440606393019,0.9990723562152134,0.9610027855153204,0.34903931000008015,0.28648436900039087,42,2026,,,,,,,,,,
linear_mac_matched,178,198,0.01982568648536176,0.12400946124588663,0.9990723562152134,0.9610027855153204,0.3509159800000816,0.2880535580002288,42,2026,,,,,,,,,,
linear_mac_matched,179,199,0.019722935563871294,0.12273453092626248,0.9990723562152134,0.9610027855153204,0.35252219499989224,0.2894064920001256,42,2026,,,,,,,,,,
linear_mac_matched,180,200,0.019570346744250972,0.125364896651382,0.9990723562152134,0.9610027855153204,0.3539795450001293,0.29056141799992474,42,2026,,,,,,,,,,
linear_mac_matched,181,201,0.01943152676376014,0.12448033473132637,0.9990723562152134,0.958217270194986,0.35585804899983486,0.2921475830003146,42,2026,,,,,,,,,,
linear_mac_matched,182,202,0.019359228895467193,0.12295830873152361,0.9990723562152134,0.9637883008356546,0.3574020000000928,0.29345803300020634,42,2026,,,,,,,,,,
linear_mac_matched,183,203,0.01918072268330981,0.1258392454718094,0.9990723562152134,0.9610027855153204,0.359081674999743,0.29482039999993503,42,2026,,,,,,,,,,
linear_mac_matched,184,204,0.019059845562626763,0.12334898308584331,0.9990723562152134,0.9610027855153204,0.3607396869997501,0.29608083499988425,42,2026,,,,,,,,,,
linear_mac_matched,185,205,0.01893049923252186,0.12435461873877802,0.9990723562152134,0.9610027855153204,0.3623709590001454,0.2974591870001859,42,2026,,,,,,,,,,
linear_mac_matched,186,206,0.018781002421284977,0.12349516268724374,0.9990723562152134,0.958217270194986,0.3639882799998304,0.29882515000008425,42,2026,,,,,,,,,,
linear_mac_matched,187,207,0.01872762956277177,0.12523486137555864,0.9990723562152134,0.9610027855153204,0.36537479499975234,0.29997925500038036,42,2026,,,,,,,,,,
linear_mac_matched,188,208,0.018529038687589622,0.1246354500046732,0.9990723562152134,0.9610027855153204,0.36746390500002235,0.3017650700003287,42,2026,,,,,,,,,,
linear_mac_matched,189,209,0.018605706082277202,0.12055572173147663,0.9990723562152134,0.9637883008356546,0.3690795329998764,0.30314101800013304,42,2026,,,,,,,,,,
linear_mac_matched,190,210,0.018426510659376408,0.1271866643918077,0.9990723562152134,0.9665738161559888,0.3708019820001027,0.30442206399993665,42,2026,,,,,,,,,,
linear_mac_matched,191,211,0.018173131466292635,0.1251716322882111,0.9990723562152134,0.958217270194986,0.37246309900001506,0.30581425700029286,42,2026,,,,,,,,,,
linear_mac_matched,192,212,0.018035887464297247,0.12591054819597736,0.9990723562152134,0.9610027855153204,0.37398491700014347,0.3070225730002676,42,2026,,,,,,,,,,
moe_no_balance,0,20,0.1754599154532549,0.2301870010429436,0.9721706864564007,0.9415041782729805,0.0013068650000604976,0.0,42,2026,1.1263217924278857,0.1754599154532549,0.991236538803306,0.9962115770129156,4.380224808097283e-18,0.0,0.4805194805194805,0.025510204081632654,0.4911873840445269,0.0027829313543599257
moe_no_balance,1,21,0.1668755139317097,0.22482860546243752,0.9730983302411874,0.9442896935933147,0.011782961999870167,0.005759918999956426,42,2026,1.1475931580643364,0.1668755139317097,0.9869003918148019,0.9921818837392592,,,0.462430426716141,0.0027829313543599257,0.49907235621521334,0.03571428571428571
moe_no_balance,2,22,0.15759366879783157,0.2145189013641531,0.9758812615955473,0.9442896935933147,0.020148597000115842,0.012254261000180122,42,2026,1.1403352478240518,0.15759366879783157,0.9827135731838953,0.9791857783399893,,,0.3557513914656772,0.017161410018552876,0.4995361781076067,0.12755102040816327
moe_no_balance,3,23,0.14899214663969965,0.2114067581565876,0.9777365491651205,0.947075208913649,0.02777502099979756,0.017829452000114543,42,2026,1.1458379809101047,0.14899214663969965,0.9759992357281995,0.9656395959500487,,,0.29730983302411873,0.09044526901669758,0.4972170686456401,0.1150278293135436
moe_no_balance,4,24,0.14112195346486214,0.20024214172599253,0.9768089053803339,0.9554317548746518,0.03501912000001539,0.023345284000242827,42,2026,1.2463009135125769,0.14112195346486214,0.9409793031559688,0.9155572882862167,,,0.33116883116883117,0.05194805194805195,0.4995361781076067,0.11734693877551021
moe_no_balance,5,25,0.13446265865380502,0.19221996568497435,0.9777365491651205,0.9554317548746518,0.04304481400004079,0.029395919000307913,42,2026,1.1919922531694602,0.13446265865380502,0.9525322684845733,0.931169955401439,,,0.1284786641929499,0.1549165120593692,0.49443413729128016,0.22217068645640073
moe_no_balance,6,26,0.12450235329056822,0.18548438486469418,0.9823747680890538,0.958217270194986,0.05110435899996446,0.03528209700016305,42,2026,1.19928746360019,0.12450235329056822,0.9481525258093747,0.9263697459614068,,,0.16419294990723562,0.1553803339517625,0.49536178107606677,0.18506493506493507
moe_no_balance,7,27,0.12059773259386557,0.18217912361923966,0.9777365491651205,0.958217270194986,0.06028787300010663,0.04253741299999092,42,2026,1.1496351880386328,0.12059773259386557,0.9623052129073141,0.954066298707975,,,0.10575139146567718,0.09554730983302412,0.46382189239332094,0.33487940630797774
moe_no_balance,8,28,0.11575309947380798,0.18135270872016637,0.9795918367346939,0.958217270194986,0.06784138800003348,0.048293675999957486,42,2026,1.228709679093987,0.11575309947380798,0.9344753031982214,0.9192731336987078,,,0.2541743970315399,0.06771799628942486,0.49211502782931354,0.1859925788497217
moe_no_balance,9,29,0.10793844055235124,0.17056326799105648,0.9805194805194806,0.9526462395543176,0.07582159300000058,0.05433865299983154,42,2026,1.1747913485677717,0.10793844055235124,0.9461675953132581,0.9397177529508141,,,0.27411873840445267,0.09461966604823747,0.4717068645640074,0.15955473098330242
moe_no_balance,10,30,0.10135870697936743,0.1743600723886291,0.9860853432282004,0.9554317548746518,0.08317407499998808,0.05984444900013841,42,2026,1.2437987232405185,0.10135870697936743,0.9186301352854914,0.9066275816597001,,,0.1637291280148423,0.10343228200371057,0.4930426716141002,0.23979591836734693
moe_no_balance,11,31,0.09569217083596762,0.16499592743687064,0.9860853432282004,0.9554317548746518,0.09054376299991418,0.06531921900023008,42,2026,1.1798730120666177,0.09569217083596762,0.9381049577677902,0.9376986100049106,,,0.1660482374768089,0.09833024118738404,0.474025974025974,0.26159554730983303
moe_no_balance,12,32,0.0927157398549833,0.15818218084026983,0.9851576994434137,0.9554317548746518,0.09810464900010629,0.07077365900022414,42,2026,1.111494990460487,0.0927157398549833,0.9498220166763418,0.9546837011087078,,,0.1461038961038961,0.14981447124304267,0.4332096474953618,0.27087198515769945
moe_no_balance,13,33,0.08513535180090076,0.1546781407401013,0.9888682745825603,0.9610027855153204,0.10546051599976636,0.07633986600012577,42,2026,1.1045602638916519,0.08513535180090076,0.9496274745593098,0.9596808390123885,,,0.1525974025974026,0.12012987012987013,0.41883116883116883,0.30844155844155846
moe_no_balance,14,34,0.0810666148018075,0.15291444851024308,0.9879406307977736,0.958217270194986,0.11301764500012723,0.08188787600010983,42,2026,1.0981861412320668,0.0810666148018075,0.9471834703642076,0.9585948365439624,,,0.14981447124304267,0.1442486085343228,0.4197588126159555,0.28617810760667906
moe_no_balance,15,35,0.08599674983136786,0.1522652825322392,0.9851576994434137,0.9637883008356546,0.1213557689998197,0.08846563399993101,42,2026,1.1680253621549337,0.08599674983136786,0.9246786117392793,0.9346743133901305,,,0.13821892393320964,0.19526901669758812,0.4652133580705009,0.2012987012987013
moe_no_balance,16,36,0.0755562185104287,0.15239355574978983,0.9907235621521335,0.9610027855153204,0.12881903800007422,0.09404094499996063,42,2026,1.1038614151983328,0.0755562185104287,0.9348030500653244,0.9496454728318149,,,0.21382189239332097,0.11317254174397032,0.41697588126159557,0.2560296846011132
moe_no_balance,17,37,0.07142426963214907,0.14359203639957435,0.9907235621521335,0.9637883008356546,0.13614913599985812,0.09959809799966024,42,2026,1.0538573466722516,0.07142426963214907,0.9422503577503222,0.9582610857482872,,,0.17625231910946196,0.18228200371057515,0.3817254174397032,0.2597402597402597
moe_no_balance,18,38,0.06680452774555079,0.1362634853701354,0.9907235621521335,0.9665738161559888,0.14423939700009214,0.10577063599930625,42,2026,1.119982028057248,0.06680452774555079,0.9258064360944234,0.946860491749839,,,0.14517625231910947,0.14749536178107606,0.4318181818181818,0.2755102040816326
moe_no_balance,19,39,0.06325808754921512,0.137059530227157,0.9916512059369202,0.9637883008356546,0.15224173599972346,0.11169266899923969,42,2026,1.0804833830937668,0.06325808754921512,0.9313844970857883,0.9531588035324868,,,0.1456400742115028,0.17207792207792208,0.400278293135436,0.2820037105751391
moe_no_balance,20,40,0.06167610434438163,0.1367950380703705,0.9935064935064936,0.9693593314763231,0.1608311679997314,0.11748206199945344,42,2026,1.0471388442642724,0.06167610434438163,0.9337776528087909,0.9550500860801802,0.013000910278722511,0.0,0.16233766233766234,0.19573283858998144,0.36410018552875695,0.27782931354359924
moe_no_balance,21,41,0.06071258341436915,0.13246040163194076,0.9935064935064936,0.9637883008356546,0.17601203699996404,0.12561028999925838,42,2026,1.0524000757107215,0.06071258341436915,0.9291247230721068,0.951478586797412,,,0.16558441558441558,0.19480519480519481,0.37569573283859,0.26391465677179965
moe_no_balance,22,42,0.05845390599915435,0.12845281169239228,0.9935064935064936,0.9749303621169917,0.18599549400005344,0.13291622199949416,42,2026,1.0981024726336475,0.05845390599915435,0.9152128147544409,0.9437792496287529,,,0.16651205936920221,0.13868274582560297,0.40584415584415584,0.288961038961039
moe_no_balance,23,43,0.05482022105785159,0.13254820027848704,0.9944341372912802,0.9610027855153204,0.19597744900011094,0.14020441799948458,42,2026,1.0489180028661709,0.05482022105785159,0.9218440362930466,0.9467953638406665,,,0.19155844155844157,0.15862708719851576,0.36363636363636365,0.28617810760667906
moe_no_balance,24,44,0.05179774294966641,0.13115386893149586,0.9953617810760668,0.9610027855153204,0.2063091089999034,0.14764798699934545,42,2026,1.0508704847278576,0.05179774294966641,0.9173664468617403,0.9418641763864479,,,0.21846011131725418,0.1525974025974026,0.3678107606679035,0.26113172541743973
moe_no_balance,25,45,0.05072957963086816,0.1245622875286078,0.9962894248608535,0.9693593314763231,0.21510340799977712,0.15392087699910917,42,2026,1.0671223653770086,0.05072957963086816,0.9117943762588542,0.941244879571694,,,0.17625231910946196,0.16465677179962895,0.387291280148423,0.2717996289424861
moe_no_balance,26,46,0.04915059943545556,0.1234340951902524,0.9962894248608535,0.9693593314763231,0.22461701900010667,0.16134700999919005,42,2026,1.0436245197983032,0.04915059943545556,0.9126762819440699,0.9387637418408226,,,0.20871985157699444,0.18274582560296845,0.36410018552875695,0.24443413729128013
moe_no_balance,27,47,0.04531460608527317,0.12170109623996679,0.9972170686456401,0.9693593314763231,0.23372354799994355,0.16822012099919448,42,2026,1.0413619757667147,0.04531460608527317,0.9100755952416867,0.937888108397624,,,0.20315398886827457,0.1683673469387755,0.3529684601113173,0.2755102040816326
moe_no_balance,28,48,0.045840109712382344,0.11818819013442793,0.9972170686456401,0.9721448467966574,0.24301585500006695,0.17506402799926946,42,2026,1.042117801671279,0.045840109712382344,0.9071813750344357,0.9352764113018018,,,0.2036178107606679,0.1836734693877551,0.36038961038961037,0.2523191094619666
moe_no_balance,29,49,0.04282704088135744,0.11622760767751564,0.9981447124304267,0.9721448467966574,0.25201633500000753,0.18170526099947892,42,2026,1.0487921734001502,0.04282704088135744,0.9027975282347626,0.9314958873855496,,,0.22495361781076068,0.15352504638218925,0.35714285714285715,0.26437847866419295
moe_no_balance,30,50,0.04078957600175844,0.11338534332361434,0.9972170686456401,0.9749303621169917,0.2608126869999978,0.18830526299962003,42,2026,1.0319581616742695,0.04078957600175844,0.9035169300666119,0.9319332349761276,,,0.21753246753246752,0.1813543599257885,0.33766233766233766,0.2634508348794063
moe_no_balance,31,51,0.04131341353579338,0.11371153726493527,0.9972170686456401,0.9693593314763231,0.27029899699982707,0.19499063299963382,42,2026,1.0384227122066618,0.04131341353579338,0.8992793607271105,0.9284521618600677,,,0.22077922077922077,0.1725417439703154,0.34833024118738404,0.25834879406307976
moe_no_balance,32,52,0.040440695750640396,0.11854396135861549,0.9972170686456401,0.9637883008356546,0.27955487999997786,0.20234884399951625,42,2026,1.032437517144405,0.040440695750640396,0.8961656299720572,0.9240695294729642,,,0.23933209647495363,0.1725417439703154,0.3339517625231911,0.2541743970315399
moe_no_balance,33,53,0.03939783605698227,0.11221841592087729,0.9981447124304267,0.9721448467966574,0.28837387700014006,0.20912773399959406,42,2026,1.036858970757185,0.03939783605698227,0.8926748292052784,0.923563246317928,,,0.22263450834879406,0.16883116883116883,0.34183673469387754,0.26669758812615957
moe_no_balance,34,54,0.038454958556588634,0.11161113759390077,0.9981447124304267,0.9721448467966574,0.29782283999975334,0.21581396399960795,42,2026,1.0378697338046385,0.038454958556588634,0.8893647512667842,0.9202935722228712,,,0.23283858998144713,0.16512059369202226,0.3409090909090909,0.26113172541743973
moe_no_balance,35,55,0.03692523269734728,0.11186255195208153,0.9981447124304267,0.9721448467966574,0.30678327899977376,0.22249332399951527,42,2026,1.0314448347420366,0.03692523269734728,0.8883545623984583,0.9195162912910776,,,0.23098330241187384,0.17439703153988867,0.3339517625231911,0.2606679035250464
moe_no_balance,36,56,0.03451968715935008,0.11077681152547654,0.9990723562152134,0.9721448467966574,0.3165447219998896,0.22999969699958456,42,2026,1.0341812851551262,0.03451968715935008,0.8852024132683751,0.9167019779720054,,,0.23933209647495363,0.16651205936920221,0.33302411873840443,0.26113172541743973
moe_no_balance,37,57,0.034991464379085575,0.11116222309062314,0.9981447124304267,0.9721448467966574,0.32479293100004725,0.23630234199981714,42,2026,1.0405001646054117,0.034991464379085575,0.8806290972623223,0.913199627171493,,,0.2435064935064935,0.1590909090909091,0.3390538033395176,0.25834879406307976
moe_no_balance,38,58,0.03240761133909821,0.10977649576262706,0.9990723562152134,0.9749303621169917,0.3320626380000249,0.2417280069998924,42,2026,1.0254441105027037,0.03240761133909821,0.8812491224699766,0.9131180745101307,,,0.24582560296846012,0.17439703153988867,0.31261595547309834,0.26716141001855287
moe_no_balance,39,59,0.03304328255365328,0.11173669727724109,0.9981447124304267,0.9721448467966574,0.3399725680001211,0.24744823599985466,42,2026,1.0436125195318384,0.03304328255365328,0.8746300959435627,0.9095621542133725,,,0.23933209647495363,0.16326530612244897,0.3460111317254174,0.25139146567717996
moe_no_balance,40,60,0.030719931763580875,0.11047262151267848,0.9990723562152134,0.9749303621169917,0.34827991600013775,0.25380472100005136,42,2026,1.0320244241464966,0.030719931763580875,0.8730628836365963,0.9055667026534382,0.008824766264950507,0.0,0.26762523191094617,0.16419294990723562,0.3075139146567718,0.2606679035250464
moe_no_balance,41,61,0.03111352229515477,0.10614083081379858,0.9981447124304267,0.9777158774373259,0.35949875899996186,0.25980833499988876,42,2026,1.033551017799314,0.03111352229515477,0.8718088193635471,0.9077528604645562,,,0.23469387755102042,0.16975881261595546,0.3320964749536178,0.2634508348794063
moe_no_balance,42,62,0.029316626152287834,0.10743671231134577,0.9990723562152134,0.9749303621169917,0.36842251300004136,0.2662929919997623,42,2026,1.0316046991423145,0.029316626152287834,0.8692305460070194,0.9039868306042008,,,0.25,0.16697588126159554,0.3200371057513915,0.262987012987013
moe_no_balance,43,63,0.029522726388708637,0.1043921646990909,0.9981447124304267,0.9749303621169917,0.3777879409999514,0.27303621800001565,42,2026,1.0334053517074906,0.029522726388708637,0.866339265607546,0.9025513694705993,,,0.24628942486085342,0.1679035250463822,0.32606679035250463,0.2597402597402597
moe_no_balance,44,64,0.02737940374052573,0.10451551631278491,1.0,0.9749303621169917,0.3877701309997974,0.2807814249999865,42,2026,1.0262524012084335,0.02737940374052573,0.8647015313710327,0.8998992750059754,,,0.2602040816326531,0.17393320964749537,0.30241187384044527,0.2634508348794063
moe_no_balance,45,65,0.026500035997678615,0.10474958051478982,1.0,0.9749303621169917,0.3969345269997575,0.28790356099989367,42,2026,1.0296682459685278,0.026500035997678615,0.8621160886680032,0.8979377326921526,,,0.26205936920222633,0.1683673469387755,0.30658627087198514,0.262987012987013
moe_no_balance,46,66,0.02596305704012131,0.10326910025898693,1.0,0.9777158774373259,0.4059497879998162,0.2946083000001636,42,2026,1.0303631338818684,0.02596305704012131,0.8599590404217723,0.8984184844419277,,,0.2435064935064935,0.16743970315398887,0.312152133580705,0.27690166975881264
moe_no_balance,47,67,0.02650853128190909,0.1048901731972823,0.9990723562152134,0.9721448467966574,0.415854656999727,0.30212018200018065,42,2026,1.0321894831696057,0.02650853128190909,0.8570539502771956,0.895563484352357,,,0.24768089053803338,0.16975881261595546,0.32189239332096475,0.2606679035250464
moe_no_balance,48,68,0.02461047086403152,0.10152253932235744,1.0,0.9749303621169917,0.4251696890000858,0.3094579120001981,42,2026,1.032035070794119,0.02461047086403152,0.8540836625472681,0.8909173958896109,,,0.275974025974026,0.1683673469387755,0.300556586270872,0.25510204081632654
moe_no_balance,49,69,0.0250094918091651,0.09672805114079593,0.9990723562152134,0.9777158774373259,0.43559979700012263,0.31760417700024846,42,2026,1.0361165974781832,0.0250094918091651,0.8513579840259891,0.8903596381163031,,,0.2653061224489796,0.16280148423005567,0.3144712430426716,0.25742115027829315
moe_no_balance,50,70,0.023041336138807444,0.09391761811605406,1.0,0.9805013927576601,0.4446160200000122,0.3244312690003426,42,2026,1.0317054481339647,0.023041336138807444,0.8501122488944431,0.8892034740550948,,,0.26484230055658625,0.1683673469387755,0.3079777365491651,0.2588126159554731
moe_no_balance,51,71,0.022859853553695478,0.09760157031387366,1.0,0.9777158774373259,0.45503806599981544,0.33274152100011634,42,2026,1.0276705646442703,0.022859853553695478,0.8489056535055842,0.8892721481449893,,,0.2532467532467532,0.17346938775510204,0.3079777365491651,0.2653061224489796
moe_no_balance,52,72,0.022122580357377124,0.09478939000798849,1.0,0.9777158774373259,0.4635643319998053,0.3391925280002397,42,2026,1.0375752159877127,0.022122580357377124,0.843716221532,0.8837496685567302,,,0.27782931354359924,0.161873840445269,0.30658627087198514,0.2537105751391466
moe_no_balance,53,73,0.02168921733229803,0.09844530007442084,1.0,0.9777158774373259,0.4726122930001111,0.34573348100002477,42,2026,1.0288973697236519,0.02168921733229803,0.8443649442994422,0.886678878969176,,,0.24953617810760667,0.1702226345083488,0.3075139146567718,0.2727272727272727
moe_no_balance,54,74,0.021108922026332768,0.09812329223622773,1.0,0.9777158774373259,0.4823383739999372,0.3530603640001573,42,2026,1.0311118802152814,0.021108922026332768,0.8411791381540734,0.8840491296754028,,,0.2532467532467532,0.16697588126159554,0.30565862708719854,0.27411873840445267
moe_no_balance,55,75,0.021726914459218736,0.09217689974599394,0.9990723562152134,0.9805013927576601,0.5207068680001612,0.38863088300058735,42,2026,1.037938841658845,0.021726914459218736,0.8380294929037702,0.88173309775915,,,0.2532467532467532,0.16048237476808905,0.3228200371057514,0.2634508348794063
moe_no_balance,56,76,0.02011518999617068,0.09238406936254269,1.0,0.9777158774373259,0.5291592029998355,0.39501602000018465,42,2026,1.0364324630698711,0.02011518999617068,0.8360160048291024,0.8783649469459857,,,0.2727272727272727,0.1590909090909091,0.30287569573283857,0.2653061224489796
moe_no_balance,57,77,0.020147187852016045,0.0920156496814222,1.0,0.9777158774373259,0.5374991700000464,0.4011776219999774,42,2026,1.0534316641124437,0.020147187852016045,0.8289833676964465,0.8728728670477565,,,0.29267161410018555,0.1414656771799629,0.3038033395176252,0.26205936920222633
moe_no_balance,58,78,0.019609191271829123,0.09209528666181692,1.0,0.9777158774373259,0.5468200709997291,0.4082708350001667,42,2026,1.0643583353396993,0.019609191271829123,0.8244813300821334,0.8723619152466934,,,0.2912801484230056,0.12894248608534323,0.3116883116883117,0.2680890538033395
moe_no_balance,59,79,0.018804376592154743,0.08980544263427322,1.0,0.9805013927576601,0.555178905000048,0.41460481600051935,42,2026,1.0372610252328098,0.018804376592154743,0.830694705274159,0.8758080660542256,,,0.2782931354359926,0.161873840445269,0.3010204081632653,0.2588126159554731
moe_no_balance,60,80,0.018676100577674958,0.08997729331431374,1.0,0.9805013927576601,0.5637726629997815,0.4211033040005532,42,2026,1.0302240330429973,0.018676100577674958,0.8307239070654359,0.8761938207902611,0.003603949321689722,0.0,0.27365491651205937,0.16929499072356216,0.2898886827458256,0.26716141001855287
moe_no_balance,61,81,0.018212840602483887,0.08780614845823434,1.0,0.9832869080779945,0.5760996829999385,0.42748708000044644,42,2026,1.0318046817757593,0.018212840602483887,0.8276078160486785,0.872939414795018,,,0.28061224489795916,0.16975881261595546,0.28339517625231914,0.2662337662337662
moe_no_balance,62,82,0.017999998464961788,0.0898203314121005,1.0,0.9805013927576601,0.5849757149999277,0.43442241500042655,42,2026,1.0353658647004516,0.017999998464961788,0.8245221634552684,0.8703076291364595,,,0.28432282003710574,0.1679035250463822,0.29081632653061223,0.2569573283858998
moe_no_balance,63,83,0.017389130861096464,0.08866225579614048,1.0,0.9805013927576601,0.5939379470000858,0.44084957600034613,42,2026,1.0366380156835553,0.017389130861096464,0.8231876353954958,0.8706621040191784,,,0.275974025974026,0.16233766233766234,0.2987012987012987,0.262987012987013
moe_no_balance,64,84,0.017205540865714315,0.08458132474252565,1.0,0.9832869080779945,0.6022815589999482,0.4469731210001555,42,2026,1.036796233149346,0.017205540865714315,0.8214405889135487,0.8704979194700497,,,0.26669758812615957,0.1614100185528757,0.3038033395176252,0.2680890538033395
moe_no_balance,65,85,0.016970642936010933,0.08920138823949927,1.0,0.9805013927576601,0.610361754999758,0.4531901560003462,42,2026,1.0341979002069868,0.016970642936010933,0.8193860968337731,0.8666422092877781,,,0.2820037105751391,0.16743970315398887,0.28617810760667906,0.26437847866419295
moe_no_balance,66,86,0.01634381825520461,0.0869715334604536,1.0,0.9805013927576601,0.6189112960000784,0.4593026540005667,42,2026,1.034764260616007,0.01634381825520461,0.8174593189867975,0.8654926419345728,,,0.2815398886827458,0.16743970315398887,0.2880333951762523,0.262987012987013
moe_no_balance,67,87,0.01602221256024399,0.08460927942669412,1.0,0.9805013927576601,0.6268060729998979,0.46486778900043646,42,2026,1.035060266544961,0.01602221256024399,0.8165594805459465,0.8656580097738683,,,0.27365491651205937,0.16465677179962895,0.2982374768089054,0.2634508348794063
moe_no_balance,68,88,0.01612585003422617,0.09550813683520404,1.0,0.9749303621169917,0.6346666690001257,0.47063711100054206,42,2026,1.0368541914431584,0.01612585003422617,0.813237246565609,0.8615037038182344,,,0.2912801484230056,0.1702226345083488,0.28432282003710574,0.2541743970315399
moe_no_balance,69,89,0.015577094121923755,0.08898475529057702,1.0,0.9777158774373259,0.6431489199999305,0.4772763010005292,42,2026,1.0331118413289413,0.015577094121923755,0.8125168512966191,0.8625685115961822,,,0.2750463821892393,0.16883116883116883,0.2912801484230056,0.26484230055658625
moe_no_balance,70,90,0.015305915691850696,0.08900857913639099,1.0,0.9777158774373259,0.6524846530001014,0.48401169600037974,42,2026,1.0372868921924225,0.015305915691850696,0.8098278492546878,0.8598442255051209,,,0.2820037105751391,0.16419294990723562,0.29313543599257885,0.2606679035250464
moe_no_balance,71,91,0.015957405207330275,0.08706134820747374,0.9990723562152134,0.9777158774373259,0.6609957860000577,0.49071616400033236,42,2026,1.0383441352213865,0.015957405207330275,0.8081964624631427,0.8597969556535011,,,0.274582560296846,0.16233766233766234,0.30241187384044527,0.2606679035250464
moe_no_balance,72,92,0.014536190137895416,0.08952466974429935,1.0,0.9777158774373259,0.6688659870001175,0.49672038900007465,42,2026,1.0406477442369406,0.014536190137895416,0.8056322762197976,0.8566986444587203,,,0.28664192949907236,0.15955473098330242,0.2912801484230056,0.2625231910946197
moe_no_balance,73,93,0.01426072451448459,0.09122604796643073,1.0,0.9777158774373259,0.6773763390001477,0.5029482109998753,42,2026,1.0344670379395957,0.01426072451448459,0.8055070710775754,0.8570222164410463,,,0.2787569573283859,0.16697588126159554,0.2880333951762523,0.2662337662337662
moe_no_balance,74,94,0.014964505931055014,0.08809367669355617,0.9990723562152134,0.9777158774373259,0.6862125759998889,0.5097860949999813,42,2026,1.0365328524038115,0.014964505931055014,0.80448946597973,0.8575951722650462,,,0.2694805194805195,0.16697588126159554,0.30612244897959184,0.25742115027829315
moe_no_balance,75,95,0.015233337863097425,0.08764780405651426,0.9990723562152134,0.9805013927576601,0.6947081270000126,0.5160301609998896,42,2026,1.0689339082530507,0.015233337863097425,0.790995043492631,0.8459049529126879,,,0.3116883116883117,0.13358070500927643,0.28664192949907236,0.2680890538033395
moe_no_balance,76,96,0.01337866030325357,0.08353214758693055,1.0,0.9805013927576601,0.7027706359999684,0.5218875649998154,42,2026,1.042533945934902,0.01337866030325357,0.7991038246216837,0.8537832593788263,,,0.2810760667903525,0.1567717996289425,0.29962894248608535,0.2625231910946197
moe_no_balance,77,97,0.012906732646537267,0.08078089291498114,1.0,0.9832869080779945,0.7114219199997933,0.5285690379996595,42,2026,1.0328658379438134,0.012906732646537267,0.8000959336502406,0.8556513341061889,,,0.26716141001855287,0.16883116883116883,0.2922077922077922,0.2717996289424861
moe_no_balance,78,98,0.013953865130934296,0.09198955875148078,0.9990723562152134,0.9749303621169917,0.7201798850001069,0.5351616569996622,42,2026,1.0346963588802802,0.013953865130934296,0.7981965666095237,0.8527492676602589,,,0.2792207792207792,0.17115027829313545,0.29359925788497215,0.2560296846011132
moe_no_balance,79,99,0.012713238749428044,0.08898593236788684,1.0,0.9777158774373259,0.7284174579999672,0.5411004149996188,42,2026,1.0329285215485273,0.012713238749428044,0.7967742760598977,0.8511308209790371,,,0.2847866419294991,0.17346938775510204,0.2792207792207792,0.2625231910946197
moe_no_balance,80,100,0.012333627772568892,0.08919393615954652,1.0,0.9777158774373259,0.7368072989997927,0.5473575709993383,42,2026,1.0354623037369743,0.012333627772568892,0.7948291160813492,0.8499088023336543,0.0028804689087785803,0.0,0.2857142857142857,0.16975881261595546,0.2829313543599258,0.26159554730983303
scratch_continue,0,20,0.11138465240429507,0.18265909796143215,0.9833024118738405,0.9442896935933147,0.0014224579999790876,0.0,42,2026,1.2747140296949047,0.12413179270124412,0.8331716945329958,0.8310582666149408,0.06278475079224084,0.009133423146244811,0.06957328385899815,0.2898886827458256,0.46938775510204084,0.17115027829313545
scratch_continue,1,21,0.10284829598583366,0.17638144774243242,0.9879406307977736,0.947075208913649,0.012965728999915882,0.006223685999884765,42,2026,1.2526426922813791,0.11537472290864745,0.8364174105321449,0.8371120331954626,,,0.07421150278293136,0.31307977736549164,0.45640074211502785,0.15630797773654917
scratch_continue,2,22,0.09634762292254079,0.16442400111432687,0.987012987012987,0.9498607242339833,0.02214471700017384,0.01288755299992772,42,2026,1.278022803636604,0.10912785095890683,0.8235271824670373,0.8250455469488083,,,0.06725417439703155,0.2945269016697588,0.4675324675324675,0.17068645640074212
scratch_continue,3,23,0.08999539594681936,0.1599764451823236,0.9897959183673469,0.9498607242339833,0.030662700999982917,0.018963385999995808,42,2026,1.2541653035916316,0.10253704898273568,0.827002409111423,0.8279088210454627,,,0.0728200371057514,0.2987012987012987,0.45686456400742115,0.17161410018552875
scratch_continue,4,24,0.0853329223266767,0.16718360209941643,0.9916512059369202,0.9498607242339833,0.0397350380003445,0.025895605999721738,42,2026,1.233210576556049,0.09766502809223719,0.8306580095450672,0.830756559312481,,,0.08302411873840446,0.30844155844155846,0.4466604823747681,0.161873840445269
scratch_continue,5,25,0.0803898971163014,0.1609547378767036,0.9925788497217068,0.9526462395543176,0.04809749800006102,0.03235737899967717,42,2026,1.2398686317491985,0.09278858343379338,0.8255326727658864,0.8264483429188798,,,0.0774582560296846,0.30241187384044527,0.44990723562152135,0.1702226345083488
scratch_continue,6,26,0.0763006734588709,0.15840989410934925,0.9925788497217068,0.9498607242339833,0.05621201600024506,0.03823507499964762,42,2026,1.2424893143961944,0.08872556660283284,0.8210017534071522,0.823776600877017,,,0.07374768089053803,0.3079777365491651,0.44758812615955473,0.17068645640074212
scratch_continue,7,27,0.07224158491156776,0.15306688939842558,0.9944341372912802,0.9526462395543176,0.06424530100002812,0.044225068999821815,42,2026,1.235636443625457,0.08459794934782233,0.821655651942663,0.8257035921424014,,,0.07931354359925788,0.3205009276437848,0.4424860853432282,0.15769944341372913
scratch_continue,8,28,0.06886339194803791,0.15553659899732303,0.9935064935064936,0.9554317548746518,0.07267079600023862,0.050469724999857135,42,2026,1.2153368792085533,0.08101676074012344,0.8237225232982219,0.8240996856926563,,,0.08348794063079777,0.3033395176252319,0.4359925788497217,0.17717996289424862
scratch_continue,9,29,0.06499532741642239,0.1436184521485416,0.9944341372912802,0.9554317548746518,0.08072217900007672,0.05669025499992131,42,2026,1.225454333258461,0.077249870749007,0.8187057280269383,0.8216784682233691,,,0.08163265306122448,0.3140074211502783,0.4383116883116883,0.1660482374768089
scratch_continue,10,30,0.06216703301082634,0.14782839797771158,0.9944341372912802,0.9526462395543176,0.0891128920002302,0.06312049200005276,42,2026,1.2208986092633978,0.07437601910346033,0.8169973074453892,0.8196951448486695,,,0.07792207792207792,0.3070500927643785,0.436456400742115,0.17857142857142858
scratch_continue,11,31,0.059478492497956524,0.14136338112550778,0.9953617810760668,0.9526462395543176,0.09710774900031538,0.06917844800000239,42,2026,1.206891257421554,0.07154740507217207,0.8192368166632649,0.8202378388408922,,,0.09879406307977737,0.30565862708719854,0.4336734693877551,0.161873840445269
scratch_continue,12,32,0.057052702262533096,0.14358700066891728,0.9944341372912802,0.9554317548746518,0.10497297200026878,0.0749744700001429,42,2026,1.1978848642757691,0.06903155090529078,0.8201618397248509,0.8222665551084285,,,0.08951762523191095,0.3181818181818182,0.42393320964749537,0.1683673469387755
scratch_continue,13,33,0.054818660691258486,0.13863956775384537,0.9953617810760668,0.9554317548746518,0.11314703900006862,0.08116511500020351,42,2026,1.1970667796599919,0.0667893284878584,0.8176174186097012,0.8181558932160592,,,0.08905380333951762,0.300556586270872,0.42764378478664195,0.18274582560296845
scratch_continue,14,34,0.050972695767190455,0.1321014199795504,0.9944341372912802,0.9610027855153204,0.12187691200006157,0.08769431000018812,42,2026,1.1985325980337518,0.06295802174752797,0.815245890612549,0.8197436642357727,,,0.10064935064935066,0.3232838589981447,0.4225417439703154,0.15352504638218925
scratch_continue,15,35,0.05240730194337793,0.13493812546614453,0.9962894248608535,0.9637883008356546,0.13150909000023603,0.09479309000016656,42,2026,1.224151889678046,0.06464882084015838,0.8024480571608782,0.8071970555935112,,,0.07606679035250463,0.29730983302411873,0.4359925788497217,0.1906307977736549
scratch_continue,16,36,0.047587212806645365,0.12711448854424065,0.9962894248608535,0.9637883008356546,0.14001475600025515,0.10132201400028862,42,2026,1.1910279399737964,0.059497492206383326,0.8099779310116664,0.8136553648892365,,,0.11038961038961038,0.3079777365491651,0.42115027829313545,0.16048237476808905
scratch_continue,17,37,0.04648020632023082,0.13139158033551118,0.9972170686456401,0.9665738161559888,0.1483688240000447,0.10756235400049263,42,2026,1.1724577463976493,0.05820478378420731,0.8142675219781073,0.8173894783203445,,,0.11873840445269017,0.30844155844155846,0.41233766233766234,0.16048237476808905
scratch_continue,18,38,0.04405505339287989,0.12549939936728022,0.9981447124304267,0.9693593314763231,0.15741996900032973,0.11461826100048711,42,2026,1.1825795369110368,0.05588084876199026,0.8072367005580942,0.8100415450072374,,,0.11410018552875696,0.30009276437847865,0.4179035250463822,0.1679035250463822
scratch_continue,19,39,0.04253159452082131,0.13024903061422222,0.9981447124304267,0.9665738161559888,0.16639029299994945,0.12152705600055924,42,2026,1.1617556739253871,0.054149151260075176,0.8127012026213698,0.815529867581205,,,0.12012987012987013,0.30844155844155846,0.40538033395176254,0.1660482374768089
scratch_continue,20,40,0.04060200000102516,0.12236344560702873,0.9981447124304267,0.9665738161559888,0.1743931330001942,0.12736993900034577,42,2026,1.1709533643908625,0.05231153364493378,0.8059529905823608,0.8090110910247538,0.03171099582767446,0.006275755418165261,0.12430426716141002,0.30009276437847865,0.4109461966604824,0.16465677179962895
scratch_continue,21,41,0.03800051295040789,0.12598508164520547,0.9981447124304267,0.9637883008356546,0.18509086299991395,0.13301783800034173,42,2026,1.164663912754394,0.04964715207795183,0.8074399785721258,0.8114685857136081,,,0.13126159554730985,0.3038033395176252,0.4076994434137291,0.1572356215213358
scratch_continue,22,42,0.036398608720984056,0.12331089494496969,0.9981447124304267,0.9665738161559888,0.19345175100033885,0.1391877930004739,42,2026,1.1625722707493282,0.04802433142847734,0.8062356645440877,0.8108131060580737,,,0.12430426716141002,0.3070500927643785,0.4039888682745826,0.16465677179962895
scratch_continue,23,43,0.03584775975585665,0.12590712590944286,0.9981447124304267,0.9665738161559888,0.20246571100005895,0.14594544100009443,42,2026,1.1507048162181983,0.04735480791803863,0.8073638249845915,0.8109479325115065,,,0.12291280148423006,0.3051948051948052,0.3965677179962894,0.17532467532467533
scratch_continue,24,44,0.035303005047470255,0.1261199835549118,0.9972170686456401,0.9665738161559888,0.21112655900014943,0.15230204599993158,42,2026,1.1442778632342177,0.046745783679812435,0.8068607899762765,0.8105755938366696,,,0.1331168831168831,0.3047309833024119,0.39285714285714285,0.16929499072356216
scratch_continue,25,45,0.033942233304021796,0.12449105135947036,0.9972170686456401,0.9637883008356546,0.22034695899992585,0.159302088000004,42,2026,1.1425071712321178,0.04536730501634297,0.8051780133009144,0.8093189660085557,,,0.13589981447124305,0.3038033395176252,0.3914656771799629,0.16883116883116883
scratch_continue,26,46,0.0344025239771343,0.12212492062005895,0.9972170686456401,0.9637883008356546,0.230850878000183,0.16723060000003898,42,2026,1.1413455911214114,0.045815979888348415,0.8037480217813505,0.8097631832387959,,,0.12384044526901669,0.3186456400742115,0.3817254174397032,0.17578849721706866
scratch_continue,27,47,0.03792541990369666,0.13654218190161532,0.9962894248608535,0.9637883008356546,0.2396722880002926,0.17355636900038007,42,2026,1.1198660604835913,0.04912408050853258,0.8064640124792146,0.8112179148203957,,,0.14703153988868276,0.30936920222634506,0.37105751391465674,0.1725417439703154
scratch_continue,28,48,0.030990795464837493,0.11614196639624923,0.9981447124304267,0.9693593314763231,0.2488897140001427,0.1805426610003451,42,2026,1.141535534715983,0.04240615081199732,0.7997375990812087,0.8073476045467064,,,0.12476808905380334,0.325139146567718,0.3784786641929499,0.17161410018552875
scratch_continue,29,49,0.03506842780848422,0.130211955066639,0.9972170686456401,0.9637883008356546,0.2577413990002242,0.1869776740004454,42,2026,1.1267381852219673,0.0463358096607039,0.7995579553978105,0.8043541096218799,,,0.12940630797773656,0.30565862708719854,0.3752319109461967,0.18970315398886828
scratch_continue,30,50,0.031635902309842354,0.13343970834462066,0.9981447124304267,0.9637883008356546,0.2667722850001155,0.19378771100082304,42,2026,1.1242296301452757,0.04287819861129511,0.7990878617410894,0.806307692942795,,,0.12755102040816327,0.3232838589981447,0.3650278293135436,0.1841372912801484
scratch_continue,31,51,0.03151913934448116,0.13251636460439897,0.9972170686456401,0.9665738161559888,0.276036650000151,0.20047462300044572,42,2026,1.1067477125551397,0.042586616470032555,0.8012351392779115,0.8086416586319737,,,0.14935064935064934,0.323747680890538,0.35111317254174396,0.17578849721706866
scratch_continue,32,52,0.029351584480555106,0.11963169116328706,0.9972170686456401,0.9693593314763231,0.28472644300018146,0.20691131800049334,42,2026,1.1176686747252502,0.04052827122780761,0.7967710043572748,0.8049444003059479,,,0.1303339517625232,0.3274582560296846,0.35667903525046385,0.18552875695732837
scratch_continue,33,53,0.028320798669001723,0.12230801957142774,0.9972170686456401,0.9665738161559888,0.29335577400024704,0.21329444300044997,42,2026,1.1057968186636071,0.03937876685563779,0.7967426561478375,0.8040596708712066,,,0.1326530612244898,0.31957328385899814,0.35018552875695735,0.19758812615955473
scratch_continue,34,54,0.026717171427523587,0.1209557072483648,0.9972170686456401,0.9665738161559888,0.3025899450003635,0.2205575510001836,42,2026,1.1143278091293276,0.03786044951881686,0.7921216753424518,0.8009602977018996,,,0.12987012987012986,0.3232838589981447,0.3562152133580705,0.1906307977736549
scratch_continue,35,55,0.026755374594576234,0.11794398246276173,0.9990723562152134,0.9665738161559888,0.3119357430000491,0.22741450900002746,42,2026,1.0957231406274757,0.03771260600085099,0.7938174747749661,0.8016982400170617,,,0.14007421150278293,0.31493506493506496,0.34415584415584416,0.20083487940630798
scratch_continue,36,56,0.024534652999263072,0.11636122143023094,0.9990723562152134,0.9693593314763231,0.32025199400004567,0.23375439900019046,42,2026,1.1127195495947784,0.035661848495210854,0.788119149321374,0.7988470242590061,,,0.1331168831168831,0.3269944341372913,0.3520408163265306,0.187847866419295
scratch_continue,37,57,0.024320022028654697,0.1142062778198116,1.0,0.9693593314763231,0.32973124299996925,0.24097061700013,42,2026,1.0845302093837856,0.035165324122492556,0.7921324435567426,0.8003640182157002,,,0.1572356215213358,0.30936920222634506,0.33719851576994436,0.19619666048237477
scratch_continue,38,58,0.023305043705677594,0.1118371373704321,1.0,0.9693593314763231,0.33910909900032493,0.2483076160001474,42,2026,1.0989626887143042,0.03429467059282064,0.7870482192475214,0.7973175821053733,,,0.14100185528756956,0.3209647495361781,0.34183673469387754,0.19619666048237477
scratch_continue,39,59,0.022567839833703505,0.10998372360868808,1.0,0.9693593314763231,0.3479372589999912,0.25474533299984614,42,2026,1.086845306632008,0.03343629290002359,0.7879440705431814,0.7973812885220518,,,0.1549165120593692,0.3102968460111317,0.33812615955473097,0.19666048237476808
scratch_continue,40,60,0.024739579958841025,0.11316531388861363,0.9990723562152134,0.9693593314763231,0.3564383880002424,0.26114181799994185,42,2026,1.0794297536706563,0.03553387749554759,0.7879946800938848,0.797515253482502,0.015564472108706866,0.00347233729570854,0.16465677179962895,0.30612244897959184,0.33487940630797774,0.19434137291280149
scratch_continue,41,61,0.02183557886190288,0.11424146702464133,0.9990723562152134,0.9721448467966574,0.36936506900019594,0.2678920440002912,42,2026,1.0877800456144309,0.03271337931804719,0.7850144122219006,0.7970464557947242,,,0.1553803339517625,0.3228200371057514,0.33116883116883117,0.1906307977736549
scratch_continue,42,62,0.021409324180944662,0.10624231535154659,0.9990723562152134,0.9721448467966574,0.37844511799994507,0.27484771900026317,42,2026,1.074485821775308,0.032154182398697745,0.7857258282696792,0.7959547741323294,,,0.16651205936920221,0.30658627087198514,0.32884972170686455,0.19805194805194806
scratch_continue,43,63,0.02096177253139963,0.10310775765331,0.9990723562152134,0.9721448467966574,0.38977843900011067,0.28404205500009994,42,2026,1.0812060059015727,0.03177383259041536,0.7817156979172815,0.7930253916084101,,,0.1614100185528757,0.3102968460111317,0.33302411873840443,0.19526901669758812
scratch_continue,44,64,0.01981820270047372,0.10920561450939817,1.0,0.9693593314763231,0.39726118699991275,0.28964774200039756,42,2026,1.076049359123959,0.030578696291713312,0.7822354560495173,0.7950201277584115,,,0.16512059369202226,0.3181818181818182,0.32235621521335805,0.19434137291280149
scratch_continue,45,65,0.020169599248081586,0.0972569903472723,0.9990723562152134,0.9693593314763231,0.40510113200025444,0.29545685400034927,42,2026,1.0839027944754747,0.031008627192836334,0.7774900778480237,0.789400553732966,,,0.1572356215213358,0.30890538033395176,0.3358070500927644,0.19805194805194806
scratch_continue,46,66,0.018331368573658594,0.10054277407661466,1.0,0.9693593314763231,0.413057382000261,0.30139802500025326,42,2026,1.0803076159054588,0.02913444473271318,0.7775242660776163,0.7906920455119435,,,0.15816326530612246,0.3167903525046382,0.3269944341372913,0.19805194805194806
scratch_continue,47,67,0.018079193697815316,0.10812972996256984,1.0,0.9693593314763231,0.42092577900029937,0.3073071769999842,42,2026,1.0703141195860788,0.028782334893676105,0.7784181128872926,0.7906920712510814,,,0.1679035250463822,0.30658627087198514,0.32421150278293137,0.2012987012987013
scratch_continue,48,68,0.01715504193510829,0.09807456591394123,1.0,0.9721448467966574,0.42908212000020285,0.3134793460003493,42,2026,1.0768589064375755,0.027923630999484042,0.7752237250688511,0.7880454397534272,,,0.16512059369202226,0.30890538033395176,0.3293135435992579,0.19666048237476808
scratch_continue,49,69,0.01697258381549713,0.10853007468993404,1.0,0.9665738161559888,0.4369653290000315,0.3193436310002653,42,2026,1.0717270737592355,0.027689854553089484,0.7749746917267815,0.7877722361162416,,,0.16558441558441558,0.3051948051948052,0.325139146567718,0.20408163265306123
scratch_continue,50,70,0.017309825310926483,0.10424208559098615,0.9990723562152134,0.9665738161559888,0.4448234510000475,0.32521506700004466,42,2026,1.0742442328851223,0.02805226763977771,0.7724164304406789,0.7855814894401365,,,0.16001855287569575,0.3042671614100185,0.3269944341372913,0.20871985157699444
scratch_continue,51,71,0.016122252878462206,0.10142795606960349,1.0,0.9693593314763231,0.4531097670001145,0.33164758600014466,42,2026,1.0687496971163228,0.026809749849625433,0.7722609204846415,0.7847754826636089,,,0.1660482374768089,0.2982374768089054,0.32560296846011133,0.2101113172541744
scratch_continue,52,72,0.0156197365305683,0.10882947832715784,1.0,0.9693593314763231,0.4610310850002861,0.337563849000162,42,2026,1.0721845655311761,0.026341582185880064,0.7701299455904539,0.7837354114294997,,,0.16558441558441558,0.3051948051948052,0.32560296846011133,0.2036178107606679
scratch_continue,53,73,0.016275151465388292,0.10983035543468292,0.9990723562152134,0.9693593314763231,0.46964518300001146,0.3437896670002374,42,2026,1.0712108295766112,0.026987259761154403,0.7687988586894001,0.7825876471895165,,,0.1683673469387755,0.3033395176252319,0.32560296846011133,0.20269016697588127
scratch_continue,54,74,0.015039059242621165,0.10536294103731277,1.0,0.9721448467966574,0.4773262190001333,0.34954659100048957,42,2026,1.068844262193698,0.025727501864558147,0.7687070388872485,0.7831378460444386,,,0.16651205936920221,0.3038033395176252,0.32235621521335805,0.20732838589981448
scratch_continue,55,75,0.014390763178899901,0.10158639781985289,1.0,0.9721448467966574,0.48534855800016885,0.35542453700054466,42,2026,1.0681954750372498,0.025072717929272396,0.768422189975502,0.783898691378178,,,0.16975881261595546,0.30936920222634506,0.31910946196660483,0.2017625231910946
scratch_continue,56,76,0.014389333377770928,0.1024163634193684,1.0,0.9721448467966574,0.4930359230002068,0.36118527600046946,42,2026,1.0675111494642262,0.02506444487241319,0.7671565577085019,0.7821669563031134,,,0.16048237476808905,0.3033395176252319,0.3200371057513915,0.21614100185528756
scratch_continue,57,77,0.013739372788410554,0.09497494699383206,1.0,0.9721448467966574,0.5011105010003121,0.3671800670003904,42,2026,1.070546705694885,0.024444839845359403,0.7658947641897718,0.7817628440781795,,,0.16094619666048238,0.30890538033395176,0.3205009276437848,0.20964749536178107
scratch_continue,58,78,0.013502582084971553,0.10320823361008656,1.0,0.9721448467966574,0.5092535610001505,0.37332595500038224,42,2026,1.064155272947618,0.024144134814447736,0.7658486655498813,0.7808434178023557,,,0.17393320964749537,0.300556586270872,0.3205009276437848,0.20500927643784786
scratch_continue,59,79,0.013305016452613316,0.09851603337847194,1.0,0.9749303621169917,0.5224722910002129,0.3839102540005115,42,2026,1.0667968649242119,0.023972985101855436,0.7634907134289001,0.7784669109169391,,,0.16465677179962895,0.29916512059369205,0.32189239332096475,0.21428571428571427
scratch_continue,60,80,0.012959359688033792,0.1051047370318959,1.0,0.9721448467966574,0.5314489440002035,0.3907626650002385,42,2026,1.0662194833998901,0.02362155452203269,0.7622811994999823,0.777956327039931,0.0048680062024447175,0.0028851695127606785,0.17115027829313545,0.300556586270872,0.32142857142857145,0.20686456400742115
scratch_continue,61,81,0.012423566759926664,0.09441143032101906,1.0,0.9721448467966574,0.5437844870002664,0.39722778399982417,42,2026,1.0686550770964287,0.02311011753089095,0.761462043486153,0.7779480064219473,,,0.16326530612244897,0.30658627087198514,0.31957328385899814,0.21057513914656772
scratch_continue,62,82,0.012301065282734168,0.1034437655909848,1.0,0.9721448467966574,0.5520122540001466,0.4033642879994659,42,2026,1.0616170517683685,0.02291723580041785,0.7619254421159951,0.7779718295453248,,,0.17532467532467533,0.30009276437847865,0.3177179962894249,0.20686456400742115
scratch_continue,63,83,0.011981754010503535,0.1019164759624344,1.0,0.9721448467966574,0.5621597480003402,0.41139548999944964,42,2026,1.0655102595856478,0.022636856606360015,0.7600143500252824,0.7758925886759315,,,0.1702226345083488,0.29916512059369205,0.32235621521335805,0.2082560296846011
scratch_continue,64,84,0.011645711636996329,0.110227064989981,1.0,0.9721448467966574,0.5713848650002546,0.4183569539995915,42,2026,1.064471941086193,0.02229043104785826,0.7593689893218705,0.775696520040959,,,0.16975881261595546,0.30009276437847865,0.3200371057513915,0.2101113172541744
scratch_continue,65,85,0.011371755730712384,0.11171842558254988,1.0,0.9721448467966574,0.5808079090002138,0.4247454769997603,42,2026,1.063385825147093,0.022005613982183314,0.7586055565247586,0.7750701994311372,,,0.1702226345083488,0.29916512059369205,0.31957328385899814,0.21103896103896103
scratch_continue,66,86,0.011026229572856323,0.11151456182192425,1.0,0.9693593314763231,0.5907007400001021,0.4326279759998215,42,2026,1.061460782198056,0.02164083739483688,0.7577657010151817,0.7742117216245762,,,0.1725417439703154,0.2945269016697588,0.3200371057513915,0.21289424860853431
scratch_continue,67,87,0.010904694064964022,0.11177037594483975,1.0,0.9693593314763231,0.6002111249999871,0.4400710939999044,42,2026,1.0609688651396094,0.021514382716360116,0.7572763382293581,0.7739792311935048,,,0.17161410018552875,0.29684601113172543,0.3177179962894249,0.21382189239332097
scratch_continue,68,88,0.010625286354010336,0.11121109841046067,1.0,0.9721448467966574,0.6095054669999627,0.44696879200000694,42,2026,1.062511262767274,0.021250398981683075,0.755669251997496,0.7728119592925653,,,0.1725417439703154,0.29684601113172543,0.3200371057513915,0.21057513914656772
scratch_continue,69,89,0.010555311675777376,0.10733944243889394,1.0,0.9721448467966574,0.6195224240000243,0.4549292679998871,42,2026,1.0614234450840767,0.021169546126618144,0.7551505797999514,0.7723419233107145,,,0.1683673469387755,0.29545454545454547,0.3186456400742115,0.21753246753246752
scratch_continue,70,90,0.010531964778236605,0.11614676835395912,1.0,0.9665738161559888,0.6303522430002886,0.4631779569999708,42,2026,1.0549547754359887,0.02108151253259649,0.7550648065363033,0.7726386133458462,,,0.18274582560296845,0.29267161410018555,0.3144712430426716,0.2101113172541744
scratch_continue,71,91,0.011281226542198153,0.11363504289821207,0.9990723562152134,0.9665738161559888,0.6396002440001212,0.47044881600004373,42,2026,1.0609202128621131,0.021890428670819286,0.7524861877532844,0.770034105035051,,,0.17393320964749537,0.29313543599257885,0.3200371057513915,0.21289424860853431
scratch_continue,72,92,0.010113664984729358,0.11619507125362293,1.0,0.9665738161559888,0.6481239869999627,0.4768315299997994,42,2026,1.0550318669585006,0.020663983654314363,0.753254594334366,0.7712924423293096,,,0.17810760667903525,0.2945269016697588,0.31261595547309834,0.2147495361781076
scratch_continue,73,93,0.009884823835228504,0.11521855537793799,1.0,0.9665738161559888,0.6559832510001797,0.48276463899946975,42,2026,1.0582687513074258,0.020467511348302762,0.7513251727141214,0.7694876547983791,,,0.17717996289424862,0.2940630797773655,0.3172541743970315,0.21150278293135436
scratch_continue,74,94,0.01262061588725404,0.12541519413199426,0.9990723562152134,0.9693593314763231,0.6655064159999711,0.4897888769992278,42,2026,1.057036530323687,0.02319098119049091,0.7506944707438828,0.7707554282256602,,,0.17532467532467533,0.3038033395176252,0.30612244897959184,0.2147495361781076
scratch_continue,75,95,0.01055051515249745,0.10854258170625684,0.9990723562152134,0.9749303621169917,0.6773435089999111,0.4989158369994584,42,2026,1.0626381896040744,0.021176897048538194,0.7478494024200829,0.7672322911317687,,,0.16419294990723562,0.29730983302411873,0.3163265306122449,0.22217068645640073
scratch_continue,76,96,0.010437208953023313,0.09443398930593268,0.9990723562152134,0.9749303621169917,0.6880756210002801,0.5071736499994586,42,2026,1.0716988723002079,0.02115419767602539,0.7423967481585018,0.7644852026595974,,,0.1525974025974026,0.3038033395176252,0.3177179962894249,0.2258812615955473
scratch_continue,77,97,0.00920116530272248,0.10141294876464717,1.0,0.9749303621169917,0.698271207000289,0.5149685469996257,42,2026,1.063606210829635,0.01983722741101883,0.7443370004111899,0.766844701646341,,,0.16743970315398887,0.3112244897959184,0.30658627087198514,0.2147495361781076
scratch_continue,78,98,0.009081941100607628,0.10906174582953042,1.0,0.9749303621169917,0.7067966220001836,0.5212234000000535,42,2026,1.0629945118307067,0.019711886218914697,0.7428296876826564,0.764188986278002,,,0.1660482374768089,0.2963821892393321,0.3167903525046382,0.22077922077922077
scratch_continue,79,99,0.00881728715319711,0.10716073675171897,1.0,0.9749303621169917,0.7169102850002673,0.528739848999976,42,2026,1.0609524147360276,0.019426811300557387,0.7429336081841714,0.7639819852938633,,,0.16883116883116883,0.2945269016697588,0.3172541743970315,0.2193877551020408
scratch_continue,80,100,0.008701210066627676,0.11049144294612519,1.0,0.9749303621169917,0.7257744990001811,0.5354194100000313,42,2026,1.0588168744712705,0.01928937881134038,0.7423756506309641,0.7639216111467759,0.00553421351791372,0.002537647357565305,0.17346938775510204,0.2963821892393321,0.3140074211502783,0.21614100185528756
