phase,epoch,global_epoch,train_ce,val_ce,train_accuracy,val_accuracy,elapsed_seconds,training_seconds,seed,split_seed,balance_loss,objective,router_entropy_normalized,selected_gate_entropy_normalized,task_router_grad_l2,aux_router_grad_l2,expert_0_assignment_share,expert_1_assignment_share,expert_2_assignment_share,expert_3_assignment_share
linear_pretrain,0,0,2.29781296962439,2.3001884986613645,0.11131725417439703,0.08913649025069638,0.00041380099992238684,0.0,42,2028,,,,,,,,,,
linear_pretrain,1,1,1.5071171787527262,1.491030653410919,0.8543599257884972,0.871866295264624,0.0028083069996682752,0.0019931229999201605,42,2028,,,,,,,,,,
linear_pretrain,2,2,1.010404009268682,0.9830771342793514,0.8951762523191095,0.9192200557103064,0.004629280999779439,0.003401096999823494,42,2028,,,,,,,,,,
linear_pretrain,3,3,0.7394629852389926,0.7088531794524384,0.9146567717996289,0.924791086350975,0.007577362999654724,0.00562728499971854,42,2028,,,,,,,,,,
linear_pretrain,4,4,0.5875358572644641,0.5590343091776971,0.922077922077922,0.935933147632312,0.010498310000002675,0.008131254999625526,42,2028,,,,,,,,,,
linear_pretrain,5,5,0.4948546422045144,0.4691830142530797,0.9276437847866419,0.9442896935933147,0.01294734699968103,0.010178298999562685,42,2028,,,,,,,,,,
linear_pretrain,6,6,0.43118298939348104,0.40808958305402754,0.9313543599257885,0.9442896935933147,0.014913659999820084,0.011767965999297303,42,2028,,,,,,,,,,
linear_pretrain,7,7,0.3849828379975889,0.3659069888455366,0.9341372912801484,0.9387186629526463,0.017188465999879554,0.013602550999621599,42,2028,,,,,,,,,,
linear_pretrain,8,8,0.34962630669069344,0.3329672708626162,0.9415584415584416,0.9498607242339833,0.019882471000073565,0.015665989999888552,42,2028,,,,,,,,,,
linear_pretrain,9,9,0.32038536462759265,0.30589143225850374,0.9415584415584416,0.947075208913649,0.022791739999775018,0.01796938899997258,42,2028,,,,,,,,,,
linear_pretrain,10,10,0.29715410111080076,0.2862383629650962,0.9434137291280148,0.9498607242339833,0.02519026199979635,0.02004287199997634,42,2028,,,,,,,,,,
linear_pretrain,11,11,0.27763861281787855,0.2681214584892812,0.9443413729128015,0.9554317548746518,0.027139097999679507,0.02173672599974452,42,2028,,,,,,,,,,
linear_pretrain,12,12,0.2609971063561297,0.25395705541072794,0.9526901669758813,0.9526462395543176,0.029981657000007544,0.024314476999734325,42,2028,,,,,,,,,,
linear_pretrain,13,13,0.24662310085994446,0.24321970218223538,0.9564007421150278,0.9554317548746518,0.03206779899983303,0.026071996000155195,42,2028,,,,,,,,,,
linear_pretrain,14,14,0.23388540194053542,0.2302874013575951,0.9545454545454546,0.9610027855153204,0.034381934000066394,0.028007001999867498,42,2028,,,,,,,,,,
linear_pretrain,15,15,0.22236363612547305,0.222360044377815,0.9591836734693877,0.958217270194986,0.037063850999857095,0.030061846999615227,42,2028,,,,,,,,,,
linear_pretrain,16,16,0.2127892757680564,0.21400319196749373,0.9601113172541744,0.9610027855153204,0.03891071499992904,0.03165616099977342,42,2028,,,,,,,,,,
linear_pretrain,17,17,0.203854810829706,0.20755341068538705,0.9601113172541744,0.958217270194986,0.04125080899984823,0.03373748599960891,42,2028,,,,,,,,,,
linear_pretrain,18,18,0.1952450720007624,0.1993660216383835,0.9628942486085343,0.9637883008356546,0.04313957499971366,0.0351777289997699,42,2028,,,,,,,,,,
linear_pretrain,19,19,0.18834793243115172,0.19487893500670683,0.9619666048237476,0.958217270194986,0.04590043100006369,0.037490070999865566,42,2028,,,,,,,,,,
linear_pretrain,20,20,0.1809867085986377,0.18919667996045503,0.9666048237476809,0.9637883008356546,0.04830757499985339,0.039280869999856804,42,2028,,,,,,,,,,
scratch_pretrain,0,0,2.2990604355034923,2.2970243311045335,0.1038961038961039,0.10863509749303621,0.0017895370001497213,0.0,42,2028,1.1257222745352977,2.310317658248845,0.9913173455187444,0.9961941093556556,0.006236854718776454,0.014927720563776403,0.4809833024118738,0.02411873840445269,0.49165120593692024,0.003246753246753247
scratch_pretrain,1,1,1.348565316552608,1.3201174580826989,0.699443413729128,0.7047353760445683,0.01789541200014355,0.008979995000117924,42,2028,1.0402294795017006,1.358967611347625,0.9927526812901449,0.9933722077925777,,,0.3854359925788497,0.2504638218923933,0.32189239332096475,0.04220779220779221
scratch_pretrain,2,2,0.8672419264050284,0.8072375151842648,0.8469387755102041,0.8774373259052924,0.03295390499988571,0.020395457000176975,42,2028,1.065529850544839,0.8778972249104768,0.9835575038391796,0.9832096801354842,,,0.4072356215213358,0.21846011131725418,0.3320964749536178,0.04220779220779221
scratch_pretrain,3,3,0.6372514231373037,0.609607168229446,0.8905380333951762,0.9052924791086351,0.04298127199990631,0.02795762200048557,42,2028,1.0676800624865785,0.6479282237621694,0.9747333835374046,0.9721053927146354,,,0.3404452690166976,0.2764378478664193,0.3515769944341373,0.03153988868274583
scratch_pretrain,4,4,0.4932391769372997,0.4517506249523866,0.9165120593692022,0.9387186629526463,0.05272014699994543,0.03469122400019842,42,2028,1.0705493203659397,0.5039446701409591,0.9659780961758238,0.9601574187393771,,,0.34461966604823746,0.24582560296846012,0.36178107606679033,0.04777365491651206
scratch_pretrain,5,5,0.4174999447544283,0.37365049091363883,0.9313543599257885,0.9498607242339833,0.06350974899987705,0.043382335000387684,42,2028,1.121414690473719,0.4287140916591655,0.9514304953490687,0.9485375706097801,,,0.3812615955473098,0.19109461966604824,0.3970315398886827,0.030612244897959183
scratch_pretrain,6,6,0.34433510220943336,0.3131910831717406,0.9471243042671614,0.9610027855153204,0.07247379899990847,0.0498759360002623,42,2028,1.1039316038824394,0.3553744182482578,0.947462840928274,0.9412202602975799,,,0.3515769944341373,0.21985157699443414,0.3877551020408163,0.04081632653061224
scratch_pretrain,7,7,0.3122943967639794,0.2913191045248065,0.9582560296846011,0.9610027855153204,0.08176297799991517,0.05701487600026667,42,2028,1.137913035990559,0.323673527123885,0.9365537799755647,0.9319297978624197,,,0.313543599257885,0.2305194805194805,0.4313543599257885,0.02458256029684601
scratch_pretrain,8,8,0.2782564414628609,0.24820620792671216,0.9564007421150278,0.9665738161559888,0.0912811610000972,0.06383627000059278,42,2028,1.1265281969446146,0.28952172343230703,0.9335508777845998,0.9271774060060279,,,0.3719851576994434,0.22031539888682747,0.3803339517625232,0.02736549165120594
scratch_pretrain,9,9,0.23624112209726827,0.2247023774296638,0.961038961038961,0.9665738161559888,0.10109330500017677,0.07131747300036295,42,2028,1.1096462430817906,0.24733758452808619,0.9322359242731084,0.9230533804693218,,,0.3209647495361781,0.24397031539888683,0.3942486085343228,0.04081632653061224
scratch_pretrain,10,10,0.21826610807894026,0.20916918775725882,0.9647495361781077,0.9665738161559888,0.10982192300025417,0.07811064500037901,42,2028,1.1177083421060592,0.22944319150000084,0.9267358080590782,0.9179992440279103,,,0.33719851576994436,0.24443413729128013,0.3854359925788497,0.03293135435992579
scratch_pretrain,11,11,0.19782131264427572,0.2080139625866827,0.9730983302411874,0.9693593314763231,0.11878404100025364,0.0847400400002698,42,2028,1.1118915270254037,0.20894022791452976,0.9236530011439618,0.9128221790820598,,,0.31493506493506496,0.23794063079777367,0.39517625231910947,0.05194805194805195
scratch_pretrain,12,12,0.1816936966591215,0.1830385011801528,0.9721706864564007,0.9693593314763231,0.1277996990002066,0.09143576400038,42,2028,1.103519172577073,0.19272888838489222,0.9220487281725938,0.9112546920459257,,,0.31586270871985156,0.25463821892393323,0.37940630797773656,0.05009276437847866
scratch_pretrain,13,13,0.16912854605463756,0.17354995640300624,0.9721706864564007,0.9721448467966574,0.13634956800024156,0.09775205000050846,42,2028,1.1230018286556742,0.1803585643411943,0.9147913433048349,0.9052329234830472,,,0.32653061224489793,0.25510204081632654,0.38589981447124305,0.032467532467532464
scratch_pretrain,14,14,0.15764685199751302,0.18034634983640432,0.9768089053803339,0.9610027855153204,0.14548916200010353,0.10495581700024559,42,2028,1.097472470770667,0.16862157670521968,0.9172942579072406,0.904987963333961,,,0.30658627087198514,0.2634508348794063,0.37430426716141,0.055658627087198514
scratch_pretrain,15,15,0.14781436710124837,0.16746379019888205,0.9786641929499073,0.9665738161559888,0.15551612899980682,0.11247488800017891,42,2028,1.1103074821477774,0.15891744192272614,0.9122891566810855,0.9010254869775646,,,0.3205009276437848,0.26484230055658625,0.37337662337662336,0.041280148423005564
scratch_pretrain,16,16,0.13856260022132902,0.15148330388923298,0.9833024118738405,0.9693593314763231,0.16500876300005984,0.11952481400021497,42,2028,1.110675303877076,0.14966935326009978,0.9089495179914986,0.8975013892501977,,,0.3102968460111317,0.27319109461966606,0.37430426716141,0.04220779220779221
scratch_pretrain,17,17,0.1340950362285346,0.15917973183893386,0.9795918367346939,0.9637883008356546,0.18213187599985758,0.1275881230003506,42,2028,1.0915042243007944,0.14501007847154254,0.9110792250004919,0.8981684089699222,,,0.3177179962894249,0.2727272727272727,0.35064935064935066,0.05890538033395176
scratch_pretrain,18,18,0.12091756690447156,0.15445706284558372,0.9860853432282004,0.9610027855153204,0.19054523000022527,0.13392774300064048,42,2028,1.1019547151623417,0.13193711405609498,0.9063592704386991,0.8935118733659204,,,0.30612244897959184,0.27087198515769945,0.3692022263450835,0.05380333951762523
scratch_pretrain,19,19,0.11921751457610633,0.15152741845922452,0.9795918367346939,0.9610027855153204,0.19839485700003934,0.13960265500054447,42,2028,1.086964324428019,0.13008715782038652,0.9072398316057282,0.8936241751087945,,,0.3047309833024119,0.2750463821892393,0.3529684601113173,0.06725417439703155
scratch_pretrain,20,20,0.11094590151505088,0.1437448533369421,0.9860853432282004,0.9665738161559888,0.20608011800004533,0.14545712500057562,42,2028,1.1128087343414412,0.1220739888584653,0.8989015205153439,0.8860922712826629,0.06563208425623604,0.006255635662259104,0.32235621521335805,0.24304267161410018,0.37662337662337664,0.05797773654916512
linear_continue,0,20,0.1809867085986377,0.18919667996045503,0.9666048237476809,0.9637883008356546,0.0003640270001596946,0.0,42,2028,,,,,,,,,,
linear_continue,1,21,0.17310538175842563,0.18231955777077868,0.9675324675324676,0.9637883008356546,0.0021955970000817615,0.001557758999751968,42,2028,,,,,,,,,,
linear_continue,2,22,0.16650365080346657,0.17718773897911794,0.9684601113172542,0.9665738161559888,0.003760938000141323,0.002836989999650541,42,2028,,,,,,,,,,
linear_continue,3,23,0.16072766277386874,0.1724964394079137,0.9666048237476809,0.9665738161559888,0.006172755000079633,0.004388078999454592,42,2028,,,,,,,,,,
linear_continue,4,24,0.15503553372866605,0.16841440244981812,0.9721706864564007,0.9610027855153204,0.008184635999896273,0.0060083719995418505,42,2028,,,,,,,,,,
linear_continue,5,25,0.1502118508092967,0.16343671139541835,0.9712430426716141,0.9610027855153204,0.010679832999812788,0.008216167999762547,42,2028,,,,,,,,,,
linear_continue,6,26,0.14593569927253225,0.16190872587531233,0.9730983302411874,0.9610027855153204,0.01323312700014867,0.010440508999636222,42,2028,,,,,,,,,,
linear_continue,7,27,0.14162456789124872,0.1580302994256255,0.974025974025974,0.958217270194986,0.015498664000006102,0.012444943999980751,42,2028,,,,,,,,,,
linear_continue,8,28,0.13782893034346969,0.15529979033305502,0.9749536178107606,0.9610027855153204,0.01871503299980759,0.0152343730001121,42,2028,,,,,,,,,,
linear_continue,9,29,0.13429018340109275,0.15321669086805245,0.9768089053803339,0.9610027855153204,0.0203930229999969,0.016659713000080956,42,2028,,,,,,,,,,
linear_continue,10,30,0.13098434706381543,0.1513356381581618,0.9777365491651205,0.958217270194986,0.023952617999839276,0.019661469999846304,42,2028,,,,,,,,,,
linear_continue,11,31,0.12781371828121543,0.14818453652397284,0.9777365491651205,0.9610027855153204,0.02584651200004373,0.02113635500018063,42,2028,,,,,,,,,,
linear_continue,12,32,0.1248262464455655,0.14565338367983252,0.9777365491651205,0.9665738161559888,0.028473947999827942,0.02348052600018491,42,2028,,,,,,,,,,
linear_continue,13,33,0.12196095674458433,0.14412752058609313,0.9786641929499073,0.9637883008356546,0.030675142999825766,0.02533249700036322,42,2028,,,,,,,,,,
linear_continue,14,34,0.11952359659734586,0.14334788611181806,0.9786641929499073,0.9637883008356546,0.032666493999840895,0.026964057000441244,42,2028,,,,,,,,,,
linear_continue,15,35,0.11724809451019304,0.14160606822005975,0.9786641929499073,0.9610027855153204,0.03472935099989627,0.028674856000179716,42,2028,,,,,,,,,,
linear_continue,16,36,0.114751346185345,0.14053563964695587,0.9786641929499073,0.9637883008356546,0.03721122800016019,0.030779246000292915,42,2028,,,,,,,,,,
linear_continue,17,37,0.11228039699970523,0.13801253434909977,0.9786641929499073,0.9637883008356546,0.03914459099996748,0.0322935399999551,42,2028,,,,,,,,,,
linear_continue,18,38,0.11015928134108657,0.1368043406854047,0.9786641929499073,0.9637883008356546,0.04128080899999986,0.03417678799996793,42,2028,,,,,,,,,,
linear_continue,19,39,0.10808720768812038,0.13523074181788627,0.9795918367346939,0.9637883008356546,0.044191009999849484,0.03663942599996517,42,2028,,,,,,,,,,
linear_continue,20,40,0.10620948081284795,0.13486469121301634,0.9786641929499073,0.9665738161559888,0.047188049999931536,0.039196996000100626,42,2028,,,,,,,,,,
linear_continue,21,41,0.1042805835674013,0.1325096461166623,0.9814471243042672,0.9637883008356546,0.04983703800007788,0.04133451600000626,42,2028,,,,,,,,,,
linear_continue,22,42,0.10259279867079527,0.13214157008347885,0.9805194805194806,0.9665738161559888,0.05213912499993967,0.04318615600004705,42,2028,,,,,,,,,,
linear_continue,23,43,0.10067593243221544,0.13091514193962875,0.9823747680890538,0.9637883008356546,0.055881333999877825,0.04653464400007579,42,2028,,,,,,,,,,
linear_continue,24,44,0.09916467270667087,0.13016271869654772,0.9814471243042672,0.9637883008356546,0.05926595700020698,0.04908616600005189,42,2028,,,,,,,,,,
linear_continue,25,45,0.09732146203608856,0.12881498662248955,0.9814471243042672,0.9637883008356546,0.06221783899991351,0.051721634000386985,42,2028,,,,,,,,,,
linear_continue,26,46,0.09597867101232847,0.12839347105594234,0.9833024118738405,0.9665738161559888,0.06655470199984848,0.05572470600009183,42,2028,,,,,,,,,,
linear_continue,27,47,0.09459728371975333,0.12770488163729732,0.9833024118738405,0.9637883008356546,0.06881187099997987,0.057628353999916726,42,2028,,,,,,,,,,
linear_continue,28,48,0.09289156110399512,0.12580311666659325,0.9833024118738405,0.9637883008356546,0.07109853500014651,0.05959616899963294,42,2028,,,,,,,,,,
linear_continue,29,49,0.09168696987943838,0.1255782215462831,0.9833024118738405,0.9637883008356546,0.07328483799983587,0.0614780449996033,42,2028,,,,,,,,,,
linear_continue,30,50,0.09022556712177637,0.12447105150897475,0.9851576994434137,0.9637883008356546,0.07549259300003541,0.06338391700001011,42,2028,,,,,,,,,,
linear_continue,31,51,0.08903745009095136,0.1242595746022961,0.9842300556586271,0.9610027855153204,0.07771239600015178,0.06521520600017539,42,2028,,,,,,,,,,
linear_continue,32,52,0.0880023270043286,0.12303269155547576,0.9833024118738405,0.9637883008356546,0.07987482399994406,0.06703559000015957,42,2028,,,,,,,,,,
linear_continue,33,53,0.0864947096722082,0.12303828577640828,0.9842300556586271,0.9665738161559888,0.08262069700003849,0.06946254400008911,42,2028,,,,,,,,,,
linear_continue,34,54,0.0852177572892762,0.12204329042148435,0.9851576994434137,0.9637883008356546,0.08468569800015757,0.07114622300014162,42,2028,,,,,,,,,,
linear_continue,35,55,0.08410499220594296,0.1208281667260515,0.9851576994434137,0.9665738161559888,0.08669390400018528,0.07282159900023544,42,2028,,,,,,,,,,
linear_continue,36,56,0.08297169921597092,0.12039208639798529,0.9851576994434137,0.9637883008356546,0.08885719199997766,0.07464900300055888,42,2028,,,,,,,,,,
linear_continue,37,57,0.08188472942100981,0.11994444633980476,0.9860853432282004,0.9665738161559888,0.09089912799981903,0.07633880000048521,42,2028,,,,,,,,,,
linear_continue,38,58,0.0808210495951705,0.11890591077837301,0.9879406307977736,0.9665738161559888,0.09284706300013568,0.07795760000044538,42,2028,,,,,,,,,,
linear_continue,39,59,0.07994584272727794,0.11894650196586966,0.9860853432282004,0.9637883008356546,0.09466453300001376,0.07949531900021611,42,2028,,,,,,,,,,
linear_continue,40,60,0.0789958785306168,0.118389868238719,0.987012987012987,0.9637883008356546,0.0964044450001893,0.08098154100025567,42,2028,,,,,,,,,,
linear_continue,41,61,0.07785172960542566,0.11702875445474148,0.9888682745825603,0.9637883008356546,0.09841163900000538,0.0826227860002291,42,2028,,,,,,,,,,
linear_continue,42,62,0.07689317102605343,0.11646669552166608,0.9879406307977736,0.9665738161559888,0.10005828200019096,0.0839492070003871,42,2028,,,,,,,,,,
linear_continue,43,63,0.07601621671375167,0.11677235474343244,0.9897959183673469,0.9637883008356546,0.10179108400006953,0.0853911620006329,42,2028,,,,,,,,,,
linear_continue,44,64,0.07513157753252037,0.11549944969529473,0.9879406307977736,0.9637883008356546,0.10376237399987076,0.08708456500062312,42,2028,,,,,,,,,,
linear_continue,45,65,0.07421456060044646,0.11547041870437912,0.9879406307977736,0.9637883008356546,0.10638792200006719,0.08873467300054472,42,2028,,,,,,,,,,
linear_continue,46,66,0.07354194377856384,0.11494073401867193,0.9888682745825603,0.9637883008356546,0.1106050650000725,0.09267996800053879,42,2028,,,,,,,,,,
linear_continue,47,67,0.07249733793877702,0.1146953036730215,0.9888682745825603,0.9665738161559888,0.1129012229998807,0.09466353700054242,42,2028,,,,,,,,,,
linear_continue,48,68,0.07183457642442809,0.11392308888926217,0.9879406307977736,0.9665738161559888,0.11600136800007022,0.09720176800055924,42,2028,,,,,,,,,,
linear_continue,49,69,0.0709667237858246,0.1134338358009991,0.9907235621521335,0.9637883008356546,0.11840856200024064,0.09933983900054955,42,2028,,,,,,,,,,
linear_continue,50,70,0.07002599018365523,0.11343437794553324,0.9897959183673469,0.9665738161559888,0.12223318599990307,0.10245713000040269,42,2028,,,,,,,,,,
linear_continue,51,71,0.06931936323148767,0.11237228007649748,0.9897959183673469,0.9637883008356546,0.12438646900000094,0.10435188500059667,42,2028,,,,,,,,,,
linear_continue,52,72,0.06861851574786892,0.11206835140644412,0.9897959183673469,0.9637883008356546,0.12695497599997907,0.10646417700036181,42,2028,,,,,,,,,,
linear_continue,53,73,0.06788276933278972,0.11175721148833391,0.9907235621521335,0.9637883008356546,0.12900433300001168,0.10812236700030553,42,2028,,,,,,,,,,
linear_continue,54,74,0.0670538185159547,0.11133937609247664,0.9897959183673469,0.9665738161559888,0.131111977999808,0.10997556000029363,42,2028,,,,,,,,,,
linear_continue,55,75,0.06638092193935716,0.11129487288354921,0.9907235621521335,0.9665738161559888,0.1341652780001823,0.1116670400001567,42,2028,,,,,,,,,,
linear_continue,56,76,0.06578672412089749,0.11106957903969578,0.9897959183673469,0.9665738161559888,0.1378413890001866,0.11501275399996302,42,2028,,,,,,,,,,
linear_continue,57,77,0.06508090178750625,0.1097331629324728,0.9897959183673469,0.9637883008356546,0.1411923300001945,0.11698471499994412,42,2028,,,,,,,,,,
linear_continue,58,78,0.06438835120473843,0.10987978270730472,0.9907235621521335,0.9665738161559888,0.14402400500011936,0.11936572300010084,42,2028,,,,,,,,,,
linear_continue,59,79,0.06378988836695422,0.10930712515063157,0.9916512059369202,0.9637883008356546,0.14635889300006966,0.12143855699969208,42,2028,,,,,,,,,,
linear_continue,60,80,0.06311751379932325,0.10895230925571502,0.9907235621521335,0.9637883008356546,0.14871777700000166,0.12314125500006412,42,2028,,,,,,,,,,
linear_continue,61,81,0.062465132944180234,0.109049521957144,0.9916512059369202,0.9610027855153204,0.15102772699992784,0.12492986300003395,42,2028,,,,,,,,,,
linear_continue,62,82,0.0618091410916192,0.10803663436126763,0.9916512059369202,0.9665738161559888,0.15368157400007476,0.12642223500006367,42,2028,,,,,,,,,,
linear_continue,63,83,0.06116191157806187,0.1078089961944479,0.9916512059369202,0.9637883008356546,0.15579305600022053,0.12824613500015403,42,2028,,,,,,,,,,
linear_continue,64,84,0.06066352226519312,0.10764203060958927,0.9907235621521335,0.9665738161559888,0.15981653100016047,0.13193789100023423,42,2028,,,,,,,,,,
linear_continue,65,85,0.060059165120880505,0.10716620108737313,0.9916512059369202,0.9637883008356546,0.16230194499985373,0.13415334900037124,42,2028,,,,,,,,,,
linear_continue,66,86,0.05944761635158762,0.10644944615279331,0.9907235621521335,0.9665738161559888,0.16462075800018283,0.13592457000049762,42,2028,,,,,,,,,,
linear_continue,67,87,0.05891005480934743,0.1065479420637288,0.9925788497217068,0.9610027855153204,0.16712142500000482,0.1378259670004809,42,2028,,,,,,,,,,
linear_continue,68,88,0.05831572212629048,0.1056823568940245,0.9925788497217068,0.9665738161559888,0.16931045399996947,0.13959552500045902,42,2028,,,,,,,,,,
linear_continue,69,89,0.0577994947044369,0.10608376901583495,0.9925788497217068,0.9665738161559888,0.17330340299986347,0.1431963440004438,42,2028,,,,,,,,,,
linear_continue,70,90,0.05730844776051963,0.10557678879030499,0.9925788497217068,0.9637883008356546,0.1754902980001134,0.14503594800044084,42,2028,,,,,,,,,,
linear_continue,71,91,0.05700370651689254,0.1052287387475348,0.9925788497217068,0.9665738161559888,0.17785934699986683,0.14696751000064978,42,2028,,,,,,,,,,
linear_continue,72,92,0.05636641537498341,0.10536252659116781,0.9925788497217068,0.9637883008356546,0.18024717500020415,0.14890643300032025,42,2028,,,,,,,,,,
linear_continue,73,93,0.0555996757046762,0.10502909208998412,0.9925788497217068,0.9665738161559888,0.18266588799997407,0.15078682800003662,42,2028,,,,,,,,,,
linear_continue,74,94,0.05520643641058614,0.10391801600745729,0.9925788497217068,0.9637883008356546,0.18485671999997066,0.15264660200000435,42,2028,,,,,,,,,,
linear_continue,75,95,0.05470380052731237,0.10400473793703562,0.9935064935064936,0.9610027855153204,0.18710151300001598,0.154632526000114,42,2028,,,,,,,,,,
linear_continue,76,96,0.054154284119555494,0.10390519691412771,0.9925788497217068,0.9637883008356546,0.1889070349998292,0.1561475819999032,42,2028,,,,,,,,,,
linear_continue,77,97,0.05365897885674637,0.10354618704350242,0.9944341372912802,0.9665738161559888,0.19099869699994088,0.15769223300003432,42,2028,,,,,,,,,,
linear_continue,78,98,0.05326480395865508,0.102635068376154,0.9935064935064936,0.9665738161559888,0.1925935929998559,0.15897143499978483,42,2028,,,,,,,,,,
linear_continue,79,99,0.052728953074320975,0.1031183739282527,0.9925788497217068,0.9637883008356546,0.19603929000004428,0.16207009099980496,42,2028,,,,,,,,,,
linear_continue,80,100,0.0522574567574946,0.10225545716321109,0.9935064935064936,0.9665738161559888,0.19777277399998638,0.1633893829994122,42,2028,,,,,,,,,,
moe_continue,0,20,0.1809867085986377,0.18919667996045503,0.9666048237476809,0.9637883008356546,0.002478813999914564,0.0,42,2028,1.1257222745352977,0.19224393134399068,0.9913173455187444,0.9961941093556556,4.179347083123493e-18,0.014927720563776403,0.4809833024118738,0.02411873840445269,0.49165120593692024,0.003246753246753247
moe_continue,1,21,0.16912562754538965,0.179965689275138,0.9684601113172542,0.9637883008356546,0.02293665900015185,0.010774657000183652,42,2028,1.0063910834621785,0.17918953838001145,0.9973209856917065,0.9983113953307812,,,0.15120593692022263,0.3172541743970315,0.23144712430426717,0.30009276437847865
moe_continue,2,22,0.15963195824872714,0.17422643627986414,0.9684601113172542,0.9665738161559888,0.03384096599984332,0.018286658000306488,42,2028,1.0036232279981399,0.16966819052870855,0.9971976200542586,0.9977200150519465,,,0.24489795918367346,0.2230983302411874,0.30890538033395176,0.2230983302411874
moe_continue,3,23,0.1489239085644914,0.1679259625536594,0.9693877551020408,0.9554317548746518,0.04228827699989779,0.024796719000278244,42,2028,1.0101501181063473,0.15902540974555487,0.9965269309207911,0.997645050458156,,,0.14703153988868276,0.30287569573283857,0.2077922077922078,0.3423005565862709
moe_continue,4,24,0.1416398241224446,0.16209728163059797,0.9758812615955473,0.9610027855153204,0.051930763000200386,0.03230668100013645,42,2028,1.0113118699394898,0.15175294282183951,0.9952497065409405,0.9952593653549673,,,0.17996289424860853,0.19573283858998144,0.33766233766233766,0.28664192949907236
moe_continue,5,25,0.13458216421139088,0.15842321117602945,0.9758812615955473,0.9637883008356546,0.060406135999983235,0.038833166000131314,42,2028,1.0161262607665722,0.1447434268190566,0.9934613921269941,0.9938077375497797,,,0.23654916512059368,0.13126159554730985,0.30658627087198514,0.32560296846011133
moe_continue,6,26,0.12484281198018668,0.14843456817489353,0.9777365491651205,0.9637883008356546,0.06949298700010331,0.045715875000041706,42,2028,1.0050812256183153,0.13489362423636983,0.9926772170764251,0.9935038344594812,,,0.20315398886827457,0.22402597402597402,0.25788497217068646,0.31493506493506496
moe_continue,7,27,0.11969882027726766,0.1437813175739103,0.9805194805194806,0.9610027855153204,0.0783169840001392,0.05215049199978239,42,2028,1.0149464800448709,0.12984828507771637,0.9897573624982143,0.9906639284426079,,,0.19109461966604824,0.18923933209647495,0.26484230055658625,0.35482374768089053
moe_continue,8,28,0.11515470760605463,0.14180751573957054,0.9805194805194806,0.9637883008356546,0.08695392900017396,0.058725849999973434,42,2028,1.0559295363384593,0.12571400296943921,0.9833521578248758,0.9830308186926142,,,0.11363636363636363,0.14517625231910947,0.37105751391465674,0.37012987012987014
moe_continue,9,29,0.10984279026565504,0.13345474433062146,0.9833024118738405,0.9610027855153204,0.09623166800020044,0.06521257499980493,42,2028,1.0275594275455555,0.1201183845411106,0.983426381535416,0.9837065688288272,,,0.2323747680890538,0.1261595547309833,0.2787569573283859,0.362708719851577
moe_continue,10,30,0.10332053123144012,0.13759541043882076,0.9842300556586271,0.9665738161559888,0.10698352100007469,0.07357476800007134,42,2028,1.01085583174126,0.11342908954885272,0.9806933091001406,0.979957795058525,,,0.23469387755102042,0.2017625231910946,0.3042671614100185,0.2592764378478664
moe_continue,11,31,0.09754520000374095,0.12569802914885572,0.9851576994434137,0.9665738161559888,0.11654653799996595,0.0804162859999451,42,2028,1.029765596289489,0.10784285596663584,0.975998490995679,0.9778508373196888,,,0.21150278293135436,0.15862708719851576,0.25556586270871984,0.37430426716141
moe_continue,12,32,0.09560173872261578,0.13325096019824614,0.9879406307977736,0.9665738161559888,0.12635914500015133,0.08818186799999239,42,2028,1.034497315186155,0.10594671187447732,0.9707077284727947,0.9695656075393706,,,0.1813543599257885,0.16651205936920221,0.32235621521335805,0.3297773654916512
moe_continue,13,33,0.08965931264753725,0.1293405121006834,0.9888682745825603,0.9693593314763231,0.13454606400000557,0.09426151099978597,42,2028,1.025418171366818,0.09991349436120543,0.9680293606362522,0.9670111987515094,,,0.21985157699443414,0.16929499072356216,0.31539888682745826,0.29545454545454547
moe_continue,14,34,0.08526962448542179,0.1255866655965438,0.9907235621521335,0.9749303621169917,0.14255457599983856,0.1003709999995408,42,2028,1.0526211794668676,0.09579583628009046,0.96083955882852,0.9617359518873786,,,0.1456400742115028,0.17810760667903525,0.3297773654916512,0.3464749536178108
moe_continue,15,35,0.08150718163209074,0.12296266888153687,0.9907235621521335,0.9693593314763231,0.15068583199990826,0.10642715799986036,42,2028,1.0314969868730623,0.09182215150082136,0.9606886354365054,0.9618627268648505,,,0.17439703153988867,0.19619666048237477,0.3051948051948052,0.32421150278293137
moe_continue,16,36,0.07939768865602563,0.11878562540212069,0.9916512059369202,0.9693593314763231,0.15865678699992714,0.11245702699989124,42,2028,1.0278190236079092,0.08967587889210472,0.9576577769844916,0.9595489896288988,,,0.23191094619666047,0.15769944341372913,0.28061224489795916,0.3297773654916512
moe_continue,17,37,0.0744043558936496,0.12358734037568468,0.9935064935064936,0.9721448467966574,0.16688740200015673,0.11868505399979767,42,2028,1.0295891127469476,0.08470024702111908,0.9527947028805751,0.9544291648919216,,,0.18877551020408162,0.19202226345083487,0.30194805194805197,0.3172541743970315
moe_continue,18,38,0.07403235945257773,0.12114776692093754,0.9916512059369202,0.9721448467966574,0.17512389600005918,0.12461135699959414,42,2028,1.0587731377013379,0.08462009082959111,0.944946282564293,0.9468608939997457,,,0.18506493506493507,0.14007421150278293,0.3205009276437848,0.35435992578849723
moe_continue,19,39,0.07020596994363364,0.1136984380318909,0.9925788497217068,0.9693593314763231,0.18815774799986684,0.13535828299973218,42,2028,1.0433016849452188,0.08063898679308583,0.944597069162768,0.9496411699981753,,,0.19944341372912802,0.161873840445269,0.274582560296846,0.36410018552875695
moe_continue,20,40,0.06998036099967145,0.11975594003331147,0.9916512059369202,0.9721448467966574,0.19835734100024638,0.1431768289999127,42,2028,1.0369108528902402,0.08034946952857386,0.9390975002448549,0.9416138639756919,0.02305613070240382,0.003640027682904287,0.20640074211502782,0.18042671614100186,0.325139146567718,0.2880333951762523
moe_continue,21,41,0.06527616833997597,0.12021488706058907,0.9944341372912802,0.9721448467966574,0.21214495399999578,0.1510273729995788,42,2028,1.049119122445182,0.07576735956442779,0.9348249358261319,0.9390649221601015,,,0.18460111317254174,0.1679035250463822,0.3075139146567718,0.3399814471243043
moe_continue,22,42,0.06261131340134493,0.11366118564294916,0.9935064935064936,0.9693593314763231,0.22218599999996513,0.15866834199960067,42,2028,1.032480719664945,0.07293612059799438,0.9334136164017403,0.9383626866002136,,,0.19990723562152132,0.19202226345083487,0.3079777365491651,0.30009276437847865
moe_continue,23,43,0.0606189919786983,0.11097576914721215,0.9944341372912802,0.9749303621169917,0.23247718099992198,0.16663158599976668,42,2028,1.0515980927433237,0.07113497290613154,0.9271812437937711,0.9316638140555236,,,0.21103896103896103,0.14517625231910947,0.30890538033395176,0.33487940630797774
moe_continue,24,44,0.0594656542593391,0.11256762279380546,0.9935064935064936,0.9721448467966574,0.24281975800022337,0.17461026199998742,42,2028,1.0460862055535791,0.06992651631487488,0.9229677433794136,0.9278526050196299,,,0.1906307977736549,0.1859925788497217,0.32884972170686455,0.2945269016697588
moe_continue,25,45,0.05549994300853714,0.10855275219853212,0.9953617810760668,0.9721448467966574,0.25322815600020476,0.18256960999997318,42,2028,1.0425252537163163,0.06592519554570031,0.921611864640759,0.9282827939065825,,,0.18970315398886828,0.18692022263450836,0.30287569573283857,0.3205009276437848
moe_continue,26,46,0.05384213319918863,0.11173318185789285,0.9953617810760668,0.9721448467966574,0.26350290200025484,0.19048919799979558,42,2028,1.0474065753012543,0.06431619895220117,0.9173102104306423,0.9247344410511723,,,0.17393320964749537,0.19990723562152132,0.3186456400742115,0.3075139146567718
moe_continue,27,47,0.053696232317578176,0.10652353774600791,0.9944341372912802,0.9721448467966574,0.2711896099999649,0.19618742900001962,42,2028,1.03475808007069,0.06404381311828508,0.9161816447381114,0.9239837530718296,,,0.2101113172541744,0.18831168831168832,0.3075139146567718,0.2940630797773655
moe_continue,28,48,0.05077054758431068,0.11325627534054145,0.9944341372912802,0.9693593314763231,0.2784877240001151,0.20173926999996183,42,2028,1.0479005331808875,0.061249552916119554,0.9106711240183432,0.9203845361518117,,,0.17207792207792208,0.2017625231910946,0.3116883116883117,0.3144712430426716
moe_continue,29,49,0.04947980294522169,0.10154624496504364,0.9953617810760668,0.9721448467966574,0.28581977900012134,0.2072057830000631,42,2028,1.0462547965046542,0.059942350910268234,0.9071075631010888,0.9156902631122515,,,0.19805194805194806,0.1790352504638219,0.3181818181818182,0.3047309833024119
moe_continue,30,50,0.04899744390854006,0.10811094870586369,0.9962894248608535,0.9721448467966574,0.29363226700024825,0.21319418000030055,42,2028,1.0469655606490595,0.05946709951503065,0.9034534932384152,0.9153202371550699,,,0.161873840445269,0.22170686456400743,0.3116883116883117,0.3047309833024119
moe_continue,31,51,0.04666127563252983,0.0998343965481539,0.9962894248608535,0.9721448467966574,0.3028734899999108,0.21882145400013542,42,2028,1.0469734664245378,0.05713101029677521,0.9004780700387605,0.9096639836765864,,,0.21057513914656772,0.1679035250463822,0.3112244897959184,0.3102968460111317
moe_continue,32,52,0.04568372115946444,0.10688064201762038,0.9962894248608535,0.9693593314763231,0.31437295600017023,0.22729388300012943,42,2028,1.0556514307494764,0.05624023546695921,0.8958806732023664,0.9080256037808045,,,0.1679035250463822,0.19851576994434136,0.3140074211502783,0.31957328385899814
moe_continue,33,53,0.0428155889522045,0.0977495634007314,0.9972170686456401,0.9721448467966574,0.32462441799998487,0.23503961000051277,42,2028,1.0469069865139706,0.053284658817344205,0.8940900419916077,0.905891283805222,,,0.19480519480519481,0.18552875695732837,0.30844155844155846,0.3112244897959184
moe_continue,34,54,0.04287603565066366,0.10361315805869382,0.9962894248608535,0.9721448467966574,0.33717991000003167,0.24463928100067278,42,2028,1.060639237752918,0.05348242802819284,0.8874194277208263,0.9002400654440752,,,0.1679035250463822,0.19944341372912802,0.32653061224489793,0.30612244897959184
moe_continue,35,55,0.04056521602692567,0.10348142121174339,0.9972170686456401,0.9721448467966574,0.3498242159998881,0.25486148800064257,42,2028,1.0585334286614598,0.051150550313540266,0.885583564698283,0.8982707175996342,,,0.17996289424860853,0.18460111317254174,0.3144712430426716,0.3209647495361781
moe_continue,36,56,0.03922747333455854,0.09746553705503025,0.9972170686456401,0.9749303621169917,0.35927180999988195,0.2618570380004712,42,2028,1.0552875147424294,0.04978034848198283,0.8830556421907044,0.8959362815002803,,,0.18692022263450836,0.18320964749536178,0.31586270871985156,0.3140074211502783
moe_continue,37,57,0.03936673316233736,0.10352168124414658,0.9953617810760668,0.9721448467966574,0.3680448800000704,0.2684532970001783,42,2028,1.0662905979443922,0.05002963914178128,0.878614560120517,0.892990710684901,,,0.16094619666048238,0.19573283858998144,0.3205009276437848,0.3228200371057514
moe_continue,38,58,0.03857063202270549,0.09648107231494557,0.9972170686456401,0.9749303621169917,0.3766962969998531,0.27504813500036107,42,2028,1.072379797512969,0.04929442999783518,0.8742861060312866,0.8871561947826533,,,0.2054730983302412,0.14517625231910947,0.3293135435992579,0.3200371057513915
moe_continue,39,59,0.03623100584566305,0.10121968929603789,0.9972170686456401,0.9721448467966574,0.3860834600000089,0.28217679399995177,42,2028,1.0556338008943713,0.04678734385460676,0.8752081727141865,0.8893947092658131,,,0.18320964749536178,0.19387755102040816,0.3228200371057514,0.30009276437847865
moe_continue,40,60,0.03573875835828345,0.10127534487460492,0.9972170686456401,0.9721448467966574,0.3953933870002402,0.28925712099999146,42,2028,1.0560999290980255,0.0462997576492637,0.8720261425419084,0.8875023861491792,0.0073813667125291315,0.0034647147227901826,0.174860853432282,0.20454545454545456,0.3205009276437848,0.30009276437847865
moe_continue,41,61,0.03503612437837396,0.09474282911261882,0.9972170686456401,0.9721448467966574,0.4060449690000496,0.2948828319999848,42,2028,1.0549697020884978,0.04558582139925894,0.8714120097623232,0.8877056415888852,,,0.19109461966604824,0.18181818181818182,0.3033395176252319,0.323747680890538
moe_continue,42,62,0.033962376845883706,0.10009917196820747,0.9972170686456401,0.9721448467966574,0.41399368100019274,0.3006359349997183,42,2028,1.0615656861554918,0.044578033707438625,0.8657888111773703,0.8820088716691727,,,0.18506493506493507,0.18552875695732837,0.32421150278293137,0.3051948051948052
moe_continue,43,63,0.03319570633572565,0.09837775218133524,0.9972170686456401,0.9693593314763231,0.4231903869999769,0.3075252549997458,42,2028,1.0739854355091978,0.043935560690817624,0.8604297162533959,0.8790896751551881,,,0.1590909090909091,0.19526901669758812,0.32142857142857145,0.32421150278293137
moe_continue,44,64,0.03248693950866914,0.09751608179197772,0.9972170686456401,0.9693593314763231,0.434323028000108,0.31648556199979794,42,2028,1.0613742723703368,0.04310068223237251,0.8603505369752743,0.878513030604053,,,0.174860853432282,0.19851576994434136,0.31910946196660483,0.3075139146567718
moe_continue,45,65,0.03305764596863262,0.10166442911403677,0.9972170686456401,0.9693593314763231,0.44521132599993507,0.32510071500018967,42,2028,1.0571992985225485,0.04362963895385811,0.8591963895644184,0.8781105343544501,,,0.17207792207792208,0.2101113172541744,0.3186456400742115,0.29916512059369205
moe_continue,46,66,0.031167638818416565,0.09956876283433098,0.9972170686456401,0.9665738161559888,0.4563961889998609,0.33251362200053336,42,2028,1.0743516717659196,0.04191115553607576,0.8530633005382363,0.8706821254240832,,,0.18552875695732837,0.17161410018552875,0.33487940630797774,0.3079777365491651
moe_continue,47,67,0.03048838311330615,0.099132728136711,0.9972170686456401,0.9693593314763231,0.46771400299985544,0.3402823940004964,42,2028,1.0615628983128993,0.04110401209643515,0.8539511723768726,0.8731944665647683,,,0.17764378478664192,0.19573283858998144,0.3181818181818182,0.30844155844155846
moe_continue,48,68,0.03007004247273238,0.09877951435747957,0.9972170686456401,0.9721448467966574,0.47758144699992044,0.3482502250003563,42,2028,1.0833458012776784,0.04090350048550916,0.8468017890917974,0.8658243183539752,,,0.17857142857142858,0.16558441558441558,0.3320964749536178,0.323747680890538
moe_continue,49,69,0.03025984183977176,0.10082876440191252,0.9972170686456401,0.9693593314763231,0.4858866439999474,0.35454625400052464,42,2028,1.0600323045115871,0.04086016488488763,0.8495269192735757,0.8685683230443422,,,0.19758812615955473,0.187847866419295,0.3320964749536178,0.2824675324675325
moe_continue,50,70,0.028865623029214835,0.09876726991853807,0.9972170686456401,0.9721448467966574,0.49459652899986395,0.3608017810001911,42,2028,1.074317278693552,0.03960879581615036,0.8449704906012636,0.8645194429137989,,,0.18738404452690166,0.16929499072356216,0.32792207792207795,0.31539888682745826
moe_continue,51,71,0.02838033175943959,0.09849060441396229,0.9972170686456401,0.9721448467966574,0.5041035519998331,0.3681141659999412,42,2028,1.0753852421851378,0.03913418418129097,0.8419830046194373,0.8623114747930641,,,0.17346938775510204,0.19109461966604824,0.3399814471243043,0.29545454545454547
moe_continue,52,72,0.027014149684204958,0.09728439541516619,0.9972170686456401,0.9721448467966574,0.5148977090002518,0.37586868599964873,42,2028,1.066264181842961,0.03767679150263457,0.8419284461826112,0.8624917198635179,,,0.18645640074211503,0.18877551020408162,0.33116883116883117,0.29359925788497215
moe_continue,53,73,0.02760250057317588,0.09112630633561879,0.9972170686456401,0.9749303621169917,0.5257291520001672,0.38361504399972546,42,2028,1.0481230320329187,0.038083730893505065,0.8464406150348003,0.8679996574414452,,,0.1989795918367347,0.19758812615955473,0.3163265306122449,0.28710575139146566
moe_continue,54,74,0.02561359227258017,0.09580603829386909,0.9972170686456401,0.9749303621169917,0.5363085049998517,0.39148379599964755,42,2028,1.0566769278496433,0.0361803615510766,0.8421601131505417,0.8640034222210063,,,0.18923933209647495,0.19341372912801486,0.3181818181818182,0.29916512059369205
moe_continue,55,75,0.024867533074479083,0.09571526618724373,0.9972170686456401,0.9749303621169917,0.5456394839998211,0.39813052199951926,42,2028,1.057771427073229,0.03544524734521137,0.8408096639047896,0.8631325172438743,,,0.18738404452690166,0.19294990723562153,0.3172541743970315,0.30241187384044527
moe_continue,56,76,0.024869469217731494,0.09901735796693922,0.9972170686456401,0.9721448467966574,0.5548038120000456,0.4048431469996103,42,2028,1.0674740274686023,0.03554420949241752,0.8354410001247417,0.8578425231392899,,,0.18506493506493507,0.19155844155844157,0.3334879406307978,0.2898886827458256
moe_continue,57,77,0.02597703328408601,0.08859626824238967,0.9972170686456401,0.9777158774373259,0.5641438329998891,0.41171582199967816,42,2028,1.0444549264973448,0.03642158254905946,0.8421718210580994,0.8660393514151,,,0.20037105751391465,0.19805194805194806,0.30890538033395176,0.29267161410018555
moe_continue,58,78,0.024143571763722883,0.09692434469091374,0.9972170686456401,0.9721448467966574,0.5738778780000757,0.41919274499969106,42,2028,1.0782272851233894,0.03492584461495678,0.8296732482179661,0.8530426213613939,,,0.17578849721706866,0.18274582560296845,0.3325602968460111,0.30890538033395176
moe_continue,59,79,0.023628890099562636,0.09736067163278173,0.9972170686456401,0.9693593314763231,0.5832483750000392,0.4262781389998054,42,2028,1.0727547246338425,0.03435643734590106,0.829069848813119,0.852975769416032,,,0.17578849721706866,0.19202226345083487,0.3325602968460111,0.29962894248608535
moe_continue,60,80,0.023397347150486823,0.0968845077969282,0.9981447124304267,0.9693593314763231,0.5931574119999823,0.43373092599949814,42,2028,1.050754028165893,0.03390488743214575,0.8331782312441123,0.8577596116113255,0.007799206338768662,0.0029113876238481915,0.19202226345083487,0.20593692022263452,0.3177179962894249,0.28432282003710574
moe_continue,61,81,0.022608093702653445,0.10065546144631228,0.9981447124304267,0.9637883008356546,0.6059121940002115,0.4407824899994921,42,2028,1.0746542389345082,0.03335463609199853,0.8238280167204266,0.8481153190726987,,,0.18970315398886828,0.18320964749536178,0.3395176252319109,0.287569573283859
moe_continue,62,82,0.02371508835152016,0.09737351392494721,0.9972170686456401,0.9721448467966574,0.6149694109999473,0.44775639699946623,42,2028,1.0536783540149537,0.0342518718916697,0.8296237446860841,0.8559579028199088,,,0.1813543599257885,0.21289424860853431,0.3172541743970315,0.2884972170686456
moe_continue,63,83,0.02170126401484961,0.09241093052585936,0.9981447124304267,0.9721448467966574,0.6244413710001027,0.4543436739995741,42,2028,1.0728471295879762,0.032429735310729374,0.8218509230201665,0.8466244110809537,,,0.19758812615955473,0.1767161410018553,0.33766233766233766,0.2880333951762523
moe_continue,64,84,0.02278281993015692,0.09380614454529251,0.9972170686456401,0.9721448467966574,0.6330796380002539,0.4605527819994677,42,2028,1.0569503196029022,0.03335232312618594,0.8260968574019761,0.8529744630474309,,,0.18042671614100186,0.20871985157699444,0.31910946196660483,0.2917439703153989
moe_continue,65,85,0.020797325080213046,0.09351753907981104,0.9981447124304267,0.9721448467966574,0.6448143480001818,0.4703504409994821,42,2028,1.0708760138980935,0.031506085219193986,0.818946608677691,0.844571360298688,,,0.19758812615955473,0.18042671614100186,0.3362708719851577,0.2857142857142857
moe_continue,66,86,0.02176770399138582,0.09480383683441015,0.9972170686456401,0.9693593314763231,0.6538278200000605,0.47542136999982176,42,2028,1.0567769708912818,0.03233547370029864,0.8218728140812137,0.8496705728316315,,,0.17857142857142858,0.2147495361781076,0.3205009276437848,0.28617810760667906
moe_continue,67,87,0.020251973351375192,0.09063028235457958,0.9981447124304267,0.9749303621169917,0.6628905450002094,0.4826444319996881,42,2028,1.0684765745467624,0.030936739096842816,0.8166413971993413,0.8442052422388703,,,0.17857142857142858,0.1971243042671614,0.3246753246753247,0.29962894248608535
moe_continue,68,88,0.019967507878037066,0.094115360871118,0.9981447124304267,0.9749303621169917,0.67194124200023,0.4899000319996958,42,2028,1.0520945254332161,0.030488453132369225,0.820148617388859,0.8486549443707097,,,0.18738404452690166,0.21428571428571427,0.3186456400742115,0.27968460111317256
moe_continue,69,89,0.01912560986353105,0.0925435857727362,0.9981447124304267,0.9721448467966574,0.6809372980001172,0.4970833739994305,42,2028,1.060205128890638,0.029727661152437433,0.8162469936570605,0.843999483652637,,,0.19666048237476808,0.19155844155844157,0.32189239332096475,0.2898886827458256
moe_continue,70,90,0.019028034595480987,0.0936863676451455,0.9981447124304267,0.9693593314763231,0.6899716299999454,0.5043113429992445,42,2028,1.0694588150904218,0.029722622746385208,0.8121587296586433,0.8401145870614111,,,0.19387755102040816,0.18738404452690166,0.3339517625231911,0.2847866419294991
moe_continue,71,91,0.019372230408917866,0.09415762683069188,0.9981447124304267,0.9665738161559888,0.7012795030000234,0.5131470019991866,42,2028,1.0614436956262925,0.02998666736518079,0.8125954168264496,0.8419606154154009,,,0.18228200371057515,0.21103896103896103,0.3274582560296846,0.2792207792207792
moe_continue,72,92,0.018059981558396356,0.09201072355020919,0.9981447124304267,0.9721448467966574,0.7128011230001903,0.522185950999301,42,2028,1.057016114370704,0.028630142702103394,0.8132537792207881,0.8424627833169276,,,0.19573283858998144,0.19990723562152132,0.3232838589981447,0.2810760667903525
moe_continue,73,93,0.01807612103840346,0.09399089311763129,0.9981447124304267,0.9721448467966574,0.7230698490002396,0.5296929289993386,42,2028,1.0597981243998889,0.02867410228240235,0.8107279157597493,0.8405413673657213,,,0.1906307977736549,0.2017625231910946,0.323747680890538,0.28385899814471244
moe_continue,74,94,0.01767388946003261,0.09208621117988501,0.9981447124304267,0.9749303621169917,0.7347171579999667,0.5385344219994295,42,2028,1.0536033018084852,0.02820992247811746,0.8129796464659171,0.8438743436526076,,,0.18923933209647495,0.2036178107606679,0.3140074211502783,0.29313543599257885
moe_continue,75,95,0.01777167784815456,0.0933851409330889,0.9981447124304267,0.9693593314763231,0.7472947139999633,0.5481522519994542,42,2028,1.0640815924486227,0.02841249377264079,0.8059466147022935,0.8366911742835278,,,0.19202226345083487,0.20315398886827457,0.3325602968460111,0.2722634508348794
moe_continue,76,96,0.017039256126897235,0.09059431942221471,0.9981447124304267,0.9777158774373259,0.7593425939999179,0.5570643909995852,42,2028,1.0589806327617122,0.027629062454514356,0.8064921407247971,0.8378171990353113,,,0.19155844155844157,0.19758812615955473,0.3186456400742115,0.2922077922077922
moe_continue,77,97,0.017237568799530558,0.09247863168826854,0.9981447124304267,0.9777158774373259,0.7694559970000228,0.5649680449996595,42,2028,1.0599392704776498,0.027836961504307055,0.8046981285806741,0.8374430731878219,,,0.1790352504638219,0.21382189239332097,0.31957328385899814,0.287569573283859
moe_continue,78,98,0.016525455893524763,0.08963285201003375,0.9981447124304267,0.9777158774373259,0.7793624500000078,0.5725211619997026,42,2028,1.0605738302320815,0.02713119419584558,0.803008291040114,0.834991939601852,,,0.19155844155844157,0.19851576994434136,0.32142857142857145,0.2884972170686456
moe_continue,79,99,0.016160179546387852,0.09273415381346675,0.9981447124304267,0.9721448467966574,0.7899737729999288,0.5805950719995963,42,2028,1.0546685806016574,0.026706865352404425,0.8043965470229394,0.8372355999492984,,,0.19109461966604824,0.21057513914656772,0.3228200371057514,0.2755102040816326
moe_continue,80,100,0.015766771193043566,0.09152076903928827,0.9981447124304267,0.9777158774373259,0.8003102409998064,0.5879615079998075,42,2028,1.0488612630322993,0.02625538382336656,0.8047674461691289,0.8383017135844876,0.004813765611003737,0.002645481583904814,0.19573283858998144,0.21103896103896103,0.31539888682745826,0.27782931354359924
linear_mac_matched,0,20,0.1809867085986377,0.18919667996045503,0.9666048237476809,0.9637883008356546,0.0005691950000255019,0.0,42,2028,,,,,,,,,,
linear_mac_matched,1,21,0.17310538175842563,0.18231955777077868,0.9675324675324676,0.9637883008356546,0.003502712000226893,0.002206014000421419,42,2028,,,,,,,,,,
linear_mac_matched,2,22,0.16650365080346657,0.17718773897911794,0.9684601113172542,0.9665738161559888,0.005644380000376259,0.0038996580001366965,42,2028,,,,,,,,,,
linear_mac_matched,3,23,0.16072766277386874,0.1724964394079137,0.9666048237476809,0.9665738161559888,0.008029564000025857,0.0059667939999599184,42,2028,,,,,,,,,,
linear_mac_matched,4,24,0.15503553372866605,0.16841440244981812,0.9721706864564007,0.9610027855153204,0.012072207000073831,0.007466457999726117,42,2028,,,,,,,,,,
linear_mac_matched,5,25,0.1502118508092967,0.16343671139541835,0.9712430426716141,0.9610027855153204,0.014729890000126034,0.008808794999822567,42,2028,,,,,,,,,,
linear_mac_matched,6,26,0.14593569927253225,0.16190872587531233,0.9730983302411874,0.9610027855153204,0.01636592800014114,0.01018273899990163,42,2028,,,,,,,,,,
linear_mac_matched,7,27,0.14162456789124872,0.1580302994256255,0.974025974025974,0.958217270194986,0.020080678000340413,0.013630448000185424,42,2028,,,,,,,,,,
linear_mac_matched,8,28,0.13782893034346969,0.15529979033305502,0.9749536178107606,0.9610027855153204,0.02158884400023453,0.014864552000290132,42,2028,,,,,,,,,,
linear_mac_matched,9,29,0.13429018340109275,0.15321669086805245,0.9768089053803339,0.9610027855153204,0.0233443720003379,0.016298387000460934,42,2028,,,,,,,,,,
linear_mac_matched,10,30,0.13098434706381543,0.1513356381581618,0.9777365491651205,0.958217270194986,0.024968362000436173,0.017663057000390836,42,2028,,,,,,,,,,
linear_mac_matched,11,31,0.12781371828121543,0.14818453652397284,0.9777365491651205,0.9610027855153204,0.02634882500024105,0.018808268000157113,42,2028,,,,,,,,,,
linear_mac_matched,12,32,0.1248262464455655,0.14565338367983252,0.9777365491651205,0.9665738161559888,0.02789344600023469,0.020114710000143532,42,2028,,,,,,,,,,
linear_mac_matched,13,33,0.12196095674458433,0.14412752058609313,0.9786641929499073,0.9637883008356546,0.02941982900028961,0.021396506000201043,42,2028,,,,,,,,,,
linear_mac_matched,14,34,0.11952359659734586,0.14334788611181806,0.9786641929499073,0.9637883008356546,0.03313620200015066,0.024810895999962668,42,2028,,,,,,,,,,
linear_mac_matched,15,35,0.11724809451019304,0.14160606822005975,0.9786641929499073,0.9610027855153204,0.03551521100007449,0.026069256000027963,42,2028,,,,,,,,,,
linear_mac_matched,16,36,0.114751346185345,0.14053563964695587,0.9786641929499073,0.9637883008356546,0.038970312000401464,0.029054391000045143,42,2028,,,,,,,,,,
linear_mac_matched,17,37,0.11228039699970523,0.13801253434909977,0.9786641929499073,0.9637883008356546,0.04205113100033486,0.031582820000039646,42,2028,,,,,,,,,,
linear_mac_matched,18,38,0.11015928134108657,0.1368043406854047,0.9786641929499073,0.9637883008356546,0.04443166700002621,0.03340935400001399,42,2028,,,,,,,,,,
linear_mac_matched,19,39,0.10808720768812038,0.13523074181788627,0.9795918367346939,0.9637883008356546,0.04708603500012032,0.035436628999832465,42,2028,,,,,,,,,,
linear_mac_matched,20,40,0.10620948081284795,0.13486469121301634,0.9786641929499073,0.9665738161559888,0.04949939000016457,0.03759126600016316,42,2028,,,,,,,,,,
linear_mac_matched,21,41,0.1042805835674013,0.1325096461166623,0.9814471243042672,0.9637883008356546,0.051893337000365136,0.039451811000162706,42,2028,,,,,,,,,,
linear_mac_matched,22,42,0.10259279867079527,0.13214157008347885,0.9805194805194806,0.9665738161559888,0.05405874000007316,0.041283263000423176,42,2028,,,,,,,,,,
linear_mac_matched,23,43,0.10067593243221544,0.13091514193962875,0.9823747680890538,0.9637883008356546,0.055959416000405326,0.04293453400077851,42,2028,,,,,,,,,,
linear_mac_matched,24,44,0.09916467270667087,0.13016271869654772,0.9814471243042672,0.9637883008356546,0.05799219000027733,0.04470228000081988,42,2028,,,,,,,,,,
linear_mac_matched,25,45,0.09732146203608856,0.12881498662248955,0.9814471243042672,0.9637883008356546,0.06013414800008832,0.04645965000054275,42,2028,,,,,,,,,,
linear_mac_matched,26,46,0.09597867101232847,0.12839347105594234,0.9833024118738405,0.9665738161559888,0.0626141530001405,0.04853611000089586,42,2028,,,,,,,,,,
linear_mac_matched,27,47,0.09459728371975333,0.12770488163729732,0.9833024118738405,0.9637883008356546,0.06449079300000449,0.05012572800114867,42,2028,,,,,,,,,,
linear_mac_matched,28,48,0.09289156110399512,0.12580311666659325,0.9833024118738405,0.9637883008356546,0.06628251400024965,0.0516722110014598,42,2028,,,,,,,,,,
linear_mac_matched,29,49,0.09168696987943838,0.1255782215462831,0.9833024118738405,0.9637883008356546,0.06814534300019659,0.053229300001476076,42,2028,,,,,,,,,,
linear_mac_matched,30,50,0.09022556712177637,0.12447105150897475,0.9851576994434137,0.9637883008356546,0.07010683000044082,0.05494539800156417,42,2028,,,,,,,,,,
linear_mac_matched,31,51,0.08903745009095136,0.1242595746022961,0.9842300556586271,0.9610027855153204,0.07204291900006865,0.056634616001247196,42,2028,,,,,,,,,,
linear_mac_matched,32,52,0.0880023270043286,0.12303269155547576,0.9833024118738405,0.9637883008356546,0.0742622730003859,0.05860067000139679,42,2028,,,,,,,,,,
linear_mac_matched,33,53,0.0864947096722082,0.12303828577640828,0.9842300556586271,0.9665738161559888,0.07627121100040313,0.060335666001265054,42,2028,,,,,,,,,,
linear_mac_matched,34,54,0.0852177572892762,0.12204329042148435,0.9851576994434137,0.9637883008356546,0.07834215200000472,0.06215543000143953,42,2028,,,,,,,,,,
linear_mac_matched,35,55,0.08410499220594296,0.1208281667260515,0.9851576994434137,0.9665738161559888,0.08041880200016749,0.06381369100154188,42,2028,,,,,,,,,,
linear_mac_matched,36,56,0.08297169921597092,0.12039208639798529,0.9851576994434137,0.9637883008356546,0.08268846200007829,0.06560895800157596,42,2028,,,,,,,,,,
linear_mac_matched,37,57,0.08188472942100981,0.11994444633980476,0.9860853432282004,0.9665738161559888,0.08461056900023323,0.0671742900017307,42,2028,,,,,,,,,,
linear_mac_matched,38,58,0.0808210495951705,0.11890591077837301,0.9879406307977736,0.9665738161559888,0.08607565000011164,0.0684013130016865,42,2028,,,,,,,,,,
linear_mac_matched,39,59,0.07994584272727794,0.11894650196586966,0.9860853432282004,0.9637883008356546,0.08836722300020483,0.07041272500191553,42,2028,,,,,,,,,,
linear_mac_matched,40,60,0.0789958785306168,0.118389868238719,0.987012987012987,0.9637883008356546,0.09031986700028938,0.07209116700187224,42,2028,,,,,,,,,,
linear_mac_matched,41,61,0.07785172960542566,0.11702875445474148,0.9888682745825603,0.9637883008356546,0.09214569000005213,0.07343087900153478,42,2028,,,,,,,,,,
linear_mac_matched,42,62,0.07689317102605343,0.11646669552166608,0.9879406307977736,0.9665738161559888,0.09451714200031347,0.07541839400118988,42,2028,,,,,,,,,,
linear_mac_matched,43,63,0.07601621671375167,0.11677235474343244,0.9897959183673469,0.9637883008356546,0.09613998000031643,0.07672924400139891,42,2028,,,,,,,,,,
linear_mac_matched,44,64,0.07513157753252037,0.11549944969529473,0.9879406307977736,0.9637883008356546,0.09838680600023508,0.07856429100138485,42,2028,,,,,,,,,,
linear_mac_matched,45,65,0.07421456060044646,0.11547041870437912,0.9879406307977736,0.9637883008356546,0.10030267400043158,0.08022440500144512,42,2028,,,,,,,,,,
linear_mac_matched,46,66,0.07354194377856384,0.11494073401867193,0.9888682745825603,0.9637883008356546,0.1106371500000023,0.09005633600145302,42,2028,,,,,,,,,,
linear_mac_matched,47,67,0.07249733793877702,0.1146953036730215,0.9888682745825603,0.9665738161559888,0.11231920700038245,0.09147875300141095,42,2028,,,,,,,,,,
linear_mac_matched,48,68,0.07183457642442809,0.11392308888926217,0.9879406307977736,0.9665738161559888,0.1139176680003402,0.09283303800111753,42,2028,,,,,,,,,,
linear_mac_matched,49,69,0.0709667237858246,0.1134338358009991,0.9907235621521335,0.9637883008356546,0.11549773200022173,0.094149365001158,42,2028,,,,,,,,,,
linear_mac_matched,50,70,0.07002599018365523,0.11343437794553324,0.9897959183673469,0.9665738161559888,0.11707435100015573,0.0954847820012219,42,2028,,,,,,,,,,
linear_mac_matched,51,71,0.06931936323148767,0.11237228007649748,0.9897959183673469,0.9637883008356546,0.11847438400036481,0.09665281700154083,42,2028,,,,,,,,,,
linear_mac_matched,52,72,0.06861851574786892,0.11206835140644412,0.9897959183673469,0.9637883008356546,0.12001683200014668,0.09794674100157863,42,2028,,,,,,,,,,
linear_mac_matched,53,73,0.06788276933278972,0.11175721148833391,0.9907235621521335,0.9637883008356546,0.12160643000015625,0.09924843700173369,42,2028,,,,,,,,,,
linear_mac_matched,54,74,0.0670538185159547,0.11133937609247664,0.9897959183673469,0.9665738161559888,0.12302028400017662,0.10043125400170538,42,2028,,,,,,,,,,
linear_mac_matched,55,75,0.06638092193935716,0.11129487288354921,0.9907235621521335,0.9665738161559888,0.12488231100041958,0.10176518800199119,42,2028,,,,,,,,,,
linear_mac_matched,56,76,0.06578672412089749,0.11106957903969578,0.9897959183673469,0.9665738161559888,0.12736606200041933,0.10380953900221357,42,2028,,,,,,,,,,
linear_mac_matched,57,77,0.06508090178750625,0.1097331629324728,0.9897959183673469,0.9637883008356546,0.1306809030002114,0.10676415800207906,42,2028,,,,,,,,,,
linear_mac_matched,58,78,0.06438835120473843,0.10987978270730472,0.9907235621521335,0.9665738161559888,0.13324411400026293,0.10899439800186883,42,2028,,,,,,,,,,
linear_mac_matched,59,79,0.06378988836695422,0.10930712515063157,0.9916512059369202,0.9637883008356546,0.13517798900011258,0.11058053100214238,42,2028,,,,,,,,,,
linear_mac_matched,60,80,0.06311751379932325,0.10895230925571502,0.9907235621521335,0.9637883008356546,0.13730740800019703,0.11232409000240295,42,2028,,,,,,,,,,
linear_mac_matched,61,81,0.062465132944180234,0.109049521957144,0.9916512059369202,0.9610027855153204,0.13935191900009158,0.11405207500229153,42,2028,,,,,,,,,,
linear_mac_matched,62,82,0.0618091410916192,0.10803663436126763,0.9916512059369202,0.9665738161559888,0.14133658100035973,0.11577900900192617,42,2028,,,,,,,,,,
linear_mac_matched,63,83,0.06116191157806187,0.1078089961944479,0.9916512059369202,0.9637883008356546,0.14372657100011565,0.11761623900201812,42,2028,,,,,,,,,,
linear_mac_matched,64,84,0.06066352226519312,0.10764203060958927,0.9907235621521335,0.9665738161559888,0.1460791760000575,0.11951295900189507,42,2028,,,,,,,,,,
linear_mac_matched,65,85,0.060059165120880505,0.10716620108737313,0.9916512059369202,0.9637883008356546,0.148234985000272,0.12111560700213886,42,2028,,,,,,,,,,
linear_mac_matched,66,86,0.05944761635158762,0.10644944615279331,0.9907235621521335,0.9665738161559888,0.15035161500009053,0.12285741400182815,42,2028,,,,,,,,,,
linear_mac_matched,67,87,0.05891005480934743,0.1065479420637288,0.9925788497217068,0.9610027855153204,0.15211846900001547,0.12430336600164082,42,2028,,,,,,,,,,
linear_mac_matched,68,88,0.05831572212629048,0.1056823568940245,0.9925788497217068,0.9665738161559888,0.15433782300033272,0.12609580800199183,42,2028,,,,,,,,,,
linear_mac_matched,69,89,0.0577994947044369,0.10608376901583495,0.9925788497217068,0.9665738161559888,0.15609307000022454,0.12760684800196032,42,2028,,,,,,,,,,
linear_mac_matched,70,90,0.05730844776051963,0.10557678879030499,0.9925788497217068,0.9637883008356546,0.15787810200026797,0.12903123800197136,42,2028,,,,,,,,,,
linear_mac_matched,71,91,0.05700370651689254,0.1052287387475348,0.9925788497217068,0.9665738161559888,0.15978914300012548,0.1306628490019648,42,2028,,,,,,,,,,
linear_mac_matched,72,92,0.05636641537498341,0.10536252659116781,0.9925788497217068,0.9637883008356546,0.16182912800013582,0.13233018400205765,42,2028,,,,,,,,,,
linear_mac_matched,73,93,0.0555996757046762,0.10502909208998412,0.9925788497217068,0.9665738161559888,0.16392400500035365,0.1340711090019795,42,2028,,,,,,,,,,
linear_mac_matched,74,94,0.05520643641058614,0.10391801600745729,0.9925788497217068,0.9637883008356546,0.16611344500006453,0.13589273600200613,42,2028,,,,,,,,,,
linear_mac_matched,75,95,0.05470380052731237,0.10400473793703562,0.9935064935064936,0.9610027855153204,0.16827396000007866,0.13764556900196112,42,2028,,,,,,,,,,
linear_mac_matched,76,96,0.054154284119555494,0.10390519691412771,0.9925788497217068,0.9637883008356546,0.1702811360000851,0.13927356500198584,42,2028,,,,,,,,,,
linear_mac_matched,77,97,0.05365897885674637,0.10354618704350242,0.9944341372912802,0.9665738161559888,0.1720496230000208,0.1407510640019609,42,2028,,,,,,,,,,
linear_mac_matched,78,98,0.05326480395865508,0.102635068376154,0.9935064935064936,0.9665738161559888,0.17413584700034335,0.14245902000175192,42,2028,,,,,,,,,,
linear_mac_matched,79,99,0.052728953074320975,0.1031183739282527,0.9925788497217068,0.9637883008356546,0.17627782500039757,0.1443490390020088,42,2028,,,,,,,,,,
linear_mac_matched,80,100,0.0522574567574946,0.10225545716321109,0.9935064935064936,0.9665738161559888,0.1781809440003599,0.1459993790022054,42,2028,,,,,,,,,,
linear_mac_matched,81,101,0.051803168563043206,0.10228040034350773,0.9935064935064936,0.9637883008356546,0.18058712900028695,0.14786062600205696,42,2028,,,,,,,,,,
linear_mac_matched,82,102,0.05144416596203181,0.10197047345683949,0.9916512059369202,0.9665738161559888,0.18272227700026633,0.14971757600233104,42,2028,,,,,,,,,,
linear_mac_matched,83,103,0.0509494433815361,0.10162876901558614,0.9944341372912802,0.9665738161559888,0.1850422720003735,0.15172503200210485,42,2028,,,,,,,,,,
linear_mac_matched,84,104,0.05057259518536914,0.10160610293360828,0.9944341372912802,0.9637883008356546,0.18708250700001372,0.15337751400193156,42,2028,,,,,,,,,,
linear_mac_matched,85,105,0.050216181863803645,0.1010982771245865,0.9944341372912802,0.9665738161559888,0.18876322200003415,0.15477046700198116,42,2028,,,,,,,,,,
linear_mac_matched,86,106,0.04999562606929288,0.1016505977716275,0.9925788497217068,0.9637883008356546,0.190406651000103,0.15611197300222557,42,2028,,,,,,,,,,
linear_mac_matched,87,107,0.049673776910683046,0.10115189568486169,0.9935064935064936,0.9665738161559888,0.19219590900002004,0.15753396900208827,42,2028,,,,,,,,,,
linear_mac_matched,88,108,0.04895687405557334,0.1011889094937411,0.9935064935064936,0.9637883008356546,0.1938867790004224,0.15885885000170674,42,2028,,,,,,,,,,
linear_mac_matched,89,109,0.04847063967734932,0.10023340830064582,0.9944341372912802,0.9665738161559888,0.19576046500014854,0.1603167500015843,42,2028,,,,,,,,,,
linear_mac_matched,90,110,0.048011370567985004,0.10083106978066378,0.9944341372912802,0.9665738161559888,0.204885108000326,0.16889820700134806,42,2028,,,,,,,,,,
linear_mac_matched,91,111,0.04773095780913121,0.09973756921348322,0.9935064935064936,0.9637883008356546,0.20696905800014065,0.1704689670013977,42,2028,,,,,,,,,,
linear_mac_matched,92,112,0.04730379903405713,0.10020563386583173,0.9944341372912802,0.9637883008356546,0.20860965300016687,0.17181122400143067,42,2028,,,,,,,,,,
linear_mac_matched,93,113,0.046874329779351194,0.09968309387432958,0.9944341372912802,0.9665738161559888,0.21109799200030466,0.1736165170013919,42,2028,,,,,,,,,,
linear_mac_matched,94,114,0.04658174812906289,0.09908214100537968,0.9935064935064936,0.9665738161559888,0.21343643500040343,0.1756959610015656,42,2028,,,,,,,,,,
linear_mac_matched,95,115,0.04618735138717738,0.09938667588684412,0.9944341372912802,0.9665738161559888,0.21545191300037914,0.1772088030015766,42,2028,,,,,,,,,,
linear_mac_matched,96,116,0.04579306337023592,0.09920673621397158,0.9944341372912802,0.9637883008356546,0.2172758030001205,0.1787883160018282,42,2028,,,,,,,,,,
linear_mac_matched,97,117,0.04548507940705809,0.0985713193486237,0.9944341372912802,0.9665738161559888,0.21900372900017828,0.18011893500215592,42,2028,,,,,,,,,,
linear_mac_matched,98,118,0.045062653936615696,0.098898319874435,0.9953617810760668,0.9665738161559888,0.22072643700039407,0.18156185300222205,42,2028,,,,,,,,,,
linear_mac_matched,99,119,0.04474966525472775,0.09818187653309222,0.9953617810760668,0.9665738161559888,0.22248503900027572,0.18307818100220175,42,2028,,,,,,,,,,
linear_mac_matched,100,120,0.044566355226826934,0.09909033791905907,0.9953617810760668,0.9637883008356546,0.22429002000035325,0.18464080900230329,42,2028,,,,,,,,,,
linear_mac_matched,101,121,0.044076429083826536,0.0975129837072928,0.9953617810760668,0.9665738161559888,0.22609462200034613,0.1860644070025046,42,2028,,,,,,,,,,
linear_mac_matched,102,122,0.04369330049840571,0.09793884650169077,0.9944341372912802,0.9665738161559888,0.2279895490000854,0.18770959900257367,42,2028,,,,,,,,,,
linear_mac_matched,103,123,0.043354483991378506,0.09781518050606634,0.9953617810760668,0.9637883008356546,0.22948395399998844,0.1889681700026813,42,2028,,,,,,,,,,
linear_mac_matched,104,124,0.043103523777666054,0.09823235732950755,0.9944341372912802,0.9637883008356546,0.23165325300033146,0.1907576290027464,42,2028,,,,,,,,,,
linear_mac_matched,105,125,0.0428422727479871,0.09697244200793954,0.9953617810760668,0.9665738161559888,0.23432799100010016,0.19315145600285177,42,2028,,,,,,,,,,
linear_mac_matched,106,126,0.04239414586239999,0.09733915210913055,0.9953617810760668,0.9637883008356546,0.23622035400012464,0.19479332300261376,42,2028,,,,,,,,,,
linear_mac_matched,107,127,0.04211456154801173,0.09646389580418108,0.9953617810760668,0.9665738161559888,0.23782279200031553,0.19610826900270695,42,2028,,,,,,,,,,
linear_mac_matched,108,128,0.04184091638565075,0.09732431741632981,0.9953617810760668,0.9665738161559888,0.23940021200041883,0.19743381100306578,42,2028,,,,,,,,,,
linear_mac_matched,109,129,0.04152073972504354,0.09687454073090375,0.9972170686456401,0.9637883008356546,0.2412199860000328,0.1988607650027916,42,2028,,,,,,,,,,
linear_mac_matched,110,130,0.041206560939583955,0.09622279107433068,0.9962894248608535,0.9665738161559888,0.2449631690001297,0.20233206000284554,42,2028,,,,,,,,,,
linear_mac_matched,111,131,0.04087626713503311,0.09662133100549698,0.9953617810760668,0.9665738161559888,0.246415762000197,0.20354348000319078,42,2028,,,,,,,,,,
linear_mac_matched,112,132,0.04069287000835666,0.09630959280988165,0.9953617810760668,0.9665738161559888,0.24783768800034522,0.20471484000336204,42,2028,,,,,,,,,,
linear_mac_matched,113,133,0.04049185677301007,0.0968790433464934,0.9972170686456401,0.9610027855153204,0.24936572300020998,0.2060037470032512,42,2028,,,,,,,,,,
linear_mac_matched,114,134,0.04010784925220523,0.0954571535988291,0.9962894248608535,0.9693593314763231,0.250764074000017,0.20715409500326132,42,2028,,,,,,,,,,
linear_mac_matched,115,135,0.039826275312641976,0.09592495188319101,0.9972170686456401,0.9637883008356546,0.25213091700015866,0.20829552000350304,42,2028,,,,,,,,,,
linear_mac_matched,116,136,0.0394347666550136,0.09559793838077277,0.9972170686456401,0.9665738161559888,0.25403666100010014,0.20996769200382914,42,2028,,,,,,,,,,
linear_mac_matched,117,137,0.03916348024341496,0.09596951810588544,0.9972170686456401,0.9665738161559888,0.2560125390000394,0.21170071600408846,42,2028,,,,,,,,,,
linear_mac_matched,118,138,0.03898457843649611,0.09581460463455155,0.9962894248608535,0.9637883008356546,0.25766475200043715,0.21309539100411712,42,2028,,,,,,,,,,
linear_mac_matched,119,139,0.03876034543190439,0.0960742275795084,0.9972170686456401,0.9637883008356546,0.26122137500033205,0.2163894890040865,42,2028,,,,,,,,,,
linear_mac_matched,120,140,0.03849589273646737,0.09455486976234831,0.9962894248608535,0.9665738161559888,0.2629994360004275,0.2179193780038986,42,2028,,,,,,,,,,
linear_mac_matched,121,141,0.03809414658308549,0.09460175294345262,0.9972170686456401,0.9665738161559888,0.2648513180001828,0.21947887100395747,42,2028,,,,,,,,,,
linear_mac_matched,122,142,0.0378653178048713,0.09508118921545239,0.9972170686456401,0.9637883008356546,0.266304121000303,0.22069553900428218,42,2028,,,,,,,,,,
linear_mac_matched,123,143,0.037697290789734744,0.09460498955633642,0.9962894248608535,0.9665738161559888,0.2677047250003852,0.22184917200456766,42,2028,,,,,,,,,,
linear_mac_matched,124,144,0.037336530182371694,0.0944363108802223,0.9972170686456401,0.9665738161559888,0.2692756050000753,0.2231859110042933,42,2028,,,,,,,,,,
linear_mac_matched,125,145,0.037060065539940054,0.09417733885841634,0.9972170686456401,0.9665738161559888,0.2707653330003268,0.22433808200412386,42,2028,,,,,,,,,,
linear_mac_matched,126,146,0.03684465459139266,0.09424364900035219,0.9972170686456401,0.9665738161559888,0.2725164940002287,0.22570439500395878,42,2028,,,,,,,,,,
linear_mac_matched,127,147,0.03663260581529047,0.09416395802654877,0.9972170686456401,0.9665738161559888,0.27408537100018293,0.22703798800421282,42,2028,,,,,,,,,,
linear_mac_matched,128,148,0.036363092331541814,0.09433983471840908,0.9972170686456401,0.9665738161559888,0.27560643600008916,0.22829561700427803,42,2028,,,,,,,,,,
linear_mac_matched,129,149,0.03611484945473335,0.09397531847008339,0.9972170686456401,0.9637883008356546,0.2776634560000275,0.2300723670041407,42,2028,,,,,,,,,,
linear_mac_matched,130,150,0.03584608669440034,0.09310943558465455,0.9972170686456401,0.9665738161559888,0.27936852800030465,0.23153064700409232,42,2028,,,,,,,,,,
linear_mac_matched,131,151,0.03557806274166456,0.09352095337067758,0.9972170686456401,0.9665738161559888,0.2811833540004045,0.23310341000433255,42,2028,,,,,,,,,,
linear_mac_matched,132,152,0.035434740691384414,0.09389177670628035,0.9972170686456401,0.9637883008356546,0.28269997300003524,0.2343477690042164,42,2028,,,,,,,,,,
linear_mac_matched,133,153,0.035260779309820175,0.0934443873917458,0.9972170686456401,0.9637883008356546,0.2844350390000727,0.23574784300399187,42,2028,,,,,,,,,,
linear_mac_matched,134,154,0.03500341080964825,0.0931237342908765,0.9972170686456401,0.9665738161559888,0.2858996900004058,0.23696374000383003,42,2028,,,,,,,,,,
linear_mac_matched,135,155,0.03468230922534139,0.09325361982424972,0.9972170686456401,0.9637883008356546,0.2876412570003595,0.23845246600376413,42,2028,,,,,,,,,,
linear_mac_matched,136,156,0.034511094254145745,0.09249422768998473,0.9972170686456401,0.9665738161559888,0.28928157100017415,0.23985650500389966,42,2028,,,,,,,,,,
linear_mac_matched,137,157,0.03429604337978714,0.0937436946726609,0.9972170686456401,0.9637883008356546,0.29088930600028107,0.24122304800403072,42,2028,,,,,,,,,,
linear_mac_matched,138,158,0.03399017902887498,0.09314022604774386,0.9972170686456401,0.9665738161559888,0.2926957200002107,0.24265293600410587,42,2028,,,,,,,,,,
linear_mac_matched,139,159,0.03378667912351481,0.09230934430817925,0.9972170686456401,0.9665738161559888,0.2944297950002692,0.244143305003945,42,2028,,,,,,,,,,
linear_mac_matched,140,160,0.033638161621916796,0.09312543175355885,0.9972170686456401,0.9665738161559888,0.29608337900026527,0.24547653700392402,42,2028,,,,,,,,,,
linear_mac_matched,141,161,0.03342701962313214,0.09222324569049525,0.9972170686456401,0.9665738161559888,0.2978115760001856,0.2468421390040021,42,2028,,,,,,,,,,
linear_mac_matched,142,162,0.03312105792142499,0.09218479519015693,0.9972170686456401,0.9665738161559888,0.2996860220000599,0.24844105100419256,42,2028,,,,,,,,,,
linear_mac_matched,143,163,0.03300499084794996,0.09277651545895989,0.9972170686456401,0.9665738161559888,0.3014228609999918,0.2499374090039055,42,2028,,,,,,,,,,
linear_mac_matched,144,164,0.03278201124153249,0.09146891004157105,0.9972170686456401,0.9665738161559888,0.3029985180000949,0.2512133060040469,42,2028,,,,,,,,,,
linear_mac_matched,145,165,0.03257054920687052,0.09249813861820892,0.9972170686456401,0.9610027855153204,0.30469265400006407,0.2526151220040447,42,2028,,,,,,,,,,
linear_mac_matched,146,166,0.03238625853282222,0.09248359728445257,0.9972170686456401,0.9665738161559888,0.3062167330003831,0.2539054400040186,42,2028,,,,,,,,,,
linear_mac_matched,147,167,0.032198249843811484,0.09156973574092767,0.9972170686456401,0.9665738161559888,0.308043187000294,0.25549253500412306,42,2028,,,,,,,,,,
linear_mac_matched,148,168,0.031985867678305926,0.09216772005727145,0.9972170686456401,0.9637883008356546,0.30975378700031797,0.25691364000385875,42,2028,,,,,,,,,,
linear_mac_matched,149,169,0.03170780346808408,0.09197598988067197,0.9972170686456401,0.9665738161559888,0.3114831750003759,0.25828271600357766,42,2028,,,,,,,,,,
linear_mac_matched,150,170,0.031565702265286405,0.0912044190661432,0.9972170686456401,0.9665738161559888,0.31312703500043426,0.25969193300352345,42,2028,,,,,,,,,,
linear_mac_matched,151,171,0.031389136979757835,0.09176037668527051,0.9972170686456401,0.9665738161559888,0.3146996770001351,0.2609896330036463,42,2028,,,,,,,,,,
linear_mac_matched,152,172,0.031131134367438088,0.09162803271382129,0.9972170686456401,0.9665738161559888,0.31622511900013706,0.2622732920040107,42,2028,,,,,,,,,,
linear_mac_matched,153,173,0.03094014786872923,0.0916405888630104,0.9972170686456401,0.9637883008356546,0.31796060600026976,0.26370245900398004,42,2028,,,,,,,,,,
linear_mac_matched,154,174,0.030782684818759544,0.0915406176821867,0.9972170686456401,0.9665738161559888,0.3198588280001786,0.26535915800423027,42,2028,,,,,,,,,,
linear_mac_matched,155,175,0.030600433906045544,0.09121838532355814,0.9972170686456401,0.9665738161559888,0.3218059240002731,0.26695794000397655,42,2028,,,,,,,,,,
linear_mac_matched,156,176,0.03039529293144841,0.09125061355831283,0.9972170686456401,0.9665738161559888,0.32329734400036614,0.26821485800383016,42,2028,,,,,,,,,,
linear_mac_matched,157,177,0.030181096020229434,0.09103721924682204,0.9972170686456401,0.9637883008356546,0.3255056620000687,0.2699253980040339,42,2028,,,,,,,,,,
linear_mac_matched,158,178,0.02999999556909219,0.09104411045734405,0.9972170686456401,0.9665738161559888,0.327240909000011,0.27131588700376597,42,2028,,,,,,,,,,
linear_mac_matched,159,179,0.029853282389140277,0.09101617551589149,0.9972170686456401,0.9665738161559888,0.32903080800042517,0.2727562410036626,42,2028,,,,,,,,,,
linear_mac_matched,160,180,0.029639651051815406,0.09157013717492923,0.9972170686456401,0.9637883008356546,0.3307309820002047,0.27409601400404426,42,2028,,,,,,,,,,
linear_mac_matched,161,181,0.029478765457304438,0.0913670961638978,0.9972170686456401,0.9665738161559888,0.33247728500009543,0.27536989800410083,42,2028,,,,,,,,,,
linear_mac_matched,162,182,0.02930719038112502,0.09015122046804692,0.9972170686456401,0.9665738161559888,0.33391144000006534,0.27657151400399016,42,2028,,,,,,,,,,
linear_mac_matched,163,183,0.029122493879019162,0.09035911401094926,0.9972170686456401,0.9637883008356546,0.3355003070000748,0.2779303460038136,42,2028,,,,,,,,,,
linear_mac_matched,164,184,0.028984749252539493,0.09080046865558239,0.9972170686456401,0.9665738161559888,0.3375080840000919,0.2796821980036839,42,2028,,,,,,,,,,
linear_mac_matched,165,185,0.028771234874929642,0.09060571147998456,0.9972170686456401,0.9637883008356546,0.33925319500031037,0.28108897100355534,42,2028,,,,,,,,,,
linear_mac_matched,166,186,0.02859291168658348,0.09078642314080725,0.9972170686456401,0.9637883008356546,0.3409567550002066,0.28245954000340134,42,2028,,,,,,,,,,
linear_mac_matched,167,187,0.028424103658894105,0.09061107368852826,0.9972170686456401,0.9637883008356546,0.34281345400040664,0.2838437290033653,42,2028,,,,,,,,,,
linear_mac_matched,168,188,0.028277412674955454,0.09013850912647847,0.9972170686456401,0.9637883008356546,0.3445954110002276,0.28530941100325435,42,2028,,,,,,,,,,
linear_mac_matched,169,189,0.02813856151176137,0.09064298298598845,0.9972170686456401,0.9637883008356546,0.34610103300019546,0.2865717080030663,42,2028,,,,,,,,,,
linear_mac_matched,170,190,0.027997061907129323,0.08990105399946015,0.9972170686456401,0.9665738161559888,0.3476093090002905,0.28782453000303576,42,2028,,,,,,,,,,
linear_mac_matched,171,191,0.027900237690575314,0.09061729492583794,0.9972170686456401,0.9610027855153204,0.34926165100023354,0.28916306100290967,42,2028,,,,,,,,,,
linear_mac_matched,172,192,0.02770386244287037,0.08952130172960429,0.9972170686456401,0.9637883008356546,0.3507411640002829,0.2903644460029682,42,2028,,,,,,,,,,
linear_mac_matched,173,193,0.02757717944560282,0.09019715903198498,0.9972170686456401,0.9637883008356546,0.35244781800020064,0.2916530520028573,42,2028,,,,,,,,,,
linear_mac_matched,174,194,0.027313720358473077,0.08968103246367984,0.9972170686456401,0.9665738161559888,0.353903776000152,0.2928782430026331,42,2028,,,,,,,,,,
linear_mac_matched,175,195,0.027145459576263888,0.08980715038791255,0.9972170686456401,0.9665738161559888,0.3554938540000876,0.29423628400263624,42,2028,,,,,,,,,,
linear_mac_matched,176,196,0.026986851131094072,0.08967755378117112,0.9972170686456401,0.9637883008356546,0.3571903930001099,0.29570068400244054,42,2028,,,,,,,,,,
linear_mac_matched,177,197,0.02681422706961137,0.09015427855348411,0.9972170686456401,0.9637883008356546,0.3587924500002373,0.2970287190023555,42,2028,,,,,,,,,,
linear_mac_matched,178,198,0.026652853701235883,0.09004133025697268,0.9972170686456401,0.9637883008356546,0.36039661000040724,0.29830717000231743,42,2028,,,,,,,,,,
linear_mac_matched,179,199,0.02650699052680462,0.08961734012664653,0.9972170686456401,0.9637883008356546,0.36224148100018283,0.2996865030022491,42,2028,,,,,,,,,,
linear_mac_matched,180,200,0.026369637283275894,0.08946145351277682,0.9972170686456401,0.9665738161559888,0.36399215100027504,0.3011859650023325,42,2028,,,,,,,,,,
linear_mac_matched,181,201,0.026239699653823632,0.08902477609365042,0.9972170686456401,0.9665738161559888,0.36632192200022473,0.30320620000202325,42,2028,,,,,,,,,,
linear_mac_matched,182,202,0.02606202553873569,0.08996490592161754,0.9972170686456401,0.9637883008356546,0.36794656300025963,0.3045903000020189,42,2028,,,,,,,,,,
linear_mac_matched,183,203,0.026018803163983605,0.08883399887522404,0.9972170686456401,0.9637883008356546,0.36983855500011487,0.3062369640019824,42,2028,,,,,,,,,,
linear_mac_matched,184,204,0.02587494037357817,0.08908213367812796,0.9972170686456401,0.9637883008356546,0.3714240270001028,0.30758535900213246,42,2028,,,,,,,,,,
linear_mac_matched,185,205,0.025734797652251454,0.08999869701073158,0.9972170686456401,0.9637883008356546,0.3730382720000307,0.3089615260023493,42,2028,,,,,,,,,,
linear_mac_matched,186,206,0.02552095754622783,0.08944268211884684,0.9972170686456401,0.9665738161559888,0.37475002400015,0.3101360300020133,42,2028,,,,,,,,,,
linear_mac_matched,187,207,0.02541104751445248,0.08933595640397905,0.9972170686456401,0.9637883008356546,0.37699786100029087,0.31213687600211415,42,2028,,,,,,,,,,
linear_mac_matched,188,208,0.025192502906778016,0.08884499106119101,0.9972170686456401,0.9637883008356546,0.37865480000027674,0.3134090870021282,42,2028,,,,,,,,,,
linear_mac_matched,189,209,0.025077123422714724,0.08847276884934628,0.9972170686456401,0.9637883008356546,0.38046078400020633,0.31493918600244797,42,2028,,,,,,,,,,
linear_mac_matched,190,210,0.024889517478088704,0.08899047346126812,0.9972170686456401,0.9637883008356546,0.3821106720001808,0.3163530600022568,42,2028,,,,,,,,,,
linear_mac_matched,191,211,0.024750422879897732,0.0891081393187818,0.9972170686456401,0.9637883008356546,0.3836740310002824,0.31758069500210695,42,2028,,,,,,,,,,
linear_mac_matched,192,212,0.02463120369015587,0.08912574442874537,0.9972170686456401,0.9637883008356546,0.38543207200018514,0.31910205100211897,42,2028,,,,,,,,,,
moe_no_balance,0,20,0.1809867085986377,0.18919667996045503,0.9666048237476809,0.9637883008356546,0.0010928409997177368,0.0,42,2028,1.1257222745352977,0.1809867085986377,0.9913173455187444,0.9961941093556556,4.179347083123493e-18,0.0,0.4809833024118738,0.02411873840445269,0.49165120593692024,0.003246753246753247
moe_no_balance,1,21,0.1721240081539984,0.18179840642198752,0.9656771799628943,0.9637883008356546,0.011787598999944748,0.005743680000250606,42,2028,1.1755480670358314,0.1721240081539984,0.9843381198197549,0.9931719375224791,,,0.48515769944341375,0.01855287569573284,0.4962894248608534,0.0
moe_no_balance,2,22,0.16340478392274613,0.171313363263179,0.9703153988868275,0.9665738161559888,0.019463220000034198,0.011219467000501027,42,2028,1.1452979501205425,0.16340478392274613,0.9830201771933101,0.9888493876801618,,,0.3974953617810761,0.11688311688311688,0.48562152133580705,0.0
moe_no_balance,3,23,0.15687834145472968,0.16701670911244298,0.9675324675324676,0.9665738161559888,0.027108024999961344,0.01686255600043296,42,2028,1.2244782126823108,0.15687834145472968,0.960883135334369,0.9567946530736078,,,0.3942486085343228,0.10760667903525047,0.49814471243042674,0.0
moe_no_balance,4,24,0.14848594975841709,0.16083320039966975,0.9684601113172542,0.9610027855153204,0.03444692099992608,0.022331582000333583,42,2028,1.2660170127608372,0.14848594975841709,0.9441927169287894,0.949180984044423,,,0.3803339517625232,0.12430426716141002,0.49536178107606677,0.0
moe_no_balance,5,25,0.1429306176110624,0.15770359654764055,0.9721706864564007,0.9610027855153204,0.041073717000017496,0.02725858400026482,42,2028,1.3442199040431528,0.1429306176110624,0.8953882354719832,0.8660478407726332,,,0.2722634508348794,0.22727272727272727,0.4995361781076067,0.0009276437847866419
moe_no_balance,6,26,0.13973946428565268,0.15635200371812943,0.9730983302411874,0.9637883008356546,0.04772915500007002,0.03221294700051658,42,2028,1.4396890569996994,0.13973946428565268,0.8403658398791938,0.8054216452665173,,,0.13079777365491652,0.3682745825602968,0.5,0.0009276437847866419
moe_no_balance,7,27,0.13105509058810877,0.1487061549118019,0.9749536178107606,0.9665738161559888,0.054313858000114124,0.03712861200074258,42,2028,1.4852676953393567,0.13105509058810877,0.8038307620334063,0.7665960125199484,,,0.10853432282003711,0.3877551020408163,0.49907235621521334,0.00463821892393321
moe_no_balance,8,28,0.12532770399483148,0.1430929997112421,0.9758812615955473,0.9721448467966574,0.061800795999715774,0.0424914890004402,42,2028,1.498349155190472,0.12532770399483148,0.7996820615144409,0.769008878454217,,,0.03571428571428571,0.4267161410018553,0.49907235621521334,0.03849721706864564
moe_no_balance,9,29,0.11927209792136197,0.1384079517313829,0.9777365491651205,0.9665738161559888,0.0708980229996996,0.04868592500042723,42,2028,1.514115717480727,0.11927209792136197,0.8076273073786945,0.8024265059986709,,,0.0037105751391465678,0.46382189239332094,0.49814471243042674,0.03432282003710575
moe_no_balance,10,30,0.11166945638810397,0.1359826436109516,0.9777365491651205,0.9637883008356546,0.08256332800010568,0.05809915700046986,42,2028,1.5022745970178062,0.11166945638810397,0.792069636190067,0.781613460255338,,,0.0027829313543599257,0.4100185528756957,0.49814471243042674,0.08905380333951762
moe_no_balance,11,31,0.10872079640178921,0.13081497354491528,0.9786641929499073,0.9665738161559888,0.0974101429997063,0.07035900600021705,42,2028,1.560395148515887,0.10872079640178921,0.7869672432180038,0.8065146839657996,,,0.0027829313543599257,0.4805194805194805,0.4972170686456401,0.01948051948051948
moe_no_balance,12,32,0.10124564524631424,0.12694887068221133,0.9814471243042672,0.9665738161559888,0.11078987399969265,0.08111869100048352,42,2028,1.5293218758047626,0.10124564524631424,0.7811394898105353,0.7913964988473061,,,0.003246753246753247,0.4332096474953618,0.4972170686456401,0.0663265306122449
moe_no_balance,13,33,0.09649920263722996,0.1277071105922255,0.9842300556586271,0.9693593314763231,0.12110870700007581,0.08913390300040192,42,2028,1.451837316917534,0.09649920263722996,0.8059249387253422,0.8173261987709666,,,0.003246753246753247,0.37244897959183676,0.49443413729128016,0.12987012987012986
moe_no_balance,14,34,0.09138015947526787,0.1231560122624036,0.9833024118738405,0.9721448467966574,0.12983501600001546,0.09577516000035757,42,2028,1.4763170601627345,0.09138015947526787,0.7868664573035892,0.8010765734917109,,,0.0027829313543599257,0.3747680890538033,0.49536178107606677,0.12708719851576994
moe_no_balance,15,35,0.08715331733727917,0.12066613836339393,0.9833024118738405,0.9721448467966574,0.1382720319998043,0.10231194100060748,42,2028,1.4406587696258968,0.08715331733727917,0.796679958465754,0.817071860104965,,,0.0037105751391465678,0.36641929499072357,0.48840445269016697,0.1414656771799629
moe_no_balance,16,36,0.08274710861551644,0.11856151052111939,0.9888682745825603,0.9665738161559888,0.14812494399984644,0.10951058500086219,42,2028,1.4544627989296033,0.08274710861551644,0.7892410023390084,0.814943829275186,,,0.0037105751391465678,0.3803339517625232,0.48840445269016697,0.12755102040816327
moe_no_balance,17,37,0.07914127738041186,0.11442484626383974,0.9879406307977736,0.9693593314763231,0.1577384570000504,0.11662285000102202,42,2028,1.4681226560957295,0.07914127738041186,0.7775986205407219,0.8041520047418435,,,0.0037105751391465678,0.3817254174397032,0.4897959183673469,0.12476808905380334
moe_no_balance,18,38,0.0758392213675973,0.10643721584217405,0.9897959183673469,0.9721448467966574,0.167353551999895,0.124090519001129,42,2028,1.4203217465082123,0.0758392213675973,0.7865536577638106,0.8160852275092358,,,0.0037105751391465678,0.3557513914656772,0.4805194805194805,0.16001855287569575
moe_no_balance,19,39,0.07208664842270887,0.10836996264609633,0.9925788497217068,0.9693593314763231,0.17823962700003904,0.13229103900084738,42,2028,1.4264515314568635,0.07208664842270887,0.7840672040016209,0.8182857418324573,,,0.0037105751391465678,0.3854359925788497,0.474025974025974,0.13682745825602968
moe_no_balance,20,40,0.06925918012642865,0.10585921489235929,0.9907235621521335,0.9721448467966574,0.18794090099981986,0.13944188200048302,42,2028,1.3755143296352634,0.06925918012642865,0.7885986769083219,0.8232361610949717,0.015327290176714675,0.0,0.0037105751391465678,0.3450834879406308,0.46335807050092764,0.187847866419295
moe_no_balance,21,41,0.06600182027724162,0.10635526169028141,0.9935064935064936,0.9665738161559888,0.20049818699999378,0.14607413600015207,42,2028,1.4180149270507663,0.06600182027724162,0.7741429606971284,0.8119861833279816,,,0.0037105751391465678,0.37291280148423006,0.4717068645640074,0.15166975881261596
moe_no_balance,22,42,0.06326918789758756,0.10078645028534788,0.9935064935064936,0.9721448467966574,0.21037346299999626,0.15362066300031074,42,2028,1.3807415760840798,0.06326918789758756,0.779568668681801,0.818951306790533,,,0.0037105751391465678,0.36131725417439703,0.45918367346938777,0.17578849721706866
moe_no_balance,23,43,0.060397952124301,0.10144162222635947,0.9925788497217068,0.9721448467966574,0.2214085509999677,0.1617448890006017,42,2028,1.3974980965767863,0.060397952124301,0.7717043761220062,0.8130185012831527,,,0.0037105751391465678,0.37569573283859,0.4605751391465677,0.16001855287569575
moe_no_balance,24,44,0.05786592841632841,0.09782749495043977,0.9935064935064936,0.9721448467966574,0.23149232099967776,0.1693778560006649,42,2028,1.381335805995019,0.05786592841632841,0.7705354780101693,0.8134283160775992,,,0.0037105751391465678,0.3557513914656772,0.45964749536178107,0.18089053803339517
moe_no_balance,25,45,0.056032395373834955,0.09572196866373829,0.9953617810760668,0.9721448467966574,0.24013083899990306,0.17572887700043793,42,2028,1.389574319304335,0.056032395373834955,0.7643161527477537,0.8080696929165647,,,0.0037105751391465678,0.3692022263450835,0.45640074211502785,0.17068645640074212
moe_no_balance,26,46,0.05369332476169992,0.09660458059618013,0.9953617810760668,0.9721448467966574,0.24982168799988358,0.1832447080005295,42,2028,1.360419088572633,0.05369332476169992,0.7650733609783291,0.8101532185195012,,,0.0037105751391465678,0.3529684601113173,0.4452690166975881,0.19805194805194806
moe_no_balance,27,47,0.05729692302892913,0.0948354192286837,0.9935064935064936,0.9749303621169917,0.2581742059996941,0.1892458240004089,42,2028,1.3086398081224653,0.05729692302892913,0.7731168950671998,0.8200569752462249,,,0.004174397031539889,0.3515769944341373,0.4100185528756957,0.2342300556586271
moe_no_balance,28,48,0.05033838310723102,0.09386116864711601,0.9953617810760668,0.9693593314763231,0.2679972840001028,0.19701777000045695,42,2028,1.3589288392159589,0.05033838310723102,0.7582507528948488,0.8059337090912616,,,0.0037105751391465678,0.3622448979591837,0.4387755102040816,0.19526901669758812
moe_no_balance,29,49,0.053541929311446246,0.09260913242477688,0.9935064935064936,0.9693593314763231,0.2780289550000816,0.20433841900057814,42,2028,1.3094519585790614,0.053541929311446246,0.7641574806945977,0.8146522886172745,,,0.0037105751391465678,0.3334879406307978,0.4174397031539889,0.2453617810760668
moe_no_balance,30,50,0.04977859558632236,0.09504033975275562,0.9953617810760668,0.9721448467966574,0.28745707899997797,0.21149405000096522,42,2028,1.40622570721906,0.04977859558632236,0.7400224701276694,0.7908941194418012,,,0.0037105751391465678,0.3631725417439703,0.45964749536178107,0.17346938775510204
moe_no_balance,31,51,0.045930326459023084,0.094991282205916,0.9962894248608535,0.9665738161559888,0.2967035799997575,0.2183902600008878,42,2028,1.3525943553923452,0.045930326459023084,0.7497832717102213,0.7999278752374278,,,0.0037105751391465678,0.37105751391465674,0.42393320964749537,0.2012987012987013
moe_no_balance,32,52,0.04302748435455438,0.08824246328333306,0.9962894248608535,0.9693593314763231,0.30591596099975504,0.22551089800117552,42,2028,1.3137187500743182,0.04302748435455438,0.7540381364775715,0.8066706102851896,,,0.0037105751391465678,0.3334879406307978,0.4165120593692022,0.24628942486085342
moe_no_balance,33,53,0.04199286048096206,0.08720525922202983,0.9972170686456401,0.9749303621169917,0.31609230899994145,0.23277081400101451,42,2028,1.3451802834313207,0.04199286048096206,0.7457944394283327,0.7982881201595674,,,0.0037105751391465678,0.3538961038961039,0.4271799628942486,0.21521335807050093
moe_no_balance,34,54,0.041129007092430385,0.08656982829645751,0.9962894248608535,0.9721448467966574,0.32450367599994934,0.23892766400103937,42,2028,1.291245115552783,0.041129007092430385,0.7562727694630402,0.812234198980136,,,0.0037105751391465678,0.3302411873840445,0.4007421150278293,0.2653061224489796
moe_no_balance,35,55,0.03928504582438707,0.08623533894266054,0.9972170686456401,0.9721448467966574,0.3337394509999285,0.24598653900102363,42,2028,1.317927174755393,0.03928504582438707,0.74665583271369,0.8026858935198923,,,0.0037105751391465678,0.3362708719851577,0.4155844155844156,0.24443413729128013
moe_no_balance,36,56,0.03882874587260307,0.08537888316348799,0.9962894248608535,0.9693593314763231,0.3420979279999301,0.2522491380009342,42,2028,1.2820603033490388,0.03882874587260307,0.7551478407645713,0.8130625537568064,,,0.0037105751391465678,0.3334879406307978,0.38961038961038963,0.27319109461966606
moe_no_balance,37,57,0.03762064449374355,0.08786763474859678,0.9962894248608535,0.9749303621169917,0.3502932999999757,0.25842767000085587,42,2028,1.3052518842126668,0.03762064449374355,0.7472818800850768,0.8068653217266474,,,0.003246753246753247,0.3167903525046382,0.41465677179962895,0.2653061224489796
moe_no_balance,38,58,0.035421775753437586,0.08585471176617888,0.9972170686456401,0.9721448467966574,0.3589711479999096,0.2651094380007635,42,2028,1.2922445812282561,0.035421775753437586,0.7490215828167045,0.8086016554818094,,,0.0037105751391465678,0.33719851576994436,0.3961038961038961,0.262987012987013
moe_no_balance,39,59,0.03472551313972028,0.0868036418441312,0.9972170686456401,0.9749303621169917,0.36799323200011713,0.2723110470010397,42,2028,1.2894085081573066,0.03472551313972028,0.7490979064909413,0.8110123446965195,,,0.003246753246753247,0.32606679035250463,0.39888682745825604,0.2717996289424861
moe_no_balance,40,60,0.03503880778755241,0.08803652139109643,0.9962894248608535,0.9777158774373259,0.37564525800007686,0.27795276300093974,42,2028,1.2852171245951016,0.03503880778755241,0.748977768787508,0.8128321564158189,0.01047113681462965,0.0,0.003246753246753247,0.3209647495361781,0.3965677179962894,0.2792207792207792
moe_no_balance,41,61,0.03277599720078326,0.08536861979036871,0.9972170686456401,0.9749303621169917,0.3879254270000274,0.2841642550006327,42,2028,1.2912540776414885,0.03277599720078326,0.7458173267918119,0.8089356091558798,,,0.003246753246753247,0.33163265306122447,0.3965677179962894,0.26855287569573283
moe_no_balance,42,62,0.03272066501225367,0.08675277057005151,0.9962894248608535,0.9749303621169917,0.3964411309998468,0.2904600930005472,42,2028,1.2795345895500339,0.03272066501225367,0.74794269521778,0.8135555522597291,,,0.003246753246753247,0.32189239332096475,0.39007421150278293,0.2847866419294991
moe_no_balance,43,63,0.03156394365928396,0.08366492650243688,0.9972170686456401,0.9777158774373259,0.4052908599996954,0.29709806500068225,42,2028,1.2975181323733964,0.03156394365928396,0.7431634134559839,0.8091287509019836,,,0.002319109461966605,0.3181818181818182,0.4072356215213358,0.2722634508348794
moe_no_balance,44,64,0.030780965745293747,0.08377010021134763,0.9981447124304267,0.9749303621169917,0.4128615849999733,0.3026334320006754,42,2028,1.285633318980466,0.030780965745293747,0.7448176641847658,0.8106917369826254,,,0.0027829313543599257,0.32653061224489793,0.39239332096474955,0.2782931354359926
moe_no_balance,45,65,0.029833000115613337,0.08492641287598167,0.9981447124304267,0.9749303621169917,0.42009198699997796,0.3079544360007276,42,2028,1.2854447790585273,0.029833000115613337,0.7439876659133221,0.8116347221906748,,,0.002319109461966605,0.3177179962894249,0.39517625231910947,0.2847866419294991
moe_no_balance,46,66,0.028714740375080757,0.08062381041614246,0.9972170686456401,0.9777158774373259,0.42745481800011476,0.3135536480008341,42,2028,1.2757114028785517,0.028714740375080757,0.7450046396952716,0.8142103410967326,,,0.002319109461966605,0.31261595547309834,0.3877551020408163,0.29730983302411873
moe_no_balance,47,67,0.027645117069471273,0.07844557023266127,0.9981447124304267,0.9749303621169917,0.4347736139998233,0.31898907400045573,42,2028,1.2793773822079029,0.027645117069471273,0.7425182331626562,0.8117159373174812,,,0.002319109461966605,0.3177179962894249,0.38821892393320967,0.2917439703153989
moe_no_balance,48,68,0.03010306694709581,0.08140885379702768,0.9972170686456401,0.9721448467966574,0.4422516579998046,0.32458758500024487,42,2028,1.2658679234896169,0.03010306694709581,0.7454580995182397,0.8176237079648628,,,0.0027829313543599257,0.3098330241187384,0.37662337662337664,0.310760667903525
moe_no_balance,49,69,0.027570243467205297,0.07680641497996597,0.9962894248608535,0.9749303621169917,0.4502457879998474,0.3306514160003644,42,2028,1.2870846267729998,0.027570243467205297,0.7366911131428141,0.80493928720947,,,0.002319109461966605,0.336734693877551,0.38404452690166974,0.27690166975881264
moe_no_balance,50,70,0.025901483277187377,0.07755785425331693,0.9972170686456401,0.9777158774373259,0.4593123790000391,0.3376324140003817,42,2028,1.2801838689750737,0.025901483277187377,0.7374781320187753,0.8074144802357033,,,0.002319109461966605,0.323747680890538,0.3845083487940631,0.2894248608534323
moe_no_balance,51,71,0.026134984253033372,0.07809846531691302,0.9962894248608535,0.9777158774373259,0.4668495480000274,0.34309974800044074,42,2028,1.2659693486993604,0.026134984253033372,0.7399036203195057,0.8117482114110044,,,0.002319109461966605,0.3144712430426716,0.3719851576994434,0.3112244897959184
moe_no_balance,52,72,0.024821999278847085,0.07673113912537802,0.9990723562152134,0.9749303621169917,0.47504623199984053,0.3493883760006611,42,2028,1.2738811880629983,0.024821999278847085,0.7368218475297528,0.8079924144804882,,,0.002319109461966605,0.32235621521335805,0.37708719851576994,0.2982374768089054
moe_no_balance,53,73,0.024182620202212606,0.07632476248004116,0.9972170686456401,0.9777158774373259,0.4827796810000109,0.3552543390005667,42,2028,1.2725671121417927,0.024182620202212606,0.7366746221302777,0.8083800902729835,,,0.0018552875695732839,0.3209647495361781,0.3752319109461967,0.30194805194805197
moe_no_balance,54,74,0.023596160289406296,0.07557683996052555,0.9990723562152134,0.9777158774373259,0.49025585199979105,0.36053183700050795,42,2028,1.2738625912359358,0.023596160289406296,0.7354211131900935,0.8075172732882724,,,0.0013914656771799629,0.31910946196660483,0.37662337662337664,0.30287569573283857
moe_no_balance,55,75,0.02324949734555614,0.07764673861277988,0.9990723562152134,0.9749303621169917,0.4979162909999104,0.36632061400041493,42,2028,1.2644520014936604,0.02324949734555614,0.737467939057304,0.8118147314611177,,,0.002319109461966605,0.313543599257885,0.3682745825602968,0.31586270871985156
moe_no_balance,56,76,0.02246243791578159,0.07534967653079143,0.9990723562152134,0.9777158774373259,0.5046513499996763,0.3712980820005214,42,2028,1.2732635722778682,0.02246243791578159,0.7339203003923437,0.8073375687847374,,,0.0013914656771799629,0.3144712430426716,0.37708719851576994,0.3070500927643785
moe_no_balance,57,77,0.022033015455031873,0.06392765153930995,0.9990723562152134,0.9749303621169917,0.5123885129996779,0.37718677800057776,42,2028,1.2682075669956923,0.022033015455031873,0.734806807167097,0.8078504912552803,,,0.002319109461966605,0.33116883116883117,0.3608534322820037,0.30565862708719854
moe_no_balance,58,78,0.02163581137903018,0.06490692796670236,0.9990723562152134,0.9777158774373259,0.5192644829999153,0.3822377460005555,42,2028,1.2764933600116184,0.02163581137903018,0.7322005658314281,0.8072188677622449,,,0.0009276437847866419,0.30287569573283857,0.3826530612244898,0.313543599257885
moe_no_balance,59,79,0.027331520746283533,0.0761706394267519,0.9972170686456401,0.9805013927576601,0.5261088259999269,0.3872854600003848,42,2028,1.260607010003516,0.027331520746283533,0.7371650242815092,0.8160992199140762,,,0.0013914656771799629,0.29916512059369205,0.3622448979591837,0.33719851576994436
moe_no_balance,60,80,0.022788408141497865,0.07034970708194685,0.9990723562152134,0.9693593314763231,0.5328654869999809,0.39226134500040644,42,2028,1.3138880563278128,0.022788408141497865,0.7176937151931422,0.7899451706121572,0.0283320250777659,0.0,0.00046382189239332097,0.3325602968460111,0.4049165120593692,0.26205936920222633
moe_no_balance,61,81,0.02028583048982255,0.061655499436497924,0.9990723562152134,0.9749303621169917,0.5434179899998526,0.39757719100043687,42,2028,1.2808772676653353,0.02028583048982255,0.7248337743135315,0.798680035378149,,,0.0013914656771799629,0.3200371057513915,0.3807977736549165,0.29777365491651203
moe_no_balance,62,82,0.01948695020847896,0.06092026907524064,0.9990723562152134,0.9777158774373259,0.550294010000016,0.4026315650003198,42,2028,1.2702717007407531,0.01948695020847896,0.7274292773233254,0.8030804574432331,,,0.0013914656771799629,0.31307977736549164,0.37059369202226344,0.31493506493506496
moe_no_balance,63,83,0.019189394097522884,0.06044368448786537,0.9990723562152134,0.9805013927576601,0.5571985540000242,0.40764259300021877,42,2028,1.2736998641676853,0.019189394097522884,0.7262627398161144,0.8032597644498868,,,0.0009276437847866419,0.29916512059369205,0.37940630797773656,0.3205009276437848
moe_no_balance,64,84,0.01861912902525489,0.06086203561013738,0.9990723562152134,0.9777158774373259,0.5644500979997247,0.41304582000020673,42,2028,1.2706092491937482,0.01861912902525489,0.7251202066261248,0.8009644907879657,,,0.0013914656771799629,0.31539888682745826,0.3692022263450835,0.3140074211502783
moe_no_balance,65,85,0.021935828846032727,0.06193268125460322,0.9972170686456401,0.9749303621169917,0.5723277229999439,0.41899129300054483,42,2028,1.2628718871964795,0.021935828846032727,0.7287438887595072,0.8084653010516999,,,0.0013914656771799629,0.2949907235621521,0.3622448979591837,0.34137291280148424
moe_no_balance,66,86,0.01811189619288464,0.05969334015400042,0.9990723562152134,0.9693593314763231,0.5814209440000013,0.42519096100068055,42,2028,1.2882439568881028,0.01811189619288464,0.7188186157434008,0.7950497938543981,,,0.00046382189239332097,0.3079777365491651,0.3914656771799629,0.30009276437847865
moe_no_balance,67,87,0.017676608633188044,0.05887433091891955,0.9990723562152134,0.9749303621169917,0.5928952919998665,0.43411236400106645,42,2028,1.2699399446847506,0.017676608633188044,0.7233941473088605,0.8003818058559659,,,0.0013914656771799629,0.31307977736549164,0.3696660482374768,0.31586270871985156
moe_no_balance,68,88,0.017213862147647193,0.0583084685034321,0.9990723562152134,0.9721448467966574,0.6019110069996714,0.4402905360011573,42,2028,1.276259855307047,0.017213862147647193,0.7197552744416321,0.7956429317285315,,,0.00046382189239332097,0.31539888682745826,0.3738404452690167,0.3102968460111317
moe_no_balance,69,89,0.016823001616783267,0.05926308123320052,0.9990723562152134,0.9721448467966574,0.6132413489999635,0.4490417030010576,42,2028,1.271035627191251,0.016823001616783267,0.7213562371943448,0.7980224618587196,,,0.0009276437847866419,0.31493506493506496,0.3678107606679035,0.3163265306122449
moe_no_balance,70,90,0.017031836291534572,0.05943653268530299,0.9990723562152134,0.9721448467966574,0.6236444779997328,0.45745517300110805,42,2028,1.2690516860004522,0.017031836291534572,0.7224097460977282,0.8002683775410022,,,0.00046382189239332097,0.30194805194805197,0.3687384044526902,0.32884972170686455
moe_no_balance,71,91,0.016623614084768177,0.05943662351167133,0.9981447124304267,0.9721448467966574,0.6344211579998955,0.4660595400009697,42,2028,1.2698149269179921,0.016623614084768177,0.7211614208111394,0.7991851288303843,,,0.00046382189239332097,0.300556586270872,0.37012987012987014,0.32884972170686455
moe_no_balance,72,92,0.01841928697387159,0.05977680814795726,0.9981447124304267,0.9721448467966574,0.6436424119997355,0.4732206780013257,42,2028,1.2634906540359971,0.01841928697387159,0.7212125415476401,0.7998051766882797,,,0.0009276437847866419,0.3051948051948052,0.35667903525046385,0.33719851576994436
moe_no_balance,73,93,0.016116197754422655,0.058913131503014624,0.9990723562152134,0.9721448467966574,0.6544683359998089,0.4817694810017201,42,2028,1.2764735557998728,0.016116197754422655,0.7164822537541549,0.7923636619396489,,,0.00046382189239332097,0.3205009276437848,0.37105751391465674,0.3079777365491651
moe_no_balance,74,94,0.015657700042747125,0.0585870813063552,0.9990723562152134,0.9693593314763231,0.665717776999827,0.4905106030018942,42,2028,1.2668719266881847,0.015657700042747125,0.7182859458776387,0.795939480664938,,,0.0009276437847866419,0.3112244897959184,0.36038961038961037,0.3274582560296846
moe_no_balance,75,95,0.015447367255963877,0.058356860993527895,0.9990723562152134,0.9721448467966574,0.6755146749997039,0.49830295000174374,42,2028,1.267418168391156,0.015447367255963877,0.7180705853805006,0.7978865800581234,,,0.00046382189239332097,0.29313543599257885,0.3645640074211503,0.34183673469387754
moe_no_balance,76,96,0.015006699361912988,0.05649472503894431,0.9990723562152134,0.9721448467966574,0.6842338940000445,0.5050289550017624,42,2028,1.2741639703432899,0.015006699361912988,0.7130696757927762,0.7900623773225833,,,0.00046382189239332097,0.3163265306122449,0.3696660482374768,0.313543599257885
moe_no_balance,77,97,0.0147201644068813,0.05707109177961414,0.9990723562152134,0.9721448467966574,0.692317618999823,0.5108347980017243,42,2028,1.2699413621096498,0.0147201644068813,0.7131940511140858,0.7915543872438449,,,0.00046382189239332097,0.30658627087198514,0.36641929499072357,0.32653061224489793
moe_no_balance,78,98,0.014465496582580414,0.058420691213567785,0.9990723562152134,0.9721448467966574,0.7044730499997058,0.5208124470018447,42,2028,1.270744085718374,0.014465496582580414,0.7115275409788044,0.7891684768584784,,,0.00046382189239332097,0.3116883116883117,0.36595547309833026,0.32189239332096475
moe_no_balance,79,99,0.014543173741537546,0.05820543236616371,0.9990723562152134,0.9721448467966574,0.7161226819998774,0.5298363550018621,42,2028,1.268692230445802,0.014543173741537546,0.7112130190801865,0.7882274882430688,,,0.0009276437847866419,0.325139146567718,0.35482374768089053,0.31910946196660483
moe_no_balance,80,100,0.014099305252406416,0.05849052104386048,0.9990723562152134,0.9721448467966574,0.7261919099996703,0.5368685400017057,42,2028,1.2658293997148722,0.014099305252406416,0.7118090483891288,0.7902868235899037,0.002344974972839557,0.0,0.00046382189239332097,0.3102968460111317,0.3557513914656772,0.3334879406307978
scratch_continue,0,20,0.11094590151505088,0.1437448533369421,0.9860853432282004,0.9665738161559888,0.0011227569998482068,0.0,42,2028,1.1128087343414412,0.1220739888584653,0.8989015205153439,0.8860922712826629,0.06563208425623604,0.006255635662259104,0.32235621521335805,0.24304267161410018,0.37662337662337664,0.05797773654916512
scratch_continue,1,21,0.10744677897367023,0.1344405666736786,0.9860853432282004,0.9665738161559888,0.014552903000094375,0.007919716999822413,42,2028,1.133889438545758,0.11878567335912782,0.8923872136591984,0.8826791819194183,,,0.3520408163265306,0.2305194805194805,0.37662337662337664,0.04081632653061224
scratch_continue,2,22,0.097823496551216,0.14084665666533538,0.9888682745825603,0.9637883008356546,0.023110489999908168,0.014102185999945505,42,2028,1.1301064069053715,0.10912456062026972,0.8902160468622875,0.880444532709129,,,0.30658627087198514,0.2782931354359926,0.3845083487940631,0.030612244897959183
scratch_continue,3,23,0.09312521741946159,0.13545004533626448,0.9842300556586271,0.9637883008356546,0.03221676100019977,0.020395259999986592,42,2028,1.0743569043089936,0.10386878646255152,0.8972599939466629,0.8832672778384346,,,0.3269944341372913,0.23144712430426717,0.33163265306122447,0.10992578849721707
scratch_continue,4,24,0.08595770352039739,0.1312552879467696,0.9916512059369202,0.9665738161559888,0.04543441800024084,0.031420102000083716,42,2028,1.1059544837521627,0.09701724835791901,0.8881753261010125,0.8748164772013464,,,0.30287569573283857,0.2564935064935065,0.3719851576994434,0.0686456400742115
scratch_continue,5,25,0.07898639429949195,0.12480911285592323,0.9925788497217068,0.9665738161559888,0.058113987000069756,0.04174493299979076,42,2028,1.1002989996161587,0.08998938429565354,0.8869541711227188,0.8732775388424755,,,0.31307977736549164,0.2435064935064935,0.3650278293135436,0.07838589981447125
scratch_continue,6,26,0.078091036968025,0.12625725619028477,0.9907235621521335,0.9637883008356546,0.07154642200021044,0.05166508099955536,42,2028,1.0832360401649948,0.08892339736967494,0.888659763897488,0.8746494374822184,,,0.312152133580705,0.2527829313543599,0.34369202226345086,0.09137291280148423
scratch_continue,7,27,0.07412562308914399,0.12186726833212339,0.9907235621521335,0.9637883008356546,0.0866069490002701,0.06373961199960831,42,2028,1.10762004140598,0.08520182350320378,0.8815019296359398,0.8689825168021584,,,0.32235621521335805,0.24582560296846012,0.3631725417439703,0.0686456400742115
scratch_continue,8,28,0.07082012624293493,0.11954774680493357,0.9907235621521335,0.9610027855153204,0.095267880999927,0.07035691399960342,42,2028,1.0806671812043673,0.0816267980549786,0.883548331883628,0.8700129998641162,,,0.300556586270872,0.2305194805194805,0.3538961038961039,0.1150278293135436
scratch_continue,9,29,0.06926756452708223,0.11809689771083931,0.9897959183673469,0.9637883008356546,0.10346755899990967,0.07615563499939526,42,2028,1.0912176420572473,0.0801797409476547,0.8797718731242229,0.8667601163428966,,,0.3010204081632653,0.25,0.35760667903525045,0.09137291280148423
scratch_continue,10,30,0.06737396829765677,0.11697056124278774,0.9888682745825603,0.9637883008356546,0.11202045900017765,0.08262746899936246,42,2028,1.0891065817770447,0.0782650341154272,0.8779665649289361,0.8651803512468031,,,0.29730983302411873,0.22541743970315398,0.3631725417439703,0.11410018552875696
scratch_continue,11,31,0.0656323646603032,0.10793129248808933,0.9916512059369202,0.9637883008356546,0.12203009599988945,0.08963080999956219,42,2028,1.1174602123880146,0.07680696678418335,0.8705589837260173,0.8614855411378651,,,0.3163265306122449,0.28014842300556586,0.35482374768089053,0.048701298701298704
scratch_continue,12,32,0.05928643457881384,0.11180397843793038,0.9935064935064936,0.9637883008356546,0.1308884949999083,0.09627446099966619,42,2028,1.0867172501782978,0.07015360708059681,0.873416530718389,0.8611878673157416,,,0.29267161410018555,0.22402597402597402,0.36038961038961037,0.12291280148423006
scratch_continue,13,33,0.05772886865515076,0.11287348750818597,0.9944341372912802,0.9610027855153204,0.13936496899987105,0.10251058999983798,42,2028,1.0754614302218561,0.06848348295736932,0.8739247885450969,0.861904954152174,,,0.2810760667903525,0.24304267161410018,0.35064935064935066,0.12523191094619665
scratch_continue,14,34,0.05927455032779401,0.1106083369253061,0.9925788497217068,0.9610027855153204,0.1486060830002316,0.10912641000004442,42,2028,1.0635418953572011,0.06990996928136602,0.874271116956226,0.862961354732071,,,0.2815398886827458,0.22356215213358072,0.3423005565862709,0.1525974025974026
scratch_continue,15,35,0.05319476282211075,0.11341025004210267,0.9935064935064936,0.9610027855153204,0.16729198500024722,0.12341918200036162,42,2028,1.1082428009273189,0.06427719083138393,0.8645602979253058,0.8543507716689095,,,0.3038033395176252,0.2569573283858998,0.36363636363636365,0.07560296846011132
scratch_continue,16,36,0.05112307931595687,0.11128784841257153,0.9953617810760668,0.9610027855153204,0.17888898799992603,0.13215840200064122,42,2028,1.089394620162216,0.062017025517579025,0.8652462865200204,0.8545757380991699,,,0.28432282003710574,0.24907235621521337,0.35946196660482377,0.10714285714285714
scratch_continue,17,37,0.04812678776619813,0.1086164415681722,0.9944341372912802,0.9610027855153204,0.1914640300001338,0.1412837510006284,42,2028,1.0956802576154792,0.05908359034235292,0.8621297461382038,0.8518381599783897,,,0.2963821892393321,0.23191094619666047,0.36363636363636365,0.10807050092764378
scratch_continue,18,38,0.04656507049138589,0.1187644699203951,0.9953617810760668,0.9637883008356546,0.20329450400004134,0.15050264100045752,42,2028,1.1050926549549416,0.057615997040935306,0.859628617165311,0.8501411852461386,,,0.29684601113172543,0.21799628942486085,0.37569573283859,0.10946196660482375
scratch_continue,19,39,0.045929516655449205,0.10857975478513797,0.9953617810760668,0.9610027855153204,0.212730830000055,0.1576218260006499,42,2028,1.0907107404214658,0.05683662405966386,0.8596576964275962,0.8495576131841321,,,0.2922077922077922,0.24768089053803338,0.35435992578849723,0.10575139146567718
scratch_continue,20,40,0.046242773680302066,0.11998539178089082,0.9944341372912802,0.9637883008356546,0.2239280920002784,0.16603580700029852,42,2028,1.0793609805215227,0.05703638348551729,0.8600474243759232,0.8514519514529223,0.051681896547022516,0.004516969917432373,0.2699443413729128,0.2082560296846011,0.36363636363636365,0.15816326530612246
scratch_continue,21,41,0.04192934333932502,0.10547813054474524,0.9972170686456401,0.9610027855153204,0.23790155599999707,0.17396796400043968,42,2028,1.0693412612933315,0.052622755952258335,0.860980899512935,0.8516832275436703,,,0.2847866419294991,0.21799628942486085,0.3450834879406308,0.15213358070500926
scratch_continue,22,42,0.04127125670323508,0.11857432982309829,0.9962894248608535,0.9637883008356546,0.2480436619998727,0.18189928900028463,42,2028,1.1253220620126918,0.052524477323362,0.8481066927970331,0.8406648552970635,,,0.2884972170686456,0.23376623376623376,0.3877551020408163,0.08998144712430427
scratch_continue,23,43,0.039474031566729316,0.1171820503393764,0.9972170686456401,0.9610027855153204,0.25842119300023114,0.1901199090002592,42,2028,1.1345850848703896,0.05081988241543321,0.8434666904599187,0.837664488218857,,,0.30241187384044527,0.24489795918367346,0.3826530612244898,0.07003710575139147
scratch_continue,24,44,0.038241764764074794,0.11439881596068667,0.9972170686456401,0.9610027855153204,0.26782245699996565,0.19709363600031793,42,2028,1.0822014479989845,0.04906377924406464,0.8523616781050445,0.8446741316920527,,,0.2884972170686456,0.2166048237476809,0.3525046382189239,0.14239332096474955
scratch_continue,25,45,0.03684730942963109,0.11499190582664293,0.9981447124304267,0.9665738161559888,0.27711950399998386,0.20434094300071592,42,2028,1.096905399812731,0.0478163634277584,0.8477549425980504,0.8406225211228675,,,0.2917439703153989,0.22541743970315398,0.36178107606679033,0.12105751391465677
scratch_continue,26,46,0.040493501323033254,0.1035365240634783,0.9972170686456401,0.9637883008356546,0.28614362200005417,0.21091507000073761,42,2028,1.0582678097459306,0.05107617942049256,0.8548515626757021,0.8492823198615234,,,0.27319109461966606,0.21150278293135436,0.33812615955473097,0.17717996289424862
scratch_continue,27,47,0.03694372416708323,0.11836093380766773,0.9981447124304267,0.9637883008356546,0.29750245700006417,0.21939712300081737,42,2028,1.0653001127160313,0.047596725294243546,0.8516614687613893,0.8462760007829547,,,0.26484230055658625,0.21706864564007422,0.3464749536178108,0.17161410018552875
scratch_continue,28,48,0.03364007170838182,0.10241591994896646,1.0,0.9637883008356546,0.3080319350001446,0.227094948001195,42,2028,1.0912863889474118,0.04455293559785593,0.843396980771878,0.8380067042284102,,,0.2945269016697588,0.23608534322820038,0.3515769944341373,0.11781076066790352
scratch_continue,29,49,0.031769840144718654,0.11370242535936073,1.0,0.9637883008356546,0.31891271199992843,0.2354449630011004,42,2028,1.0803312802788243,0.042573152947506895,0.844630407222276,0.8398443432607559,,,0.2815398886827458,0.2212430426716141,0.3529684601113173,0.1442486085343228
scratch_continue,30,50,0.03383899913399484,0.11134129802694274,0.9990723562152134,0.9637883008356546,0.3295415000002322,0.2435850930014567,42,2028,1.0768346478782878,0.04460734561277772,0.8445896137760434,0.8405053968348619,,,0.30194805194805197,0.21521335807050093,0.3390538033395176,0.1437847866419295
scratch_continue,31,51,0.03030771466991669,0.1130120506553225,1.0,0.9637883008356546,0.34205059299983986,0.25354477500150097,42,2028,1.0612874934141907,0.0409205896040586,0.8459341697630928,0.8428181321365462,,,0.2699443413729128,0.21150278293135436,0.34137291280148424,0.17717996289424862
scratch_continue,32,52,0.03348387454521164,0.11124137390820608,0.9981447124304267,0.9637883008356546,0.3518081820002408,0.26101631900155553,42,2028,1.0561753493298172,0.04404562803850981,0.8459964881006642,0.8435646083651112,,,0.2810760667903525,0.20871985157699444,0.33116883116883117,0.1790352504638219
scratch_continue,33,53,0.029359507691019457,0.11131647400966234,1.0,0.9637883008356546,0.3623230590001185,0.26872514100159606,42,2028,1.116375286412282,0.04052326055514228,0.8312517678557255,0.8290925902404087,,,0.310760667903525,0.23562152133580705,0.36178107606679033,0.09183673469387756
scratch_continue,34,54,0.027860686193865312,0.11281997817930428,1.0,0.9637883008356546,0.3742234970000027,0.2780956480014538,42,2028,1.0605712973025088,0.0384663991668904,0.8423609483886093,0.8401304685609683,,,0.275974025974026,0.21196660482374768,0.33766233766233766,0.17439703153988867
scratch_continue,35,55,0.027284684571919914,0.11008088825668177,1.0,0.9637883008356546,0.3833255320000717,0.2848262700013038,42,2028,1.084471609996899,0.038129400671888906,0.8367689437718814,0.834427284253596,,,0.29730983302411873,0.2166048237476809,0.34833024118738404,0.1377551020408163
scratch_continue,36,56,0.026100641523945776,0.11061116910385688,1.0,0.9637883008356546,0.39576056900023104,0.2940910040010749,42,2028,1.067802441940226,0.03677866594334804,0.8387023359675522,0.8366985218758703,,,0.27736549165120594,0.2189239332096475,0.3427643784786642,0.16094619666048238
scratch_continue,37,57,0.028875175079983106,0.1083046506627296,0.9981447124304267,0.9637883008356546,0.40640040400012367,0.3024990560011247,42,2028,1.050824513034369,0.0393834202103268,0.841901873642486,0.8417435599741653,,,0.2824675324675325,0.2012987012987013,0.32560296846011133,0.1906307977736549
scratch_continue,38,58,0.026129055388338276,0.11064947026484598,1.0,0.9637883008356546,0.4172467690000303,0.31100062800078376,42,2028,1.0578302119507128,0.0367073575078454,0.8380531574004632,0.8373489935154597,,,0.27133580705009275,0.20871985157699444,0.336734693877551,0.18320964749536178
scratch_continue,39,59,0.02498654711795284,0.10935241730161349,1.0,0.9665738161559888,0.42634896300023684,0.3178759170009471,42,2028,1.0603710226352203,0.03559025734430504,0.836778703012239,0.8368434465342492,,,0.27968460111317256,0.2017625231910946,0.336734693877551,0.18181818181818182
scratch_continue,40,60,0.024110874335096788,0.10841743811324074,1.0,0.9637883008356546,0.43506749200014383,0.3244411000009677,42,2028,1.0687550935884633,0.034798425270981426,0.8338998770791456,0.8338517034677423,0.011761205295118713,0.0036955276422679126,0.287569573283859,0.2077922077922078,0.3399814471243043,0.16465677179962895
scratch_continue,41,61,0.02359251054256429,0.11478013925393801,1.0,0.9610027855153204,0.44835579500022504,0.33160212800112276,42,2028,1.049549641745236,0.03408800696001665,0.8371333539842747,0.8378035574600231,,,0.2694805194805195,0.21150278293135436,0.3293135435992579,0.18970315398886828
scratch_continue,42,62,0.022425681985419964,0.10833253564169636,1.0,0.9665738161559888,0.4581542260002607,0.3389912990010089,42,2028,1.0599638589220275,0.033025320574640235,0.8336641555331085,0.8345638188274477,,,0.27736549165120594,0.20686456400742115,0.336734693877551,0.1790352504638219
scratch_continue,43,63,0.022051803723177603,0.10892013272446181,1.0,0.9665738161559888,0.46718926999983523,0.34583458000088285,42,2028,1.0623414760344985,0.03267521848352259,0.8321464322004639,0.8331049384789558,,,0.27968460111317256,0.20686456400742115,0.33812615955473097,0.17532467532467533
scratch_continue,44,64,0.022108171127070957,0.10583640511642603,1.0,0.9665738161559888,0.47699637300001996,0.353582009001002,42,2028,1.047991562159074,0.0325880867486617,0.8340714767813271,0.8371868976816486,,,0.2662337662337662,0.19666048237476808,0.33070500927643787,0.20640074211502782
scratch_continue,45,65,0.02290126534020846,0.1078372550077693,0.9990723562152134,0.9637883008356546,0.4857116070002121,0.35990622100098335,42,2028,1.062987302077019,0.03353113836097865,0.8302315668758724,0.8323868413652165,,,0.2847866419294991,0.2017625231910946,0.336734693877551,0.1767161410018553
scratch_continue,46,66,0.020654481105948395,0.10909549104380119,1.0,0.9637883008356546,0.49526712199985923,0.3669441040010497,42,2028,1.055248127874972,0.03120696238469811,0.8300888164556678,0.8327916789383984,,,0.27040816326530615,0.20315398886827457,0.3358070500927644,0.1906307977736549
scratch_continue,47,67,0.022307870583054463,0.10632693967740169,0.9990723562152134,0.9637883008356546,0.5047493279998889,0.3740417180010809,42,2028,1.0527495115316545,0.032835365698371005,0.8302003299524235,0.8341698112584958,,,0.27782931354359924,0.19434137291280149,0.3302411873840445,0.19758812615955473
scratch_continue,48,68,0.023787199352623686,0.1179795928019976,0.9990723562152134,0.9610027855153204,0.5132150859999456,0.38041877800105794,42,2028,1.0469658495289227,0.034256857847912915,0.8293801661636171,0.8339644012799403,,,0.24443413729128013,0.2082560296846011,0.3358070500927644,0.21150278293135436
scratch_continue,49,69,0.020055541790935667,0.10804172535318378,1.0,0.9665738161559888,0.524513780000234,0.38827957800094737,42,2028,1.0542801591269784,0.03059834338220545,0.8274368137174605,0.832291615482698,,,0.2680890538033395,0.19990723562152132,0.3358070500927644,0.19619666048237477
scratch_continue,50,70,0.01876675176346998,0.11071725341819383,1.0,0.9665738161559888,0.5324503239999103,0.3942281050008205,42,2028,1.0615577643851555,0.029382329407321536,0.8233840855376167,0.8271824824939108,,,0.2727272727272727,0.21521335807050093,0.33766233766233766,0.17439703153988867
scratch_continue,51,71,0.01883648391537986,0.11313349470614883,1.0,0.9637883008356546,0.5416381270001693,0.40119460000096296,42,2028,1.0555085610916122,0.029391569526295982,0.8238813256675039,0.829277300329237,,,0.26484230055658625,0.2054730983302412,0.336734693877551,0.19294990723562153
scratch_continue,52,72,0.018788268525196647,0.10899735607572446,1.0,0.9665738161559888,0.5503534509998644,0.4075011850009105,42,2028,1.0492998128229036,0.029281266653425682,0.8249880080255353,0.8317799766797381,,,0.26205936920222633,0.19990723562152132,0.33302411873840443,0.20500927643784786
scratch_continue,53,73,0.017676470123044602,0.11322122019912767,1.0,0.9610027855153204,0.5593209429998751,0.4137979650008674,42,2028,1.056908912204163,0.028245559245086233,0.8219358882631811,0.8278263404790757,,,0.2699443413729128,0.20640074211502782,0.3362708719851577,0.18738404452690166
scratch_continue,54,74,0.01719343398810306,0.11329387981313595,1.0,0.9610027855153204,0.5675791290000234,0.42010474900098416,42,2028,1.0542409339215368,0.027735843327318425,0.8217213788530141,0.8279197473996123,,,0.2727272727272727,0.20732838589981448,0.3325602968460111,0.18738404452690166
scratch_continue,55,75,0.017768978412583503,0.11569262447393441,1.0,0.9610027855153204,0.5761252490001425,0.42634084800101846,42,2028,1.0479180732843458,0.028248159145426964,0.8222620170685484,0.8291262787654192,,,0.2537105751391466,0.212430426716141,0.3339517625231911,0.19990723562152132
scratch_continue,56,76,0.016830625084692852,0.11276121820359024,1.0,0.9693593314763231,0.5850881639998988,0.4330795510009011,42,2028,1.0492385019895982,0.027323010104588832,0.8207362844960135,0.8282275052005694,,,0.2699443413729128,0.2054730983302412,0.3293135435992579,0.19526901669758812
scratch_continue,57,77,0.016810142213530218,0.1135620905022629,1.0,0.9665738161559888,0.5942157869999392,0.4399771030007287,42,2028,1.0567701821266444,0.027377844034796664,0.8172087888142203,0.8236889588757782,,,0.26484230055658625,0.21753246753246752,0.3362708719851577,0.1813543599257885
scratch_continue,58,78,0.015977495831138756,0.11259825485471946,1.0,0.9665738161559888,0.603776089999883,0.4467752360005761,42,2028,1.0586156292245779,0.026563652123384535,0.8164535608022666,0.8248964113035026,,,0.2755102040816326,0.20037105751391465,0.3362708719851577,0.187847866419295
scratch_continue,59,79,0.015877704647041996,0.11488122294709922,1.0,0.9637883008356546,0.6139942210002118,0.45410886300078346,42,2028,1.0474243642889636,0.026351948289931634,0.8187503289796678,0.8275248277892876,,,0.25742115027829315,0.20686456400742115,0.3334879406307978,0.20222634508348794
scratch_continue,60,80,0.015684836242194102,0.11466776891210773,1.0,0.9693593314763231,0.6254199559998597,0.46323808800070765,42,2028,1.0444911781240538,0.02612974802343464,0.8189951181489526,0.8281581438082705,0.010431634370299056,0.0029573846830210308,0.25463821892393323,0.20640074211502782,0.33163265306122447,0.20732838589981448
scratch_continue,61,81,0.015151415007999281,0.11219038249641945,1.0,0.9693593314763231,0.64109502600013,0.4725194220004596,42,2028,1.0514912953602142,0.025666327961601426,0.8163262738986049,0.8252752363132357,,,0.2657699443413729,0.20408163265306123,0.3339517625231911,0.19619666048237477
scratch_continue,62,82,0.014824017629367189,0.11709849957579742,1.0,0.9637883008356546,0.6498745250000866,0.47926602700044896,42,2028,1.0416882484119936,0.025240900113487126,0.818171224595177,0.8283911490238498,,,0.2523191094619666,0.20222634508348794,0.3302411873840445,0.21521335807050093
scratch_continue,63,83,0.01440845772843201,0.11342983355879191,1.0,0.9665738161559888,0.6591476670000702,0.48625196300054085,42,2028,1.0500661324255092,0.0249091190526871,0.8153151465182824,0.8246960320330211,,,0.26484230055658625,0.20640074211502782,0.33302411873840443,0.19573283858998144
scratch_continue,64,84,0.016327587195878422,0.15095795377149973,0.9990723562152134,0.9610027855153204,0.6679889289998755,0.4924915370006602,42,2028,1.0431852168318114,0.026759439364196537,0.8156118276931081,0.8251056947329626,,,0.24489795918367346,0.21753246753246752,0.33302411873840443,0.20454545454545456
scratch_continue,65,85,0.013752299231930986,0.11270751834475098,1.0,0.9693593314763231,0.676061627999843,0.49843239200072276,42,2028,1.0584673649923237,0.024336972881854223,0.8104385201393869,0.8204115197942415,,,0.26391465677179965,0.2077922077922078,0.3409090909090909,0.18738404452690166
scratch_continue,66,86,0.014215972501573006,0.1153867849614826,0.9990723562152134,0.9665738161559888,0.6839308700000402,0.5039850440007285,42,2028,1.041161835139256,0.024627590852965564,0.8144956889527252,0.825151727094526,,,0.2523191094619666,0.2101113172541744,0.32838589981447125,0.20918367346938777
scratch_continue,67,87,0.013497497364169463,0.1126023106463775,1.0,0.9693593314763231,0.6935460750000857,0.5116703500007134,42,2028,1.0510774641142084,0.024008272005311547,0.8096222655645101,0.8199455639535443,,,0.2541743970315399,0.21103896103896103,0.336734693877551,0.19805194805194806
scratch_continue,68,88,0.013341860975887172,0.11175977386497488,1.0,0.9665738161559888,0.7014607959999921,0.5177495940006338,42,2028,1.0431444745123615,0.023773305721010787,0.8112588534057709,0.8222131280131749,,,0.2569573283858998,0.20732838589981448,0.3293135435992579,0.20640074211502782
scratch_continue,69,89,0.012879358981134657,0.11292913174282995,1.0,0.9665738161559888,0.7101182619999236,0.5242834900009257,42,2028,1.0489059251754391,0.02336841823288905,0.8081556009212021,0.8194044515981392,,,0.25463821892393323,0.2077922077922078,0.33487940630797774,0.20269016697588127
scratch_continue,70,90,0.012587765985101671,0.11218916590695087,1.0,0.9693593314763231,0.7188010370000484,0.5305947920005565,42,2028,1.0500863505635556,0.023088629490737228,0.8069852657806246,0.8185109203604028,,,0.2537105751391466,0.2082560296846011,0.336734693877551,0.2012987012987013
scratch_continue,71,91,0.012318015462021848,0.11331285760915481,1.0,0.9665738161559888,0.7286293520000982,0.5381164510008603,42,2028,1.041481245487814,0.022732827916899987,0.8086596677877058,0.8206499906981788,,,0.24860853432282004,0.20964749536178107,0.3302411873840445,0.21150278293135436
scratch_continue,72,92,0.012830723753151562,0.112472010365256,0.9990723562152134,0.9693593314763231,0.7375373150002815,0.544827623000856,42,2028,1.0485486650748028,0.02331621040389959,0.8054647335865567,0.8177340242650968,,,0.2453617810760668,0.2077922077922078,0.33766233766233766,0.20918367346938777
scratch_continue,73,93,0.012111797519493074,0.11162133594309576,1.0,0.9693593314763231,0.7460554019999108,0.5511290800009192,42,2028,1.049926004751887,0.022611057567011945,0.8035418118943317,0.8145285041095899,,,0.2532467532467532,0.21428571428571427,0.3358070500927644,0.19666048237476808
scratch_continue,74,94,0.014955777683736755,0.11215520034790616,0.9990723562152134,0.9693593314763231,0.7542984259998775,0.5571703060008986,42,2028,1.0310814120136897,0.025266591803873653,0.8100350417576501,0.826215279428008,,,0.2305194805194805,0.19434137291280149,0.32560296846011133,0.24953617810760667
scratch_continue,75,95,0.011461761692173432,0.11191000917898407,1.0,0.9721448467966574,0.7637028350000037,0.5646435130011014,42,2028,1.049684285352777,0.021958604545701203,0.8027237340295931,0.8153928511607145,,,0.24257884972170687,0.2082560296846011,0.3404452690166976,0.20871985157699444
scratch_continue,76,96,0.011557238552638068,0.11265371611040927,1.0,0.9693593314763231,0.7733448799999678,0.5714204840014645,42,2028,1.04024160818051,0.021959654634443167,0.8046523063643818,0.8178543251505903,,,0.24118738404452691,0.20918367346938777,0.3320964749536178,0.21753246753246752
scratch_continue,77,97,0.01125436990660028,0.10711315004157418,1.0,0.9721448467966574,0.7824319420001302,0.5783597500012547,42,2028,1.0442098874446033,0.021696468781046314,0.802836749828173,0.8166942266656285,,,0.24675324675324675,0.20269016697588127,0.3344155844155844,0.21614100185528756
scratch_continue,78,98,0.011807181870701405,0.10848258254927934,0.9990723562152134,0.9721448467966574,0.7921515339999132,0.5856837430014821,42,2028,1.0408476399154998,0.022215658269856404,0.8027085660975009,0.8169693351443771,,,0.23747680890538034,0.20500927643784786,0.3344155844155844,0.2230983302411874
scratch_continue,79,99,0.0111708318573546,0.1068858517576554,1.0,0.9721448467966574,0.8010437140001159,0.5927603840013944,42,2028,1.0392573892666668,0.021563405750021268,0.8037928522037575,0.8174477890756813,,,0.23608534322820038,0.20871985157699444,0.33487940630797774,0.22031539888682747
scratch_continue,80,100,0.011049323481527472,0.10748803307465801,1.0,0.9721448467966574,0.8104079919999094,0.5997821330010993,42,2028,1.0391445960523853,0.021440769442051325,0.8031805302277089,0.8197328714979555,0.004973600872785358,0.0031226239590039532,0.22680890538033396,0.19480519480519481,0.33812615955473097,0.24025974025974026
