phase,epoch,global_epoch,train_ce,val_ce,train_accuracy,val_accuracy,elapsed_seconds,training_seconds,seed,split_seed,balance_loss,objective,router_entropy_normalized,selected_gate_entropy_normalized,task_router_grad_l2,aux_router_grad_l2,expert_0_assignment_share,expert_1_assignment_share,expert_2_assignment_share,expert_3_assignment_share
linear_pretrain,0,0,2.3106494218556484,2.3100183360457285,0.07142857142857142,0.06128133704735376,0.0003244269996685034,0.0,46,2028,,,,,,,,,,
linear_pretrain,1,1,1.4779156538207379,1.455772003280077,0.8719851576994434,0.9080779944289693,0.001988467000046512,0.001308747000166477,46,2028,,,,,,,,,,
linear_pretrain,2,2,0.992772240710009,0.9629314879251837,0.9007421150278293,0.9192200557103064,0.003697113999805879,0.0027642439999908675,46,2028,,,,,,,,,,
linear_pretrain,3,3,0.7334946751855221,0.7025371838152646,0.9090909090909091,0.9275766016713092,0.005114973999752692,0.0039441160001842945,46,2028,,,,,,,,,,
linear_pretrain,4,4,0.5849025443504358,0.5542926649239492,0.922077922077922,0.9331476323119777,0.006720335999943927,0.005306132999976398,46,2028,,,,,,,,,,
linear_pretrain,5,5,0.49401855135584827,0.4680357952259698,0.9294990723562152,0.9415041782729805,0.00861347999989448,0.006839997000042786,46,2028,,,,,,,,,,
linear_pretrain,6,6,0.4312003531532865,0.40659618258239566,0.9304267161410018,0.9442896935933147,0.010612833999857685,0.00854527900037283,46,2028,,,,,,,,,,
linear_pretrain,7,7,0.38515530649874097,0.3648048774898767,0.9322820037105751,0.9415041782729805,0.012347330000011425,0.010034627000550245,46,2028,,,,,,,,,,
linear_pretrain,8,8,0.34931510256095505,0.331030930151358,0.937847866419295,0.9442896935933147,0.014830419999725564,0.012044246000641579,46,2028,,,,,,,,,,
linear_pretrain,9,9,0.321174321284479,0.30592815722816447,0.9387755102040817,0.9442896935933147,0.016718055999717762,0.013676238000698504,46,2028,,,,,,,,,,
linear_pretrain,10,10,0.2972511008099227,0.28431204302139634,0.9443413729128015,0.947075208913649,0.0188823879998381,0.015300258000479516,46,2028,,,,,,,,,,
linear_pretrain,11,11,0.2788588791653269,0.2692120881542421,0.9452690166975881,0.9526462395543176,0.021156133999738813,0.01731522500040228,46,2028,,,,,,,,,,
linear_pretrain,12,12,0.2622968948196616,0.254173572513974,0.9471243042671614,0.9610027855153204,0.024435294999875623,0.020233885000379814,46,2028,,,,,,,,,,
linear_pretrain,13,13,0.2467618144793034,0.24055136949572203,0.9517625231910947,0.958217270194986,0.026324442999793973,0.021813658000155556,46,2028,,,,,,,,,,
linear_pretrain,14,14,0.23393167786966704,0.22938260061807125,0.9545454545454546,0.9610027855153204,0.02798539900004471,0.023205509000490565,46,2028,,,,,,,,,,
linear_pretrain,15,15,0.22251746118989146,0.22109904515676232,0.961038961038961,0.9610027855153204,0.029906484999628447,0.024705914000605844,46,2028,,,,,,,,,,
linear_pretrain,16,16,0.2124376844132583,0.21286601031552752,0.9601113172541744,0.9610027855153204,0.032212268999955995,0.02661990000069636,46,2028,,,,,,,,,,
linear_pretrain,17,17,0.2041064628025826,0.20664196724058823,0.9601113172541744,0.9554317548746518,0.03370058499967854,0.027861906000907766,46,2028,,,,,,,,,,
linear_pretrain,18,18,0.19553107818365675,0.19851020846184517,0.961038961038961,0.9637883008356546,0.03569445999983145,0.02936999200073842,46,2028,,,,,,,,,,
linear_pretrain,19,19,0.1879918014351989,0.1929208208840265,0.963821892393321,0.9610027855153204,0.03753627699961726,0.030845108000903565,46,2028,,,,,,,,,,
linear_pretrain,20,20,0.18124252718711467,0.18813727310992356,0.9666048237476809,0.958217270194986,0.039542772000004334,0.032552013000895386,46,2028,,,,,,,,,,
scratch_pretrain,0,0,2.305135536523817,2.3043900137908038,0.1567717996289425,0.18384401114206128,0.0015714210003352491,0.0,46,2028,1.036210656317004,2.315497643086987,0.9952084374235284,0.9979457520983763,0.007647735441513996,0.007821401173558345,0.09230055658627087,0.39053803339517623,0.16697588126159554,0.35018552875695735
scratch_pretrain,1,1,1.3148924911603348,1.2992257776152458,0.761595547309833,0.807799442896936,0.013570308000453224,0.006677022000076249,46,2028,1.0577187580698186,1.325469678741033,0.989503656685923,0.9893197499759278,,,0.27087198515769945,0.044990723562152134,0.26159554730983303,0.4225417439703154
scratch_pretrain,2,2,0.8185337831134762,0.793292611891743,0.8460111317254174,0.8635097493036211,0.02244310800006133,0.013436027000352624,46,2028,1.1144098081733702,0.8296778811952099,0.970774226087358,0.9675792336465927,,,0.16465677179962895,0.05797773654916512,0.32235621521335805,0.4550092764378479
scratch_pretrain,3,3,0.6081548713352016,0.5898919456552943,0.8803339517625232,0.8746518105849582,0.03145974400013074,0.02000967300045886,46,2028,1.13730637781346,0.6195279351133363,0.9502064678065737,0.9391180387622541,,,0.20964749536178107,0.07838589981447125,0.2564935064935065,0.4554730983302412
scratch_pretrain,4,4,0.44355429791615403,0.43703996274446444,0.9230055658627088,0.9080779944289693,0.03939915200044197,0.025621364000471658,46,2028,1.13016970635349,0.4548559949796889,0.9374597442170183,0.9278742171163358,,,0.16233766233766234,0.10807050092764378,0.2982374768089054,0.4313543599257885
scratch_pretrain,5,5,0.37826321101384686,0.3767617081561427,0.9304267161410018,0.9136490250696379,0.04912001600041549,0.033277516000453033,46,2028,1.1553101004114978,0.38981631201796185,0.9215699745719644,0.910507091370797,,,0.18552875695732837,0.09554730983302412,0.27690166975881264,0.4420222634508349
scratch_pretrain,6,6,0.33123783730112655,0.32695188199988046,0.9359925788497218,0.924791086350975,0.05700619400022333,0.03933133100053965,46,2028,1.1487690637673302,0.34272552793879985,0.9178920387355969,0.9119939391406353,,,0.18877551020408162,0.0839517625231911,0.2963821892393321,0.43089053803339517
scratch_pretrain,7,7,0.2839373431086439,0.29567912879770625,0.9536178107606679,0.9331476323119777,0.06507503600005293,0.04531585300037477,46,2028,1.1691505096579946,0.29562884820522384,0.9038599073674037,0.8968829141889656,,,0.18042671614100186,0.09230055658627087,0.28664192949907236,0.44063079777365494
scratch_pretrain,8,8,0.25347086026232324,0.2724074404736962,0.9619666048237476,0.935933147632312,0.0742375110003195,0.05230726700028754,46,2028,1.1781117748394907,0.26525197801071815,0.8936740211601434,0.8877489405941861,,,0.16512059369202226,0.10435992578849722,0.2898886827458256,0.44063079777365494
scratch_pretrain,9,9,0.23409276013046085,0.24847336558124758,0.9619666048237476,0.9442896935933147,0.08276637400012987,0.05861979000064821,46,2028,1.1716602559591252,0.2458093626900521,0.8903111925906579,0.8870303497182436,,,0.19155844155844157,0.08905380333951762,0.2852504638218924,0.43413729128014844
scratch_pretrain,10,10,0.21219149788541228,0.23421619385215706,0.9647495361781077,0.947075208913649,0.092004714000268,0.06539492900083133,46,2028,1.1699723267302506,0.2238912211527148,0.8835551341301197,0.8801243045388224,,,0.1794990723562152,0.10528756957328386,0.2829313543599258,0.4322820037105751
scratch_pretrain,11,11,0.1974836316881203,0.22127030234194867,0.9703153988868275,0.9526462395543176,0.1013810710001053,0.07288499200103615,46,2028,1.1537519580395903,0.2090211512685162,0.88372602622459,0.8813716634570278,,,0.1924860853432282,0.10667903525046382,0.27690166975881264,0.42393320964749537
scratch_pretrain,12,12,0.18343781015905167,0.20893489322403017,0.9693877551020408,0.9498607242339833,0.11045711600036157,0.0797639170009461,46,2028,1.169593075503184,0.1951337409140835,0.8715053344095988,0.8693178899806921,,,0.17068645640074212,0.1284786641929499,0.2690166975881262,0.4318181818181818
scratch_pretrain,13,13,0.1644225524906107,0.1902830011566884,0.9749536178107606,0.9610027855153204,0.11940152300030604,0.08657679200132407,46,2028,1.1460833174256158,0.17588338566486686,0.8724879379265523,0.8726993592642053,,,0.19109461966604824,0.1261595547309833,0.26716141001855287,0.4155844155844156
scratch_pretrain,14,14,0.1512999950888403,0.18142198174561083,0.9768089053803339,0.9637883008356546,0.13040936100014733,0.09545170600131314,46,2028,1.1372387701154487,0.16267238278999477,0.8707887004331564,0.8735869099112662,,,0.17532467532467533,0.1349721706864564,0.27968460111317256,0.4100185528756957
scratch_pretrain,15,15,0.14352295514161395,0.17516869648019087,0.9795918367346939,0.9637883008356546,0.13880218000031164,0.10190250700134129,46,2028,1.1305402109323475,0.15482835725093744,0.865518525648248,0.8689425561487945,,,0.18228200371057515,0.15120593692022263,0.2602040816326531,0.40630797773654914
scratch_pretrain,16,16,0.13309424974342668,0.16629953644961787,0.9805194805194806,0.9637883008356546,0.14970591100018282,0.11034191600128906,46,2028,1.1369365692197266,0.14446361543562394,0.859918754804242,0.8660179110671251,,,0.1841372912801484,0.1377551020408163,0.2690166975881262,0.4090909090909091
scratch_pretrain,17,17,0.13407499866145467,0.16195663818758232,0.9805194805194806,0.9554317548746518,0.1585298380000495,0.1170134090011743,46,2028,1.1226361486703729,0.1453013601481584,0.8600316792683937,0.8671413864864861,,,0.17764378478664192,0.1507421150278293,0.2699443413729128,0.40166975881261596
scratch_pretrain,18,18,0.1221893715281913,0.1579933470051401,0.9823747680890538,0.9610027855153204,0.1665406630004327,0.12312266800108773,46,2028,1.137886037164453,0.13356823189983583,0.8493148477380198,0.8578581311414146,,,0.2017625231910946,0.1442486085343228,0.24397031539888683,0.4100185528756957
scratch_pretrain,19,19,0.11472255243988265,0.149277959176156,0.9833024118738405,0.9610027855153204,0.1747145230001479,0.1289196070010803,46,2028,1.1575764371973312,0.12629831681185597,0.8409121425056411,0.8540034778300409,,,0.18552875695732837,0.12337662337662338,0.274582560296846,0.4165120593692022
scratch_pretrain,20,20,0.1141820548595767,0.14591494662811474,0.9823747680890538,0.9637883008356546,0.1842047810000622,0.1358075150010336,46,2028,1.1184445790110402,0.1253665006496871,0.8477232181061071,0.8592461393358578,0.04059477268480743,0.005826842264079018,0.20222634508348794,0.14285714285714285,0.25834879406307976,0.3965677179962894
linear_continue,0,20,0.18124252718711467,0.18813727310992356,0.9666048237476809,0.958217270194986,0.0002799899998535693,0.0,46,2028,,,,,,,,,,
linear_continue,1,21,0.17428460240755178,0.18165442710077218,0.9666048237476809,0.9610027855153204,0.0020870049997938622,0.001541595999697165,46,2028,,,,,,,,,,
linear_continue,2,22,0.1673714587857464,0.17646777111928924,0.9712430426716141,0.9554317548746518,0.0038827629996376345,0.0030275379995146068,46,2028,,,,,,,,,,
linear_continue,3,23,0.16152530675875695,0.17166487898987615,0.9703153988868275,0.9610027855153204,0.005535124999823893,0.004410255999573565,46,2028,,,,,,,,,,
linear_continue,4,24,0.15641062477682935,0.16752543057142694,0.9693877551020408,0.958217270194986,0.007081057999585028,0.005715135999707854,46,2028,,,,,,,,,,
linear_continue,5,25,0.1510638431649555,0.16377498351672934,0.974025974025974,0.958217270194986,0.008776925999882224,0.007127587999548268,46,2028,,,,,,,,,,
linear_continue,6,26,0.14664176606480536,0.16005194444480678,0.9749536178107606,0.958217270194986,0.01050501199961218,0.008614812999439891,46,2028,,,,,,,,,,
linear_continue,7,27,0.14265058112348353,0.158475887738981,0.9749536178107606,0.9610027855153204,0.012225656999817147,0.0100824879996253,46,2028,,,,,,,,,,
linear_continue,8,28,0.13873488035757345,0.1552181634210771,0.9768089053803339,0.9610027855153204,0.014117408999936742,0.011724153999693954,46,2028,,,,,,,,,,
linear_continue,9,29,0.13494769623482913,0.15115561965441407,0.974025974025974,0.9665738161559888,0.015739024999675166,0.01308437799980311,46,2028,,,,,,,,,,
linear_continue,10,30,0.1314857229582073,0.15006549968185987,0.9768089053803339,0.9610027855153204,0.017592689999673894,0.014604261999920709,46,2028,,,,,,,,,,
linear_continue,11,31,0.1282547498244496,0.14746465437340242,0.9777365491651205,0.9610027855153204,0.01933128199971179,0.016012537999813503,46,2028,,,,,,,,,,
linear_continue,12,32,0.12540718689884942,0.14626013579103675,0.9777365491651205,0.9693593314763231,0.020775831999799266,0.01719503399954192,46,2028,,,,,,,,,,
linear_continue,13,33,0.12259566514207547,0.14301423743680308,0.9777365491651205,0.9665738161559888,0.022856317999867315,0.018813414999385714,46,2028,,,,,,,,,,
linear_continue,14,34,0.12017055743121217,0.14283941992277588,0.9777365491651205,0.9610027855153204,0.02483215599977484,0.020510674999513867,46,2028,,,,,,,,,,
linear_continue,15,35,0.1174194035744969,0.1406449401942792,0.9786641929499073,0.9610027855153204,0.026770998999836593,0.022161294999477832,46,2028,,,,,,,,,,
linear_continue,16,36,0.11503105165059643,0.137586700739503,0.9786641929499073,0.9637883008356546,0.028724914999656903,0.02371150399903854,46,2028,,,,,,,,,,
linear_continue,17,37,0.11285046389792532,0.13808090442846255,0.9786641929499073,0.9665738161559888,0.030461943999853247,0.02520668999886766,46,2028,,,,,,,,,,
linear_continue,18,38,0.11068081563643768,0.13596319860664513,0.9795918367346939,0.9637883008356546,0.03218649499967796,0.026578520999009925,46,2028,,,,,,,,,,
linear_continue,19,39,0.10853779144240872,0.13452081365987195,0.9795918367346939,0.9665738161559888,0.03403289899961237,0.028183922998778144,46,2028,,,,,,,,,,
linear_continue,20,40,0.10660472168231813,0.13333538405767167,0.9805194805194806,0.9637883008356546,0.03589769099971818,0.029767591998734133,46,2028,,,,,,,,,,
linear_continue,21,41,0.10473483188816597,0.13220241813075478,0.9805194805194806,0.9637883008356546,0.03781376899996758,0.03134991999877457,46,2028,,,,,,,,,,
linear_continue,22,42,0.10304350815130654,0.13202582788928263,0.9805194805194806,0.9665738161559888,0.0397234679999201,0.032889231998979085,46,2028,,,,,,,,,,
linear_continue,23,43,0.10116796717968592,0.12985575047252243,0.9814471243042672,0.9637883008356546,0.04136052799958634,0.03420621999885043,46,2028,,,,,,,,,,
linear_continue,24,44,0.09944134605768161,0.12883355884015077,0.9814471243042672,0.9637883008356546,0.042981492999842885,0.03558196699850669,46,2028,,,,,,,,,,
linear_continue,25,45,0.0981472884925795,0.12813835342960078,0.9833024118738405,0.9665738161559888,0.04459445599968603,0.03687772399825917,46,2028,,,,,,,,,,
linear_continue,26,46,0.09642875076929293,0.1275519124509327,0.9833024118738405,0.9637883008356546,0.04627880699990783,0.0383263699982308,46,2028,,,,,,,,,,
linear_continue,27,47,0.09490393831496194,0.12607645414255547,0.9842300556586271,0.9665738161559888,0.047722435999730806,0.039515746997949464,46,2028,,,,,,,,,,
linear_continue,28,48,0.09353643188105047,0.12534833782257956,0.9851576994434137,0.9637883008356546,0.05022262199963734,0.0416620209980465,46,2028,,,,,,,,,,
linear_continue,29,49,0.09204744104373198,0.12437886214701971,0.9833024118738405,0.9637883008356546,0.051864327999737725,0.0430170769977849,46,2028,,,,,,,,,,
linear_continue,30,50,0.09072758195470138,0.1235279835751522,0.9842300556586271,0.9665738161559888,0.05421670199984874,0.04472171699808314,46,2028,,,,,,,,,,
linear_continue,31,51,0.08935006575434891,0.12368201913254101,0.9851576994434137,0.9637883008356546,0.055992809999679594,0.046253427998180996,46,2028,,,,,,,,,,
linear_continue,32,52,0.08830101467411589,0.12234080828890946,0.9860853432282004,0.9637883008356546,0.05764338999961183,0.047466049998092785,46,2028,,,,,,,,,,
linear_continue,33,53,0.08718087080992876,0.1213596596157393,0.9851576994434137,0.9637883008356546,0.059832158999597596,0.049178192998169834,46,2028,,,,,,,,,,
linear_continue,34,54,0.08583210770635306,0.12068070159448459,0.9851576994434137,0.9637883008356546,0.06143516699967222,0.0505376859982789,46,2028,,,,,,,,,,
linear_continue,35,55,0.08456899589780158,0.11993091267488079,0.9860853432282004,0.9665738161559888,0.06421810799974992,0.052852703998269135,46,2028,,,,,,,,,,
linear_continue,36,56,0.08343390275622653,0.11937771807288844,0.9860853432282004,0.9665738161559888,0.06579420599973673,0.05405937699833885,46,2028,,,,,,,,,,
linear_continue,37,57,0.0824250746998294,0.1190624208092815,0.987012987012987,0.9637883008356546,0.067385596999884,0.0554078229984043,46,2028,,,,,,,,,,
linear_continue,38,58,0.0813389683599058,0.11850248913130039,0.987012987012987,0.9665738161559888,0.06894603099999586,0.056727234998106724,46,2028,,,,,,,,,,
linear_continue,39,59,0.08022424137135528,0.1171939007256121,0.9860853432282004,0.9665738161559888,0.07087860399997226,0.05832277199806413,46,2028,,,,,,,,,,
linear_continue,40,60,0.07929528675123287,0.11759952793177185,0.9860853432282004,0.9637883008356546,0.0723090029996456,0.059514521997698466,46,2028,,,,,,,,,,
linear_continue,41,61,0.07823719949253861,0.11623756917087212,0.987012987012987,0.9665738161559888,0.07399232199986727,0.06090914799779057,46,2028,,,,,,,,,,
linear_continue,42,62,0.07735181493029487,0.11586450954178658,0.987012987012987,0.9665738161559888,0.07579897699997673,0.06244417399784652,46,2028,,,,,,,,,,
linear_continue,43,63,0.0764295240842252,0.11543709052381879,0.987012987012987,0.9665738161559888,0.07717671599993992,0.06359305999785647,46,2028,,,,,,,,,,
linear_continue,44,64,0.07555720148927363,0.11525283244318217,0.9888682745825603,0.9637883008356546,0.07879827199985812,0.06485506599801738,46,2028,,,,,,,,,,
linear_continue,45,65,0.0747318434841943,0.11378786116613822,0.9879406307977736,0.9665738161559888,0.08045802599963281,0.0662820589977855,46,2028,,,,,,,,,,
linear_continue,46,66,0.07385102289441231,0.11410060465166223,0.9888682745825603,0.9637883008356546,0.08220306799967148,0.06773042499798976,46,2028,,,,,,,,,,
linear_continue,47,67,0.0728652562326332,0.11340556702535408,0.9897959183673469,0.9637883008356546,0.08398238099971422,0.06926598199788714,46,2028,,,,,,,,,,
linear_continue,48,68,0.07201327005131565,0.11289715538237424,0.9897959183673469,0.9637883008356546,0.0858090749998155,0.07074293099776696,46,2028,,,,,,,,,,
linear_continue,49,69,0.07131236106795862,0.11310099074528028,0.9879406307977736,0.9637883008356546,0.0875823789997412,0.07227873799774898,46,2028,,,,,,,,,,
linear_continue,50,70,0.07059225186702818,0.11151603565935019,0.9897959183673469,0.9665738161559888,0.08959736699989662,0.07387122999762141,46,2028,,,,,,,,,,
linear_continue,51,71,0.06967555984638005,0.11135080742029686,0.9897959183673469,0.9637883008356546,0.09135598900002151,0.07529923499760116,46,2028,,,,,,,,,,
linear_continue,52,72,0.06890073284534466,0.11141360644301254,0.9897959183673469,0.9665738161559888,0.09285188599960748,0.07652470599759909,46,2028,,,,,,,,,,
linear_continue,53,73,0.06817148015829541,0.11077968085421928,0.9907235621521335,0.9665738161559888,0.09493680799960202,0.07813977199748479,46,2028,,,,,,,,,,
linear_continue,54,74,0.06743176418021635,0.11047338274515098,0.9907235621521335,0.9665738161559888,0.09643790299969623,0.07940520299780474,46,2028,,,,,,,,,,
linear_continue,55,75,0.0666918718686727,0.10958246262207275,0.9907235621521335,0.9665738161559888,0.09840363599960256,0.08111370999768042,46,2028,,,,,,,,,,
linear_continue,56,76,0.06607724701812265,0.10998433290770912,0.9907235621521335,0.9637883008356546,0.10038924999980736,0.0828477959976226,46,2028,,,,,,,,,,
linear_continue,57,77,0.06539563231748866,0.1089210712989516,0.9916512059369202,0.9665738161559888,0.10235353099960776,0.08448868099731044,46,2028,,,,,,,,,,
linear_continue,58,78,0.06473895740663743,0.10934629856207922,0.9907235621521335,0.9637883008356546,0.10424477199967441,0.08612948599738957,46,2028,,,,,,,,,,
linear_continue,59,79,0.06412624124857431,0.10766503403013361,0.9897959183673469,0.9665738161559888,0.10571330799984935,0.08730862799757233,46,2028,,,,,,,,,,
linear_continue,60,80,0.06341039109009913,0.10823101182860823,0.9907235621521335,0.9637883008356546,0.1072317389998716,0.0885951109976304,46,2028,,,,,,,,,,
linear_continue,61,81,0.06281056436228696,0.10814413716132816,0.9907235621521335,0.9665738161559888,0.10918748799986133,0.0902457509978376,46,2028,,,,,,,,,,
linear_continue,62,82,0.06227382006159123,0.10706015944208142,0.9907235621521335,0.9665738161559888,0.11075900899959379,0.0915363289977904,46,2028,,,,,,,,,,
linear_continue,63,83,0.06168508371724282,0.1073100888905932,0.9925788497217068,0.9637883008356546,0.11234897699978319,0.09288728799765522,46,2028,,,,,,,,,,
linear_continue,64,84,0.06135507448773329,0.10722907488152499,0.9907235621521335,0.9665738161559888,0.11420768999960274,0.09432889399795386,46,2028,,,,,,,,,,
linear_continue,65,85,0.060434369520070585,0.10661939859199385,0.9907235621521335,0.9637883008356546,0.11579440399964369,0.09563032899814061,46,2028,,,,,,,,,,
linear_continue,66,86,0.059714447973450796,0.10597660079506367,0.9916512059369202,0.9665738161559888,0.11739754199970776,0.0969875079981648,46,2028,,,,,,,,,,
linear_continue,67,87,0.059168546603672725,0.10602487388079647,0.9916512059369202,0.9637883008356546,0.1192367749999903,0.09849326999801633,46,2028,,,,,,,,,,
linear_continue,68,88,0.05866195651592837,0.10491545908557065,0.9907235621521335,0.9665738161559888,0.12078713399978369,0.0997705589979887,46,2028,,,,,,,,,,
linear_continue,69,89,0.058008741751929487,0.10528501939214192,0.9925788497217068,0.9637883008356546,0.12265162599987889,0.1012933569982124,46,2028,,,,,,,,,,
linear_continue,70,90,0.0576766764320955,0.10445410462853652,0.9925788497217068,0.9665738161559888,0.12446438899996792,0.10286104299848375,46,2028,,,,,,,,,,
linear_continue,71,91,0.05698418232841764,0.10475623762982807,0.9907235621521335,0.9637883008356546,0.12617848399986542,0.10427316499863082,46,2028,,,,,,,,,,
linear_continue,72,92,0.056369850192653864,0.10426420919675952,0.9916512059369202,0.9665738161559888,0.12797040599980392,0.10561462099894925,46,2028,,,,,,,,,,
linear_continue,73,93,0.05589648308999787,0.10361749677881152,0.9925788497217068,0.9665738161559888,0.1302271469999141,0.10751771999912307,46,2028,,,,,,,,,,
linear_continue,74,94,0.05548775068915362,0.10333824498136598,0.9944341372912802,0.9665738161559888,0.1318577759998334,0.1087104719990748,46,2028,,,,,,,,,,
linear_continue,75,95,0.054867783808852565,0.10345704171522331,0.9925788497217068,0.9637883008356546,0.13337710899986632,0.10998584799881428,46,2028,,,,,,,,,,
linear_continue,76,96,0.054599099169035506,0.1019977259582665,0.9897959183673469,0.9665738161559888,0.13497538999990866,0.1112575089987331,46,2028,,,,,,,,,,
linear_continue,77,97,0.0539801554845492,0.10323996902651622,0.9935064935064936,0.9665738161559888,0.13706766399991466,0.11286055699883946,46,2028,,,,,,,,,,
linear_continue,78,98,0.0534814184002415,0.10296024724820901,0.9944341372912802,0.9637883008356546,0.13878242999999202,0.1142960439988201,46,2028,,,,,,,,,,
linear_continue,79,99,0.05304389804409426,0.10165670213504867,0.9925788497217068,0.9665738161559888,0.14042225399998642,0.11569422399861651,46,2028,,,,,,,,,,
linear_continue,80,100,0.05256551017196952,0.10187304066148928,0.9944341372912802,0.9637883008356546,0.14248698499977763,0.11751289699850531,46,2028,,,,,,,,,,
moe_continue,0,20,0.18124252718711467,0.18813727310992356,0.9666048237476809,0.958217270194986,0.0015199639997263148,0.0,46,2028,1.036210656317004,0.19160463375028472,0.9952084374235284,0.9979457520983763,2.4938919617388497e-18,0.007821401173558345,0.09230055658627087,0.39053803339517623,0.16697588126159554,0.35018552875695735
moe_continue,1,21,0.16770854876494048,0.17460706905538637,0.9656771799628943,0.9610027855153204,0.01341810899975826,0.006502179000108299,46,2028,1.0122471147128227,0.1778310199120687,0.9966787372511389,0.9981377347769791,,,0.1660482374768089,0.31910946196660483,0.1702226345083488,0.34461966604823746
moe_continue,2,22,0.16079754819200753,0.17402244882949616,0.9703153988868275,0.9610027855153204,0.022663348999685695,0.013482385000315844,46,2028,1.0281718186961457,0.171079266378969,0.9946134341821384,0.9951580782140034,,,0.3580705009276438,0.20037105751391465,0.3399814471243043,0.10157699443413729
moe_continue,3,23,0.1452551854484326,0.15936533250891985,0.9758812615955473,0.9610027855153204,0.03212177899968083,0.020787790000213135,46,2028,1.0084932169772527,0.15534011761820513,0.9945312288749553,0.9952228019499729,,,0.18089053803339517,0.21150278293135436,0.3390538033395176,0.26855287569573283
moe_continue,4,24,0.13944279079386335,0.15347012072024294,0.9758812615955473,0.958217270194986,0.04181166599983044,0.028096089999962715,46,2028,1.0062921047791806,0.14950571184165515,0.9927357978537177,0.9922367266666107,,,0.27968460111317256,0.1767161410018553,0.275974025974026,0.26762523191094617
moe_continue,5,25,0.13221845227178666,0.15234705427345813,0.9758812615955473,0.9554317548746518,0.052750320000086504,0.03705147399978159,46,2028,1.0011323822057616,0.14222977609384427,0.9913545515136585,0.9927003531744766,,,0.20593692022263452,0.24582560296846012,0.24860853432282004,0.29962894248608535
moe_continue,6,26,0.12043232954348003,0.14664529208570362,0.9823747680890538,0.958217270194986,0.06286468500002229,0.044760505999420275,46,2028,1.0005428749967262,0.13043775829344728,0.9888182083757461,0.9898057833222742,,,0.23840445269016697,0.27782931354359924,0.2569573283858998,0.22680890538033396
moe_continue,7,27,0.12127112394738172,0.13552695590823144,0.9795918367346939,0.9637883008356546,0.07161504199984847,0.051541963999625295,46,2028,1.0100039903550186,0.13137116385093192,0.9856489734414258,0.9863424038488668,,,0.28617810760667906,0.18181818181818182,0.21567717996289426,0.3163265306122449
moe_continue,8,28,0.11029003128278504,0.1393762588974195,0.9860853432282004,0.9637883008356546,0.08072834299991882,0.05828913999994256,46,2028,1.0085127454202039,0.12037515873698708,0.9827870351500982,0.9856680954305211,,,0.18552875695732837,0.26205936920222633,0.3112244897959184,0.24118738404452691
moe_continue,9,29,0.1082791761372253,0.13459785748853167,0.9851576994434137,0.9665738161559888,0.08881168700008857,0.06416036100017664,46,2028,1.0111857044533852,0.11839103318175916,0.9785492447645892,0.9781631280241507,,,0.3038033395176252,0.18831168831168832,0.2435064935064935,0.26437847866419295
moe_continue,10,30,0.09670017458481545,0.13063413720996703,0.9888682745825603,0.9637883008356546,0.0981458000001112,0.07125875600013387,46,2028,1.0005387602445073,0.10670556218726052,0.9779510409374627,0.9798514602288105,,,0.23283858998144713,0.2453617810760668,0.26669758812615957,0.25510204081632654
moe_continue,11,31,0.09359133901053736,0.1277188707901958,0.987012987012987,0.9665738161559888,0.1078003349998653,0.07896988099992086,46,2028,1.010191714058812,0.10369325615112548,0.9741829328411453,0.9766405672933665,,,0.2481447124304267,0.2917439703153989,0.28432282003710574,0.17578849721706866
moe_continue,12,32,0.0881429642960191,0.12610359834616358,0.9888682745825603,0.9665738161559888,0.1159233180001138,0.08504420700000992,46,2028,1.000469647784921,0.09814766077386831,0.9738441831597713,0.9773873090299995,,,0.212430426716141,0.24675324675324675,0.26716141001855287,0.27365491651205937
moe_continue,13,33,0.08203731592623274,0.12277559614908734,0.987012987012987,0.9693593314763231,0.12442501099985748,0.0914747079996232,46,2028,1.0020929790287858,0.0920582457165206,0.9701802276672389,0.9734920960856722,,,0.24953617810760667,0.2564935064935065,0.2662337662337662,0.2277365491651206
moe_continue,14,34,0.0802489812925068,0.12057427449140526,0.9879406307977736,0.9693593314763231,0.13363147199970626,0.09865293199936787,46,2028,1.0000550337176475,0.09024953162968327,0.9679751722567245,0.9732621461102052,,,0.22680890538033396,0.23933209647495363,0.2569573283858998,0.27690166975881264
moe_continue,15,35,0.07679814464228872,0.11462771120705204,0.9879406307977736,0.9749303621169917,0.14261534899969774,0.105507308999222,46,2028,1.0059621433121622,0.08685776607541035,0.9638600728748926,0.96963563130172,,,0.22448979591836735,0.2606679035250464,0.29916512059369205,0.21567717996289426
moe_continue,16,36,0.07680811416353615,0.11422149857078356,0.987012987012987,0.9665738161559888,0.15127704199994696,0.11219765999931042,46,2028,1.0041903109587842,0.086850017273124,0.9621301764959418,0.9717421469485317,,,0.20454545454545456,0.31539888682745826,0.2592764378478664,0.22077922077922077
moe_continue,17,37,0.07439590360924961,0.11615134010614749,0.9851576994434137,0.9721448467966574,0.16175360699980956,0.12015018299916846,46,2028,1.007147255530995,0.08446737616455956,0.9568903704244959,0.9650269867549612,,,0.23794063079777367,0.2982374768089054,0.26762523191094617,0.19619666048237477
moe_continue,18,38,0.06724504013257267,0.10797022166353182,0.9907235621521335,0.9693593314763231,0.17219940999984829,0.12799279499904515,46,2028,0.9993437692491476,0.07723847782506414,0.9553259177772389,0.9638230670646242,,,0.2212430426716141,0.25463821892393323,0.2625231910946197,0.26159554730983303
moe_continue,19,39,0.06467557208100497,0.10949514071409226,0.9907235621521335,0.9721448467966574,0.18276693600000726,0.1353913609987103,46,2028,1.0003476528122754,0.07467904860912772,0.9529442062667611,0.963426150404684,,,0.21057513914656772,0.29267161410018555,0.25834879406307976,0.23840445269016697
moe_continue,20,40,0.06472051006537356,0.10611459124057344,0.9907235621521335,0.9749303621169917,0.19455909299995255,0.14436085599891157,46,2028,1.0010638551788702,0.07473114861716226,0.9489416576891275,0.9571087446053604,0.023695148573533442,0.0007639337053829586,0.2435064935064935,0.2323747680890538,0.25834879406307976,0.2657699443413729
moe_continue,21,41,0.06412828787213809,0.10245271240622558,0.9888682745825603,0.9777158774373259,0.20992857300007017,0.15212252699893725,46,2028,1.0115042062161832,0.07424332993429993,0.9447249369127293,0.9552190974281952,,,0.22866419294990722,0.2792207792207792,0.29591836734693877,0.19619666048237477
moe_continue,22,42,0.06052680252537188,0.10437020261520051,0.9907235621521335,0.9749303621169917,0.2212027410000701,0.16059396399850812,46,2028,0.9986268489960097,0.07051307101533198,0.9450508643507927,0.9570574318635193,,,0.24397031539888683,0.28014842300556586,0.2258812615955473,0.25
moe_continue,23,43,0.05790516976961171,0.1028863555928443,0.9925788497217068,0.9777158774373259,0.23270234699975845,0.16958971799840583,46,2028,1.0035789509705988,0.06794095927931769,0.9401825481952666,0.9523188492762518,,,0.23933209647495363,0.2857142857142857,0.26113172541743973,0.21382189239332097
moe_continue,24,44,0.057776375811049566,0.09086836032049908,0.9944341372912802,0.9805013927576601,0.2429172029997062,0.17694692099848908,46,2028,1.005346781228306,0.06782984362333262,0.9370102651905601,0.9483083326713039,,,0.22263450834879406,0.22217068645640073,0.2829313543599258,0.2722634508348794
moe_continue,25,45,0.05402716098135218,0.09993315960811519,0.9916512059369202,0.9749303621169917,0.2562694529997316,0.1866930829987723,46,2028,1.005753674340636,0.06408469772475854,0.9330985606268212,0.9458460176680863,,,0.23376623376623376,0.26669758812615957,0.2820037105751391,0.21753246753246752
moe_continue,26,46,0.051184153715498074,0.09597901024132274,0.9935064935064936,0.9805013927576601,0.26570745199978774,0.1932787169985204,46,2028,1.0004209508226374,0.06118836322372445,0.9325897951207403,0.9469512494224424,,,0.22541743970315398,0.275974025974026,0.26391465677179965,0.23469387755102042
moe_continue,27,47,0.050218855617331526,0.09502193407999475,0.9935064935064936,0.9805013927576601,0.27685904600002686,0.20167985799844246,46,2028,1.00231505678088,0.06024200618514033,0.9289412704103666,0.9435199192548005,,,0.23654916512059368,0.27690166975881264,0.26437847866419295,0.22217068645640073
moe_continue,28,48,0.04982159086084016,0.09274788890794332,0.9925788497217068,0.9777158774373259,0.2875606939996942,0.20933346599849756,46,2028,0.9999423847629345,0.05982101470846951,0.9278299147912651,0.9441227891424232,,,0.25742115027829315,0.2699443413729128,0.22031539888682747,0.2523191094619666
moe_continue,29,49,0.04568066611910653,0.09045485954105412,0.9944341372912802,0.9777158774373259,0.2989574759999414,0.2179449639984341,46,2028,1.001511367613152,0.05569577979523805,0.9235278666359443,0.938110621602659,,,0.23933209647495363,0.25788497217068646,0.26669758812615957,0.23608534322820038
moe_continue,30,50,0.04372654629598595,0.0893666754866286,0.9944341372912802,0.9832869080779945,0.3103939869997703,0.22720780999861745,46,2028,1.0001016077300795,0.05372756237328674,0.9215722213771956,0.9371409567145723,,,0.2527829313543599,0.2592764378478664,0.24582560296846012,0.24211502782931354
moe_continue,31,51,0.04333328536007904,0.09083566265963355,0.9944341372912802,0.9805013927576601,0.32243600899982994,0.23644828199849144,46,2028,1.0009922603542463,0.053343207963621506,0.9187029504041434,0.9361652591884317,,,0.2564935064935065,0.27690166975881264,0.23515769944341372,0.23144712430426717
moe_continue,32,52,0.04427392697684633,0.08561491717939183,0.9935064935064936,0.9749303621169917,0.33391914000003453,0.24564253499829647,46,2028,1.0038542230239158,0.05431246920708549,0.9151084107539882,0.9330234257583795,,,0.20269016697588127,0.2537105751391466,0.2857142857142857,0.25788497217068646
moe_continue,33,53,0.041536702271521495,0.08889707810314146,0.9953617810760668,0.9805013927576601,0.3443692299997565,0.25381304999837084,46,2028,0.9979570030054571,0.051516272301576065,0.9132513456123819,0.9320540278504187,,,0.24072356215213359,0.27087198515769945,0.2388682745825603,0.24953617810760667
moe_continue,34,54,0.04318081084586566,0.0760867581591562,0.9944341372912802,0.9805013927576601,0.3557326719997036,0.2628505669986225,46,2028,0.9997943272898703,0.05317875411876437,0.9103445267727305,0.9284297167808063,,,0.23562152133580705,0.24304267161410018,0.2606679035250464,0.2606679035250464
moe_continue,35,55,0.03874090668090183,0.07744989732148502,0.9972170686456401,0.9805013927576601,0.36549955500004216,0.2703457679986059,46,2028,1.0023188998506822,0.04876409567940865,0.9063479466463824,0.9245717119798498,,,0.24211502782931354,0.2569573283858998,0.26716141001855287,0.23376623376623376
moe_continue,36,56,0.04217749071983758,0.07800180915764021,0.9953617810760668,0.9777158774373259,0.3757577669998682,0.27748760699842023,46,2028,1.0013610843524252,0.05219110156336183,0.9046237302548283,0.9244700012608044,,,0.2532467532467532,0.237012987012987,0.22680890538033396,0.2829313543599258
moe_continue,37,57,0.03826463429113428,0.08270536272633604,0.9962894248608535,0.9749303621169917,0.38908291600000666,0.28686002799804555,46,2028,1.0048926337179895,0.04831356062831418,0.8993489173515684,0.9187389410128518,,,0.23840445269016697,0.2527829313543599,0.2782931354359926,0.2305194805194805
moe_continue,38,58,0.03620625800239241,0.07695071372835313,0.9962894248608535,0.9777158774373259,0.3991634199996952,0.2940417279983194,46,2028,0.999929971330585,0.04620555771569826,0.899176111467748,0.9204346054276309,,,0.2537105751391466,0.262987012987013,0.24072356215213359,0.24257884972170687
moe_continue,39,59,0.03500775673873563,0.0749181231960728,0.9972170686456401,0.9805013927576601,0.40812268999980006,0.3000730089984245,46,2028,0.9995402684981963,0.04500315942371759,0.8971699955257094,0.9183448102122176,,,0.24628942486085342,0.2523191094619666,0.25185528756957326,0.24953617810760667
moe_continue,40,60,0.03533208331680975,0.08086718155434544,0.9972170686456401,0.9777158774373259,0.4198017260000597,0.30877682499840375,46,2028,1.0066720258005126,0.04539880357481488,0.8922354577408611,0.9127177564462673,0.015894588068069947,0.0010215512199722619,0.25185528756957326,0.2532467532467532,0.2727272727272727,0.22217068645640073
moe_continue,41,61,0.03336595095094162,0.074999176466175,0.9972170686456401,0.9805013927576601,0.4324002240000482,0.314835116998438,46,2028,0.9973799819646494,0.04333975077058812,0.8931873963376898,0.9164146913503206,,,0.23840445269016697,0.26716141001855287,0.24118738404452691,0.2532467532467532
moe_continue,42,62,0.03178463130710339,0.07913184291729448,0.9981447124304267,0.9777158774373259,0.4426154249999854,0.322196245998839,46,2028,1.005627176651546,0.04184090307361885,0.8875304702533319,0.9092836836264746,,,0.2435064935064935,0.2532467532467532,0.27690166975881264,0.22634508348794063
moe_continue,43,63,0.030411555898096236,0.07372040185207873,0.9981447124304267,0.9805013927576601,0.45188118599980953,0.329393858999083,46,2028,0.9996077588252177,0.04040763348634841,0.8883746867852603,0.9122851278666473,,,0.23562152133580705,0.2653061224489796,0.2588126159554731,0.24025974025974026
moe_continue,44,64,0.0302882132506125,0.07334853921930673,0.9972170686456401,0.9777158774373259,0.46108513299986953,0.336605893999149,46,2028,1.0013045220643517,0.04030125847125602,0.8861821119478557,0.9098059203106728,,,0.25092764378478666,0.2634508348794063,0.2523191094619666,0.23330241187384043
moe_continue,45,65,0.02993737166425533,0.07132658014789428,0.9972170686456401,0.9805013927576601,0.47056608699995195,0.34364686199933203,46,2028,1.0024979309139417,0.03996235097339475,0.8844850112083253,0.9086470126844797,,,0.23608534322820038,0.2606679035250464,0.27087198515769945,0.2323747680890538
moe_continue,46,66,0.030376217208662865,0.07147353749535597,0.9972170686456401,0.9832869080779945,0.47979938799971933,0.35089675399967746,46,2028,0.998988773043826,0.04036610493910113,0.8827990900248559,0.9071283629736988,,,0.2435064935064935,0.2453617810760668,0.2481447124304267,0.262987012987013
moe_continue,47,67,0.028157824136472713,0.07239998716656929,0.9981447124304267,0.9832869080779945,0.48841698499973063,0.35724024399951304,46,2028,1.0002226831680063,0.038160050968152774,0.8800690056478628,0.9046559506721531,,,0.2435064935064935,0.2560296846011132,0.25834879406307976,0.24211502782931354
moe_continue,48,68,0.027460179355578998,0.07084573153886625,0.9981447124304267,0.9832869080779945,0.49798218599971733,0.3644167859997651,46,2028,0.9989983391564957,0.03745016274714395,0.8779806821270827,0.9039921871904306,,,0.23608534322820038,0.2680890538033395,0.2560296846011132,0.23979591836734693
moe_continue,49,69,0.02696203155974491,0.06905548855272554,0.9981447124304267,0.9805013927576601,0.5079580130000068,0.3722188969995841,46,2028,1.000819324826787,0.03697022480801278,0.8743389629704237,0.8994488826835212,,,0.24304267161410018,0.25092764378478666,0.26159554730983303,0.24443413729128013
moe_continue,50,70,0.025475105514334243,0.07010627362798233,0.9981447124304267,0.9832869080779945,0.5185473209999145,0.3802446839995355,46,2028,0.9985992511904074,0.035461098026238314,0.8736218537635173,0.9003334668392281,,,0.23515769944341372,0.2560296846011132,0.2564935064935065,0.2523191094619666
moe_continue,51,71,0.02684381569511383,0.06958179091796783,0.9990723562152134,0.9832869080779945,0.5282603939999717,0.3878198749994226,46,2028,0.9993137695768103,0.03683695339088194,0.871812621986309,0.899093979071786,,,0.25139146567717996,0.26669758812615957,0.24072356215213359,0.24118738404452691
moe_continue,52,72,0.029810593255041883,0.07554355105037139,0.9953617810760668,0.9805013927576601,0.5373552080000081,0.3942870109995056,46,2028,1.0092906512647843,0.039903499767689726,0.8662546113043154,0.893249414721566,,,0.21196660482374768,0.23840445269016697,0.2963821892393321,0.2532467532467532
moe_continue,53,73,0.025296310027159836,0.07021277160725554,0.9990723562152134,0.9832869080779945,0.5547406269997737,0.409364953999102,46,2028,0.9990289361485064,0.035286599388644896,0.8658172618321531,0.894038323928519,,,0.2523191094619666,0.2634508348794063,0.237012987012987,0.24721706864564008
moe_continue,54,74,0.02387806882217469,0.07490805276852462,0.9990723562152134,0.9805013927576601,0.5715357539997967,0.41768068699911964,46,2028,1.0000760220700788,0.03387882904287548,0.86342806429411,0.8911035106991102,,,0.23794063079777367,0.24443413729128013,0.2606679035250464,0.2569573283858998
moe_continue,55,75,0.02258248680943365,0.07419207891365524,0.9990723562152134,0.9805013927576601,0.5818821079997178,0.4250992019988189,46,2028,0.9999592915721073,0.03258207972515473,0.8623347721827275,0.890858030038081,,,0.23376623376623376,0.2481447124304267,0.2634508348794063,0.25463821892393323
moe_continue,56,76,0.022099110829857854,0.07362264135090373,0.9990723562152134,0.9805013927576601,0.5926305660000253,0.433443257998988,46,2028,0.9990052528971665,0.03208916335882952,0.8608825457153503,0.8901997264419519,,,0.23330241187384043,0.2560296846011132,0.2592764378478664,0.25139146567717996
moe_continue,57,77,0.021873004691334297,0.06882216379624238,0.9990723562152134,0.9832869080779945,0.6035412379997069,0.44110234499885337,46,2028,0.9991557072948791,0.03186456176428309,0.8591580789727646,0.888771002115875,,,0.23840445269016697,0.2625231910946197,0.2560296846011132,0.24304267161410018
moe_continue,58,78,0.021858292611777866,0.07181979176600366,1.0,0.9805013927576601,0.6125021600000764,0.4477631919990017,46,2028,1.0004641150885323,0.03186293376266319,0.8574480214641889,0.886851337078165,,,0.23979591836734693,0.2537105751391466,0.26159554730983303,0.24489795918367346
moe_continue,59,79,0.023512559170809202,0.06141625689513609,0.9981447124304267,0.9860724233983287,0.6229220649997842,0.45565924399897995,46,2028,1.0051035043657717,0.03356359421446692,0.8524885448957933,0.8815849040454117,,,0.23933209647495363,0.22727272727272727,0.2717996289424861,0.26159554730983303
moe_continue,60,80,0.02418474135230029,0.06317639790381928,0.9981447124304267,0.9860724233983287,0.6322620860000825,0.4627866619989618,46,2028,1.0044866186916253,0.03422960753921654,0.8489124617469685,0.8783450132942366,0.008571524320340017,0.0007883871843626626,0.24582560296846012,0.22820037105751392,0.26716141001855287,0.2588126159554731
moe_continue,61,81,0.020653253209297073,0.0728514012171559,0.9990723562152134,0.9805013927576601,0.6465922899997167,0.4698206789989854,46,2028,0.9991780859584364,0.030645034068881437,0.8498169140093497,0.8822166183829728,,,0.22820037105751392,0.26484230055658625,0.2602040816326531,0.24675324675324675
moe_continue,62,82,0.020944796850166023,0.06876466856416354,0.9990723562152134,0.9832869080779945,0.6554899580000892,0.4768128739988242,46,2028,0.999785410232387,0.030942650952489895,0.8483985233524284,0.8806461475824475,,,0.23469387755102042,0.24165120593692022,0.2560296846011132,0.26762523191094617
moe_continue,63,83,0.020010172188442515,0.06159456493009604,0.9981447124304267,0.9860724233983287,0.6651807369999005,0.4838767869991898,46,2028,1.0015698052787967,0.030025870241230483,0.8461689858569627,0.878727529769043,,,0.23330241187384043,0.24675324675324675,0.2680890538033395,0.25185528756957326
moe_continue,64,84,0.019341460769535634,0.06406264874358293,1.0,0.9832869080779945,0.6742154200001096,0.49059317799947166,46,2028,1.001824581385915,0.029359706583394783,0.8441133845131823,0.8773367678728412,,,0.23098330241187384,0.2481447124304267,0.2699443413729128,0.25092764378478666
moe_continue,65,85,0.01909930987439902,0.0614537413169393,1.0,0.9832869080779945,0.6828266669999721,0.4971338239997749,46,2028,1.002572515975087,0.029125035034149892,0.8417085898345426,0.8747228048209134,,,0.23933209647495363,0.23979591836734693,0.26762523191094617,0.2532467532467532
moe_continue,66,86,0.018856933248748375,0.06326250457486692,0.9990723562152134,0.9832869080779945,0.6912994659996912,0.5037240359997668,46,2028,1.0029331538385646,0.02888626478713402,0.8399397101996281,0.8739661648018391,,,0.23144712430426717,0.25139146567717996,0.27319109461966606,0.24397031539888683
moe_continue,67,87,0.017340083345073955,0.06832918102772555,1.0,0.9805013927576601,0.700066637999953,0.5101314519997686,46,2028,1.0000099045012,0.027340182390085954,0.8394319815406092,0.8739480633678254,,,0.23608534322820038,0.25139146567717996,0.26113172541743973,0.25139146567717996
moe_continue,68,88,0.017354676043551263,0.06802322014693234,1.0,0.9805013927576601,0.7102972580000824,0.5178686260001086,46,2028,1.0010629729781955,0.027365305773333216,0.8372719659623683,0.8717966339412198,,,0.24165120593692022,0.24675324675324675,0.26205936920222633,0.24953617810760667
moe_continue,69,89,0.01825531186466637,0.06732936441605884,0.9990723562152134,0.9832869080779945,0.7197155270000621,0.5252579980001428,46,2028,0.9997649940752378,0.028252961805418746,0.8370737263101848,0.8725102272620405,,,0.2388682745825603,0.24628942486085342,0.25463821892393323,0.2602040816326531
moe_continue,70,90,0.017285369486052738,0.06643843088591175,0.9990723562152134,0.9860724233983287,0.7288553690000299,0.5318671170002744,46,2028,1.0008524203811517,0.027293893689864256,0.8345025244772005,0.8697788584275564,,,0.24768089053803338,0.24628942486085342,0.2560296846011132,0.25
moe_continue,71,91,0.01723508581746398,0.06171153752027478,1.0,0.9832869080779945,0.7385472589999154,0.5390412259998811,46,2028,1.0042965789073606,0.027278051606537585,0.8319086072203769,0.8683218344087034,,,0.22077922077922077,0.25510204081632654,0.28014842300556586,0.24397031539888683
moe_continue,72,92,0.015775065494852195,0.06539377996439319,1.0,0.9860724233983287,0.7469606989998283,0.5454866190002576,46,2028,1.0007945856092235,0.02578301135094443,0.8302397817631625,0.8664384984986628,,,0.24257884972170687,0.25092764378478666,0.2606679035250464,0.24582560296846012
moe_continue,73,93,0.015973264593451424,0.06816520143903278,1.0,0.9832869080779945,0.7569555350000883,0.5528816190003454,46,2028,1.0024390361311633,0.025997654954763055,0.8280110096348445,0.864724918666277,,,0.23144712430426717,0.24582560296846012,0.27040816326530615,0.2523191094619666
moe_continue,74,94,0.01612685434369746,0.06710684853329803,1.0,0.9832869080779945,0.76842328299972,0.5621742900002573,46,2028,0.9988193585079421,0.02611504792877688,0.8279070430501194,0.8659165374728515,,,0.23283858998144713,0.2588126159554731,0.2569573283858998,0.25139146567717996
moe_continue,75,95,0.01605796397532505,0.059169692393713065,1.0,0.9888579387186629,0.7776046069998301,0.5691498999999567,46,2028,1.002595964740369,0.026083923622728742,0.8243604412897592,0.8613443601796276,,,0.24907235621521337,0.2435064935064935,0.26205936920222633,0.2453617810760668
moe_continue,76,96,0.01588194293110971,0.06425660917223927,0.9990723562152134,0.9860724233983287,0.7872515099998054,0.5761370269997315,46,2028,0.9994033809223459,0.02587597674033317,0.8245290748828722,0.8628450008161823,,,0.24489795918367346,0.25,0.2504638218923933,0.25463821892393323
moe_continue,77,97,0.014862440836187152,0.05874554512612549,1.0,0.9888579387186629,0.7952787399999579,0.5821132649998617,46,2028,1.0029821667791645,0.024892262503978798,0.8215367158004546,0.8594942097838321,,,0.2453617810760668,0.24489795918367346,0.2662337662337662,0.2435064935064935
moe_continue,78,98,0.01488733590829104,0.06459200232679674,1.0,0.9888579387186629,0.8031787790000635,0.5879061589998855,46,2028,0.9993430915958794,0.024880766824249834,0.8220609739898144,0.8614683421260876,,,0.2435064935064935,0.2625231910946197,0.2527829313543599,0.24118738404452691
moe_continue,79,99,0.014733259848511109,0.0648819027664407,1.0,0.9860724233983287,0.8111745010000959,0.5939061730000503,46,2028,1.0010941099481383,0.02474420094799249,0.8203811748818447,0.8592524599576655,,,0.2481447124304267,0.24397031539888683,0.2560296846011132,0.25185528756957326
moe_continue,80,100,0.013758213022882226,0.06652161960702024,1.0,0.9860724233983287,0.81978262299981,0.6001189670000713,46,2028,1.0007576015053326,0.023765789037935553,0.8197553519003289,0.8596002015202476,0.0063419140937404726,0.0006967312096857911,0.23144712430426717,0.2588126159554731,0.2657699443413729,0.24397031539888683
linear_mac_matched,0,20,0.18124252718711467,0.18813727310992356,0.9666048237476809,0.958217270194986,0.0002650689998517919,0.0,46,2028,,,,,,,,,,
linear_mac_matched,1,21,0.17428460240755178,0.18165442710077218,0.9666048237476809,0.9610027855153204,0.001967465999769047,0.0014277049999691371,46,2028,,,,,,,,,,
linear_mac_matched,2,22,0.1673714587857464,0.17646777111928924,0.9712430426716141,0.9554317548746518,0.0036026829998263565,0.002818484000272292,46,2028,,,,,,,,,,
linear_mac_matched,3,23,0.16152530675875695,0.17166487898987615,0.9703153988868275,0.9610027855153204,0.005317939999713417,0.004291647000172816,46,2028,,,,,,,,,,
linear_mac_matched,4,24,0.15641062477682935,0.16752543057142694,0.9693877551020408,0.958217270194986,0.007325175999994826,0.006048086000191688,46,2028,,,,,,,,,,
linear_mac_matched,5,25,0.1510638431649555,0.16377498351672934,0.974025974025974,0.958217270194986,0.008918408999761596,0.007377524000276026,46,2028,,,,,,,,,,
linear_mac_matched,6,26,0.14664176606480536,0.16005194444480678,0.9749536178107606,0.958217270194986,0.010404631999790581,0.008627672000329767,46,2028,,,,,,,,,,
linear_mac_matched,7,27,0.14265058112348353,0.158475887738981,0.9749536178107606,0.9610027855153204,0.012001200999748107,0.009986433000449324,46,2028,,,,,,,,,,
linear_mac_matched,8,28,0.13873488035757345,0.1552181634210771,0.9768089053803339,0.9610027855153204,0.01357783899993592,0.01132880900058808,46,2028,,,,,,,,,,
linear_mac_matched,9,29,0.13494769623482913,0.15115561965441407,0.974025974025974,0.9665738161559888,0.015047888000026433,0.012553418000607053,46,2028,,,,,,,,,,
linear_mac_matched,10,30,0.1314857229582073,0.15006549968185987,0.9768089053803339,0.9610027855153204,0.01682649999975183,0.0140533510007117,46,2028,,,,,,,,,,
linear_mac_matched,11,31,0.1282547498244496,0.14746465437340242,0.9777365491651205,0.9610027855153204,0.018228214999908232,0.015225842000745615,46,2028,,,,,,,,,,
linear_mac_matched,12,32,0.12540718689884942,0.14626013579103675,0.9777365491651205,0.9693593314763231,0.020080527999652986,0.016837884000779013,46,2028,,,,,,,,,,
linear_mac_matched,13,33,0.12259566514207547,0.14301423743680308,0.9777365491651205,0.9665738161559888,0.021656505999999354,0.018174723000811355,46,2028,,,,,,,,,,
linear_mac_matched,14,34,0.12017055743121217,0.14283941992277588,0.9777365491651205,0.9610027855153204,0.023182257999906142,0.019446814000730228,46,2028,,,,,,,,,,
linear_mac_matched,15,35,0.1174194035744969,0.1406449401942792,0.9786641929499073,0.9610027855153204,0.024854840999978478,0.02083818500113921,46,2028,,,,,,,,,,
linear_mac_matched,16,36,0.11503105165059643,0.137586700739503,0.9786641929499073,0.9637883008356546,0.026563198000076227,0.022301773001345282,46,2028,,,,,,,,,,
linear_mac_matched,17,37,0.11285046389792532,0.13808090442846255,0.9786641929499073,0.9665738161559888,0.028439876999982516,0.02393686900177272,46,2028,,,,,,,,,,
linear_mac_matched,18,38,0.11068081563643768,0.13596319860664513,0.9795918367346939,0.9637883008356546,0.03025511399982861,0.025338344001738733,46,2028,,,,,,,,,,
linear_mac_matched,19,39,0.10853779144240872,0.13452081365987195,0.9795918367346939,0.9665738161559888,0.03215141300006508,0.026985138001691666,46,2028,,,,,,,,,,
linear_mac_matched,20,40,0.10660472168231813,0.13333538405767167,0.9805194805194806,0.9637883008356546,0.03397107699993285,0.028463580001698574,46,2028,,,,,,,,,,
linear_mac_matched,21,41,0.10473483188816597,0.13220241813075478,0.9805194805194806,0.9637883008356546,0.03595781199965131,0.029984165002133523,46,2028,,,,,,,,,,
linear_mac_matched,22,42,0.10304350815130654,0.13202582788928263,0.9805194805194806,0.9665738161559888,0.03763746499998888,0.03135384300230726,46,2028,,,,,,,,,,
linear_mac_matched,23,43,0.10116796717968592,0.12985575047252243,0.9814471243042672,0.9637883008356546,0.03960692400005428,0.03297353700236272,46,2028,,,,,,,,,,
linear_mac_matched,24,44,0.09944134605768161,0.12883355884015077,0.9814471243042672,0.9637883008356546,0.041483522999897104,0.03459502300256645,46,2028,,,,,,,,,,
linear_mac_matched,25,45,0.0981472884925795,0.12813835342960078,0.9833024118738405,0.9665738161559888,0.04393067999990308,0.03656026500266307,46,2028,,,,,,,,,,
linear_mac_matched,26,46,0.09642875076929293,0.1275519124509327,0.9833024118738405,0.9637883008356546,0.04551017299991145,0.03789696400281173,46,2028,,,,,,,,,,
linear_mac_matched,27,47,0.09490393831496194,0.12607645414255547,0.9842300556586271,0.9665738161559888,0.04753014700008862,0.03961568600243481,46,2028,,,,,,,,,,
linear_mac_matched,28,48,0.09353643188105047,0.12534833782257956,0.9851576994434137,0.9637883008356546,0.04927401699978873,0.041118163002465735,46,2028,,,,,,,,,,
linear_mac_matched,29,49,0.09204744104373198,0.12437886214701971,0.9833024118738405,0.9637883008356546,0.05080209299967464,0.04239342800246959,46,2028,,,,,,,,,,
linear_mac_matched,30,50,0.09072758195470138,0.1235279835751522,0.9842300556586271,0.9665738161559888,0.052781526999751804,0.04406502900246778,46,2028,,,,,,,,,,
linear_mac_matched,31,51,0.08935006575434891,0.12368201913254101,0.9851576994434137,0.9637883008356546,0.054403803999775846,0.045443420002357016,46,2028,,,,,,,,,,
linear_mac_matched,32,52,0.08830101467411589,0.12234080828890946,0.9860853432282004,0.9637883008356546,0.05629122899972572,0.04692201100215243,46,2028,,,,,,,,,,
linear_mac_matched,33,53,0.08718087080992876,0.1213596596157393,0.9851576994434137,0.9637883008356546,0.05786702699970192,0.04824091300179134,46,2028,,,,,,,,,,
linear_mac_matched,34,54,0.08583210770635306,0.12068070159448459,0.9851576994434137,0.9637883008356546,0.059719200000017736,0.04981108200172457,46,2028,,,,,,,,,,
linear_mac_matched,35,55,0.08456899589780158,0.11993091267488079,0.9860853432282004,0.9665738161559888,0.061644702999728906,0.0512063080018379,46,2028,,,,,,,,,,
linear_mac_matched,36,56,0.08343390275622653,0.11937771807288844,0.9860853432282004,0.9665738161559888,0.06343205799976204,0.052667213002223434,46,2028,,,,,,,,,,
linear_mac_matched,37,57,0.0824250746998294,0.1190624208092815,0.987012987012987,0.9637883008356546,0.06536646399990786,0.05435375700199074,46,2028,,,,,,,,,,
linear_mac_matched,38,58,0.0813389683599058,0.11850248913130039,0.987012987012987,0.9665738161559888,0.06698206100008974,0.05563795600210142,46,2028,,,,,,,,,,
linear_mac_matched,39,59,0.08022424137135528,0.1171939007256121,0.9860853432282004,0.9665738161559888,0.0687614539997412,0.057036818001961365,46,2028,,,,,,,,,,
linear_mac_matched,40,60,0.07929528675123287,0.11759952793177185,0.9860853432282004,0.9637883008356546,0.0704242419997172,0.05846399300162375,46,2028,,,,,,,,,,
linear_mac_matched,41,61,0.07823719949253861,0.11623756917087212,0.987012987012987,0.9665738161559888,0.0721908769996844,0.059903135001604824,46,2028,,,,,,,,,,
linear_mac_matched,42,62,0.07735181493029487,0.11586450954178658,0.987012987012987,0.9665738161559888,0.0736443099999633,0.06112664300144388,46,2028,,,,,,,,,,
linear_mac_matched,43,63,0.0764295240842252,0.11543709052381879,0.987012987012987,0.9665738161559888,0.07536508499970296,0.062430131001292466,46,2028,,,,,,,,,,
linear_mac_matched,44,64,0.07555720148927363,0.11525283244318217,0.9888682745825603,0.9637883008356546,0.07754340799965576,0.06436385600136418,46,2028,,,,,,,,,,
linear_mac_matched,45,65,0.0747318434841943,0.11378786116613822,0.9879406307977736,0.9665738161559888,0.078953996999644,0.06554217600114498,46,2028,,,,,,,,,,
linear_mac_matched,46,66,0.07385102289441231,0.11410060465166223,0.9888682745825603,0.9637883008356546,0.08079529299993737,0.06707881500142321,46,2028,,,,,,,,,,
linear_mac_matched,47,67,0.0728652562326332,0.11340556702535408,0.9897959183673469,0.9637883008356546,0.08231414500005485,0.06836315400141757,46,2028,,,,,,,,,,
linear_mac_matched,48,68,0.07201327005131565,0.11289715538237424,0.9897959183673469,0.9637883008356546,0.08431243799986987,0.06996713400121735,46,2028,,,,,,,,,,
linear_mac_matched,49,69,0.07131236106795862,0.11310099074528028,0.9879406307977736,0.9637883008356546,0.08602765399973578,0.0713592760012034,46,2028,,,,,,,,,,
linear_mac_matched,50,70,0.07059225186702818,0.11151603565935019,0.9897959183673469,0.9665738161559888,0.0879163219997281,0.0728901450011108,46,2028,,,,,,,,,,
linear_mac_matched,51,71,0.06967555984638005,0.11135080742029686,0.9897959183673469,0.9637883008356546,0.0896606419996715,0.07438420000153201,46,2028,,,,,,,,,,
linear_mac_matched,52,72,0.06890073284534466,0.11141360644301254,0.9897959183673469,0.9665738161559888,0.09208002700006546,0.07615819500142607,46,2028,,,,,,,,,,
linear_mac_matched,53,73,0.06817148015829541,0.11077968085421928,0.9907235621521335,0.9665738161559888,0.0938378279997778,0.0776050990011754,46,2028,,,,,,,,,,
linear_mac_matched,54,74,0.06743176418021635,0.11047338274515098,0.9907235621521335,0.9665738161559888,0.09554630399998132,0.07891097000128866,46,2028,,,,,,,,,,
linear_mac_matched,55,75,0.0666918718686727,0.10958246262207275,0.9907235621521335,0.9665738161559888,0.0974374259999422,0.08055872500108308,46,2028,,,,,,,,,,
linear_mac_matched,56,76,0.06607724701812265,0.10998433290770912,0.9907235621521335,0.9637883008356546,0.09886951699991187,0.08173781700133986,46,2028,,,,,,,,,,
linear_mac_matched,57,77,0.06539563231748866,0.1089210712989516,0.9916512059369202,0.9665738161559888,0.10099758399974235,0.08362435200115215,46,2028,,,,,,,,,,
linear_mac_matched,58,78,0.06473895740663743,0.10934629856207922,0.9907235621521335,0.9637883008356546,0.10339402499994321,0.08547590400121408,46,2028,,,,,,,,,,
linear_mac_matched,59,79,0.06412624124857431,0.10766503403013361,0.9897959183673469,0.9665738161559888,0.10626990499986277,0.08761577900122575,46,2028,,,,,,,,,,
linear_mac_matched,60,80,0.06341039109009913,0.10823101182860823,0.9907235621521335,0.9637883008356546,0.10898359199973129,0.08990411700142431,46,2028,,,,,,,,,,
linear_mac_matched,61,81,0.06281056436228696,0.10814413716132816,0.9907235621521335,0.9665738161559888,0.11322744800008877,0.09363843800110772,46,2028,,,,,,,,,,
linear_mac_matched,62,82,0.06227382006159123,0.10706015944208142,0.9907235621521335,0.9665738161559888,0.11577397399969414,0.09582908900119946,46,2028,,,,,,,,,,
linear_mac_matched,63,83,0.06168508371724282,0.1073100888905932,0.9925788497217068,0.9637883008356546,0.11781441899984202,0.09757927800137622,46,2028,,,,,,,,,,
linear_mac_matched,64,84,0.06135507448773329,0.10722907488152499,0.9907235621521335,0.9665738161559888,0.12025094000000536,0.09967619800136163,46,2028,,,,,,,,,,
linear_mac_matched,65,85,0.060434369520070585,0.10661939859199385,0.9907235621521335,0.9637883008356546,0.1222568139996838,0.10118550500101264,46,2028,,,,,,,,,,
linear_mac_matched,66,86,0.059714447973450796,0.10597660079506367,0.9916512059369202,0.9665738161559888,0.12462584299964874,0.10299117800104796,46,2028,,,,,,,,,,
linear_mac_matched,67,87,0.059168546603672725,0.10602487388079647,0.9916512059369202,0.9637883008356546,0.12761954500001593,0.10560346700140144,46,2028,,,,,,,,,,
linear_mac_matched,68,88,0.05866195651592837,0.10491545908557065,0.9907235621521335,0.9665738161559888,0.13041271699967183,0.10806452000133504,46,2028,,,,,,,,,,
linear_mac_matched,69,89,0.058008741751929487,0.10528501939214192,0.9925788497217068,0.9637883008356546,0.13286009300009027,0.1101280100015174,46,2028,,,,,,,,,,
linear_mac_matched,70,90,0.0576766764320955,0.10445410462853652,0.9925788497217068,0.9665738161559888,0.13496123000004445,0.11189526500129432,46,2028,,,,,,,,,,
linear_mac_matched,71,91,0.05698418232841764,0.10475623762982807,0.9907235621521335,0.9637883008356546,0.13753926299978048,0.11416505500119456,46,2028,,,,,,,,,,
linear_mac_matched,72,92,0.056369850192653864,0.10426420919675952,0.9916512059369202,0.9665738161559888,0.13972382499969171,0.1160303270012264,46,2028,,,,,,,,,,
linear_mac_matched,73,93,0.05589648308999787,0.10361749677881152,0.9925788497217068,0.9665738161559888,0.14148040400004902,0.11753899400082446,46,2028,,,,,,,,,,
linear_mac_matched,74,94,0.05548775068915362,0.10333824498136598,0.9944341372912802,0.9665738161559888,0.14291314699994473,0.11871362900092208,46,2028,,,,,,,,,,
linear_mac_matched,75,95,0.054867783808852565,0.10345704171522331,0.9925788497217068,0.9637883008356546,0.1450908580000032,0.12017692800054647,46,2028,,,,,,,,,,
linear_mac_matched,76,96,0.054599099169035506,0.1019977259582665,0.9897959183673469,0.9665738161559888,0.14678101799972865,0.12156891900076516,46,2028,,,,,,,,,,
linear_mac_matched,77,97,0.0539801554845492,0.10323996902651622,0.9935064935064936,0.9665738161559888,0.1482183969997095,0.12276702900089731,46,2028,,,,,,,,,,
linear_mac_matched,78,98,0.0534814184002415,0.10296024724820901,0.9944341372912802,0.9637883008356546,0.14989212199998292,0.12417889000107607,46,2028,,,,,,,,,,
linear_mac_matched,79,99,0.05304389804409426,0.10165670213504867,0.9925788497217068,0.9665738161559888,0.15127807399994708,0.12533298300104434,46,2028,,,,,,,,,,
linear_mac_matched,80,100,0.05256551017196952,0.10187304066148928,0.9944341372912802,0.9637883008356546,0.15268926399994598,0.12646787800122183,46,2028,,,,,,,,,,
linear_mac_matched,81,101,0.052105863992190936,0.10200762694680986,0.9935064935064936,0.9665738161559888,0.15445643899965944,0.12794579800129213,46,2028,,,,,,,,,,
linear_mac_matched,82,102,0.05160509010792971,0.10102698021452224,0.9944341372912802,0.9637883008356546,0.15585755399979462,0.12910073300145086,46,2028,,,,,,,,,,
linear_mac_matched,83,103,0.051219846829576136,0.10131140308617873,0.9944341372912802,0.9665738161559888,0.15738396699998702,0.13039318500159425,46,2028,,,,,,,,,,
linear_mac_matched,84,104,0.050823667745717734,0.10141749468162715,0.9935064935064936,0.9637883008356546,0.15891063099979874,0.13163927700179556,46,2028,,,,,,,,,,
linear_mac_matched,85,105,0.050347717257905385,0.10012676852720495,0.9935064935064936,0.9665738161559888,0.16030737899973246,0.1328058700019028,46,2028,,,,,,,,,,
linear_mac_matched,86,106,0.049967145093229914,0.10051952970736314,0.9944341372912802,0.9637883008356546,0.1618443180000213,0.13409218200195028,46,2028,,,,,,,,,,
linear_mac_matched,87,107,0.04947398762966107,0.1004877710523107,0.9935064935064936,0.9665738161559888,0.1632286579997526,0.13525026200204593,46,2028,,,,,,,,,,
linear_mac_matched,88,108,0.049101173719634066,0.10032708455949424,0.9944341372912802,0.9665738161559888,0.16482059899999513,0.1365894130021843,46,2028,,,,,,,,,,
linear_mac_matched,89,109,0.048734228152907226,0.09925847722722204,0.9944341372912802,0.9637883008356546,0.16645882099965092,0.13799048800228775,46,2028,,,,,,,,,,
linear_mac_matched,90,110,0.04839278111264881,0.10027249048285082,0.9935064935064936,0.9637883008356546,0.1679201560000365,0.13919233300202905,46,2028,,,,,,,,,,
linear_mac_matched,91,111,0.04790524166350669,0.09928734086912164,0.9944341372912802,0.9637883008356546,0.17011113799981104,0.14112721000174133,46,2028,,,,,,,,,,
linear_mac_matched,92,112,0.04750616684932978,0.09922501580778316,0.9944341372912802,0.9665738161559888,0.17165640899975187,0.14242639100166343,46,2028,,,,,,,,,,
linear_mac_matched,93,113,0.04718324036478771,0.09860353120718114,0.9944341372912802,0.9637883008356546,0.17323655299969687,0.1437577920014519,46,2028,,,,,,,,,,
linear_mac_matched,94,114,0.046808556703791575,0.09873982409907296,0.9944341372912802,0.9665738161559888,0.17482776399992872,0.14505525100139494,46,2028,,,,,,,,,,
linear_mac_matched,95,115,0.04654652043214986,0.09886945674414142,0.9944341372912802,0.9665738161559888,0.17666825900005279,0.146607993001453,46,2028,,,,,,,,,,
linear_mac_matched,96,116,0.04620688624763079,0.09851126249171396,0.9944341372912802,0.9637883008356546,0.1785371769997255,0.14815027000122427,46,2028,,,,,,,,,,
linear_mac_matched,97,117,0.045778656796730696,0.09850637583990345,0.9944341372912802,0.9637883008356546,0.18026639399977284,0.14962708900111465,46,2028,,,,,,,,,,
linear_mac_matched,98,118,0.045401963664131066,0.09751090237928886,0.9953617810760668,0.9665738161559888,0.1824161939998703,0.15152656200098136,46,2028,,,,,,,,,,
linear_mac_matched,99,119,0.045156204602032714,0.09823317999167933,0.9944341372912802,0.9637883008356546,0.18387348299984296,0.15271824200090123,46,2028,,,,,,,,,,
linear_mac_matched,100,120,0.04466349931729237,0.09764132080307404,0.9944341372912802,0.9665738161559888,0.18661045499993634,0.1551783180007078,46,2028,,,,,,,,,,
linear_mac_matched,101,121,0.044346611038714824,0.097236443340333,0.9944341372912802,0.9665738161559888,0.18985159499970905,0.1574262360004468,46,2028,,,,,,,,,,
linear_mac_matched,102,122,0.043977100450277556,0.09722599779249509,0.9953617810760668,0.9637883008356546,0.1921912899997551,0.1594958550008414,46,2028,,,,,,,,,,
linear_mac_matched,103,123,0.04362758189046554,0.0970162147962606,0.9944341372912802,0.9665738161559888,0.19447104499977286,0.16121781200081386,46,2028,,,,,,,,,,
linear_mac_matched,104,124,0.04327588158872469,0.0967743017631578,0.9953617810760668,0.9665738161559888,0.19906726999988678,0.16353462300048704,46,2028,,,,,,,,,,
linear_mac_matched,105,125,0.043132491207148446,0.0967608799798153,0.9962894248608535,0.9637883008356546,0.20066366899982313,0.16482111500090468,46,2028,,,,,,,,,,
linear_mac_matched,106,126,0.042714308672571324,0.09672207464252551,0.9944341372912802,0.9665738161559888,0.20527226199965298,0.16910353800085431,46,2028,,,,,,,,,,
linear_mac_matched,107,127,0.04236955022502713,0.09625499400544849,0.9953617810760668,0.9665738161559888,0.2069765119999829,0.1705418080009622,46,2028,,,,,,,,,,
linear_mac_matched,108,128,0.042047972349181104,0.0956341280512745,0.9962894248608535,0.9637883008356546,0.2089604419998068,0.17227026400087198,46,2028,,,,,,,,,,
linear_mac_matched,109,129,0.04183384334391781,0.09607395776609245,0.9953617810760668,0.9665738161559888,0.21098432300004788,0.17403469500095525,46,2028,,,,,,,,,,
linear_mac_matched,110,130,0.04155326062887978,0.09527189060015101,0.9972170686456401,0.9637883008356546,0.21287824899991392,0.17561363700087895,46,2028,,,,,,,,,,
linear_mac_matched,111,131,0.041115773634140054,0.09593372766756664,0.9953617810760668,0.9665738161559888,0.21515976599994246,0.17764437800087762,46,2028,,,,,,,,,,
linear_mac_matched,112,132,0.04088051489623798,0.09600324636004105,0.9962894248608535,0.9665738161559888,0.21712329599995428,0.17936171800101874,46,2028,,,,,,,,,,
linear_mac_matched,113,133,0.040548031270791256,0.09580980868569546,0.9953617810760668,0.9665738161559888,0.21897741199973098,0.1808475710008679,46,2028,,,,,,,,,,
linear_mac_matched,114,134,0.040339935742628244,0.09477145928903537,0.9972170686456401,0.9637883008356546,0.22120579900001758,0.18275234300108423,46,2028,,,,,,,,,,
linear_mac_matched,115,135,0.039995054315306845,0.09467097521403496,0.9972170686456401,0.9665738161559888,0.22308170799988147,0.1843491120012004,46,2028,,,,,,,,,,
linear_mac_matched,116,136,0.03966174210243601,0.09505551291274587,0.9972170686456401,0.9665738161559888,0.22521792699990328,0.18622673300160386,46,2028,,,,,,,,,,
linear_mac_matched,117,137,0.03949424040688458,0.0955447928520154,0.9962894248608535,0.9665738161559888,0.22730599399983475,0.1880648650017065,46,2028,,,,,,,,,,
linear_mac_matched,118,138,0.0391286190990849,0.09468201036000631,0.9972170686456401,0.9665738161559888,0.22910211299995353,0.18953373100157478,46,2028,,,,,,,,,,
linear_mac_matched,119,139,0.03886202498190002,0.09400844676549489,0.9972170686456401,0.9665738161559888,0.23102504100006627,0.19102058500129715,46,2028,,,,,,,,,,
linear_mac_matched,120,140,0.03859174322730302,0.09447299375321802,0.9972170686456401,0.9637883008356546,0.2327791069997147,0.1924504630010233,46,2028,,,,,,,,,,
linear_mac_matched,121,141,0.03837850550019617,0.09427016085142581,0.9972170686456401,0.9665738161559888,0.23491473500007487,0.19404013100074735,46,2028,,,,,,,,,,
linear_mac_matched,122,142,0.03804577896595801,0.09398647436401751,0.9972170686456401,0.9665738161559888,0.23683412899981704,0.19554229800087342,46,2028,,,,,,,,,,
linear_mac_matched,123,143,0.03784342257848971,0.09412581551580473,0.9972170686456401,0.9665738161559888,0.2384771570000339,0.19683857600102783,46,2028,,,,,,,,,,
linear_mac_matched,124,144,0.03755285672636326,0.09330465350330537,0.9972170686456401,0.9637883008356546,0.2404575420000583,0.19849909000095067,46,2028,,,,,,,,,,
linear_mac_matched,125,145,0.037297663054992866,0.09374931970022193,0.9972170686456401,0.9665738161559888,0.24236845299992638,0.20016608400101177,46,2028,,,,,,,,,,
linear_mac_matched,126,146,0.03714975127681238,0.09381523895280706,0.9962894248608535,0.9665738161559888,0.24410306899972056,0.2015869790011493,46,2028,,,,,,,,,,
linear_mac_matched,127,147,0.036825714915002986,0.09390526161967615,0.9972170686456401,0.9665738161559888,0.2460800389999349,0.20332127500114439,46,2028,,,,,,,,,,
linear_mac_matched,128,148,0.03652416174609286,0.09358720844975812,0.9972170686456401,0.9665738161559888,0.24775010899975314,0.20471292600132074,46,2028,,,,,,,,,,
linear_mac_matched,129,149,0.0362830397676709,0.09313555370819324,0.9972170686456401,0.9665738161559888,0.24982420499964064,0.20634342600124,46,2028,,,,,,,,,,
linear_mac_matched,130,150,0.036048264181850885,0.09280204005423597,0.9972170686456401,0.9665738161559888,0.25151564599991616,0.20772889800127814,46,2028,,,,,,,,,,
linear_mac_matched,131,151,0.03588858205900109,0.09380878518764044,0.9972170686456401,0.9665738161559888,0.2537762520000797,0.20958583800120323,46,2028,,,,,,,,,,
linear_mac_matched,132,152,0.035612848960675875,0.0925540112823419,0.9972170686456401,0.9665738161559888,0.2555768669999452,0.21106760400107305,46,2028,,,,,,,,,,
linear_mac_matched,133,153,0.03537669310380617,0.09244194297706906,0.9972170686456401,0.9665738161559888,0.257512614999996,0.21275987700119003,46,2028,,,,,,,,,,
linear_mac_matched,134,154,0.03510645992590885,0.09314716771645384,0.9972170686456401,0.9665738161559888,0.25971358199967653,0.21458754300101646,46,2028,,,,,,,,,,
linear_mac_matched,135,155,0.03488579315801889,0.09237591666810024,0.9972170686456401,0.9665738161559888,0.26179477799996675,0.2163846330013257,46,2028,,,,,,,,,,
linear_mac_matched,136,156,0.0349436913984201,0.09377929654894059,0.9972170686456401,0.9610027855153204,0.26349555399974633,0.2177730290013642,46,2028,,,,,,,,,,
linear_mac_matched,137,157,0.034609005418275635,0.09188006694387163,0.9972170686456401,0.9665738161559888,0.2667386559996885,0.2206114130012793,46,2028,,,,,,,,,,
linear_mac_matched,138,158,0.034319791457045716,0.09260006696212682,0.9972170686456401,0.9637883008356546,0.26845357199999853,0.22206737000124122,46,2028,,,,,,,,,,
linear_mac_matched,139,159,0.03402913174303741,0.0922727224292164,0.9972170686456401,0.9637883008356546,0.27043460799995955,0.2235841790015911,46,2028,,,,,,,,,,
linear_mac_matched,140,160,0.033766555230574716,0.0922403074590719,0.9972170686456401,0.9665738161559888,0.27205213799970807,0.22495655000147963,46,2028,,,,,,,,,,
linear_mac_matched,141,161,0.033553776319377705,0.09192118927986952,0.9972170686456401,0.9665738161559888,0.27429299100003846,0.22683728100128064,46,2028,,,,,,,,,,
linear_mac_matched,142,162,0.03333491536947141,0.0915516704240885,0.9972170686456401,0.9665738161559888,0.2762954989998434,0.22816636800143897,46,2028,,,,,,,,,,
linear_mac_matched,143,163,0.033165281148448945,0.09194552688776539,0.9972170686456401,0.9637883008356546,0.27882591099978526,0.23038333900149155,46,2028,,,,,,,,,,
linear_mac_matched,144,164,0.03293551873421839,0.09161657671017923,0.9972170686456401,0.9665738161559888,0.28131298699963736,0.2324163630014482,46,2028,,,,,,,,,,
linear_mac_matched,145,165,0.03273747743444547,0.09112601772019038,0.9972170686456401,0.9665738161559888,0.2838847009998062,0.23442777400123305,46,2028,,,,,,,,,,
linear_mac_matched,146,166,0.03255698266709567,0.0918545797058326,0.9972170686456401,0.9637883008356546,0.28594869199969253,0.2362065960014661,46,2028,,,,,,,,,,
linear_mac_matched,147,167,0.032293917334116316,0.09148118802334863,0.9972170686456401,0.9637883008356546,0.2885710109999309,0.23841329100150688,46,2028,,,,,,,,,,
linear_mac_matched,148,168,0.032101013378704406,0.0917717945997355,0.9972170686456401,0.9637883008356546,0.29072915400001875,0.24022241900138397,46,2028,,,,,,,,,,
linear_mac_matched,149,169,0.031922134930106656,0.09140894335602963,0.9972170686456401,0.9665738161559888,0.29309736100003647,0.24220724000133487,46,2028,,,,,,,,,,
linear_mac_matched,150,170,0.03170285723355686,0.0906992545322682,0.9972170686456401,0.9665738161559888,0.2951872609996826,0.24403161100144644,46,2028,,,,,,,,,,
linear_mac_matched,151,171,0.031514056540922694,0.09098454047366256,0.9972170686456401,0.9665738161559888,0.29704994899975645,0.24548857000172575,46,2028,,,,,,,,,,
linear_mac_matched,152,172,0.03139440990194844,0.09161737827133126,0.9972170686456401,0.9665738161559888,0.2991090229998008,0.24727981100204488,46,2028,,,,,,,,,,
linear_mac_matched,153,173,0.03116341772186191,0.09131962171432725,0.9972170686456401,0.9665738161559888,0.3017186239999319,0.24939838300224437,46,2028,,,,,,,,,,
linear_mac_matched,154,174,0.030991371079036385,0.08976295737411608,0.9972170686456401,0.9665738161559888,0.3040039769998657,0.25121282900227015,46,2028,,,,,,,,,,
linear_mac_matched,155,175,0.030748039272449467,0.09066070918512564,0.9972170686456401,0.9665738161559888,0.30587544899981367,0.25280437000219536,46,2028,,,,,,,,,,
linear_mac_matched,156,176,0.030567218037223155,0.09092651167452641,0.9972170686456401,0.9665738161559888,0.30772263399967414,0.25435851500196804,46,2028,,,,,,,,,,
linear_mac_matched,157,177,0.030346792693513647,0.09038712361961286,0.9972170686456401,0.9665738161559888,0.3096413359999133,0.25595431300189375,46,2028,,,,,,,,,,
linear_mac_matched,158,178,0.03027220052386318,0.0913875569227066,0.9972170686456401,0.9637883008356546,0.31211110699996425,0.2581745990019044,46,2028,,,,,,,,,,
linear_mac_matched,159,179,0.030022055276884285,0.09014573914843682,0.9972170686456401,0.9637883008356546,0.3142994549998548,0.2599819640017813,46,2028,,,,,,,,,,
linear_mac_matched,160,180,0.029874713888665742,0.09084841614698176,0.9972170686456401,0.9610027855153204,0.3160690129998329,0.2615048420016137,46,2028,,,,,,,,,,
linear_mac_matched,161,181,0.02977535677964692,0.08930616388846031,0.9972170686456401,0.9665738161559888,0.3186152579996815,0.26373773700152014,46,2028,,,,,,,,,,
linear_mac_matched,162,182,0.02942296849799383,0.09023262881202451,0.9972170686456401,0.9665738161559888,0.32065481199970236,0.2654936350013486,46,2028,,,,,,,,,,
linear_mac_matched,163,183,0.02927487347631677,0.09047246942024689,0.9972170686456401,0.9665738161559888,0.3229390439996678,0.26731478200099446,46,2028,,,,,,,,,,
linear_mac_matched,164,184,0.02910735227788996,0.08989591647332913,0.9972170686456401,0.9665738161559888,0.32456240300007266,0.26866320800081667,46,2028,,,,,,,,,,
linear_mac_matched,165,185,0.02898117052660123,0.08980753929885332,0.9972170686456401,0.9637883008356546,0.3270170410000901,0.2705928760005918,46,2028,,,,,,,,,,
linear_mac_matched,166,186,0.028777145756425215,0.09026496077268019,0.9972170686456401,0.9637883008356546,0.32920078200004355,0.2723297450006612,46,2028,,,,,,,,,,
linear_mac_matched,167,187,0.02864414368106535,0.0898467123639184,0.9972170686456401,0.9637883008356546,0.3312218779997238,0.27403340500086415,46,2028,,,,,,,,,,
linear_mac_matched,168,188,0.02875407715612361,0.08908089449873115,0.9972170686456401,0.9665738161559888,0.33328569800005425,0.2756309760006843,46,2028,,,,,,,,,,
linear_mac_matched,169,189,0.028316138537811123,0.090591960003146,0.9972170686456401,0.9637883008356546,0.33514222699977836,0.27724430000080247,46,2028,,,,,,,,,,
linear_mac_matched,170,190,0.028113410787071236,0.08960937457439601,0.9972170686456401,0.9665738161559888,0.3366978639996887,0.27851709200058394,46,2028,,,,,,,,,,
linear_mac_matched,171,191,0.027972028809461768,0.08926584535500158,0.9972170686456401,0.9637883008356546,0.3386233569999604,0.28013381100072365,46,2028,,,,,,,,,,
linear_mac_matched,172,192,0.027777567445972002,0.08956805505012358,0.9972170686456401,0.9637883008356546,0.3404533769999034,0.2815203740005927,46,2028,,,,,,,,,,
linear_mac_matched,173,193,0.027584052848875693,0.08935083938423942,0.9972170686456401,0.9637883008356546,0.34233620599979986,0.2828862460005439,46,2028,,,,,,,,,,
linear_mac_matched,174,194,0.027480677595515608,0.08956467990288697,0.9972170686456401,0.9637883008356546,0.3441502809996564,0.2844542920006461,46,2028,,,,,,,,,,
linear_mac_matched,175,195,0.027268954789109307,0.0893287787960594,0.9972170686456401,0.9665738161559888,0.34611018499981583,0.2860288680008125,46,2028,,,,,,,,,,
linear_mac_matched,176,196,0.027128053292021694,0.08868188458022555,0.9972170686456401,0.9665738161559888,0.34807903299997633,0.2877551110004788,46,2028,,,,,,,,,,
linear_mac_matched,177,197,0.026962144345413882,0.08899157128359125,0.9972170686456401,0.9665738161559888,0.34979615299971556,0.28906900500078336,46,2028,,,,,,,,,,
linear_mac_matched,178,198,0.02683763478324701,0.08956665648173825,0.9972170686456401,0.9637883008356546,0.3518114609996701,0.2906287490009163,46,2028,,,,,,,,,,
linear_mac_matched,179,199,0.026713061192501386,0.08856554417444948,0.9972170686456401,0.9637883008356546,0.354624086000058,0.29259000500087495,46,2028,,,,,,,,,,
linear_mac_matched,180,200,0.02654489100417484,0.0896657488686629,0.9972170686456401,0.9637883008356546,0.35683883399997285,0.29450805700071214,46,2028,,,,,,,,,,
linear_mac_matched,181,201,0.026340023617507136,0.08897433693582103,0.9972170686456401,0.9665738161559888,0.3589641359999405,0.29613879700036705,46,2028,,,,,,,,,,
linear_mac_matched,182,202,0.026257188088533622,0.08825818480305823,0.9972170686456401,0.9665738161559888,0.36076764599965827,0.29756025300002875,46,2028,,,,,,,,,,
linear_mac_matched,183,203,0.02606639081026071,0.08903786282829275,0.9972170686456401,0.9637883008356546,0.36254772999973284,0.29908399300029487,46,2028,,,,,,,,,,
linear_mac_matched,184,204,0.025915131660311518,0.08831497649799872,0.9972170686456401,0.9637883008356546,0.3641829069997584,0.30047956000043996,46,2028,,,,,,,,,,
linear_mac_matched,185,205,0.025860449175527423,0.08769240422209583,0.9972170686456401,0.9665738161559888,0.36643480999964595,0.3023676070001784,46,2028,,,,,,,,,,
linear_mac_matched,186,206,0.025683763887899728,0.08889762884332729,0.9972170686456401,0.9610027855153204,0.3681735119998848,0.3038599090000389,46,2028,,,,,,,,,,
linear_mac_matched,187,207,0.025530319609854794,0.08836181652327796,0.9972170686456401,0.9637883008356546,0.37010968100003083,0.3054290969998874,46,2028,,,,,,,,,,
linear_mac_matched,188,208,0.025306537355196716,0.0881512221427329,0.9972170686456401,0.9637883008356546,0.3720197099996767,0.3070963519999168,46,2028,,,,,,,,,,
linear_mac_matched,189,209,0.025256451629296333,0.08817905946716506,0.9972170686456401,0.9665738161559888,0.3739151879999554,0.30869582499963144,46,2028,,,,,,,,,,
linear_mac_matched,190,210,0.02503278910983277,0.08826731020636505,0.9972170686456401,0.9637883008356546,0.37626043199998094,0.3107920939996802,46,2028,,,,,,,,,,
linear_mac_matched,191,211,0.02486129599325311,0.08808519978934416,0.9972170686456401,0.9637883008356546,0.3784850839997489,0.31263387099988904,46,2028,,,,,,,,,,
linear_mac_matched,192,212,0.024748453786102284,0.08830700102519415,0.9972170686456401,0.9665738161559888,0.3800691139999799,0.31397492599990073,46,2028,,,,,,,,,,
moe_no_balance,0,20,0.18124252718711467,0.18813727310992356,0.9666048237476809,0.958217270194986,0.001612032000139152,0.0,46,2028,1.036210656317004,0.18124252718711467,0.9952084374235284,0.9979457520983763,2.4938919617388497e-18,0.0,0.09230055658627087,0.39053803339517623,0.16697588126159554,0.35018552875695735
moe_no_balance,1,21,0.17334208129093173,0.17858679091324778,0.9656771799628943,0.9637883008356546,0.015861710000081075,0.008390235000206303,46,2028,1.128470121215198,0.17334208129093173,0.9883929244937592,0.9917360412100592,,,0.4230055658627087,0.0013914656771799629,0.07606679035250463,0.4995361781076067
moe_no_balance,2,22,0.16405354419418622,0.17229873295528733,0.9666048237476809,0.9554317548746518,0.02569453199976124,0.01569997600017814,46,2028,1.1383183725054422,0.16405354419418622,0.9842712956454812,0.9873375158972258,,,0.3807977736549165,0.0013914656771799629,0.11827458256029684,0.4995361781076067
moe_no_balance,3,23,0.1533225951701174,0.16465847501542416,0.9712430426716141,0.9610027855153204,0.035994056000163255,0.0239180030002899,46,2028,1.0955536759987012,0.1533225951701174,0.9854632676298929,0.9911988411953633,,,0.21150278293135436,0.00046382189239332097,0.33163265306122447,0.45640074211502785
moe_no_balance,4,24,0.14997432913750214,0.16231369047270097,0.9675324675324676,0.9665738161559888,0.04480567400014479,0.03014269500044975,46,2028,1.1022899679979563,0.14997432913750214,0.9808681470395807,0.9826099249839494,,,0.38358070500927643,0.013450834879406308,0.17857142857142858,0.42439703153988867
moe_no_balance,5,25,0.13964437304918112,0.1526082057112362,0.9749536178107606,0.9693593314763231,0.05343727099989337,0.03673791300070661,46,2028,1.1194843685685987,0.13964437304918112,0.9726957632631393,0.979786879697373,,,0.3297773654916512,0.00046382189239332097,0.2305194805194805,0.439239332096475
moe_no_balance,6,26,0.1312589228547237,0.14430967993048618,0.9749536178107606,0.9721448467966574,0.061301365999952395,0.04233412100074929,46,2028,1.1212615017416827,0.1312589228547237,0.9676992881193274,0.976864687089674,,,0.2945269016697588,0.00046382189239332097,0.25788497217068646,0.44712430426716143
moe_no_balance,7,27,0.12581542967271703,0.14580738491962664,0.9749536178107606,0.9610027855153204,0.07496091799976057,0.053658404000998416,46,2028,1.122229510729886,0.12581542967271703,0.9594325711326512,0.9664278666671455,,,0.3302411873840445,0.00046382189239332097,0.287569573283859,0.3817254174397032
moe_no_balance,8,28,0.11916626792793855,0.14148623374156155,0.9795918367346939,0.9637883008356546,0.08281984499990358,0.05945084700078951,46,2028,1.1282005105362738,0.11916626792793855,0.9513851636663033,0.9593414801136263,,,0.3205009276437848,0.00046382189239332097,0.310760667903525,0.3682745825602968
moe_no_balance,9,29,0.11425762267221495,0.13763988904068444,0.9777365491651205,0.9665738161559888,0.09137060100010785,0.06565059100057624,46,2028,1.1402324952466565,0.11425762267221495,0.9429516219873404,0.9467331515681963,,,0.35018552875695735,0.00046382189239332097,0.33163265306122447,0.3177179962894249
moe_no_balance,10,30,0.10876423400975914,0.13393994559180736,0.9795918367346939,0.9693593314763231,0.10058034699977725,0.07268364700075836,46,2028,1.1478685691573558,0.10876423400975914,0.9351396743533347,0.9377895699488572,,,0.3297773654916512,0.0009276437847866419,0.37337662337662336,0.29591836734693877
moe_no_balance,11,31,0.10382068850279406,0.13141589534523268,0.9823747680890538,0.9693593314763231,0.10831321400019078,0.07861759200113738,46,2028,1.1469244308828077,0.10382068850279406,0.9284114248117613,0.9301772753472228,,,0.3163265306122449,0.0009276437847866419,0.37291280148423006,0.3098330241187384
moe_no_balance,12,32,0.09885267518900641,0.12820743909440205,0.9851576994434137,0.9693593314763231,0.11845262699989689,0.0864916410009755,46,2028,1.1635846980668452,0.09885267518900641,0.9160109763311156,0.9187641797255713,,,0.3385899814471243,0.00046382189239332097,0.362708719851577,0.2982374768089054
moe_no_balance,13,33,0.09454946443398786,0.12339423396746563,0.9860853432282004,0.9665738161559888,0.1278130800001236,0.093710987000577,46,2028,1.1648288999155976,0.09454946443398786,0.9085845234301003,0.9109788654932541,,,0.3390538033395176,0.00046382189239332097,0.3538961038961039,0.30658627087198514
moe_no_balance,14,34,0.09215398835970308,0.12111106260827198,0.987012987012987,0.9749303621169917,0.13661271000000852,0.10011723200068445,46,2028,1.1641934948350403,0.09215398835970308,0.9021928370471892,0.9057388295108459,,,0.3098330241187384,0.00046382189239332097,0.37059369202226344,0.31910946196660483
moe_no_balance,15,35,0.0880386201880457,0.11812724615819362,0.9879406307977736,0.9693593314763231,0.14515932999984216,0.10647095700051068,46,2028,1.1719878688897603,0.0880386201880457,0.8942260404949757,0.894675719362736,,,0.32884972170686455,0.0018552875695732839,0.37012987012987014,0.29916512059369205
moe_no_balance,16,36,0.08536843341719605,0.11582564693160072,0.9888682745825603,0.9749303621169917,0.1542440279999937,0.11314814800061868,46,2028,1.1866777644542688,0.08536843341719605,0.8857605158365085,0.885208086441427,,,0.33719851576994436,0.002319109461966605,0.38358070500927643,0.27690166975881264
moe_no_balance,17,37,0.08168849696148799,0.11474513557574822,0.9897959183673469,0.9721448467966574,0.16336124600002222,0.1197113280004487,46,2028,1.190813131796505,0.08168849696148799,0.8769241824126128,0.8751466363161132,,,0.3525046382189239,0.0037105751391465678,0.3682745825602968,0.2755102040816326
moe_no_balance,18,38,0.07996392125536582,0.1104875517270513,0.9888682745825603,0.9777158774373259,0.17206462100011777,0.12615316600067672,46,2028,1.1981570817351206,0.07996392125536582,0.8694050553808923,0.8705793320126256,,,0.32235621521335805,0.0013914656771799629,0.3937847866419295,0.2824675324675325
moe_no_balance,19,39,0.07559799188637209,0.10939333508592124,0.9907235621521335,0.9721448467966574,0.1807951679998041,0.1327826260007896,46,2028,1.1961418373523565,0.07559799188637209,0.8618225438075037,0.8615706852205712,,,0.3534322820037106,0.004174397031539889,0.35946196660482377,0.2829313543599258
moe_no_balance,20,40,0.07350690395803876,0.1060163423246663,0.9916512059369202,0.9721448467966574,0.18967297500012137,0.13966783000068972,46,2028,1.1912753600468413,0.07350690395803876,0.856417631513926,0.8627994331227175,0.018217239405937998,0.0,0.3177179962894249,0.0,0.3678107606679035,0.3144712430426716
moe_no_balance,21,41,0.07124697252034685,0.10280635518625024,0.9925788497217068,0.9749303621169917,0.20243507799978033,0.14649136100069882,46,2028,1.230264227167856,0.07124697252034685,0.8403304527218021,0.8423522374947056,,,0.3608534322820037,0.0013914656771799629,0.3817254174397032,0.2560296846011132
moe_no_balance,22,42,0.07065736664998104,0.10064405933156183,0.9907235621521335,0.9777158774373259,0.2124327890001041,0.15435305200071525,46,2028,1.2225618431589786,0.07065736664998104,0.8370160548204882,0.8425742000225136,,,0.3274582560296846,0.0,0.3937847866419295,0.2787569573283859
moe_no_balance,23,43,0.06659130268829595,0.09961177978000745,0.9925788497217068,0.9749303621169917,0.22246591700013596,0.16157599900088826,46,2028,1.2348738680978097,0.06659130268829595,0.8270816944370097,0.8291238603530686,,,0.3622448979591837,0.004174397031539889,0.37755102040816324,0.2560296846011132
moe_no_balance,24,44,0.06456240865558734,0.09938131238333876,0.9935064935064936,0.9749303621169917,0.2336228089998258,0.1694379000009576,46,2028,1.212949946153488,0.06456240865558734,0.827633790121527,0.8333749903361749,,,0.32142857142857145,0.00046382189239332097,0.3803339517625232,0.29777365491651203
moe_no_balance,25,45,0.0635601049441618,0.09852897191590065,0.9925788497217068,0.9777158774373259,0.2435192369998731,0.17666587900066588,46,2028,1.2564068049718162,0.0635601049441618,0.8132696355012299,0.8166596072082891,,,0.34786641929499074,0.003246753246753247,0.40816326530612246,0.24072356215213359
moe_no_balance,26,46,0.05985331037250043,0.09648032667840024,0.9944341372912802,0.9749303621169917,0.2531109470000956,0.183755970000675,46,2028,1.2230789817210543,0.05985331037250043,0.8127874164905037,0.8165078041343042,,,0.3515769944341373,0.008348794063079777,0.3645640074211503,0.2755102040816326
moe_no_balance,27,47,0.06053503004522492,0.09495063926953322,0.9925788497217068,0.9777158774373259,0.26365419700005077,0.19192327000064324,46,2028,1.2528687087329873,0.06053503004522492,0.8034304651919846,0.8096448094615492,,,0.3325602968460111,0.0027829313543599257,0.40816326530612246,0.2564935064935065
moe_no_balance,28,48,0.0556949342178391,0.09293176975507521,0.9944341372912802,0.9805013927576601,0.2710302679997767,0.19715272700068454,46,2028,1.2289140616456171,0.0556949342178391,0.8023344929367623,0.8084878637883568,,,0.3538961038961039,0.006957328385899814,0.36131725417439703,0.27782931354359924
moe_no_balance,29,49,0.05563314349729964,0.0895205518748584,0.9925788497217068,0.9805013927576601,0.2801671490001354,0.2039444950005418,46,2028,1.237324998286072,0.05563314349729964,0.7966792594353242,0.8041653291600281,,,0.3385899814471243,0.0037105751391465678,0.3817254174397032,0.275974025974026
moe_no_balance,30,50,0.05553437474168753,0.09089378236816575,0.9935064935064936,0.9805013927576601,0.28898781099996995,0.21068146600055115,46,2028,1.256935919055474,0.05553437474168753,0.7888973191746198,0.7964900735191488,,,0.3409090909090909,0.004174397031539889,0.39935064935064934,0.25556586270871984
moe_no_balance,31,51,0.05237771941996614,0.08756364164614601,0.9944341372912802,0.9832869080779945,0.29767189799986227,0.21723577200054933,46,2028,1.25978318950872,0.05237771941996614,0.7812741842854889,0.7874384932410659,,,0.36410018552875695,0.01020408163265306,0.37940630797773656,0.24628942486085342
moe_no_balance,32,52,0.051062260853436334,0.08660751525026708,0.9935064935064936,0.9805013927576601,0.30734911599984116,0.2246020190004856,46,2028,1.2370217730549316,0.051062260853436334,0.7838281816417967,0.7938114698661212,,,0.3325602968460111,0.0037105751391465678,0.3784786641929499,0.2852504638218924
moe_no_balance,33,53,0.05081080552375619,0.08745259358728327,0.9944341372912802,0.9777158774373259,0.31926600999986476,0.23388529600060792,46,2028,1.2699608996486313,0.05081080552375619,0.7724615576336579,0.7810005222945429,,,0.3460111317254174,0.0055658627087198514,0.400278293135436,0.2481447124304267
moe_no_balance,34,54,0.047786436945965134,0.08376125370600382,0.9944341372912802,0.9832869080779945,0.32923262299982525,0.2414413680007783,46,2028,1.2433774525881667,0.047786436945965134,0.7746989383171441,0.7856121438309144,,,0.3390538033395176,0.006029684601113173,0.37708719851576994,0.27782931354359924
moe_no_balance,35,55,0.0479655270929836,0.08434807925241658,0.9944341372912802,0.9805013927576601,0.33799351500010744,0.24773192900102003,46,2028,1.2839976273008056,0.0479655270929836,0.7612097689486313,0.7716001957940722,,,0.3464749536178108,0.006029684601113173,0.40816326530612246,0.23933209647495363
moe_no_balance,36,56,0.04519036619163749,0.0851982844251404,0.9962894248608535,0.9777158774373259,0.34748923100005413,0.2551078610008517,46,2028,1.2461702306864806,0.04519036619163749,0.7646221856150689,0.7766211605540869,,,0.34833024118738404,0.006493506493506494,0.36688311688311687,0.2782931354359926
moe_no_balance,37,57,0.0444431477549888,0.08123196071674203,0.9953617810760668,0.9832869080779945,0.35756856299985884,0.26285693200088645,46,2028,1.268152494212961,0.0444431477549888,0.7570689729773414,0.7701731038585269,,,0.33719851576994436,0.00510204081632653,0.3965677179962894,0.26113172541743973
moe_no_balance,38,58,0.04314272547171617,0.08129019734340628,0.9962894248608535,0.9805013927576601,0.3669048000001567,0.27006904700101586,46,2028,1.2511619786179846,0.04314272547171617,0.7564099985041555,0.7698313310100686,,,0.3423005565862709,0.0074211502782931356,0.3752319109461967,0.2750463821892393
moe_no_balance,39,59,0.04285356882717289,0.07920805097990681,0.9944341372912802,0.9832869080779945,0.3757443599997714,0.2768765340010759,46,2028,1.2485723209289972,0.04285356882717289,0.7540920378627933,0.7698764566635852,,,0.33163265306122447,0.0055658627087198514,0.3784786641929499,0.28432282003710574
moe_no_balance,40,60,0.04097697593326399,0.07895790277793353,0.9962894248608535,0.9832869080779945,0.38455626899985873,0.2836434110013215,46,2028,1.2695878170650097,0.04097697593326399,0.7450518180613958,0.7603928408319706,0.005964361911766105,0.0,0.33766233766233766,0.0074211502782931356,0.39285714285714285,0.26205936920222633
moe_no_balance,41,61,0.03995190294689645,0.07870292823256476,0.9962894248608535,0.9805013927576601,0.3964974989999064,0.2895920070009197,46,2028,1.2535934789429035,0.03995190294689645,0.7452785904659667,0.7615762331014853,,,0.34369202226345086,0.006957328385899814,0.37059369202226344,0.2787569573283859
moe_no_balance,42,62,0.04085030744887489,0.07709671656820874,0.9962894248608535,0.9832869080779945,0.4077033690000462,0.298751613001059,46,2028,1.2798692988712619,0.04085030744887489,0.73659136511741,0.7538574771318961,,,0.33487940630797774,0.006957328385899814,0.4007421150278293,0.25742115027829315
moe_no_balance,43,63,0.03815742089030852,0.07726219580029534,0.9962894248608535,0.9832869080779945,0.4200716209998063,0.3083011590010756,46,2028,1.2551133094036135,0.03815742089030852,0.7385916179025086,0.7564210455294831,,,0.3427643784786642,0.007884972170686457,0.37059369202226344,0.2787569573283859
moe_no_balance,44,64,0.03709885229700809,0.07692204910007278,0.9962894248608535,0.9832869080779945,0.43069969199996194,0.3167246080010955,46,2028,1.2670736922811652,0.03709885229700809,0.7333110195462893,0.7522984082788867,,,0.3325602968460111,0.006957328385899814,0.3891465677179963,0.27133580705009275
moe_no_balance,45,65,0.036310990169597886,0.07612618821546739,0.9962894248608535,0.9832869080779945,0.4406700819999969,0.32444050000140123,46,2028,1.2587296346901578,0.036310990169597886,0.7306875260891784,0.7494589875101287,,,0.3409090909090909,0.008348794063079777,0.37291280148423006,0.27782931354359924
moe_no_balance,46,66,0.03577021397458493,0.07507339923210472,0.9972170686456401,0.9832869080779945,0.4507503459999498,0.3325479500012989,46,2028,1.2534807722519958,0.03577021397458493,0.731081141718398,0.7524659139777498,,,0.32884972170686455,0.0055658627087198514,0.3761595547309833,0.2894248608534323
moe_no_balance,47,67,0.03487408275760474,0.07503893268405475,0.9972170686456401,0.9832869080779945,0.4617493099999592,0.3412805500011018,46,2028,1.255071192288465,0.03487408275760474,0.72687962270518,0.7486027680625361,,,0.3297773654916512,0.006957328385899814,0.3761595547309833,0.28710575139146566
moe_no_balance,48,68,0.03391782742374258,0.07425055588862683,0.9972170686456401,0.9832869080779945,0.47023466800010283,0.3475609050010462,46,2028,1.2606085611492932,0.03391782742374258,0.7226752097334391,0.744478878411522,,,0.3362708719851577,0.008348794063079777,0.37569573283859,0.27968460111317256
moe_no_balance,49,69,0.033187959778708614,0.07390433614106605,0.9962894248608535,0.9832869080779945,0.47838139699979365,0.35365469000089433,46,2028,1.2656755388382261,0.033187959778708614,0.718125365531375,0.7411361340977894,,,0.3274582560296846,0.0074211502782931356,0.3849721706864564,0.28014842300556586
moe_no_balance,50,70,0.032441881555177694,0.07361179691162313,0.9972170686456401,0.9832869080779945,0.48998513600008664,0.3631318330008071,46,2028,1.2666286107975995,0.032441881555177694,0.7154594522738689,0.7389198168838715,,,0.32884972170686455,0.007884972170686457,0.3845083487940631,0.2787569573283859
moe_no_balance,51,71,0.031756292791103945,0.07300046819447037,0.9981447124304267,0.9832869080779945,0.5014498639998237,0.3721244980006304,46,2028,1.2596795529486104,0.031756292791103945,0.7145104720488613,0.7380535455971556,,,0.34137291280148424,0.00974025974025974,0.3673469387755102,0.2815398886827458
moe_no_balance,52,72,0.031018175614009626,0.07176054512354332,0.9972170686456401,0.9832869080779945,0.511931241000184,0.3802236560009078,46,2028,1.2650665307373665,0.031018175614009626,0.7112441739266238,0.7361413612656232,,,0.3274582560296846,0.007884972170686457,0.3826530612244898,0.2820037105751391
moe_no_balance,53,73,0.031042835588846154,0.07089895066732232,0.9981447124304267,0.9832869080779945,0.5217565419998209,0.38769668300074045,46,2028,1.2616950531699995,0.031042835588846154,0.7097879396369817,0.735869506611918,,,0.3246753246753247,0.0074211502782931356,0.3803339517625232,0.287569573283859
moe_no_balance,54,74,0.029644806467321254,0.07044584591737921,0.9981447124304267,0.9832869080779945,0.5299772019998272,0.3938491770009023,46,2028,1.2655420041252545,0.029644806467321254,0.7062544425913904,0.7323856274719187,,,0.33116883116883117,0.008348794063079777,0.3784786641929499,0.2820037105751391
moe_no_balance,55,75,0.02893717114054869,0.0701601291501818,0.9981447124304267,0.9832869080779945,0.5371541049998996,0.3991211170009592,46,2028,1.2708147045057403,0.02893717114054869,0.7025391697124851,0.7292004283621921,,,0.3302411873840445,0.008812615955473098,0.38311688311688313,0.27782931354359924
moe_no_balance,56,76,0.02841020575417098,0.06946462539466502,0.9981447124304267,0.9832869080779945,0.5438998690001426,0.40412568600095256,46,2028,1.2597560699818318,0.02841020575417098,0.7031506884259048,0.7306664628489641,,,0.33163265306122447,0.007884972170686457,0.37105751391465674,0.2894248608534323
moe_no_balance,57,77,0.028443966430822087,0.06969101532189179,0.9990723562152134,0.9805013927576601,0.55127847499989,0.4097489740011042,46,2028,1.261476438496687,0.028443966430822087,0.7001917038999567,0.7284570149936789,,,0.32560296846011133,0.006957328385899814,0.3761595547309833,0.2912801484230056
moe_no_balance,58,78,0.027918409425412915,0.06920322644938631,0.9981447124304267,0.9805013927576601,0.5587717620001058,0.41519257200116044,46,2028,1.2613963763966474,0.027918409425412915,0.6979658092668679,0.7269512139407921,,,0.32421150278293137,0.006957328385899814,0.3761595547309833,0.29267161410018555
moe_no_balance,59,79,0.026597864476577523,0.06933800937279141,0.9990723562152134,0.9860724233983287,0.5658975669998654,0.42050397200137013,46,2028,1.2739965274238203,0.026597864476577523,0.6921528850874884,0.7211215879712266,,,0.3293135435992579,0.00927643784786642,0.38358070500927643,0.27782931354359924
moe_no_balance,60,80,0.02606752556009819,0.06832708242261543,0.9990723562152134,0.9860724233983287,0.5739035759997932,0.42660970500128315,46,2028,1.2695266956250013,0.02606752556009819,0.6913909117032053,0.7207722291277393,0.0035693334401277646,0.0,0.32838589981447125,0.008812615955473098,0.37987012987012986,0.2829313543599258
moe_no_balance,61,81,0.025790715430641927,0.06856433619447946,1.0,0.9832869080779945,0.5851627609999923,0.43253412500143895,46,2028,1.2626506409816018,0.025790715430641927,0.6910180569388843,0.72116195323739,,,0.3269944341372913,0.007884972170686457,0.37337662337662336,0.2917439703153989
moe_no_balance,62,82,0.02525846375541663,0.06806115414911308,0.9990723562152134,0.9860724233983287,0.5929060339999523,0.43806640600132596,46,2028,1.2630622261825486,0.02525846375541663,0.688676112124374,0.7194966947167503,,,0.32792207792207795,0.007884972170686457,0.37244897959183676,0.2917439703153989
moe_no_balance,63,83,0.02516357160069714,0.06713548040725019,0.9990723562152134,0.9860724233983287,0.6005280350000248,0.4435791080013587,46,2028,1.254284746371329,0.02516357160069714,0.6896044907436767,0.7228158920777039,,,0.3181818181818182,0.006493506493506494,0.37012987012987014,0.3051948051948052
moe_no_balance,64,84,0.024279865489009136,0.06893937375408883,1.0,0.9805013927576601,0.6082628049998675,0.44927565600119124,46,2028,1.2911641691598568,0.024279865489009136,0.676832159758153,0.7081392258435247,,,0.3274582560296846,0.00927643784786642,0.3942486085343228,0.2690166975881262
moe_no_balance,65,85,0.02388183373350039,0.06673370697757082,1.0,0.9860724233983287,0.6155441539999629,0.4547355690015138,46,2028,1.2674764507897833,0.02388183373350039,0.6815100446525978,0.7146957998165182,,,0.3246753246753247,0.006957328385899814,0.3761595547309833,0.2922077922077922
moe_no_balance,66,86,0.023473689142154957,0.06741303678683079,0.9990723562152134,0.9860724233983287,0.6231001659998583,0.46026700800121034,46,2028,1.2616322323917641,0.023473689142154957,0.6808224827382997,0.7146403519062045,,,0.32792207792207795,0.006957328385899814,0.3673469387755102,0.29777365491651203
moe_no_balance,67,87,0.02285964580606604,0.06683618106375086,1.0,0.9860724233983287,0.6307367290000911,0.4659897260012258,46,2028,1.2689824506427931,0.02285964580606604,0.6772115367125424,0.7117483976346786,,,0.3269944341372913,0.006957328385899814,0.37430426716141,0.2917439703153989
moe_no_balance,68,88,0.0225854745621641,0.06646136161805863,1.0,0.9860724233983287,0.6395356879997962,0.4728773940009887,46,2028,1.2667374746979454,0.0225854745621641,0.6758070938948706,0.7109810142429793,,,0.32653061224489793,0.0074211502782931356,0.3719851576994434,0.2940630797773655
moe_no_balance,69,89,0.021693322405813415,0.06618800925901992,1.0,0.9860724233983287,0.6470395110000027,0.4781359240009806,46,2028,1.2718637939602657,0.021693322405813415,0.6724871966452128,0.7082125914090532,,,0.32189239332096475,0.0074211502782931356,0.37940630797773656,0.2912801484230056
moe_no_balance,70,90,0.021624627991023826,0.0661951505609874,1.0,0.9860724233983287,0.6574438719999307,0.4865537100013171,46,2028,1.2593626133133669,0.021624627991023826,0.67397813479761,0.711106911923309,,,0.32189239332096475,0.006493506493506494,0.36688311688311687,0.3047309833024119
moe_no_balance,71,91,0.021057481498381936,0.06577580999359606,1.0,0.9860724233983287,0.6651702700000897,0.49216120500159377,46,2028,1.2633460254552171,0.021057481498381936,0.6710076772740505,0.7083540632964425,,,0.3228200371057514,0.006493506493506494,0.3692022263450835,0.3014842300556586
moe_no_balance,72,92,0.02099640517124629,0.0662384806796817,1.0,0.9860724233983287,0.6731598729998041,0.4981328170015331,46,2028,1.2774538758401266,0.02099640517124629,0.6652452969754712,0.7024604117335279,,,0.3246753246753247,0.008348794063079777,0.3803339517625232,0.28664192949907236
moe_no_balance,73,93,0.020481934876679406,0.06465400469473945,1.0,0.9860724233983287,0.6804938509999374,0.5036581980016308,46,2028,1.2765524049743857,0.020481934876679406,0.6639153764202848,0.7020344580966981,,,0.323747680890538,0.006957328385899814,0.37940630797773656,0.2898886827458256
moe_no_balance,74,94,0.02019314164687506,0.06468846731823959,1.0,0.9860724233983287,0.6884445559999222,0.5096382220017404,46,2028,1.2619967486010388,0.02019314164687506,0.6664988327513843,0.7067674724076423,,,0.3186456400742115,0.0055658627087198514,0.3682745825602968,0.3075139146567718
moe_no_balance,75,95,0.01990991111548033,0.06543797563277455,1.0,0.9888579387186629,0.6958249340000293,0.5150806780015955,46,2028,1.2714110102471015,0.01990991111548033,0.6621959237944479,0.7017342174928907,,,0.323747680890538,0.006957328385899814,0.3738404452690167,0.29545454545454547
moe_no_balance,76,96,0.019349105813642492,0.06641873568201603,1.0,0.9832869080779945,0.7033031589999155,0.5207245570018131,46,2028,1.2632980292876064,0.019349105813642492,0.6628936398578793,0.7039631380680246,,,0.3209647495361781,0.0055658627087198514,0.3673469387755102,0.30612244897959184
moe_no_balance,77,97,0.019099610849483188,0.06532444458452569,1.0,0.9888579387186629,0.7115112000001318,0.5267204440019668,46,2028,1.2848891900372281,0.019099610849483188,0.6548325664965665,0.6949388743467997,,,0.32606679035250463,0.007884972170686457,0.3821892393320965,0.28385899814471244
moe_no_balance,78,98,0.018847315521767046,0.06471351894005195,1.0,0.9888579387186629,0.7194439579998289,0.5327596170018296,46,2028,1.2774824566685992,0.018847315521767046,0.6551793769012946,0.6964728506245716,,,0.3228200371057514,0.006493506493506494,0.37755102040816324,0.29313543599257885
moe_no_balance,79,99,0.01831119340457685,0.06578630600650026,1.0,0.9832869080779945,0.7270587689999957,0.5384525900017252,46,2028,1.2643865902054052,0.01831119340457685,0.6572630115278787,0.6997472593658294,,,0.323747680890538,0.0055658627087198514,0.36410018552875695,0.30658627087198514
moe_no_balance,80,100,0.01803245266041285,0.06368534062760897,1.0,0.9888579387186629,0.734793849000198,0.5441656330017395,46,2028,1.2692169151723722,0.01803245266041285,0.6544494985995251,0.6978911883585586,0.0027616190641598865,0.0,0.3172541743970315,0.006029684601113173,0.37291280148423006,0.3038033395176252
scratch_continue,0,20,0.1141820548595767,0.14591494662811474,0.9823747680890538,0.9637883008356546,0.0011077640001531108,0.0,46,2028,1.1184445790110402,0.1253665006496871,0.8477232181061071,0.8592461393358578,0.04059477268480743,0.005826842264079018,0.20222634508348794,0.14285714285714285,0.25834879406307976,0.3965677179962894
scratch_continue,1,21,0.10609574012403956,0.13937781218444453,0.9814471243042672,0.9637883008356546,0.012318535999838787,0.006049137999980303,46,2028,1.1150199783857695,0.11724593990789726,0.8436838972704455,0.8565854870121123,,,0.20269016697588127,0.14471243042671614,0.25834879406307976,0.3942486085343228
scratch_continue,2,22,0.0979322570384661,0.13835170763563637,0.9842300556586271,0.9637883008356546,0.02057923700022002,0.01224936299968249,46,2028,1.1055569993412542,0.10898782703187865,0.8408754369782317,0.8547636792124521,,,0.21196660482374768,0.1525974025974026,0.24675324675324675,0.38868274582560297
scratch_continue,3,23,0.09238797918173017,0.1322710350850947,0.987012987012987,0.9637883008356546,0.028771865000180696,0.018628556999829016,46,2028,1.1151618587369272,0.10353959776909943,0.8328926867949769,0.8494833148096701,,,0.1924860853432282,0.14795918367346939,0.2694805194805195,0.39007421150278293
scratch_continue,4,24,0.09049779495983588,0.14299575196356593,0.9833024118738405,0.9610027855153204,0.03716823900003874,0.024687509999694157,46,2028,1.0976929031374274,0.10147472399121016,0.8347292089797704,0.8517984329996398,,,0.19573283858998144,0.15166975881261596,0.27087198515769945,0.3817254174397032
scratch_continue,5,25,0.08331711719489432,0.13938013385036907,0.9879406307977736,0.9610027855153204,0.04982647199994972,0.03377575399963462,46,2028,1.0927609032237695,0.09424472622713201,0.8310764867484647,0.8489597835310502,,,0.22912801484230055,0.15120593692022263,0.24165120593692022,0.3780148423005566
scratch_continue,6,26,0.08031996377943203,0.14237487421787828,0.9888682745825603,0.9637883008356546,0.06061970700011443,0.04184756099948572,46,2028,1.0860368997787544,0.09118033277721957,0.8288738262000895,0.8475267787746424,,,0.21335807050092764,0.1525974025974026,0.26113172541743973,0.37291280148423006
scratch_continue,7,27,0.07829494485391573,0.14342302019074316,0.9879406307977736,0.9637883008356546,0.07234606400015764,0.05093160899969007,46,2028,1.0750706599401036,0.08904565145331678,0.8283250856571198,0.8477200287442839,,,0.22495361781076068,0.15955473098330242,0.25,0.3654916512059369
scratch_continue,8,28,0.07606572410612081,0.13917914762303257,0.9907235621521335,0.9693593314763231,0.0823343299998669,0.058593659999587544,46,2028,1.0805798416774586,0.0868715225228954,0.8225237960550731,0.8438848624752323,,,0.21567717996289426,0.14656771799628943,0.275974025974026,0.36178107606679033
scratch_continue,9,29,0.0713391033796611,0.1294725876882553,0.9935064935064936,0.9693593314763231,0.09220472900005916,0.06608396299952801,46,2028,1.0643840761780388,0.08198294414144149,0.8215202891623637,0.8430258841089893,,,0.22912801484230055,0.17764378478664192,0.23098330241187384,0.3622448979591837
scratch_continue,10,30,0.06630056017490538,0.13997806176248945,0.9916512059369202,0.9665738161559888,0.10252694600012546,0.07404342099925998,46,2028,1.0726550234390209,0.07702711040929558,0.8135365143088282,0.8366746029512493,,,0.21150278293135436,0.16512059369202226,0.2588126159554731,0.3645640074211503
scratch_continue,11,31,0.06669919537991885,0.13218313705180695,0.9925788497217068,0.9721448467966574,0.11292388599986225,0.08203431599895339,46,2028,1.0646192943566597,0.07734538832348545,0.8120529494705201,0.8360693827666977,,,0.22263450834879406,0.16280148423005567,0.2597402597402597,0.35482374768089053
scratch_continue,12,32,0.06537156219025993,0.1349281795010311,0.9916512059369202,0.9721448467966574,0.12332021600013832,0.09001216199885675,46,2028,1.0608737540304767,0.0759802997305647,0.8102446207537306,0.834479883913941,,,0.20269016697588127,0.17393320964749537,0.2699443413729128,0.3534322820037106
scratch_continue,13,33,0.06728296816701863,0.13388293666170478,0.9907235621521335,0.9721448467966574,0.13355608300025779,0.09795640699894648,46,2028,1.058381904365824,0.07786678721067687,0.8076095883614067,0.8325942861313579,,,0.20686456400742115,0.17161410018552875,0.27133580705009275,0.35018552875695735
scratch_continue,14,34,0.057775513545525764,0.1126528598532428,0.9935064935064936,0.9721448467966574,0.14161362799995914,0.1040531359990382,46,2028,1.0662628262590388,0.06843814180811615,0.8009628922000026,0.8279854155683792,,,0.19387755102040816,0.1859925788497217,0.25463821892393323,0.3654916512059369
scratch_continue,15,35,0.05599115829956085,0.13324729286174944,0.9944341372912802,0.9721448467966574,0.14958725799988315,0.10989188799931071,46,2028,1.0583559013040438,0.06657471731260128,0.798817919024447,0.8264336173098323,,,0.21614100185528756,0.1679035250463822,0.2662337662337662,0.349721706864564
scratch_continue,16,36,0.05696197539887876,0.11026866591281533,0.9925788497217068,0.9693593314763231,0.1572409760001392,0.11557618799906777,46,2028,1.0511252882123023,0.06747322828100179,0.7969588655328789,0.8257929618561152,,,0.21057513914656772,0.1901669758812616,0.24628942486085342,0.3529684601113173
scratch_continue,17,37,0.05348063002641526,0.12525831682658414,0.9935064935064936,0.9749303621169917,0.16968248800003494,0.12509266499910154,46,2028,1.058015961774277,0.06406078964415803,0.7913886672379153,0.8217523660685631,,,0.2189239332096475,0.16743970315398887,0.2653061224489796,0.34833024118738404
scratch_continue,18,38,0.050569277264075944,0.11024494984632949,0.9944341372912802,0.9693593314763231,0.18196141499993246,0.13496817099894542,46,2028,1.0549754306320354,0.0611190315703963,0.7908741726740507,0.8212442776007429,,,0.20222634508348794,0.1813543599257885,0.2634508348794063,0.3529684601113173
scratch_continue,19,39,0.049527925595450065,0.1258918069629968,0.9944341372912802,0.9721448467966574,0.19556052100006127,0.14534786499871188,46,2028,1.0572804157591322,0.060100729753041385,0.7870482019767775,0.818594797624768,,,0.21196660482374768,0.1683673469387755,0.2717996289424861,0.34786641929499074
scratch_continue,20,40,0.04714416163929777,0.12126432606876665,0.9953617810760668,0.9749303621169917,0.20671731199990973,0.15429506599866727,46,2028,1.0505721129709238,0.05764988276900701,0.786131069366445,0.8178742680488937,0.016072373811709017,0.0032033818368608366,0.2230983302411874,0.1702226345083488,0.26484230055658625,0.34183673469387754
scratch_continue,21,41,0.046091203431689196,0.12184923301530347,0.9972170686456401,0.9777158774373259,0.21843276200024775,0.1609308849988338,46,2028,1.0448752513998785,0.05653995594568798,0.7858923224639386,0.8172294963047362,,,0.2230983302411874,0.17439703153988867,0.26391465677179965,0.3385899814471243
scratch_continue,22,42,0.047462990608441204,0.10462993896497357,0.9925788497217068,0.9749303621169917,0.22776724599998488,0.1679990739985442,46,2028,1.0367454791707307,0.05783044540014851,0.7853680629520001,0.8171265914248903,,,0.21753246753246752,0.19341372912801486,0.2504638218923933,0.3385899814471243
scratch_continue,23,43,0.04307054676846621,0.1207749533541302,0.9962894248608535,0.9805013927576601,0.23554882700000235,0.17385156699856452,46,2028,1.0533259473899912,0.05360380624236612,0.7773287177555853,0.8116523110389203,,,0.21335807050092764,0.16975881261595546,0.2717996289424861,0.3450834879406308
scratch_continue,24,44,0.04080860527775713,0.12483908196037763,0.9972170686456401,0.9777158774373259,0.2437306689998877,0.1801459329985846,46,2028,1.0455115695389352,0.05126372097314648,0.7781971825833622,0.8118734855257526,,,0.21382189239332097,0.17717996289424862,0.26716141001855287,0.34183673469387754
scratch_continue,25,45,0.04060648214623258,0.09922339300195257,0.9962894248608535,0.9749303621169917,0.25195366300022215,0.18608760999859442,46,2028,1.0401097696344592,0.05100757984257717,0.7773620744933699,0.8110298621439729,,,0.2189239332096475,0.18089053803339517,0.26391465677179965,0.3362708719851577
scratch_continue,26,46,0.03939231201929324,0.10271337152644053,0.9962894248608535,0.9805013927576601,0.26145369500000015,0.19320203799861702,46,2028,1.0394439368108574,0.049786751387401816,0.7746421039607603,0.8097803481148556,,,0.24211502782931354,0.17207792207792208,0.2560296846011132,0.3297773654916512
scratch_continue,27,47,0.03925010303095011,0.09923942128823542,0.9962894248608535,0.9777158774373259,0.27112153999996735,0.20029052699874228,46,2028,1.0395414915277428,0.04964551794622754,0.773274468823179,0.8076952442759935,,,0.21057513914656772,0.18320964749536178,0.2717996289424861,0.3344155844155844
scratch_continue,28,48,0.03728636941788015,0.0994663838587204,0.9972170686456401,0.9805013927576601,0.2797426219999579,0.20705559099906168,46,2028,1.0343647901295718,0.04763001731917586,0.7732229722286518,0.8083905405528651,,,0.23933209647495363,0.17717996289424862,0.25463821892393323,0.32884972170686455
scratch_continue,29,49,0.035465411968227424,0.09513865575923035,0.9972170686456401,0.9805013927576601,0.2901397220002764,0.21504454299883946,46,2028,1.0435713918787861,0.04590112588701528,0.7688074993967355,0.8051459070412509,,,0.21521335807050093,0.174860853432282,0.2717996289424861,0.33812615955473097
scratch_continue,30,50,0.034309840361187574,0.09767573985259233,0.9972170686456401,0.9805013927576601,0.3002563109998846,0.22301084099854052,46,2028,1.0378130780645116,0.04468797114183269,0.7682998152182111,0.8049170286451293,,,0.2342300556586271,0.17393320964749537,0.2602040816326531,0.33163265306122447
scratch_continue,31,51,0.033510638081743434,0.09824634254447019,0.9972170686456401,0.9805013927576601,0.31338451400006306,0.23316173199827972,46,2028,1.0343759267039625,0.04385439734878306,0.7674616906018664,0.8044163929176218,,,0.23747680890538034,0.1767161410018553,0.25742115027829315,0.32838589981447125
scratch_continue,32,52,0.03219023539404868,0.09466371649556038,0.9972170686456401,0.9805013927576601,0.3263917650001531,0.24222744199823865,46,2028,1.0359161056095416,0.0425493964501441,0.7656712198158032,0.8025261173401497,,,0.22170686456400743,0.17857142857142858,0.2690166975881262,0.33070500927643787
scratch_continue,33,53,0.031296522653259995,0.0936607175128483,0.9972170686456401,0.9805013927576601,0.3357707059999484,0.2494097229982799,46,2028,1.036242434829719,0.04165894700155719,0.7643902616907428,0.8018113656578377,,,0.21846011131725418,0.18089053803339517,0.2680890538033395,0.3325602968460111
scratch_continue,34,54,0.03013595360358198,0.09516003452485217,0.9972170686456401,0.9805013927576601,0.3458116900001187,0.25694398099813043,46,2028,1.0356441146403808,0.04049239474998579,0.7629550475981625,0.8012624422992726,,,0.22820037105751392,0.17625231910946196,0.2662337662337662,0.3293135435992579
scratch_continue,35,55,0.029717640271226566,0.09492607046947119,0.9972170686456401,0.9805013927576601,0.3555298109999967,0.2644330729981448,46,2028,1.0324500373225,0.040042140644451565,0.7628159100924213,0.8007463006840032,,,0.22495361781076068,0.17857142857142858,0.27040816326530615,0.32606679035250463
scratch_continue,36,56,0.02840818847995837,0.09241329480802084,0.9972170686456401,0.9805013927576601,0.36452264099989407,0.27141090599843665,46,2028,1.030215838945971,0.03871034686941808,0.761915408958997,0.8003995796862617,,,0.22680890538033396,0.18181818181818182,0.262987012987013,0.32838589981447125
scratch_continue,37,57,0.028043993402457057,0.09233345127811445,0.9972170686456401,0.9805013927576601,0.3739972650000709,0.27859114299826615,46,2028,1.0336144862818373,0.03838013826527543,0.7593985205731152,0.7984700911777248,,,0.2230983302411874,0.17857142857142858,0.2694805194805195,0.32884972170686455
scratch_continue,38,58,0.0271951754459272,0.09576376291287332,0.9972170686456401,0.9805013927576601,0.38367750799989153,0.2856074129986155,46,2028,1.029371127569977,0.03748888672162697,0.7593846059434252,0.7980300709984002,,,0.23144712430426717,0.17857142857142858,0.26716141001855287,0.3228200371057514
scratch_continue,39,59,0.02663798777438048,0.09304268309012641,0.9972170686456401,0.9805013927576601,0.3930862639999759,0.29277286799833746,46,2028,1.0343808768597678,0.03698179654297816,0.7567705826023462,0.796043537646636,,,0.22170686456400743,0.174860853432282,0.2787569573283859,0.3246753246753247
scratch_continue,40,60,0.028555729563369346,0.09351426158891503,0.9972170686456401,0.9805013927576601,0.40324519600017084,0.2998303209983533,46,2028,1.0278909731020327,0.03883463929438967,0.7568679983607615,0.7956968363546003,0.011775400371713199,0.00232000187352293,0.22912801484230055,0.1813543599257885,0.2717996289424861,0.3177179962894249
scratch_continue,41,61,0.025899129668052648,0.094866546459146,0.9981447124304267,0.9805013927576601,0.4212306770000396,0.3121234899981573,46,2028,1.0353307500661657,0.036252437168714305,0.7532694197745665,0.7932398145559036,,,0.22912801484230055,0.16975881261595546,0.2815398886827458,0.31957328385899814
scratch_continue,42,62,0.024693335994114194,0.09267807648632381,0.9972170686456401,0.9777158774373259,0.4317638010002156,0.31952687299781246,46,2028,1.0289580373013683,0.03498291636712787,0.7535142466229977,0.7936556157956558,,,0.22217068645640073,0.18320964749536178,0.27040816326530615,0.32421150278293137
scratch_continue,43,63,0.025017062242036963,0.09673692392216329,0.9972170686456401,0.9777158774373259,0.44239968000010776,0.3277967369981525,46,2028,1.0275572915855495,0.03529263515789246,0.7520119085728956,0.791727884684365,,,0.23283858998144713,0.17810760667903525,0.2750463821892393,0.3140074211502783
scratch_continue,44,64,0.024174680144557145,0.09329165742013555,0.9981447124304267,0.9805013927576601,0.4528021189998981,0.3363581299981888,46,2028,1.026113139744549,0.034435811542002634,0.7506594284368207,0.7908563534369933,,,0.23191094619666047,0.18089053803339517,0.2717996289424861,0.31539888682745826
scratch_continue,45,65,0.0233878180033937,0.09082201467407398,0.9990723562152134,0.9805013927576601,0.46118902900025205,0.34268319299826544,46,2028,1.0256254969491994,0.03364407297288569,0.7486682333113283,0.7890991242395535,,,0.23098330241187384,0.18089053803339517,0.2750463821892393,0.31307977736549164
scratch_continue,46,66,0.0238394186186628,0.08935845501068736,0.9972170686456401,0.9805013927576601,0.46992498300005536,0.3491656119981599,46,2028,1.0235447423294222,0.03407486604195702,0.7480064838701836,0.7890225893851283,,,0.22866419294990722,0.18552875695732837,0.27087198515769945,0.31493506493506496
scratch_continue,47,67,0.023107011313096504,0.09224434559679148,0.9981447124304267,0.9805013927576601,0.47824580399992556,0.3553633029982848,46,2028,1.0243676465897356,0.03335068777899386,0.7459456109625218,0.7867114653502512,,,0.23144712430426717,0.18274582560296845,0.2792207792207792,0.30658627087198514
scratch_continue,48,68,0.022039158074089158,0.08228426398139631,0.9981447124304267,0.9832869080779945,0.48676242900000943,0.3617228669982069,46,2028,1.021163350535729,0.03225079157944645,0.745817132529474,0.7867331802596598,,,0.22820037105751392,0.18692022263450836,0.275974025974026,0.30890538033395176
scratch_continue,49,69,0.021410563844892098,0.08226795026921868,0.9990723562152134,0.9805013927576601,0.4967949110000518,0.3695677719979358,46,2028,1.0214204598025665,0.03162476844291776,0.7442794211923447,0.7855595366877967,,,0.22912801484230055,0.1859925788497217,0.27782931354359924,0.3070500927643785
scratch_continue,50,70,0.02084105662293436,0.08421472667213153,0.9990723562152134,0.9832869080779945,0.5057142810001096,0.3757723439975962,46,2028,1.024491217264489,0.031085968795579254,0.7415315374217539,0.7834472075083632,,,0.2305194805194805,0.1813543599257885,0.28339517625231914,0.3047309833024119
scratch_continue,51,71,0.020141827173663043,0.08217268369764938,0.9990723562152134,0.9832869080779945,0.5154952759999105,0.38295299199762667,46,2028,1.0189113307955815,0.030330940481618857,0.7421486563611891,0.7841749780490392,,,0.2323747680890538,0.18877551020408162,0.2722634508348794,0.30658627087198514
scratch_continue,52,72,0.019609178149555127,0.08389916722102773,0.9990723562152134,0.9805013927576601,0.5236344429999917,0.38906385299742396,46,2028,1.021380644885494,0.02982298459841007,0.7401204808292391,0.782229710747468,,,0.22912801484230055,0.1859925788497217,0.27968460111317256,0.3051948051948052
scratch_continue,53,73,0.01909248275177292,0.08264796368515318,0.9990723562152134,0.9832869080779945,0.5318277229998785,0.39506495899786387,46,2028,1.0216373408169526,0.029308856159942442,0.7389564885451018,0.7814160884509351,,,0.22541743970315398,0.18645640074211503,0.2815398886827458,0.30658627087198514
scratch_continue,54,74,0.01809429661110429,0.08282241036536618,0.9990723562152134,0.9832869080779945,0.541022847000022,0.4023178059978818,46,2028,1.0191854749571978,0.02828615136067627,0.738421973525319,0.7805760403090418,,,0.22912801484230055,0.18923933209647495,0.2810760667903525,0.300556586270872
scratch_continue,55,75,0.017796824482274282,0.0842213074388317,0.9990723562152134,0.9832869080779945,0.5509304520001024,0.40995186499776537,46,2028,1.0182847728760116,0.0279796722110344,0.7373193906704535,0.7795015520199599,,,0.2342300556586271,0.187847866419295,0.27968460111317256,0.2982374768089054
scratch_continue,56,76,0.0176607846473175,0.08365375607470439,0.9990723562152134,0.9805013927576601,0.5593082579998736,0.41624678199787013,46,2028,1.0212726301781148,0.027873510949098648,0.7352943210620222,0.7784394076150394,,,0.22634508348794063,0.187847866419295,0.28432282003710574,0.3014842300556586
scratch_continue,57,77,0.01699156772323368,0.08272285686046099,0.9990723562152134,0.9832869080779945,0.5677976120000494,0.4224724159980724,46,2028,1.0179368781679763,0.027170936504913444,0.7351838025269334,0.7782803500784031,,,0.22912801484230055,0.19109461966604824,0.2787569573283859,0.3010204081632653
scratch_continue,58,78,0.016440569112282005,0.08305398691369549,0.9990723562152134,0.9805013927576601,0.5765317139998842,0.4292997629981983,46,2028,1.014937206123487,0.026589941173516873,0.7346522237913846,0.777752770068621,,,0.23562152133580705,0.19294990723562153,0.27319109461966606,0.2982374768089054
scratch_continue,59,79,0.01821415937537276,0.08295752053276656,0.9972170686456401,0.9805013927576601,0.5849768409998433,0.43542588599848386,46,2028,1.0162481873571196,0.028376641248943957,0.7330204661351054,0.7764060178573671,,,0.22912801484230055,0.19387755102040816,0.27782931354359924,0.29916512059369205
scratch_continue,60,80,0.01732604786134652,0.08386911901461618,0.9981447124304267,0.9805013927576601,0.5932931960001042,0.44161638699824834,46,2028,1.0150574386462932,0.027476622247809453,0.7316941761143515,0.7750501983815935,0.009371626157950763,0.0016495054919238152,0.237012987012987,0.19341372912801486,0.27690166975881264,0.29267161410018555
scratch_continue,61,81,0.01671671599895144,0.08210563383618089,0.9981447124304267,0.9805013927576601,0.6077072210000551,0.45003541599817254,46,2028,1.014466543982445,0.026861381438775887,0.730707132642369,0.7748505295207194,,,0.23191094619666047,0.19526901669758812,0.27319109461966606,0.29962894248608535
scratch_continue,62,82,0.017092156352137334,0.08540073248103312,0.9981447124304267,0.9805013927576601,0.6166248580002502,0.4570088529981149,46,2028,1.0148504136513763,0.0272406604886511,0.7290005471687091,0.7725955867209688,,,0.23469387755102042,0.19573283858998144,0.28014842300556586,0.2894248608534323
scratch_continue,63,83,0.01608632138573506,0.08109170208662084,0.9981447124304267,0.9777158774373259,0.6246301549999771,0.4631307799982096,46,2028,1.0169339122961378,0.02625566050869644,0.7271798664768034,0.7724316050386882,,,0.22170686456400743,0.19666048237476808,0.28014842300556586,0.3014842300556586
scratch_continue,64,84,0.015881744791914145,0.0836348056082219,1.0,0.9749303621169917,0.6325376849999884,0.4691616609979974,46,2028,1.0156798982567583,0.026038543774481726,0.7257515506680055,0.7703882885972098,,,0.2212430426716141,0.2017625231910946,0.28432282003710574,0.29267161410018555
scratch_continue,65,85,0.015112019606264977,0.08381667124593165,1.0,0.9777158774373259,0.6408120860000963,0.47539078999807316,46,2028,1.0129083354305055,0.02524110296057003,0.7251855302970731,0.770485785403195,,,0.2388682745825603,0.19619666048237477,0.27365491651205937,0.2912801484230056
scratch_continue,66,86,0.014652157455983448,0.08127380563143548,0.9990723562152134,0.9777158774373259,0.6503102760002548,0.48280865399829054,46,2028,1.0175164408073647,0.024827321864057096,0.7222306154798256,0.768825303651446,,,0.21428571428571427,0.20037105751391465,0.28339517625231914,0.30194805194805197
scratch_continue,67,87,0.014171550775410963,0.08329972519741953,1.0,0.9777158774373259,0.6588831250001022,0.4889394549982171,46,2028,1.0133253344688458,0.024304804120099423,0.7216927318808084,0.7677516358070884,,,0.23469387755102042,0.19758812615955473,0.2764378478664193,0.2912801484230056
scratch_continue,68,88,0.01367419911886817,0.08256767802409544,1.0,0.9777158774373259,0.6665443649999361,0.49463219699828187,46,2028,1.0117770002533373,0.023791969121401545,0.7207515415868319,0.7672524785417545,,,0.23283858998144713,0.2012987012987013,0.2727272727272727,0.29313543599257885
scratch_continue,69,89,0.013266831908460171,0.07860088552727289,1.0,0.9777158774373259,0.675369203000173,0.5011639999984254,46,2028,1.0113209130146252,0.023380041038606424,0.7198848022848404,0.7668443252503948,,,0.22959183673469388,0.20315398886827457,0.2717996289424861,0.29545454545454547
scratch_continue,70,90,0.013029562096971497,0.07917552484804619,1.0,0.9777158774373259,0.6833333680001488,0.5070838939982423,46,2028,1.0114865927724992,0.02314442802469649,0.7183764390232805,0.7655127273743765,,,0.23515769944341372,0.20083487940630798,0.2727272727272727,0.2912801484230056
scratch_continue,71,91,0.012769317315134462,0.07932557403268527,1.0,0.9749303621169917,0.6919283209999776,0.5137251419982931,46,2028,1.0096285417387494,0.02286560273252196,0.7176749525473947,0.7647398915609704,,,0.24072356215213359,0.2017625231910946,0.2690166975881262,0.2884972170686456
scratch_continue,72,92,0.012668169602659502,0.07819011872981685,1.0,0.9749303621169917,0.6996718539999165,0.5194856659982179,46,2028,1.0110136186408691,0.02277830578906819,0.7158625339681888,0.7638116291123856,,,0.22356215213358072,0.20732838589981448,0.27365491651205937,0.29545454545454547
scratch_continue,73,93,0.012153059603073021,0.07800739327755495,1.0,0.9777158774373259,0.7079802260000179,0.5259659619982813,46,2028,1.008847042941154,0.02224153003248456,0.7155235310621759,0.763258706939503,,,0.2342300556586271,0.20686456400742115,0.2694805194805195,0.2894248608534323
scratch_continue,74,94,0.01213827530047275,0.07768658059970983,1.0,0.9777158774373259,0.7167628709999008,0.5326958229979937,46,2028,1.0110673055161883,0.02224894835563463,0.7135279278515384,0.7619730510117435,,,0.22912801484230055,0.20454545454545456,0.2727272727272727,0.29359925788497215
scratch_continue,75,95,0.018274588948565686,0.07886395874761094,0.9990723562152134,0.9749303621169917,0.7245852229998491,0.5383709179977814,46,2028,1.0070819346217792,0.028345408294783478,0.7135713272551131,0.761747719694835,,,0.24165120593692022,0.20640074211502782,0.2653061224489796,0.28664192949907236
scratch_continue,76,96,0.013196560931248321,0.07576417668591241,1.0,0.9777158774373259,0.7329948770002375,0.5449186249975355,46,2028,1.0047200765270652,0.023243761696518973,0.7144390826966754,0.7635281883992086,,,0.21753246753246752,0.22727272727272727,0.26437847866419295,0.29081632653061223
scratch_continue,77,97,0.011351483708688834,0.07449752421227453,1.0,0.9832869080779945,0.7407499979999557,0.5506940229975044,46,2028,1.0098769820847606,0.021450253529536438,0.7095755738628859,0.7586883710238468,,,0.2300556586270872,0.20640074211502782,0.27087198515769945,0.29267161410018555
scratch_continue,78,98,0.011157106512885507,0.0760297877132155,1.0,0.9832869080779945,0.7498586619999514,0.55748656799733,46,2028,1.0123968053330987,0.021281074566216494,0.7070692872571293,0.7565405532003726,,,0.23654916512059368,0.19805194805194806,0.274582560296846,0.29081632653061223
scratch_continue,79,99,0.015372963686206933,0.07702584987329317,0.9990723562152134,0.9777158774373259,0.7587491489998683,0.5639046199976292,46,2028,1.0042744248023787,0.02541570793423072,0.7088523249441517,0.7578207208059256,,,0.23794063079777367,0.21382189239332097,0.2625231910946197,0.2857142857142857
scratch_continue,80,100,0.010351669292285542,0.07682960756554773,1.0,0.9749303621169917,0.7666713710000295,0.5698910539977078,46,2028,1.0049182426203038,0.02040085171848858,0.707570258645648,0.7571112112456879,0.004068088917024967,0.0012390359022150374,0.23283858998144713,0.21428571428571427,0.262987012987013,0.2898886827458256
