phase,epoch,global_epoch,train_ce,val_ce,train_accuracy,val_accuracy,elapsed_seconds,training_seconds,seed,split_seed,balance_loss,objective,router_entropy_normalized,selected_gate_entropy_normalized,task_router_grad_l2,aux_router_grad_l2,expert_0_assignment_share,expert_1_assignment_share,expert_2_assignment_share,expert_3_assignment_share
linear_pretrain,0,0,2.3074361476470697,2.3069994850880766,0.15213358070500926,0.14206128133704735,0.00032287500016536796,0.0,44,2027,,,,,,,,,,
linear_pretrain,1,1,1.476734900394339,1.4956449529864264,0.8812615955473099,0.8495821727019499,0.0019904790001419315,0.0013988010000502982,44,2027,,,,,,,,,,
linear_pretrain,2,2,0.9732084064627156,1.012275741264093,0.9239332096474954,0.871866295264624,0.003652745000181312,0.0028099000001020613,44,2027,,,,,,,,,,
linear_pretrain,3,3,0.7083675198499166,0.7598403506942247,0.9322820037105751,0.8746518105849582,0.005224976000135939,0.004098644999885437,44,2027,,,,,,,,,,
linear_pretrain,4,4,0.5579926421776439,0.6162744361587748,0.9387755102040817,0.8802228412256268,0.0066451689999667,0.0052713459999722545,44,2027,,,,,,,,,,
linear_pretrain,5,5,0.46643735293941224,0.5315186756537708,0.9443413729128015,0.8913649025069638,0.008449278000171034,0.00682944599975599,44,2027,,,,,,,,,,
linear_pretrain,6,6,0.40432729854157073,0.47533703867435356,0.9499072356215214,0.8913649025069638,0.010313277000022936,0.008424391000062315,44,2027,,,,,,,,,,
linear_pretrain,7,7,0.35957133048044837,0.4332860532934428,0.9499072356215214,0.9080779944289693,0.012057906999871193,0.009800207000353112,44,2027,,,,,,,,,,
linear_pretrain,8,8,0.32442323453778465,0.400215304122201,0.9545454545454546,0.9136490250696379,0.013759091999872908,0.011254651000399463,44,2027,,,,,,,,,,
linear_pretrain,9,9,0.2968951915714377,0.3749024676655556,0.9564007421150278,0.9136490250696379,0.015755599999920378,0.013002196000343247,44,2027,,,,,,,,,,
linear_pretrain,10,10,0.27359830707506666,0.3545428366580136,0.9601113172541744,0.9220055710306406,0.01747407099992415,0.014472794000084832,44,2027,,,,,,,,,,
linear_pretrain,11,11,0.25447224287472026,0.3370277886714317,0.961038961038961,0.9220055710306406,0.01925250100021003,0.015865405000113242,44,2027,,,,,,,,,,
linear_pretrain,12,12,0.2382206709137586,0.32051454329854717,0.9647495361781077,0.924791086350975,0.02099970500012205,0.01736467700038702,44,2027,,,,,,,,,,
linear_pretrain,13,13,0.22414807585256072,0.3089238640903063,0.9675324675324676,0.924791086350975,0.023041090999868175,0.019102797000414284,44,2027,,,,,,,,,,
linear_pretrain,14,14,0.21224689789424936,0.2959769863767999,0.9675324675324676,0.924791086350975,0.02482195499987938,0.020572984000409633,44,2027,,,,,,,,,,
linear_pretrain,15,15,0.2019439528633924,0.28702022232972946,0.9684601113172542,0.9303621169916435,0.0264656429999377,0.02185905600026672,44,2027,,,,,,,,,,
linear_pretrain,16,16,0.19163075637936575,0.27789767366020945,0.9703153988868275,0.9303621169916435,0.028059096000106365,0.023136153000450577,44,2027,,,,,,,,,,
linear_pretrain,17,17,0.18316242837261196,0.27036187186318233,0.9730983302411874,0.9303621169916435,0.02981205800006137,0.024629946000459313,44,2027,,,,,,,,,,
linear_pretrain,18,18,0.17534931569726644,0.26222545523774915,0.9721706864564007,0.9303621169916435,0.03161550599998009,0.02618750500050737,44,2027,,,,,,,,,,
linear_pretrain,19,19,0.1682171114215673,0.25453485231536344,0.9749536178107606,0.9331476323119777,0.03339488800020263,0.027639926000574633,44,2027,,,,,,,,,,
linear_pretrain,20,20,0.16157695281654902,0.24998582254489862,0.9768089053803339,0.9331476323119777,0.03510306299995136,0.029053058000499732,44,2027,,,,,,,,,,
scratch_pretrain,0,0,2.299359039577174,2.3003971788983386,0.13636363636363635,0.13649025069637882,0.0018492270000933786,0.0,44,2027,1.0633526135886293,2.30999256571306,0.9935262266124248,0.9959441725171746,0.011183449093667162,0.009548593039751006,0.00974025974025974,0.43042671614100186,0.2230983302411874,0.336734693877551
scratch_pretrain,1,1,1.2488472144294918,1.3021507451106562,0.7467532467532467,0.7019498607242339,0.013385069999912957,0.006007932000102301,44,2027,1.0137976530896309,1.258985190960388,0.9937056648563789,0.9940743752973454,,,0.13358070500927643,0.2898886827458256,0.3404452690166976,0.23608534322820038
scratch_pretrain,2,2,0.7794674868491616,0.8489050913472979,0.8478664192949907,0.8105849582172702,0.021746847000031266,0.012243206000221107,44,2027,1.0390990484109146,0.7898584773332707,0.9835137038902548,0.9825070376408616,,,0.15955473098330242,0.2323747680890538,0.39935064935064934,0.20871985157699444
scratch_pretrain,3,3,0.5696340395715269,0.6153649036610708,0.9025974025974026,0.8635097493036211,0.02989846700029375,0.018176505000610632,44,2027,1.072983563802849,0.5803638752095555,0.969956951561353,0.9696741580684624,,,0.12337662337662338,0.24257884972170687,0.4267161410018553,0.20732838589981448
scratch_pretrain,4,4,0.4304161742220378,0.47918036308633316,0.9267161410018553,0.8885793871866295,0.041410154000004695,0.026449033000517375,44,2027,1.0727551445898964,0.4411437256679368,0.9609914011567976,0.960471064679139,,,0.14285714285714285,0.2592764378478664,0.4160482374768089,0.18181818181818182
scratch_pretrain,5,5,0.364256963263467,0.4159355579253192,0.9387755102040817,0.9052924791086351,0.052813092000178585,0.034016882000287296,44,2027,1.0875529098738057,0.3751324923622051,0.9522858144443037,0.9539794056044204,,,0.12940630797773656,0.2300556586270872,0.4294990723562152,0.21103896103896103
scratch_pretrain,6,6,0.30200834566258417,0.35945457373061607,0.950834879406308,0.9192200557103064,0.061129681000238634,0.04006078800011892,44,2027,1.1026019125289472,0.31303436478787366,0.94347288635616,0.945056216015206,,,0.13821892393320964,0.24907235621521337,0.4383116883116883,0.17439703153988867
scratch_pretrain,7,7,0.2656942177101469,0.3291176045912863,0.9573283858998145,0.9220055710306406,0.07049651700026516,0.047399178000432585,44,2027,1.1249036395972194,0.2769432541061191,0.93425261918069,0.9370395826161003,,,0.14192949907235622,0.2481447124304267,0.4512987012987013,0.15862708719851576
scratch_pretrain,8,8,0.24148120129529713,0.2998715512277948,0.9517625231910947,0.9220055710306406,0.07946557500008566,0.05393383100044957,44,2027,1.1058319231690226,0.25253952052698736,0.9341921451701082,0.9373007483903334,,,0.14935064935064934,0.2323747680890538,0.439239332096475,0.1790352504638219
scratch_pretrain,9,9,0.22082357974592956,0.2847274672327278,0.961038961038961,0.9192200557103064,0.08861286199999086,0.060906251000687917,44,2027,1.1576682081344396,0.23240026182727397,0.9186317650218447,0.924183541647749,,,0.13218923933209648,0.23979591836734693,0.46567717996289426,0.16233766233766234
scratch_pretrain,10,10,0.20240129779744312,0.2677506864654205,0.9582560296846011,0.9275766016713092,0.0973774730000514,0.06744731400067394,44,2027,1.1338917816998897,0.213740215614442,0.9208566004305371,0.9266800670113295,,,0.1396103896103896,0.22495361781076068,0.45408163265306123,0.1813543599257885
scratch_pretrain,11,11,0.18060285100106246,0.24593083644727048,0.9693877551020408,0.9303621169916435,0.10597107800003869,0.0734388510009012,44,2027,1.1144078299277969,0.19174692930034043,0.9214525367868944,0.9277166605529108,,,0.14053803339517626,0.25185528756957326,0.437847866419295,0.16975881261595546
scratch_pretrain,12,12,0.17320683053101935,0.24184118790584766,0.963821892393321,0.9303621169916435,0.11511315600000671,0.08053750000090076,44,2027,1.1302248616671113,0.18450907914769046,0.9155109239297158,0.9226025032617957,,,0.1507421150278293,0.23144712430426717,0.449443413729128,0.1683673469387755
scratch_pretrain,13,13,0.16137850331144327,0.22888437741132667,0.9693877551020408,0.935933147632312,0.12351291999993919,0.08682194700122636,44,2027,1.143556508073868,0.17281406839218194,0.90995239024109,0.9187321641044106,,,0.13868274582560297,0.23562152133580705,0.45454545454545453,0.17115027829313545
scratch_pretrain,14,14,0.15118479514244718,0.21893642542143935,0.9730983302411874,0.9387186629526463,0.13662158400029512,0.09793911100132391,44,2027,1.1475686518598565,0.16266048166104574,0.9058106612802796,0.9151134744707886,,,0.14981447124304267,0.23469387755102042,0.45454545454545453,0.16094619666048238
scratch_pretrain,15,15,0.13873704739240386,0.20656104064864902,0.9758812615955473,0.9442896935933147,0.14571794399989813,0.10488386000133687,44,2027,1.1157714906167069,0.14989476229857093,0.9119480463786634,0.9210722694208123,,,0.15120593692022263,0.24860853432282004,0.437847866419295,0.16233766233766234
scratch_pretrain,16,16,0.1331298645356943,0.20032945180744044,0.9777365491651205,0.9442896935933147,0.1550848000001679,0.11166076700101257,44,2027,1.131654400457591,0.14444640854027022,0.9059434344211215,0.9169206687604524,,,0.14332096474953618,0.23608534322820038,0.4466604823747681,0.17393320964749537
scratch_pretrain,17,17,0.12514449904288755,0.19738219037475005,0.9833024118738405,0.9526462395543176,0.16337448900003437,0.11781588000121701,44,2027,1.15033171792053,0.13664781622209285,0.8994334833942883,0.9117889564988536,,,0.1456400742115028,0.23794063079777367,0.4550092764378479,0.1614100185528757
scratch_pretrain,18,18,0.12080954094424838,0.19296417047476136,0.9777365491651205,0.958217270194986,0.17222722199994678,0.12422454300121899,44,2027,1.1286231524753563,0.13209577246900195,0.9033574519306939,0.9159285731049789,,,0.1414656771799629,0.2342300556586271,0.4457328385899815,0.17857142857142858
scratch_pretrain,19,19,0.11190775530267548,0.17815178866587572,0.9851576994434137,0.9526462395543176,0.1812473879999743,0.13104509600088932,44,2027,1.1249525191747312,0.12315728049442279,0.9013505173956844,0.9140717155828315,,,0.1549165120593692,0.24118738404452691,0.4401669758812616,0.1637291280148423
scratch_pretrain,20,20,0.10832481119045254,0.1878268041194158,0.9860853432282004,0.9498607242339833,0.19065772900012234,0.13794749100088666,44,2027,1.1384777049417913,0.11970958823987045,0.8962894385524747,0.9108984675061087,0.07105762604478771,0.008665295424213168,0.14471243042671614,0.22170686456400743,0.4489795918367347,0.18460111317254174
linear_continue,0,20,0.16157695281654902,0.24998582254489862,0.9768089053803339,0.9331476323119777,0.0003271110003879585,0.0,44,2027,,,,,,,,,,
linear_continue,1,21,0.15438719677803472,0.24476164746485313,0.9758812615955473,0.935933147632312,0.0026077160000568256,0.0017564270001457771,44,2027,,,,,,,,,,
linear_continue,2,22,0.1473041852005092,0.23804130774084586,0.9749536178107606,0.935933147632312,0.004444524000064121,0.0032204260000980867,44,2027,,,,,,,,,,
linear_continue,3,23,0.14128273908518887,0.23195015206807884,0.9777365491651205,0.935933147632312,0.00649388200008616,0.0049423109999224835,44,2027,,,,,,,,,,
linear_continue,4,24,0.1360266959501369,0.2275241041712658,0.9795918367346939,0.9387186629526463,0.00857786100004887,0.0065543119999347255,44,2027,,,,,,,,,,
linear_continue,5,25,0.13119975673590906,0.22297592672610483,0.9833024118738405,0.9387186629526463,0.010546617000272818,0.008269967999694927,44,2027,,,,,,,,,,
linear_continue,6,26,0.12675280121833601,0.2192976935940084,0.9814471243042672,0.9387186629526463,0.01261862800038216,0.009924872999818035,44,2027,,,,,,,,,,
linear_continue,7,27,0.12266477918072259,0.21462254647278073,0.9833024118738405,0.9387186629526463,0.014372481999998854,0.011357364000105008,44,2027,,,,,,,,,,
linear_continue,8,28,0.11889242251662553,0.21202666177080548,0.9842300556586271,0.9415041782729805,0.016058855000210315,0.012622975000340375,44,2027,,,,,,,,,,
linear_continue,9,29,0.11542983164047896,0.20813589673749872,0.9860853432282004,0.9415041782729805,0.01820698000028642,0.014478862000487425,44,2027,,,,,,,,,,
linear_continue,10,30,0.112255118681802,0.20550667901951616,0.9851576994434137,0.9415041782729805,0.01976681300038763,0.015800417000264133,44,2027,,,,,,,,,,
linear_continue,11,31,0.10950647369906533,0.20367424563435416,0.9860853432282004,0.9387186629526463,0.021418253000319964,0.017204285000389063,44,2027,,,,,,,,,,
linear_continue,12,32,0.1066848828370203,0.20082274175275194,0.9860853432282004,0.947075208913649,0.02337932800037379,0.01881957000023249,44,2027,,,,,,,,,,
linear_continue,13,33,0.10390008141554337,0.19903837263140592,0.9879406307977736,0.9415041782729805,0.02488476799999262,0.020084961000520707,44,2027,,,,,,,,,,
linear_continue,14,34,0.10137072585323538,0.19797759806467258,0.9879406307977736,0.9415041782729805,0.026708667000093556,0.02166007600044395,44,2027,,,,,,,,,,
linear_continue,15,35,0.09913654404105778,0.19461059257236393,0.9879406307977736,0.9442896935933147,0.028700258000299073,0.02340485600007014,44,2027,,,,,,,,,,
linear_continue,16,36,0.09687561668270844,0.19319496542846767,0.9879406307977736,0.9442896935933147,0.030318158000227413,0.024665769999955955,44,2027,,,,,,,,,,
linear_continue,17,37,0.09470016098928807,0.19100298474713961,0.9879406307977736,0.9498607242339833,0.03183371300019644,0.02594346800015046,44,2027,,,,,,,,,,
linear_continue,18,38,0.09271146783680041,0.1900013215855839,0.9879406307977736,0.947075208913649,0.03408633600020039,0.027676440000050206,44,2027,,,,,,,,,,
linear_continue,19,39,0.09075616507347546,0.18849288436948775,0.9888682745825603,0.9442896935933147,0.03579705500033015,0.029137254000033863,44,2027,,,,,,,,,,
linear_continue,20,40,0.08897430029460486,0.1865040720727131,0.9879406307977736,0.9498607242339833,0.0376989610003875,0.030791898000188667,44,2027,,,,,,,,,,
linear_continue,21,41,0.08726881340343765,0.18619561974582172,0.9897959183673469,0.947075208913649,0.03955569900017508,0.0323555060003855,44,2027,,,,,,,,,,
linear_continue,22,42,0.08553472819677663,0.18445295809441528,0.9888682745825603,0.9498607242339833,0.041369473000031576,0.0336463550006556,44,2027,,,,,,,,,,
linear_continue,23,43,0.08403045607062523,0.184305912336943,0.9879406307977736,0.9498607242339833,0.04289326100024482,0.034933718000957015,44,2027,,,,,,,,,,
linear_continue,24,44,0.08230038753202393,0.18160163549671868,0.9888682745825603,0.9526462395543176,0.044624060000387544,0.03632611900093252,44,2027,,,,,,,,,,
linear_continue,25,45,0.08090658954663808,0.1807886416742479,0.9879406307977736,0.9526462395543176,0.046482481000111875,0.03779328200107557,44,2027,,,,,,,,,,
linear_continue,26,46,0.07935431004911067,0.18029160467568056,0.9897959183673469,0.9526462395543176,0.04817543300032412,0.03914363900139506,44,2027,,,,,,,,,,
linear_continue,27,47,0.07826318461377468,0.18030453001045765,0.9888682745825603,0.9498607242339833,0.049880644000040775,0.04051561000142101,44,2027,,,,,,,,,,
linear_continue,28,48,0.07670102940561595,0.17863570355289649,0.9897959183673469,0.9526462395543176,0.052099466000072425,0.04241026500130829,44,2027,,,,,,,,,,
linear_continue,29,49,0.0754181329295562,0.17687840516564168,0.9897959183673469,0.9526462395543176,0.053692918000251666,0.04365380300123434,44,2027,,,,,,,,,,
linear_continue,30,50,0.07419835200532801,0.17794198805202313,0.9897959183673469,0.9554317548746518,0.05552329700003611,0.04517189300122482,44,2027,,,,,,,,,,
linear_continue,31,51,0.0730487402439265,0.17478945458298611,0.9897959183673469,0.9526462395543176,0.057206445000247186,0.04654670800118765,44,2027,,,,,,,,,,
linear_continue,32,52,0.07187030984390176,0.17543847622908545,0.9897959183673469,0.9554317548746518,0.05931507100012823,0.04822056200100633,44,2027,,,,,,,,,,
linear_continue,33,53,0.07083917582141583,0.1739754196553968,0.9907235621521335,0.9526462395543176,0.06081747700000051,0.049483759000850114,44,2027,,,,,,,,,,
linear_continue,34,54,0.06974305202509871,0.1738639980746766,0.9897959183673469,0.958217270194986,0.06276474100013729,0.0511876080008733,44,2027,,,,,,,,,,
linear_continue,35,55,0.06879077404154105,0.1716932828404866,0.9916512059369202,0.958217270194986,0.06452105900007155,0.0527015320008104,44,2027,,,,,,,,,,
linear_continue,36,56,0.0677491056922298,0.1731983530258284,0.9916512059369202,0.9554317548746518,0.06596432600008484,0.053913061000457674,44,2027,,,,,,,,,,
linear_continue,37,57,0.06657547314254976,0.17128914350634045,0.9907235621521335,0.9610027855153204,0.06764226600034817,0.05535058000077697,44,2027,,,,,,,,,,
linear_continue,38,58,0.06559208294157887,0.1704799559557274,0.9925788497217068,0.9610027855153204,0.06924696600026436,0.056638293000560225,44,2027,,,,,,,,,,
linear_continue,39,59,0.06469926493723348,0.17038658646515345,0.9907235621521335,0.9610027855153204,0.07124671900010071,0.058263754000563495,44,2027,,,,,,,,,,
linear_continue,40,60,0.0637631892896784,0.1701942996172846,0.9925788497217068,0.9610027855153204,0.07288807400027508,0.059663155000635015,44,2027,,,,,,,,,,
linear_continue,41,61,0.06296935986938126,0.16808144753599766,0.9935064935064936,0.958217270194986,0.07481388500036701,0.06126342800098428,44,2027,,,,,,,,,,
linear_continue,42,62,0.06205640917986658,0.1676269251519057,0.9916512059369202,0.958217270194986,0.07770923300040522,0.06381703200077027,44,2027,,,,,,,,,,
linear_continue,43,63,0.06139398606872495,0.17016262733733173,0.9935064935064936,0.9610027855153204,0.08063208800012944,0.06624558400108072,44,2027,,,,,,,,,,
linear_continue,44,64,0.06050143590930913,0.16613992454955723,0.9944341372912802,0.958217270194986,0.08307015900027181,0.06839804600122079,44,2027,,,,,,,,,,
linear_continue,45,65,0.05970480599173343,0.16810630039161295,0.9925788497217068,0.9610027855153204,0.08595495000008668,0.07101136000119368,44,2027,,,,,,,,,,
linear_continue,46,66,0.05884753374780366,0.16785295554293808,0.9935064935064936,0.9610027855153204,0.08808895500033032,0.07282257000133541,44,2027,,,,,,,,,,
linear_continue,47,67,0.058083045096383006,0.16650966703526285,0.9944341372912802,0.958217270194986,0.09045811300029527,0.07494104100123877,44,2027,,,,,,,,,,
linear_continue,48,68,0.05733427197182615,0.1653649867635398,0.9944341372912802,0.958217270194986,0.0929039659999944,0.07690814500119814,44,2027,,,,,,,,,,
linear_continue,49,69,0.0567500099783424,0.16763433295593205,0.9935064935064936,0.9610027855153204,0.09487966200003939,0.07854738700098096,44,2027,,,,,,,,,,
linear_continue,50,70,0.05595139435983379,0.16466078438912818,0.9944341372912802,0.958217270194986,0.09676503400032743,0.07998797000072955,44,2027,,,,,,,,,,
linear_continue,51,71,0.05522269792528617,0.16481030402054905,0.9944341372912802,0.958217270194986,0.10009316600007878,0.08305673300083072,44,2027,,,,,,,,,,
linear_continue,52,72,0.05455983806663937,0.165748032115129,0.9935064935064936,0.9610027855153204,0.10189363000017693,0.0846117480009525,44,2027,,,,,,,,,,
linear_continue,53,73,0.054021144153756015,0.16574712729965066,0.9935064935064936,0.958217270194986,0.10349759900009303,0.08594406800102661,44,2027,,,,,,,,,,
linear_continue,54,74,0.053405013228425516,0.16386855392415156,0.9944341372912802,0.958217270194986,0.10502674500003195,0.0871698090013524,44,2027,,,,,,,,,,
linear_continue,55,75,0.052727772430542455,0.16429857397872016,0.9944341372912802,0.9610027855153204,0.10679762400013715,0.0886979740012066,44,2027,,,,,,,,,,
linear_continue,56,76,0.052140674005759696,0.16323293768628555,0.9944341372912802,0.958217270194986,0.10862170400014293,0.09017093600141379,44,2027,,,,,,,,,,
linear_continue,57,77,0.051503136815420195,0.16342501725454583,0.9944341372912802,0.958217270194986,0.1103869950002263,0.09165275100167491,44,2027,,,,,,,,,,
linear_continue,58,78,0.05087697565963064,0.16466195689935773,0.9944341372912802,0.958217270194986,0.11244856000030268,0.09346381100158396,44,2027,,,,,,,,,,
linear_continue,59,79,0.050331572715451266,0.16351820159713615,0.9944341372912802,0.958217270194986,0.11424585900022066,0.09489519000180735,44,2027,,,,,,,,,,
linear_continue,60,80,0.049763180913230246,0.16187222113102764,0.9944341372912802,0.958217270194986,0.11644638400002805,0.09666645000197605,44,2027,,,,,,,,,,
linear_continue,61,81,0.04931482518451718,0.1650711935581468,0.9944341372912802,0.958217270194986,0.11822842000037781,0.09812561100216044,44,2027,,,,,,,,,,
linear_continue,62,82,0.04870140921842735,0.16233206976930908,0.9944341372912802,0.958217270194986,0.12025947900019673,0.0998396350018993,44,2027,,,,,,,,,,
linear_continue,63,83,0.04820000103224452,0.16243408445527946,0.9944341372912802,0.958217270194986,0.12184471000000485,0.10115559100177052,44,2027,,,,,,,,,,
linear_continue,64,84,0.04774772726259051,0.16204603505849227,0.9944341372912802,0.958217270194986,0.12359093200029747,0.10258063100172876,44,2027,,,,,,,,,,
linear_continue,65,85,0.04713754684419931,0.16207961318293457,0.9944341372912802,0.958217270194986,0.12551744500024142,0.104261365002003,44,2027,,,,,,,,,,
linear_continue,66,86,0.046643563054534445,0.1610498830576957,0.9944341372912802,0.958217270194986,0.127326782000182,0.10580403100175317,44,2027,,,,,,,,,,
linear_continue,67,87,0.04615785095330542,0.16279750969248233,0.9953617810760668,0.9610027855153204,0.1290399750000688,0.10724902100173495,44,2027,,,,,,,,,,
linear_continue,68,88,0.04562074204631506,0.1620193184533929,0.9944341372912802,0.958217270194986,0.13061576100017191,0.10852317500166464,44,2027,,,,,,,,,,
linear_continue,69,89,0.045184227822265,0.1617524317111055,0.9944341372912802,0.9610027855153204,0.13240938500030097,0.11001723900199067,44,2027,,,,,,,,,,
linear_continue,70,90,0.044691768896923875,0.16113516324409344,0.9953617810760668,0.9610027855153204,0.13406804500027647,0.1114411270018536,44,2027,,,,,,,,,,
linear_continue,71,91,0.044289752673359155,0.1616596926239166,0.9944341372912802,0.958217270194986,0.13605583000025945,0.11310569700162887,44,2027,,,,,,,,,,
linear_continue,72,92,0.043830682419097794,0.16228763646018246,0.9944341372912802,0.9610027855153204,0.13780459700001302,0.11461496300171348,44,2027,,,,,,,,,,
linear_continue,73,93,0.04345057063688004,0.1609139902267631,0.9962894248608535,0.958217270194986,0.13969595700018544,0.11607910200154947,44,2027,,,,,,,,,,
linear_continue,74,94,0.04294621261955739,0.16073986964816794,0.9944341372912802,0.9610027855153204,0.14162989100032064,0.11764159800168272,44,2027,,,,,,,,,,
linear_continue,75,95,0.04272172420024794,0.16186797532855393,0.9944341372912802,0.9610027855153204,0.14363256800015733,0.11932184100169252,44,2027,,,,,,,,,,
linear_continue,76,96,0.04216571134443386,0.16031107625872731,0.9962894248608535,0.958217270194986,0.14550197600010506,0.12094835300194973,44,2027,,,,,,,,,,
linear_continue,77,97,0.04177713190930814,0.1613390432901493,0.9962894248608535,0.9637883008356546,0.14733279500023855,0.1224864730020272,44,2027,,,,,,,,,,
linear_continue,78,98,0.041378535023113366,0.15876470077036953,0.9953617810760668,0.9610027855153204,0.14903787500043109,0.12390103700181498,44,2027,,,,,,,,,,
linear_continue,79,99,0.04092978034131468,0.1601626800968464,0.9953617810760668,0.9637883008356546,0.15095735800014154,0.12550298200176258,44,2027,,,,,,,,,,
linear_continue,80,100,0.0405475195469953,0.1602978094996479,0.9953617810760668,0.9610027855153204,0.1526023780002106,0.12690223300205616,44,2027,,,,,,,,,,
moe_continue,0,20,0.16157695281654905,0.24998582254489862,0.9768089053803339,0.9331476323119777,0.0016350349997082958,0.0,44,2027,1.0633526135886293,0.17221047895243535,0.9935262266124248,0.9959441725171746,4.248365021795795e-18,0.009548593039751004,0.00974025974025974,0.43042671614100186,0.2230983302411874,0.336734693877551
moe_continue,1,21,0.15199249866519254,0.2439978704939791,0.9768089053803339,0.9331476323119777,0.017760069999894768,0.008532498000022315,44,2027,1.0470188321069616,0.16246268698626215,0.9949220999038922,0.9972935844911106,,,0.21382189239332097,0.03942486085343228,0.42207792207792205,0.3246753246753247
moe_continue,2,22,0.14222575629946,0.2308989029212528,0.9823747680890538,0.9331476323119777,0.029026187999988906,0.017042017000221676,44,2027,1.0120685801322835,0.15234644210078283,0.9963263603110252,0.9970498048292921,,,0.1150278293135436,0.3246753246753247,0.31910946196660483,0.24118738404452691
moe_continue,3,23,0.13234063419746586,0.21695616620455718,0.9805194805194806,0.9442896935933147,0.03952492299958976,0.02521374800016929,44,2027,1.0399502758855073,0.14274013695632093,0.9931264188923138,0.9924248462354257,,,0.2722634508348794,0.14100185528756956,0.4383116883116883,0.14842300556586271
moe_continue,4,24,0.126853944655719,0.21425000150169798,0.9842300556586271,0.9415041782729805,0.0496326819998103,0.032997607000197604,44,2027,1.008393452715126,0.13693787918287026,0.9930497569701445,0.9925180452776143,,,0.28061224489795916,0.187847866419295,0.3098330241187384,0.22170686456400743
moe_continue,5,25,0.11840718369064243,0.20420488008226423,0.9851576994434137,0.947075208913649,0.060073510999700375,0.040984320000461594,44,2027,1.0195179964223506,0.12860236365486594,0.9902211662821779,0.9897374438793538,,,0.174860853432282,0.2082560296846011,0.3650278293135436,0.25185528756957326
moe_continue,6,26,0.11042505146037847,0.1934832689301171,0.987012987012987,0.947075208913649,0.0707521269996505,0.04917257600027369,44,2027,1.0236799219149695,0.12066185067952816,0.9871685168904888,0.98653271596151,,,0.18877551020408162,0.21057513914656772,0.3715213358070501,0.22912801484230055
moe_continue,7,27,0.10522062473251034,0.1853894508369781,0.9851576994434137,0.958217270194986,0.0810542159997567,0.05713401100047122,44,2027,1.021862923291534,0.11543925396542568,0.9850904397667619,0.9853059882914453,,,0.23747680890538034,0.1813543599257885,0.36131725417439703,0.21985157699443414
moe_continue,8,28,0.09823979076202168,0.1836833444031919,0.987012987012987,0.9554317548746518,0.09134415899961823,0.0650578900003893,44,2027,1.0266195942894274,0.10850598670491594,0.9816282718034908,0.9829093966985634,,,0.19480519480519481,0.18320964749536178,0.3687384044526902,0.2532467532467532
moe_continue,9,29,0.09568736058418839,0.17449923615205346,0.9879406307977736,0.9610027855153204,0.10182639999993626,0.07316042800039213,44,2027,1.0193278226789444,0.10588063881097784,0.9793191511253337,0.9823792112857137,,,0.1767161410018553,0.23469387755102042,0.3525046382189239,0.23608534322820038
moe_continue,10,30,0.09053864010694208,0.17771210582343602,0.987012987012987,0.958217270194986,0.11204453399977865,0.08096196300039082,44,2027,1.0197105536633506,0.1007357456435756,0.9756752248069648,0.9807476143792397,,,0.24768089053803338,0.14981447124304267,0.3177179962894249,0.2847866419294991
moe_continue,11,31,0.08470159581897391,0.16752461708084979,0.9897959183673469,0.9610027855153204,0.12194851599997492,0.08859424400043281,44,2027,1.0093956531008557,0.09479555234998246,0.9738522884822941,0.9789313298851785,,,0.20686456400742115,0.23191094619666047,0.3297773654916512,0.23144712430426717
moe_continue,12,32,0.0813639187505249,0.16866283126425682,0.9907235621521335,0.9637883008356546,0.13242628099987996,0.09659760200020173,44,2027,1.0212876673234248,0.09157679542375916,0.9689771290877242,0.9751847994546913,,,0.2147495361781076,0.19526901669758812,0.35528756957328383,0.23469387755102042
moe_continue,13,33,0.07905967594308581,0.1694562834705287,0.9897959183673469,0.958217270194986,0.14313209699957952,0.10479181800019433,44,2027,1.0239464938315124,0.08929914088140094,0.965386014476846,0.9743173512746294,,,0.23144712430426717,0.14888682745825602,0.30565862708719854,0.3140074211502783
moe_continue,14,34,0.07562716760931423,0.15516634468928117,0.9907235621521335,0.9637883008356546,0.1535202059999392,0.11285408400044616,44,2027,1.0217057590208478,0.08584422519952271,0.9627573339042622,0.9717980252778458,,,0.1906307977736549,0.2101113172541744,0.3520408163265306,0.24721706864564008
moe_continue,15,35,0.07102293590393433,0.1653406551181818,0.9925788497217068,0.9610027855153204,0.16393111999968824,0.12087511900062964,44,2027,1.0093198436474444,0.08111613434040876,0.9614308184462546,0.9709784264586758,,,0.22727272727272727,0.18923933209647495,0.3102968460111317,0.27319109461966606
moe_continue,16,36,0.07139000232950744,0.1572516250972785,0.9888682745825603,0.9637883008356546,0.17480393300002106,0.12942832900080248,44,2027,1.0361844332000416,0.08175184666150787,0.9547253679277368,0.9666912560345232,,,0.22170686456400743,0.1637291280148423,0.37105751391465674,0.2435064935064935
moe_continue,17,37,0.06693707314158981,0.15657377684087112,0.9962894248608535,0.9637883008356546,0.1842504179999196,0.13645893600096315,44,2027,1.012601762815543,0.07706309076974524,0.9540016403280757,0.966605296181318,,,0.20918367346938777,0.2036178107606679,0.27087198515769945,0.3163265306122449
moe_continue,18,38,0.06490685704560668,0.15405054019057043,0.9935064935064936,0.9693593314763231,0.19310258099994826,0.1431236240009639,44,2027,1.025369238001184,0.07516054942561852,0.9479122875039044,0.9623441460042368,,,0.2537105751391466,0.15213358070500926,0.33534322820037105,0.2588126159554731
moe_continue,19,39,0.06131569836677817,0.14912921980914554,0.9972170686456401,0.9665738161559888,0.20208556099987618,0.14994130200102518,44,2027,1.00896957745364,0.07140539414131457,0.9461036279507582,0.9608990423511531,,,0.2101113172541744,0.21196660482374768,0.3186456400742115,0.2592764378478664
moe_continue,20,40,0.060057757869697595,0.15567863263361068,0.9944341372912802,0.9637883008356546,0.21176026900002398,0.15718024300122124,44,2027,1.0111609264631263,0.07016936713432886,0.9428911733432874,0.9576464838486836,0.020360602599932737,0.002939502876206171,0.23330241187384043,0.1859925788497217,0.31910946196660483,0.26159554730983303
moe_continue,21,41,0.056406286581401094,0.1438659894797606,0.9972170686456401,0.9693593314763231,0.22628416899988224,0.1647491080011605,44,2027,1.0135258949106107,0.0665415455305072,0.9396873013533085,0.957265013542898,,,0.19573283858998144,0.2101113172541744,0.3228200371057514,0.27133580705009275
moe_continue,22,42,0.05440142518386674,0.1514038528688732,0.9944341372912802,0.9637883008356546,0.23577848599961726,0.17192742700080998,44,2027,1.0215866119270007,0.06461729130313675,0.9349902486528288,0.9536659627219085,,,0.2305194805194805,0.161873840445269,0.323747680890538,0.28385899814471244
moe_continue,23,43,0.05250569199124666,0.14972971488973577,0.9962894248608535,0.9637883008356546,0.24979981199976464,0.18279572900109997,44,2027,1.0105263991450806,0.06261095598269747,0.9334040952683211,0.9515888231994211,,,0.22077922077922077,0.20269016697588127,0.3334879406307978,0.24304267161410018
moe_continue,24,44,0.04989036843391744,0.14695232329426605,0.9972170686456401,0.9637883008356546,0.2623489869997684,0.19291986100142822,44,2027,1.0307625487669974,0.060197993921587416,0.9273241028189723,0.9504519685803554,,,0.2036178107606679,0.1637291280148423,0.3246753246753247,0.3079777365491651
moe_continue,25,45,0.048000944112209856,0.1448303550384585,0.9981447124304267,0.9693593314763231,0.2720686519996889,0.20045572800154332,44,2027,1.0148587146835966,0.058149531259045824,0.9263445739091734,0.9480736180338709,,,0.21103896103896103,0.18738404452690166,0.32142857142857145,0.28014842300556586
moe_continue,26,46,0.04796268622519903,0.1535471268416076,0.9962894248608535,0.9637883008356546,0.2821915239996997,0.20787090300154887,44,2027,1.0203130316609896,0.058165816541808926,0.9218119914649096,0.9450134427696358,,,0.23515769944341372,0.16280148423005567,0.30844155844155846,0.29359925788497215
moe_continue,27,47,0.0458805657761277,0.1475653651221162,0.9981447124304267,0.9637883008356546,0.2930525729998408,0.21597142700147742,44,2027,1.0198360337970884,0.056078926114098586,0.9191026505356915,0.9438320536849614,,,0.21057513914656772,0.17625231910946196,0.3144712430426716,0.2987012987012987
moe_continue,28,48,0.04503856915996882,0.1453343792493831,0.9972170686456401,0.9665738161559888,0.3029770869998174,0.22337247100176683,44,2027,1.0095624778259134,0.05513419393822796,0.9173054648349731,0.9411563953107508,,,0.22217068645640073,0.19202226345083487,0.30287569573283857,0.2829313543599258
moe_continue,29,49,0.04219668763655454,0.14593202444266332,0.9981447124304267,0.9665738161559888,0.31374299399976735,0.23146916000177953,44,2027,1.017721324753437,0.052373900884088914,0.9134216125219726,0.940187807126503,,,0.21335807050092764,0.17857142857142858,0.31261595547309834,0.29545454545454547
moe_continue,30,50,0.04208857902336803,0.14386038177406868,0.9972170686456401,0.9665738161559888,0.3233289789995979,0.23852162000184762,44,2027,1.0110976173365973,0.052199555196734006,0.9116227969858034,0.9382339043742118,,,0.21567717996289426,0.19341372912801486,0.2982374768089054,0.29267161410018555
moe_continue,31,51,0.04030764248570004,0.14607595153145833,0.9972170686456401,0.9637883008356546,0.334550508999655,0.24711693700191972,44,2027,1.0185121792486733,0.050492764278186775,0.9078555287227508,0.9363862003715926,,,0.21614100185528756,0.1790352504638219,0.32235621521335805,0.2824675324675325
moe_continue,32,52,0.040037106845725014,0.14186367478392267,0.9972170686456401,0.9637883008356546,0.3442301850000149,0.25442728500183875,44,2027,1.0239335672448846,0.05027644251817386,0.9030895570109386,0.93357666130641,,,0.20871985157699444,0.1767161410018553,0.29035250463821893,0.32421150278293137
moe_continue,33,53,0.038109725751069634,0.13624122628953217,0.9981447124304267,0.9693593314763231,0.35381702199993015,0.2614971920015705,44,2027,1.0153084884347925,0.048262810635417555,0.9012720598652662,0.9312150350184768,,,0.2193877551020408,0.18228200371057515,0.30194805194805197,0.2963821892393321
moe_continue,34,54,0.037131132399733556,0.13518109647819157,0.9981447124304267,0.9721448467966574,0.3628624539996963,0.2683031820015458,44,2027,1.020623833940232,0.047337370739135874,0.898564125663053,0.9304830021243005,,,0.21428571428571427,0.17764378478664192,0.2894248608534323,0.3186456400742115
moe_continue,35,55,0.037054349464802384,0.1364349700568234,0.9972170686456401,0.9721448467966574,0.37306594699975903,0.2762622540017219,44,2027,1.0123471243224853,0.047177820708027236,0.8974482157399037,0.9297289509736503,,,0.21706864564007422,0.18970315398886828,0.31307977736549164,0.28014842300556586
moe_continue,36,56,0.03475190615622961,0.13656998026977193,0.9981447124304267,0.9721448467966574,0.382405080999888,0.2831880240019018,44,2027,1.017481017439827,0.04492671633062788,0.8938806145199965,0.9272546993062675,,,0.21150278293135436,0.18181818181818182,0.30658627087198514,0.30009276437847865
moe_continue,37,57,0.033832085591543236,0.1340485394411092,0.9981447124304267,0.9721448467966574,0.3912395679999463,0.289606914001979,44,2027,1.0193752378083742,0.04402583796962698,0.8903473010040992,0.9244292747855382,,,0.21382189239332097,0.17857142857142858,0.3014842300556586,0.30612244897959184
moe_continue,38,58,0.033407301801270106,0.13430069025242813,0.9981447124304267,0.9721448467966574,0.3999518099999477,0.2961012760019912,44,2027,1.0190633537622726,0.043597935338892835,0.888947835864612,0.9239205745454602,,,0.21196660482374768,0.18089053803339517,0.2917439703153989,0.31539888682745826
moe_continue,39,59,0.0320157232715847,0.13395180262540582,0.9981447124304267,0.9721448467966574,0.4089863169997443,0.3030249330017796,44,2027,1.0201990981124183,0.042217714252708885,0.8866596523508766,0.9227306381304561,,,0.21335807050092764,0.17717996289424862,0.2982374768089054,0.3112244897959184
moe_continue,40,60,0.031068607937539443,0.14170273843079909,0.9981447124304267,0.9693593314763231,0.4218274410000049,0.3135420660019008,44,2027,1.0204741739585226,0.04127334967712467,0.8843733483133634,0.9218571336406479,0.008720572879881495,0.0032723312258199793,0.21289424860853431,0.17764378478664192,0.313543599257885,0.29591836734693877
moe_continue,41,61,0.03065775498520034,0.13405114337313068,0.9981447124304267,0.9721448467966574,0.4331055459997515,0.3195726110020587,44,2027,1.0163872306845438,0.040821627292045776,0.8821680888541295,0.9196292832129258,,,0.2166048237476809,0.18274582560296845,0.29313543599257885,0.3075139146567718
moe_continue,42,62,0.031536271276772866,0.13448399857172819,0.9981447124304267,0.9721448467966574,0.440768122999998,0.3252456300024278,44,2027,1.0105243694004222,0.04164151497077709,0.8803590640303932,0.9175443764106335,,,0.22077922077922077,0.19294990723562153,0.2917439703153989,0.2945269016697588
moe_continue,43,63,0.029819236980738673,0.13206686703563747,0.9972170686456401,0.9721448467966574,0.4494709719997445,0.3321105390023149,44,2027,1.0221863792152486,0.04004110077289116,0.8766039656523337,0.9160048302130922,,,0.22541743970315398,0.16883116883116883,0.2912801484230056,0.3144712430426716
moe_continue,44,64,0.02975195407853944,0.13417433135823095,0.9981447124304267,0.9721448467966574,0.4581853879999471,0.3386487170023429,44,2027,1.0148318968619192,0.03990027304715863,0.8757062488504845,0.91459661518518,,,0.2189239332096475,0.1836734693877551,0.310760667903525,0.28664192949907236
moe_continue,45,65,0.028357561606408403,0.13457577568587484,0.9981447124304267,0.9721448467966574,0.46712689499963744,0.345391873002427,44,2027,1.0151440549961372,0.03850900215636978,0.8727820890097856,0.912297455410742,,,0.21799628942486085,0.18320964749536178,0.29267161410018555,0.30612244897959184
moe_continue,46,66,0.02727543278644353,0.1342198394660316,0.9981447124304267,0.9721448467966574,0.4760136899999452,0.3517419690024326,44,2027,1.0198686816630878,0.03747411960307441,0.8703869104262726,0.9113116991272835,,,0.2101113172541744,0.1790352504638219,0.29962894248608535,0.3112244897959184
moe_continue,47,67,0.026887809189176142,0.13540994326448147,0.9981447124304267,0.9693593314763231,0.48403327300002275,0.3577204670023093,44,2027,1.0129864946138871,0.03701767413531501,0.8686827186168004,0.9087961553777226,,,0.22402597402597402,0.1841372912801484,0.30565862708719854,0.28617810760667906
moe_continue,48,68,0.026066718085969234,0.13494187144625344,0.9981447124304267,0.9721448467966574,0.49219298599973627,0.3640213390021927,44,2027,1.018017520507879,0.03624689329104802,0.8664521120939952,0.9079230347580439,,,0.21289424860853431,0.18274582560296845,0.2894248608534323,0.31493506493506496
moe_continue,49,69,0.025877829651074276,0.1330324366596639,0.9981447124304267,0.9721448467966574,0.5004694149997704,0.3702287000023716,44,2027,1.025685932836681,0.03613468897944108,0.863977100794939,0.9072572307154225,,,0.2147495361781076,0.16883116883116883,0.29777365491651203,0.3186456400742115
moe_continue,50,70,0.025088599981037536,0.13387024195262387,0.9981447124304267,0.9721448467966574,0.5088034899999911,0.3765322750023188,44,2027,1.0164018005742865,0.0352526179867804,0.8618977935806371,0.9041997884470617,,,0.22031539888682747,0.1836734693877551,0.27968460111317256,0.3163265306122449
moe_continue,51,71,0.024289720796079283,0.1342188925969571,0.9981447124304267,0.9693593314763231,0.5190876529995876,0.3844257890023073,44,2027,1.0199516631077445,0.03448923742715673,0.8600684407860246,0.9037380660134599,,,0.2147495361781076,0.1767161410018553,0.2982374768089054,0.3102968460111317
moe_continue,52,72,0.024226454277248993,0.1349780558259589,0.9981447124304267,0.9721448467966574,0.5318589119997341,0.39471846500237007,44,2027,1.0174196391706367,0.03440065066895536,0.8577379583327954,0.9014794151930264,,,0.21753246753246752,0.18506493506493507,0.2755102040816326,0.32189239332096475
moe_continue,53,73,0.023219392117417192,0.1381303200782296,0.9981447124304267,0.9693593314763231,0.5433497269996224,0.40377782000223306,44,2027,1.0173590683160278,0.03339298280057747,0.8560994017763417,0.9006535526508861,,,0.21196660482374768,0.1813543599257885,0.3051948051948052,0.3014842300556586
moe_continue,54,74,0.022965433108295432,0.13768941265760506,0.9981447124304267,0.9693593314763231,0.5535325579999153,0.41168143800223334,44,2027,1.008737982578495,0.03305281293408038,0.8538789148321114,0.8969628588561489,,,0.22541743970315398,0.19202226345083487,0.29313543599257885,0.2894248608534323
moe_continue,55,75,0.023232629448218467,0.13243633034733743,0.9981447124304267,0.9721448467966574,0.5634324939996986,0.4189665080020859,44,2027,1.0210731324646833,0.033443360772865305,0.8504914515982127,0.8969992953296293,,,0.21753246753246752,0.18089053803339517,0.27319109461966606,0.32838589981447125
moe_continue,56,76,0.021957858102757445,0.13094872220474557,0.9981447124304267,0.9721448467966574,0.5743470349998461,0.42641148800203155,44,2027,1.020488615656183,0.032162744259319274,0.8495150984559986,0.8964455779043414,,,0.21799628942486085,0.1725417439703154,0.2982374768089054,0.3112244897959184
moe_continue,57,77,0.022529973197289447,0.13517164494962014,0.9981447124304267,0.9693593314763231,0.5844383479998214,0.43400811600213274,44,2027,1.0109832192428827,0.03263980538971827,0.8477965221719705,0.8929729434765441,,,0.22170686456400743,0.19155844155844157,0.2764378478664193,0.3102968460111317
moe_continue,58,78,0.021126852774780897,0.1335557819473563,0.9981447124304267,0.9721448467966574,0.5941274179999709,0.4410718430021916,44,2027,1.0195981866079544,0.03132283464086044,0.8450125837550679,0.8920499748300399,,,0.22356215213358072,0.1725417439703154,0.2898886827458256,0.3140074211502783
moe_continue,59,79,0.020537631117453662,0.13463872566419938,0.9981447124304267,0.9721448467966574,0.6032452499998726,0.4474308720023146,44,2027,1.0156787731508277,0.030694418848961937,0.8441488182018125,0.8913082043562085,,,0.22263450834879406,0.1790352504638219,0.288961038961039,0.30936920222634506
moe_continue,60,80,0.021104186811211147,0.1349919183117165,0.9981447124304267,0.9721448467966574,0.6123559919997206,0.45432625700232165,44,2027,1.0169137378923945,0.03127332419013509,0.8410490167217236,0.889965143137835,0.008721060128506663,0.0030709841315733656,0.21289424860853431,0.18738404452690166,0.27782931354359924,0.32189239332096475
moe_continue,61,81,0.019173441774821755,0.1352319471747904,0.9981447124304267,0.9693593314763231,0.6252278599999954,0.461536915002398,44,2027,1.0159419698307044,0.0293328614731288,0.8388680436077722,0.8877234001836529,,,0.21846011131725418,0.18089053803339517,0.29035250463821893,0.3102968460111317
moe_continue,62,82,0.019969849237185505,0.13515983580866148,0.9981447124304267,0.9721448467966574,0.6341222669998388,0.4682908970025892,44,2027,1.0134302076057256,0.03010415131324276,0.8369508521832245,0.8861124342463937,,,0.2212430426716141,0.18552875695732837,0.27968460111317256,0.313543599257885
moe_continue,63,83,0.021844607686430262,0.13181128672271472,0.9972170686456401,0.9721448467966574,0.6439321679999921,0.47559467500241226,44,2027,1.0149485504338012,0.03199409319076828,0.8354991393447762,0.8848278416804305,,,0.2300556586270872,0.17810760667903525,0.27968460111317256,0.312152133580705
moe_continue,64,84,0.018319384232677354,0.1319719257024556,0.9981447124304267,0.9721448467966574,0.6523737149996123,0.4819639100023778,44,2027,1.0220838273600683,0.028540222506278037,0.8343217976710394,0.8864059571518286,,,0.2101113172541744,0.17810760667903525,0.2829313543599258,0.32884972170686455
moe_continue,65,85,0.01835622146502685,0.13390854239128994,0.9981447124304267,0.9693593314763231,0.6610001289996035,0.4883360790026927,44,2027,1.0186013843925357,0.028542235308952207,0.8325933382824936,0.8834242010104176,,,0.22217068645640073,0.17439703153988867,0.2824675324675325,0.3209647495361781
moe_continue,66,86,0.018826321457236714,0.1386996352806739,0.9981447124304267,0.9637883008356546,0.6691569679996974,0.49432580300253903,44,2027,1.0045585146488563,0.028871906603725277,0.830988785318479,0.8785939977711273,,,0.22680890538033396,0.19526901669758812,0.28385899814471244,0.2940630797773655
moe_continue,67,87,0.017580995232908875,0.13712979370332773,0.9981447124304267,0.9693593314763231,0.6781785949997357,0.5009903210025186,44,2027,1.0187910823320057,0.027768906056228934,0.8286985624997791,0.8806911170530793,,,0.21196660482374768,0.17717996289424862,0.288961038961039,0.32189239332096475
moe_continue,68,88,0.019306608929845773,0.13861208218485424,0.9972170686456401,0.9693593314763231,0.6857492639996963,0.506590932002382,44,2027,1.0097517317479856,0.029404126247325628,0.8259299516537684,0.8756429208746613,,,0.22727272727272727,0.18645640074211503,0.2764378478664193,0.3098330241187384
moe_continue,69,89,0.018330789534050176,0.13216662726301748,0.9981447124304267,0.9721448467966574,0.6949892589996125,0.5134378630023093,44,2027,1.0260627844849088,0.028591417378899264,0.8235740148398665,0.8783152804175999,,,0.212430426716141,0.17439703153988867,0.27133580705009275,0.34183673469387754
moe_continue,70,90,0.01733716529033414,0.13787045385204932,0.9990723562152134,0.9665738161559888,0.7042120389996853,0.5204979750019447,44,2027,1.0074840171780846,0.02741200546211499,0.8236260057164309,0.8738303245841853,,,0.22448979591836735,0.19155844155844157,0.2782931354359926,0.30565862708719854
moe_continue,71,91,0.016370186309486848,0.13512487965160933,0.9990723562152134,0.9721448467966574,0.7123530439998831,0.5265005890018983,44,2027,1.019234610166557,0.026562532411152417,0.8207485810297132,0.8749290892448812,,,0.21103896103896103,0.18089053803339517,0.2755102040816326,0.3325602968460111
moe_continue,72,92,0.01602577895537339,0.13876559420653017,0.9990723562152134,0.9693593314763231,0.7214631399997415,0.5334539050022613,44,2027,1.0094406815491592,0.02612018577086498,0.8192869228601631,0.8703836001460212,,,0.22959183673469388,0.18089053803339517,0.2880333951762523,0.3014842300556586
moe_continue,73,93,0.016353508124900815,0.13877059688988774,0.9981447124304267,0.9693593314763231,0.7308732279998367,0.5406275230020583,44,2027,1.0117530444891463,0.026471038569792278,0.8179932722940589,0.8710111726763312,,,0.21799628942486085,0.18645640074211503,0.27690166975881264,0.3186456400742115
moe_continue,74,94,0.016867121800987026,0.13435961452182535,0.9990723562152134,0.9721448467966574,0.7393862379999518,0.5469034430020656,44,2027,1.0309896307331137,0.027177018108318164,0.8141241427097002,0.871597454101062,,,0.2147495361781076,0.16929499072356216,0.26113172541743973,0.35482374768089053
moe_continue,75,95,0.015890725195155896,0.13903562033346994,0.9990723562152134,0.9637883008356546,0.7487458709997554,0.5539409170019098,44,2027,1.0032713317233084,0.02592343851238898,0.8143202961544677,0.8649364218923796,,,0.2277365491651206,0.1924860853432282,0.28710575139146566,0.29267161410018555
moe_continue,76,96,0.0170398116598027,0.1400689726487309,0.9981447124304267,0.9665738161559888,0.7569796519996999,0.5602448880017619,44,2027,1.0070497695978173,0.027110309355780876,0.8115442360420259,0.8628854988659239,,,0.23376623376623376,0.1836734693877551,0.28061224489795916,0.30194805194805197
moe_continue,77,97,0.01564701836391127,0.13536073412781527,0.9990723562152134,0.9721448467966574,0.7654094179997628,0.566747599001701,44,2027,1.020920581842217,0.02585622418233344,0.8099694426539593,0.866102271905411,,,0.22077922077922077,0.17115027829313545,0.27087198515769945,0.33719851576994436
moe_continue,78,98,0.014371015728892786,0.13800256227553212,1.0,0.9693593314763231,0.7735671239997828,0.5730988210016221,44,2027,1.0063109169592952,0.02443412489848574,0.8085949337052628,0.8609555165379997,,,0.23191094619666047,0.1836734693877551,0.2898886827458256,0.2945269016697588
moe_continue,79,99,0.014703265149300702,0.1371843699277577,1.0,0.9693593314763231,0.7810710689996085,0.5787393960017653,44,2027,1.009276366482228,0.024796028814122982,0.8059179471910669,0.8591368880889961,,,0.23098330241187384,0.1790352504638219,0.27968460111317256,0.3102968460111317
moe_continue,80,100,0.015013824532535905,0.13623413136479534,0.9990723562152134,0.9721448467966574,0.7890399419998175,0.5847061610015771,44,2027,1.019361794876185,0.025207442481297755,0.8054880956580905,0.8632745725841018,0.006021094892789833,0.0033994315155281016,0.21335807050092764,0.17857142857142858,0.27087198515769945,0.33719851576994436
linear_mac_matched,0,20,0.16157695281654902,0.24998582254489862,0.9768089053803339,0.9331476323119777,0.0002623440000206756,0.0,44,2027,,,,,,,,,,
linear_mac_matched,1,21,0.15438719677803472,0.24476164746485313,0.9758812615955473,0.935933147632312,0.0021771309998257493,0.0016216770000028191,44,2027,,,,,,,,,,
linear_mac_matched,2,22,0.1473041852005092,0.23804130774084586,0.9749536178107606,0.935933147632312,0.003721851999671344,0.002840447999915341,44,2027,,,,,,,,,,
linear_mac_matched,3,23,0.14128273908518887,0.23195015206807884,0.9777365491651205,0.935933147632312,0.005599303000053624,0.004011827999875095,44,2027,,,,,,,,,,
linear_mac_matched,4,24,0.1360266959501369,0.2275241041712658,0.9795918367346939,0.9387186629526463,0.00740705899988825,0.005569569000272168,44,2027,,,,,,,,,,
linear_mac_matched,5,25,0.13119975673590906,0.22297592672610483,0.9833024118738405,0.9387186629526463,0.009254634999706468,0.006972577000396996,44,2027,,,,,,,,,,
linear_mac_matched,6,26,0.12675280121833601,0.2192976935940084,0.9814471243042672,0.9387186629526463,0.01096375299994179,0.00818107300074189,44,2027,,,,,,,,,,
linear_mac_matched,7,27,0.12266477918072259,0.21462254647278073,0.9833024118738405,0.9387186629526463,0.013036506999924313,0.009922018000906974,44,2027,,,,,,,,,,
linear_mac_matched,8,28,0.11889242251662553,0.21202666177080548,0.9842300556586271,0.9415041782729805,0.014690893000079086,0.011283373000878782,44,2027,,,,,,,,,,
linear_mac_matched,9,29,0.11542983164047896,0.20813589673749872,0.9860853432282004,0.9415041782729805,0.01690369700008887,0.01314121400082513,44,2027,,,,,,,,,,
linear_mac_matched,10,30,0.112255118681802,0.20550667901951616,0.9851576994434137,0.9415041782729805,0.018551412999840977,0.014548598000601487,44,2027,,,,,,,,,,
linear_mac_matched,11,31,0.10950647369906533,0.20367424563435416,0.9860853432282004,0.9387186629526463,0.020156815000063943,0.015915262000817165,44,2027,,,,,,,,,,
linear_mac_matched,12,32,0.1066848828370203,0.20082274175275194,0.9860853432282004,0.947075208913649,0.021796338000058313,0.01728421900088506,44,2027,,,,,,,,,,
linear_mac_matched,13,33,0.10390008141554337,0.19903837263140592,0.9879406307977736,0.9415041782729805,0.023772988000018813,0.01891105300092022,44,2027,,,,,,,,,,
linear_mac_matched,14,34,0.10137072585323538,0.19797759806467258,0.9879406307977736,0.9415041782729805,0.02531812000006539,0.020213871001033112,44,2027,,,,,,,,,,
linear_mac_matched,15,35,0.09913654404105778,0.19461059257236393,0.9879406307977736,0.9442896935933147,0.027602421999745275,0.02221573800079568,44,2027,,,,,,,,,,
linear_mac_matched,16,36,0.09687561668270844,0.19319496542846767,0.9879406307977736,0.9442896935933147,0.02970397899980526,0.024026369000694103,44,2027,,,,,,,,,,
linear_mac_matched,17,37,0.09470016098928807,0.19100298474713961,0.9879406307977736,0.9498607242339833,0.03179204599973673,0.025651491000644455,44,2027,,,,,,,,,,
linear_mac_matched,18,38,0.09271146783680041,0.1900013215855839,0.9879406307977736,0.947075208913649,0.03368496999974013,0.027196773000923713,44,2027,,,,,,,,,,
linear_mac_matched,19,39,0.09075616507347546,0.18849288436948775,0.9888682745825603,0.9442896935933147,0.0352117439997528,0.028487953000876587,44,2027,,,,,,,,,,
linear_mac_matched,20,40,0.08897430029460486,0.1865040720727131,0.9879406307977736,0.9498607242339833,0.03678426699980264,0.02975932300068962,44,2027,,,,,,,,,,
linear_mac_matched,21,41,0.08726881340343765,0.18619561974582172,0.9897959183673469,0.947075208913649,0.03854013499994835,0.03122659700056829,44,2027,,,,,,,,,,
linear_mac_matched,22,42,0.08553472819677663,0.18445295809441528,0.9888682745825603,0.9498607242339833,0.04017890699969939,0.03262557900052343,44,2027,,,,,,,,,,
linear_mac_matched,23,43,0.08403045607062523,0.184305912336943,0.9879406307977736,0.9498607242339833,0.04194393899979332,0.034036980000564654,44,2027,,,,,,,,,,
linear_mac_matched,24,44,0.08230038753202393,0.18160163549671868,0.9888682745825603,0.9526462395543176,0.04373841500000708,0.03550573700067616,44,2027,,,,,,,,,,
linear_mac_matched,25,45,0.08090658954663808,0.1807886416742479,0.9879406307977736,0.9526462395543176,0.04532757299966761,0.03685039800075174,44,2027,,,,,,,,,,
linear_mac_matched,26,46,0.07935431004911067,0.18029160467568056,0.9897959183673469,0.9526462395543176,0.047435479999876407,0.03870766900081435,44,2027,,,,,,,,,,
linear_mac_matched,27,47,0.07826318461377468,0.18030453001045765,0.9888682745825603,0.9498607242339833,0.049431839999670046,0.04024132300082783,44,2027,,,,,,,,,,
linear_mac_matched,28,48,0.07670102940561595,0.17863570355289649,0.9897959183673469,0.9526462395543176,0.05114897999965251,0.04159945300079926,44,2027,,,,,,,,,,
linear_mac_matched,29,49,0.0754181329295562,0.17687840516564168,0.9897959183673469,0.9526462395543176,0.052768963999824336,0.04292431400062924,44,2027,,,,,,,,,,
linear_mac_matched,30,50,0.07419835200532801,0.17794198805202313,0.9897959183673469,0.9554317548746518,0.05448303899993334,0.04440293500056214,44,2027,,,,,,,,,,
linear_mac_matched,31,51,0.0730487402439265,0.17478945458298611,0.9897959183673469,0.9526462395543176,0.05593856599989522,0.04561788100045305,44,2027,,,,,,,,,,
linear_mac_matched,32,52,0.07187030984390176,0.17543847622908545,0.9897959183673469,0.9554317548746518,0.057550327999706496,0.04699334800034194,44,2027,,,,,,,,,,
linear_mac_matched,33,53,0.07083917582141583,0.1739754196553968,0.9907235621521335,0.9526462395543176,0.05917970599966793,0.048387893000381155,44,2027,,,,,,,,,,
linear_mac_matched,34,54,0.06974305202509871,0.1738639980746766,0.9897959183673469,0.958217270194986,0.06080983499987269,0.049747206000574806,44,2027,,,,,,,,,,
linear_mac_matched,35,55,0.06879077404154105,0.1716932828404866,0.9916512059369202,0.958217270194986,0.0625459839998257,0.05114842100056194,44,2027,,,,,,,,,,
linear_mac_matched,36,56,0.0677491056922298,0.1731983530258284,0.9916512059369202,0.9554317548746518,0.06430778100002499,0.05253955100079111,44,2027,,,,,,,,,,
linear_mac_matched,37,57,0.06657547314254976,0.17128914350634045,0.9907235621521335,0.9610027855153204,0.06583503499996368,0.05378503200063278,44,2027,,,,,,,,,,
linear_mac_matched,38,58,0.06559208294157887,0.1704799559557274,0.9925788497217068,0.9610027855153204,0.06785984699990877,0.05552208100061762,44,2027,,,,,,,,,,
linear_mac_matched,39,59,0.06469926493723348,0.17038658646515345,0.9907235621521335,0.9610027855153204,0.06949441300002945,0.056918909000614804,44,2027,,,,,,,,,,
linear_mac_matched,40,60,0.0637631892896784,0.1701942996172846,0.9925788497217068,0.9610027855153204,0.07089275399994222,0.058081015000425396,44,2027,,,,,,,,,,
linear_mac_matched,41,61,0.06296935986938126,0.16808144753599766,0.9935064935064936,0.958217270194986,0.07306309499972485,0.059625125000820844,44,2027,,,,,,,,,,
linear_mac_matched,42,62,0.06205640917986658,0.1676269251519057,0.9916512059369202,0.958217270194986,0.07450621299994964,0.060834783000700554,44,2027,,,,,,,,,,
linear_mac_matched,43,63,0.06139398606872495,0.17016262733733173,0.9935064935064936,0.9610027855153204,0.07610708899983365,0.06219353500046054,44,2027,,,,,,,,,,
linear_mac_matched,44,64,0.06050143590930913,0.16613992454955723,0.9944341372912802,0.958217270194986,0.07803187999979855,0.06383757600042372,44,2027,,,,,,,,,,
linear_mac_matched,45,65,0.05970480599173343,0.16810630039161295,0.9925788497217068,0.9610027855153204,0.07978699699970093,0.06529442500050209,44,2027,,,,,,,,,,
linear_mac_matched,46,66,0.05884753374780366,0.16785295554293808,0.9935064935064936,0.9610027855153204,0.08139884899992467,0.06666809900070803,44,2027,,,,,,,,,,
linear_mac_matched,47,67,0.058083045096383006,0.16650966703526285,0.9944341372912802,0.958217270194986,0.08333765199995469,0.06836210400069831,44,2027,,,,,,,,,,
linear_mac_matched,48,68,0.05733427197182615,0.1653649867635398,0.9944341372912802,0.958217270194986,0.08505509299993719,0.06983949400046185,44,2027,,,,,,,,,,
linear_mac_matched,49,69,0.0567500099783424,0.16763433295593205,0.9935064935064936,0.9610027855153204,0.0867202740000721,0.07114850100015246,44,2027,,,,,,,,,,
linear_mac_matched,50,70,0.05595139435983379,0.16466078438912818,0.9944341372912802,0.958217270194986,0.08867966799971327,0.07273705700026767,44,2027,,,,,,,,,,
linear_mac_matched,51,71,0.05522269792528617,0.16481030402054905,0.9944341372912802,0.958217270194986,0.09099097099988285,0.07478502400044817,44,2027,,,,,,,,,,
linear_mac_matched,52,72,0.05455983806663937,0.165748032115129,0.9935064935064936,0.9610027855153204,0.09300690999998551,0.07654797300074279,44,2027,,,,,,,,,,
linear_mac_matched,53,73,0.054021144153756015,0.16574712729965066,0.9935064935064936,0.958217270194986,0.09493023000004541,0.07804392000070948,44,2027,,,,,,,,,,
linear_mac_matched,54,74,0.053405013228425516,0.16386855392415156,0.9944341372912802,0.958217270194986,0.09696982400009801,0.07951938700080063,44,2027,,,,,,,,,,
linear_mac_matched,55,75,0.052727772430542455,0.16429857397872016,0.9944341372912802,0.9610027855153204,0.09847194099984335,0.08077573500077051,44,2027,,,,,,,,,,
linear_mac_matched,56,76,0.052140674005759696,0.16323293768628555,0.9944341372912802,0.958217270194986,0.10036926199973095,0.08235674000070503,44,2027,,,,,,,,,,
linear_mac_matched,57,77,0.051503136815420195,0.16342501725454583,0.9944341372912802,0.958217270194986,0.1020570079999743,0.0837980050009719,44,2027,,,,,,,,,,
linear_mac_matched,58,78,0.05087697565963064,0.16466195689935773,0.9944341372912802,0.958217270194986,0.10345136299974911,0.08495972100081417,44,2027,,,,,,,,,,
linear_mac_matched,59,79,0.050331572715451266,0.16351820159713615,0.9944341372912802,0.958217270194986,0.10516647999975248,0.08643123200090486,44,2027,,,,,,,,,,
linear_mac_matched,60,80,0.049763180913230246,0.16187222113102764,0.9944341372912802,0.958217270194986,0.10705706999988251,0.08807734500078368,44,2027,,,,,,,,,,
linear_mac_matched,61,81,0.04931482518451718,0.1650711935581468,0.9944341372912802,0.958217270194986,0.10878978399978223,0.08947326300085479,44,2027,,,,,,,,,,
linear_mac_matched,62,82,0.04870140921842735,0.16233206976930908,0.9944341372912802,0.958217270194986,0.11102305899976272,0.09114960100123426,44,2027,,,,,,,,,,
linear_mac_matched,63,83,0.04820000103224452,0.16243408445527946,0.9944341372912802,0.958217270194986,0.11273184599986052,0.0925687030012341,44,2027,,,,,,,,,,
linear_mac_matched,64,84,0.04774772726259051,0.16204603505849227,0.9944341372912802,0.958217270194986,0.11440858600008141,0.09399336300111827,44,2027,,,,,,,,,,
linear_mac_matched,65,85,0.04713754684419931,0.16207961318293457,0.9944341372912802,0.958217270194986,0.11604277099968385,0.09534896000104709,44,2027,,,,,,,,,,
linear_mac_matched,66,86,0.046643563054534445,0.1610498830576957,0.9944341372912802,0.958217270194986,0.11780360600005224,0.09683271900121326,44,2027,,,,,,,,,,
linear_mac_matched,67,87,0.04615785095330542,0.16279750969248233,0.9953617810760668,0.9610027855153204,0.11924050499965233,0.09803711800122983,44,2027,,,,,,,,,,
linear_mac_matched,68,88,0.04562074204631506,0.1620193184533929,0.9944341372912802,0.958217270194986,0.12095088499972917,0.09949163300098007,44,2027,,,,,,,,,,
linear_mac_matched,69,89,0.045184227822265,0.1617524317111055,0.9944341372912802,0.9610027855153204,0.12275511600000755,0.10076557800084629,44,2027,,,,,,,,,,
linear_mac_matched,70,90,0.044691768896923875,0.16113516324409344,0.9953617810760668,0.9610027855153204,0.12433081299968762,0.1020256910005628,44,2027,,,,,,,,,,
linear_mac_matched,71,91,0.044289752673359155,0.1616596926239166,0.9944341372912802,0.958217270194986,0.12576835299978484,0.10321389600039765,44,2027,,,,,,,,,,
linear_mac_matched,72,92,0.043830682419097794,0.16228763646018246,0.9944341372912802,0.9610027855153204,0.12801136300004146,0.10512439600006473,44,2027,,,,,,,,,,
linear_mac_matched,73,93,0.04345057063688004,0.1609139902267631,0.9962894248608535,0.958217270194986,0.13024318599991602,0.10710855700017419,44,2027,,,,,,,,,,
linear_mac_matched,74,94,0.04294621261955739,0.16073986964816794,0.9944341372912802,0.9610027855153204,0.1319786839999324,0.1086012200003097,44,2027,,,,,,,,,,
linear_mac_matched,75,95,0.04272172420024794,0.16186797532855393,0.9944341372912802,0.9610027855153204,0.13336903299978076,0.10975975100018331,44,2027,,,,,,,,,,
linear_mac_matched,76,96,0.04216571134443386,0.16031107625872731,0.9962894248608535,0.958217270194986,0.13489118999996208,0.11099289400044654,44,2027,,,,,,,,,,
linear_mac_matched,77,97,0.04177713190930814,0.1613390432901493,0.9962894248608535,0.9637883008356546,0.1364189549999537,0.11219726400031504,44,2027,,,,,,,,,,
linear_mac_matched,78,98,0.041378535023113366,0.15876470077036953,0.9953617810760668,0.9610027855153204,0.1381166559999656,0.11365129900059401,44,2027,,,,,,,,,,
linear_mac_matched,79,99,0.04092978034131468,0.1601626800968464,0.9953617810760668,0.9637883008356546,0.13998908899975504,0.11520999100048357,44,2027,,,,,,,,,,
linear_mac_matched,80,100,0.0405475195469953,0.1602978094996479,0.9953617810760668,0.9610027855153204,0.1416995589997896,0.11664475600036894,44,2027,,,,,,,,,,
linear_mac_matched,81,101,0.04021685624901295,0.1602443406284063,0.9944341372912802,0.9610027855153204,0.14337724000006347,0.1180352250003125,44,2027,,,,,,,,,,
linear_mac_matched,82,102,0.0398014809421035,0.1597730893513845,0.9953617810760668,0.9610027855153204,0.14504775999967023,0.11946940000052564,44,2027,,,,,,,,,,
linear_mac_matched,83,103,0.03943097526233278,0.16111310173864665,0.9953617810760668,0.9637883008356546,0.14641469399975904,0.12060989400015387,44,2027,,,,,,,,,,
linear_mac_matched,84,104,0.03906924044079459,0.16016976712170286,0.9962894248608535,0.9637883008356546,0.14800934999993842,0.12197070900037943,44,2027,,,,,,,,,,
linear_mac_matched,85,105,0.03875693165477041,0.16123975530200046,0.9962894248608535,0.9637883008356546,0.14993491299992456,0.12364956100054769,44,2027,,,,,,,,,,
linear_mac_matched,86,106,0.0383932495489644,0.15941687755254505,0.9953617810760668,0.9610027855153204,0.15142705499965814,0.12490777200082448,44,2027,,,,,,,,,,
linear_mac_matched,87,107,0.03802491323923634,0.15921532121310533,0.9953617810760668,0.9637883008356546,0.15343429099993955,0.12667734100114103,44,2027,,,,,,,,,,
linear_mac_matched,88,108,0.03796448178895142,0.16060419589282182,0.9981447124304267,0.9637883008356546,0.1552414160000808,0.1282491620008841,44,2027,,,,,,,,,,
linear_mac_matched,89,109,0.037373471572061896,0.16022118732646415,0.9972170686456401,0.9610027855153204,0.1570785359999718,0.12984725300111677,44,2027,,,,,,,,,,
linear_mac_matched,90,110,0.03707727672741942,0.16075174811768658,0.9953617810760668,0.9637883008356546,0.159130869999899,0.1313333960010823,44,2027,,,,,,,,,,
linear_mac_matched,91,111,0.03666965019691491,0.15993419492189276,0.9953617810760668,0.9637883008356546,0.16101926700002878,0.13297644400108766,44,2027,,,,,,,,,,
linear_mac_matched,92,112,0.036410323459616416,0.1603480613077415,0.9972170686456401,0.9665738161559888,0.1624277930000062,0.13415437400090013,44,2027,,,,,,,,,,
linear_mac_matched,93,113,0.036060260736268175,0.15930755975966499,0.9962894248608535,0.9637883008356546,0.1640189139998256,0.13551315500126293,44,2027,,,,,,,,,,
linear_mac_matched,94,114,0.035727260165894094,0.1592641912336772,0.9972170686456401,0.9637883008356546,0.16560929299976124,0.1368706650009699,44,2027,,,,,,,,,,
linear_mac_matched,95,115,0.035580414138516626,0.16072516915298496,0.9962894248608535,0.9665738161559888,0.16714665299969056,0.13817724800128417,44,2027,,,,,,,,,,
linear_mac_matched,96,116,0.035198035394899345,0.15934493822902177,0.9962894248608535,0.9637883008356546,0.16909705299985944,0.13980229900107588,44,2027,,,,,,,,,,
linear_mac_matched,97,117,0.034932241464806446,0.16021013132131426,0.9953617810760668,0.9610027855153204,0.17069931099968016,0.14112766100106455,44,2027,,,,,,,,,,
linear_mac_matched,98,118,0.034596758235138574,0.15973274807723328,0.9981447124304267,0.9637883008356546,0.17232282999975723,0.14244370800133765,44,2027,,,,,,,,,,
linear_mac_matched,99,119,0.03429758721596473,0.16098152831871726,0.9981447124304267,0.9637883008356546,0.1739265900000646,0.14379774300141435,44,2027,,,,,,,,,,
linear_mac_matched,100,120,0.033978382612852645,0.15958290067367348,0.9981447124304267,0.9637883008356546,0.17593364499998643,0.1455477730014536,44,2027,,,,,,,,,,
linear_mac_matched,101,121,0.033692386339064254,0.1596572446900794,0.9981447124304267,0.9637883008356546,0.17749728399985543,0.1468297390015323,44,2027,,,,,,,,,,
linear_mac_matched,102,122,0.03344300716827291,0.15902499021295766,0.9972170686456401,0.9637883008356546,0.17933394400006364,0.14821287700169705,44,2027,,,,,,,,,,
linear_mac_matched,103,123,0.033218667855109324,0.16079031859732212,0.9981447124304267,0.9665738161559888,0.18091870499983997,0.1495407520014851,44,2027,,,,,,,,,,
linear_mac_matched,104,124,0.03295534309580746,0.15810547588027676,0.9981447124304267,0.9637883008356546,0.18239806799965663,0.15078728500157013,44,2027,,,,,,,,,,
linear_mac_matched,105,125,0.03264279183461105,0.16101220089302273,0.9981447124304267,0.9665738161559888,0.18383526699972208,0.1519775530014158,44,2027,,,,,,,,,,
linear_mac_matched,106,126,0.03239180566823009,0.16134961058281758,0.9981447124304267,0.9637883008356546,0.1852069480000864,0.15312519800136215,44,2027,,,,,,,,,,
linear_mac_matched,107,127,0.032112672333937484,0.1587631879487586,0.9981447124304267,0.9637883008356546,0.18688785399990593,0.15453635800122356,44,2027,,,,,,,,,,
linear_mac_matched,108,128,0.03185851370890794,0.16108865984986248,0.9981447124304267,0.9637883008356546,0.18899390799970206,0.1563918760011802,44,2027,,,,,,,,,,
linear_mac_matched,109,129,0.031598682741378455,0.15962385979163057,0.9981447124304267,0.9665738161559888,0.19085635600004025,0.15798122400110515,44,2027,,,,,,,,,,
linear_mac_matched,110,130,0.031344111425222955,0.16016342893201085,0.9981447124304267,0.9637883008356546,0.1926795559998027,0.15953255500107844,44,2027,,,,,,,,,,
linear_mac_matched,111,131,0.031125112292901703,0.16041361310685517,0.9981447124304267,0.9665738161559888,0.1941446369996811,0.16076366500101358,44,2027,,,,,,,,,,
linear_mac_matched,112,132,0.031022249160705583,0.16296355753710148,0.9981447124304267,0.9665738161559888,0.19557413499978793,0.16193108900097286,44,2027,,,,,,,,,,
linear_mac_matched,113,133,0.03061146520122037,0.15972716276896023,0.9981447124304267,0.9637883008356546,0.1971184149997498,0.16323517900082152,44,2027,,,,,,,,,,
linear_mac_matched,114,134,0.030389827960263387,0.15985799311863913,0.9981447124304267,0.9637883008356546,0.19894650199967145,0.16465601300069466,44,2027,,,,,,,,,,
linear_mac_matched,115,135,0.03024912300800171,0.1592490641987715,0.9981447124304267,0.9665738161559888,0.20050363099971946,0.16597781900100017,44,2027,,,,,,,,,,
linear_mac_matched,116,136,0.029926983402519917,0.1610589576562774,0.9981447124304267,0.9637883008356546,0.20227302900002542,0.16749574900131847,44,2027,,,,,,,,,,
linear_mac_matched,117,137,0.029782467277197848,0.16107546366117703,0.9981447124304267,0.9637883008356546,0.203822037000009,0.16877545200122768,44,2027,,,,,,,,,,
linear_mac_matched,118,138,0.029477359082451672,0.15996990681387718,0.9981447124304267,0.9665738161559888,0.20547890599982566,0.17018658200140635,44,2027,,,,,,,,,,
linear_mac_matched,119,139,0.029241625873498496,0.16017722722870797,0.9981447124304267,0.9665738161559888,0.2076082650000899,0.17195855500131074,44,2027,,,,,,,,,,
linear_mac_matched,120,140,0.029052992944066942,0.1604967730383689,0.9981447124304267,0.9637883008356546,0.20922096799995415,0.17332648100136794,44,2027,,,,,,,,,,
linear_mac_matched,121,141,0.028868858869660736,0.1598883372417122,0.9981447124304267,0.9637883008356546,0.2115331319996585,0.17497030100139455,44,2027,,,,,,,,,,
linear_mac_matched,122,142,0.028627580795754164,0.16198448818140188,0.9981447124304267,0.9637883008356546,0.21327177500006655,0.17646123100166733,44,2027,,,,,,,,,,
linear_mac_matched,123,143,0.028477312775718324,0.15924097563909476,0.9981447124304267,0.9637883008356546,0.21468315499987511,0.17762233500207003,44,2027,,,,,,,,,,
linear_mac_matched,124,144,0.028199856877937995,0.16150363766613302,0.9981447124304267,0.9665738161559888,0.21659615899989149,0.17929670100193107,44,2027,,,,,,,,,,
linear_mac_matched,125,145,0.028084581403202333,0.16113359587527462,0.9981447124304267,0.9665738161559888,0.21801991899974382,0.1804803290019663,44,2027,,,,,,,,,,
linear_mac_matched,126,146,0.027897308083758215,0.15971445651641897,0.9981447124304267,0.9637883008356546,0.21971759899997778,0.18185074800203438,44,2027,,,,,,,,,,
linear_mac_matched,127,147,0.027554063177171167,0.16151034634614142,0.9981447124304267,0.9665738161559888,0.2230427649997182,0.18491868700220948,44,2027,,,,,,,,,,
linear_mac_matched,128,148,0.027446472157658268,0.15874023284752412,0.9981447124304267,0.9637883008356546,0.2249504309997974,0.18650847600201814,44,2027,,,,,,,,,,
linear_mac_matched,129,149,0.02715871881924084,0.16124633251512638,0.9981447124304267,0.9665738161559888,0.22671881799988114,0.18767608000189284,44,2027,,,,,,,,,,
linear_mac_matched,130,150,0.02700438173396533,0.16262446412354342,0.9981447124304267,0.9665738161559888,0.22884592399987014,0.18943356100180608,44,2027,,,,,,,,,,
linear_mac_matched,131,151,0.026791327225033672,0.16008849653962015,0.9981447124304267,0.9637883008356546,0.2307931099999223,0.19109763100141208,44,2027,,,,,,,,,,
linear_mac_matched,132,152,0.02659090487894715,0.16078825451957524,0.9981447124304267,0.9665738161559888,0.23257473700004994,0.19263654300175403,44,2027,,,,,,,,,,
linear_mac_matched,133,153,0.02642221887147872,0.16185557540618686,0.9981447124304267,0.9637883008356546,0.2341854369997236,0.19385798800158227,44,2027,,,,,,,,,,
linear_mac_matched,134,154,0.02623279222996793,0.16034994455488585,0.9981447124304267,0.9665738161559888,0.23597350399995776,0.19540261800148073,44,2027,,,,,,,,,,
linear_mac_matched,135,155,0.02600939140381255,0.16194113164938972,0.9981447124304267,0.9665738161559888,0.23768746899986581,0.196837464001419,44,2027,,,,,,,,,,
linear_mac_matched,136,156,0.025888172266379426,0.16186976318297402,0.9981447124304267,0.9665738161559888,0.2392491149998932,0.1981563860017559,44,2027,,,,,,,,,,
linear_mac_matched,137,157,0.02573674783484155,0.16167059457976876,0.9981447124304267,0.9665738161559888,0.24097914399999354,0.19964316900177437,44,2027,,,,,,,,,,
linear_mac_matched,138,158,0.025521276985409062,0.16138995478835108,0.9981447124304267,0.9665738161559888,0.24289925899984155,0.201000829001714,44,2027,,,,,,,,,,
linear_mac_matched,139,159,0.02531866058293132,0.16194270349563025,0.9981447124304267,0.9665738161559888,0.24458795700002156,0.20245026700195012,44,2027,,,,,,,,,,
linear_mac_matched,140,160,0.025114971245143985,0.1615454937550361,0.9981447124304267,0.9665738161559888,0.246223082999677,0.20376878800198028,44,2027,,,,,,,,,,
linear_mac_matched,141,161,0.024956173934068033,0.1609392103598727,0.9981447124304267,0.9665738161559888,0.24833478599975933,0.20522510600176247,44,2027,,,,,,,,,,
linear_mac_matched,142,162,0.024769363448936484,0.16245353449858252,0.9981447124304267,0.9665738161559888,0.25033510100001877,0.20685158000151205,44,2027,,,,,,,,,,
linear_mac_matched,143,163,0.024622824479632214,0.1635348552829775,0.9981447124304267,0.9665738161559888,0.25210225599994374,0.20826609500136328,44,2027,,,,,,,,,,
linear_mac_matched,144,164,0.024480650557240132,0.16118337568037688,0.9981447124304267,0.9665738161559888,0.25351531999967847,0.20944810100127143,44,2027,,,,,,,,,,
linear_mac_matched,145,165,0.02429990166175527,0.16193718678122787,0.9981447124304267,0.9665738161559888,0.255064566999863,0.21075540600168097,44,2027,,,,,,,,,,
linear_mac_matched,146,166,0.02415774937935121,0.16284270054811031,0.9981447124304267,0.9665738161559888,0.25652827599969896,0.2119859350018487,44,2027,,,,,,,,,,
linear_mac_matched,147,167,0.02400323094182343,0.16120296504814907,0.9981447124304267,0.9637883008356546,0.2580663169997024,0.21328383500213022,44,2027,,,,,,,,,,
linear_mac_matched,148,168,0.023847360454507492,0.16195071416585116,0.9981447124304267,0.9665738161559888,0.2597859409997909,0.214667314001872,44,2027,,,,,,,,,,
linear_mac_matched,149,169,0.023671850769287784,0.161659570340649,0.9981447124304267,0.9665738161559888,0.26169202499977473,0.21629254500203388,44,2027,,,,,,,,,,
linear_mac_matched,150,170,0.023470882547580504,0.16334677503139314,0.9981447124304267,0.9665738161559888,0.2635077229997478,0.21779755600164208,44,2027,,,,,,,,,,
linear_mac_matched,151,171,0.02330925472794175,0.16318801693820234,0.9981447124304267,0.9665738161559888,0.26509654999972554,0.21914285800176003,44,2027,,,,,,,,,,
linear_mac_matched,152,172,0.023217869540450693,0.1627759046140967,0.9981447124304267,0.9665738161559888,0.26650592699979825,0.2203189150018261,44,2027,,,,,,,,,,
linear_mac_matched,153,173,0.022997894622310465,0.16229227061739,0.9981447124304267,0.9665738161559888,0.2682739239999137,0.2218472310019024,44,2027,,,,,,,,,,
linear_mac_matched,154,174,0.022844046587735218,0.16332337025626123,0.9981447124304267,0.9665738161559888,0.2699357409996992,0.2232666940017225,44,2027,,,,,,,,,,
linear_mac_matched,155,175,0.02270033211647066,0.1634835378444583,0.9981447124304267,0.9665738161559888,0.27150760199992874,0.224553708001622,44,2027,,,,,,,,,,
linear_mac_matched,156,176,0.02256756421023333,0.16237902986627853,0.9981447124304267,0.9665738161559888,0.27321130199970867,0.22601654600157417,44,2027,,,,,,,,,,
linear_mac_matched,157,177,0.02242258550945919,0.16283259451359938,0.9990723562152134,0.9665738161559888,0.27478480599984323,0.2273215560016979,44,2027,,,,,,,,,,
linear_mac_matched,158,178,0.022272374900726304,0.16264607870957234,0.9981447124304267,0.9665738161559888,0.2782124659997862,0.23049961100196015,44,2027,,,,,,,,,,
linear_mac_matched,159,179,0.022100907382530795,0.16431286835855782,0.9981447124304267,0.9665738161559888,0.2812333449996913,0.2317366000020229,44,2027,,,,,,,,,,
linear_mac_matched,160,180,0.02203739368817635,0.16222331754253316,0.9990723562152134,0.9665738161559888,0.28295524199984357,0.23320965300217722,44,2027,,,,,,,,,,
linear_mac_matched,161,181,0.021923940040856314,0.1672661092085805,0.9981447124304267,0.9665738161559888,0.28453593699987323,0.23450568000225758,44,2027,,,,,,,,,,
linear_mac_matched,162,182,0.021731417688587443,0.16310844673113106,0.9981447124304267,0.9637883008356546,0.2879045079998832,0.2375355820022378,44,2027,,,,,,,,,,
linear_mac_matched,163,183,0.02159808406203553,0.16383664348298446,0.9990723562152134,0.9665738161559888,0.28940454199982923,0.23878735300240805,44,2027,,,,,,,,,,
linear_mac_matched,164,184,0.021384352483031305,0.16430382223124906,0.9981447124304267,0.9665738161559888,0.29084393499988437,0.23996497200232625,44,2027,,,,,,,,,,
linear_mac_matched,165,185,0.021261257033858106,0.16443847173983941,0.9981447124304267,0.9665738161559888,0.29272058399965317,0.24147819500240075,44,2027,,,,,,,,,,
linear_mac_matched,166,186,0.02113054317875199,0.16364259974479003,0.9981447124304267,0.9665738161559888,0.29411775399967155,0.24264266400223278,44,2027,,,,,,,,,,
linear_mac_matched,167,187,0.021011152825622086,0.16536093645919278,0.9990723562152134,0.9665738161559888,0.2955773069998031,0.24379033900186187,44,2027,,,,,,,,,,
linear_mac_matched,168,188,0.020842185096187345,0.164200166527794,0.9990723562152134,0.9665738161559888,0.297420756000065,0.2453936080019048,44,2027,,,,,,,,,,
linear_mac_matched,169,189,0.020862090365114012,0.16265219122837282,0.9990723562152134,0.9665738161559888,0.29923785599976327,0.24678028200196422,44,2027,,,,,,,,,,
linear_mac_matched,170,190,0.02058939558327785,0.16557287172818538,0.9981447124304267,0.9665738161559888,0.30095321399994646,0.24813855200181933,44,2027,,,,,,,,,,
linear_mac_matched,171,191,0.0204698124357133,0.1659829181509796,0.9981447124304267,0.9665738161559888,0.30239592099997026,0.24935072300195316,44,2027,,,,,,,,,,
linear_mac_matched,172,192,0.020322527524998968,0.16442274594847006,0.9990723562152134,0.9665738161559888,0.3041232659998059,0.25083944000198244,44,2027,,,,,,,,,,
linear_mac_matched,173,193,0.02020795672238149,0.16506243625170616,0.9981447124304267,0.9665738161559888,0.30550569299975905,0.25199248300214094,44,2027,,,,,,,,,,
linear_mac_matched,174,194,0.020094011649881015,0.1657071576402031,0.9981447124304267,0.9665738161559888,0.30689651300008336,0.25315549100241697,44,2027,,,,,,,,,,
linear_mac_matched,175,195,0.019950508126552916,0.16453745525443322,0.9981447124304267,0.9665738161559888,0.3084284149999803,0.25445785800229714,44,2027,,,,,,,,,,
linear_mac_matched,176,196,0.0198910451271497,0.16644879512444233,0.9990723562152134,0.9665738161559888,0.3100576930000898,0.2558319720023974,44,2027,,,,,,,,,,
linear_mac_matched,177,197,0.01971759806367604,0.16540113175196366,0.9990723562152134,0.9665738161559888,0.3115499149998868,0.2570095720025165,44,2027,,,,,,,,,,
linear_mac_matched,178,198,0.019601983503059438,0.16376492478999274,0.9990723562152134,0.9665738161559888,0.3131158669998513,0.2582450880026954,44,2027,,,,,,,,,,
linear_mac_matched,179,199,0.019474607879298684,0.1661670764606781,0.9990723562152134,0.9665738161559888,0.3149765230000412,0.25985949300275024,44,2027,,,,,,,,,,
linear_mac_matched,180,200,0.019388141666809976,0.1667204836663542,0.9990723562152134,0.9665738161559888,0.3166051799998968,0.26124539600277785,44,2027,,,,,,,,,,
linear_mac_matched,181,201,0.019233020190106837,0.16736514113178724,0.9981447124304267,0.9665738161559888,0.31821868399993036,0.2625354240026354,44,2027,,,,,,,,,,
linear_mac_matched,182,202,0.019074092816901523,0.16505339517092216,0.9990723562152134,0.9665738161559888,0.32007323099969653,0.26414325000268946,44,2027,,,,,,,,,,
linear_mac_matched,183,203,0.018989290506831128,0.16500078230606285,0.9990723562152134,0.9665738161559888,0.32145266299994546,0.2652942800027631,44,2027,,,,,,,,,,
linear_mac_matched,184,204,0.018898206009402386,0.16766375965128563,0.9990723562152134,0.9665738161559888,0.3231923169996662,0.2665793810028845,44,2027,,,,,,,,,,
linear_mac_matched,185,205,0.01877735529619347,0.16468833104691424,0.9990723562152134,0.9665738161559888,0.3248192020000715,0.2679539960031434,44,2027,,,,,,,,,,
linear_mac_matched,186,206,0.018747477106938224,0.1696105843457737,0.9981447124304267,0.9665738161559888,0.3264050349998797,0.26921624200303995,44,2027,,,,,,,,,,
linear_mac_matched,187,207,0.018587260486807856,0.16486711688280847,0.9990723562152134,0.9665738161559888,0.32848295599978883,0.2710457210032473,44,2027,,,,,,,,,,
linear_mac_matched,188,208,0.018423624797504572,0.1655361365581679,0.9990723562152134,0.9665738161559888,0.33021467799972015,0.27252574400336016,44,2027,,,,,,,,,,
linear_mac_matched,189,209,0.01834793234905228,0.16716755998791358,0.9990723562152134,0.9665738161559888,0.3318575469997995,0.27385465100360307,44,2027,,,,,,,,,,
linear_mac_matched,190,210,0.018218355878928637,0.16864273473120567,0.9990723562152134,0.9665738161559888,0.3332468539997535,0.27501149900353994,44,2027,,,,,,,,,,
linear_mac_matched,191,211,0.018123513722522487,0.16519885838795925,0.9990723562152134,0.9665738161559888,0.33460484399984125,0.27614530300343176,44,2027,,,,,,,,,,
linear_mac_matched,192,212,0.01795772953430214,0.16689039982442244,0.9990723562152134,0.9665738161559888,0.33605648499997187,0.2773707740034297,44,2027,,,,,,,,,,
moe_no_balance,0,20,0.16157695281654905,0.24998582254489862,0.9768089053803339,0.9331476323119777,0.001112492000174825,0.0,44,2027,1.0633526135886293,0.16157695281654905,0.9935262266124248,0.9959441725171746,4.248365021795795e-18,0.0,0.00974025974025974,0.43042671614100186,0.2230983302411874,0.336734693877551
moe_no_balance,1,21,0.15121938158012163,0.24000366418126537,0.9749536178107606,0.935933147632312,0.011598176000006788,0.005691321000085736,44,2027,1.049260234786793,0.15121938158012163,0.9942270488187233,0.9949468060996214,,,0.08719851576994433,0.19109461966604824,0.47217068645640076,0.24953617810760667
moe_no_balance,2,22,0.14081771612212454,0.23274289988714558,0.9814471243042672,0.935933147632312,0.01925632200027394,0.01128238199999032,44,2027,1.033255728481834,0.14081771612212454,0.9932015099368231,0.9943823395530256,,,0.08070500927643785,0.3390538033395176,0.3696660482374768,0.21057513914656772
moe_no_balance,3,23,0.13369247292294759,0.21858486111139924,0.9795918367346939,0.9415041782729805,0.02753027300013855,0.0176806649997161,44,2027,1.0675898690301655,0.13369247292294759,0.9881757475419558,0.9873842099249921,,,0.19155844155844157,0.24025974025974026,0.47680890538033394,0.09137291280148423
moe_no_balance,4,24,0.12316575239874838,0.21378949880406337,0.9851576994434137,0.9415041782729805,0.03740206600014062,0.024840122999648884,44,2027,1.0391966353434596,0.12316575239874838,0.9871323444761932,0.9877160202056512,,,0.1349721706864564,0.3450834879406308,0.37430426716141,0.1456400742115028
moe_no_balance,5,25,0.11797624952370969,0.20440473430364367,0.9842300556586271,0.9415041782729805,0.04632384100023046,0.031750635999287624,44,2027,1.056644741757155,0.11797624952370969,0.9822756104567091,0.9827719926195501,,,0.11688311688311688,0.2755102040816326,0.42393320964749537,0.1836734693877551
moe_no_balance,6,26,0.11172257603459272,0.19763496455094873,0.9842300556586271,0.9526462395543176,0.05558378300020195,0.03874544599921137,44,2027,1.0655237463203164,0.11172257603459272,0.9785156810383603,0.9792695588485932,,,0.13636363636363635,0.28339517625231914,0.4336734693877551,0.14656771799628943
moe_no_balance,7,27,0.10539272223761421,0.19166827529350983,0.9860853432282004,0.9526462395543176,0.06408302299996649,0.045250959999066254,44,2027,1.074260674535149,0.10539272223761421,0.9739183673780841,0.9761718195998466,,,0.1280148423005566,0.27968460111317256,0.4355287569573284,0.1567717996289425
moe_no_balance,8,28,0.09959406524662764,0.1844584357151682,0.9851576994434137,0.9526462395543176,0.07264052000027732,0.05102144999909797,44,2027,1.067298443458938,0.09959406524662764,0.971175998724133,0.9732886876609669,,,0.15166975881261596,0.2657699443413729,0.4253246753246753,0.1572356215213358
moe_no_balance,9,29,0.09571399167764186,0.179412803455865,0.9879406307977736,0.9610027855153204,0.08172658200010119,0.058047266998983105,44,2027,1.0530218005410448,0.09571399167764186,0.9699169637960687,0.9741247724816978,,,0.10853432282003711,0.2569573283858998,0.3821892393320965,0.2523191094619666
moe_no_balance,10,30,0.0891024463229072,0.17094011616206012,0.9879406307977736,0.958217270194986,0.09037123100006283,0.0642803419991651,44,2027,1.0514576456933924,0.0891024463229072,0.9671568215933333,0.970577256277486,,,0.16001855287569575,0.2342300556586271,0.40213358070500926,0.2036178107606679
moe_no_balance,11,31,0.08558271548722951,0.16874194519402624,0.9888682745825603,0.9610027855153204,0.09890915799996947,0.07080468499952985,44,2027,1.0480873769614802,0.08558271548722951,0.964721434332727,0.969900930786167,,,0.1396103896103896,0.2690166975881262,0.38636363636363635,0.20500927643784786
moe_no_balance,12,32,0.08297681733985467,0.1639658107431532,0.9888682745825603,0.9637883008356546,0.1074272160003602,0.07747098099935101,44,2027,1.0602140551901795,0.08297681733985467,0.9590436901741295,0.9650316307663542,,,0.15120593692022263,0.21428571428571427,0.4007421150278293,0.23376623376623376
moe_no_balance,13,33,0.07997684029986524,0.1606939164577063,0.9897959183673469,0.9610027855153204,0.11618270100007067,0.08407746699913332,44,2027,1.0683684353745373,0.07997684029986524,0.9539051782546966,0.9614970460222719,,,0.1331168831168831,0.22634508348794063,0.40120593692022266,0.23933209647495363
moe_no_balance,14,34,0.07591244984964646,0.16148400737577853,0.9916512059369202,0.9637883008356546,0.12391138400016644,0.08994757699929323,44,2027,1.0597538690044197,0.07591244984964646,0.9531972420927755,0.9602778232953124,,,0.17068645640074212,0.22634508348794063,0.4039888682745826,0.1989795918367347
moe_no_balance,15,35,0.07298926584929682,0.157230893056538,0.9916512059369202,0.9637883008356546,0.13130505300023287,0.09539295899912759,44,2027,1.0610988569519517,0.07298926584929682,0.9497084422219364,0.958923121985949,,,0.14100185528756956,0.23933209647495363,0.3919294990723562,0.2277365491651206
moe_no_balance,16,36,0.06970924062342046,0.15775145059513587,0.9935064935064936,0.9610027855153204,0.1389153170002828,0.10118360899923573,44,2027,1.0662256852244005,0.06970924062342046,0.946480634526104,0.9555512918600847,,,0.1683673469387755,0.22727272727272727,0.4090909090909091,0.19526901669758812
moe_no_balance,17,37,0.06677957545964235,0.15394439203496352,0.9935064935064936,0.9637883008356546,0.14639589500029615,0.10648535499922218,44,2027,1.04937228394795,0.06677957545964235,0.9463392171263295,0.9555885113674797,,,0.1614100185528757,0.22217068645640073,0.3807977736549165,0.23562152133580705
moe_no_balance,18,38,0.06444898907244265,0.15087006455938973,0.9925788497217068,0.9665738161559888,0.1549078040002314,0.11280278699905466,44,2027,1.0475032225462464,0.06444898907244265,0.943880773887352,0.9534706268664388,,,0.1794990723562152,0.21706864564007422,0.3826530612244898,0.22077922077922077
moe_no_balance,19,39,0.06130712537788637,0.15271112418346808,0.9953617810760668,0.9665738161559888,0.16310595200002354,0.1189164619991061,44,2027,1.047830382084626,0.06130712537788637,0.9403443589356226,0.9511992329625759,,,0.16929499072356216,0.22959183673469388,0.3807977736549165,0.22031539888682747
moe_no_balance,20,40,0.05991412519969132,0.15115935766688057,0.9953617810760668,0.9665738161559888,0.17117291300019133,0.12512564099915835,44,2027,1.0497863967680818,0.05991412519969132,0.9372168071865359,0.9490582043148003,0.006848592576144837,0.0,0.1572356215213358,0.23608534322820038,0.37755102040816324,0.22912801484230055
moe_no_balance,21,41,0.057460690861973925,0.1445325316881487,0.9944341372912802,0.9665738161559888,0.18329932200003896,0.13177731499945367,44,2027,1.0317724106683377,0.057460690861973925,0.9381278066510774,0.9497982358147087,,,0.18181818181818182,0.21846011131725418,0.35946196660482377,0.24025974025974026
moe_no_balance,22,42,0.055331810844432575,0.1489724037234015,0.9953617810760668,0.9665738161559888,0.19291318700015836,0.13843178399929457,44,2027,1.0494722688580047,0.055331810844432575,0.9319732300621588,0.9461320777032396,,,0.15862708719851576,0.2435064935064935,0.3761595547309833,0.22170686456400743
moe_no_balance,23,43,0.05411088078228311,0.14291328067744274,0.9962894248608535,0.9665738161559888,0.20324585100024706,0.14589746099909462,44,2027,1.0375148013046949,0.05411088078228311,0.9310369380602411,0.9443958589746574,,,0.18181818181818182,0.21150278293135436,0.3645640074211503,0.24211502782931354
moe_no_balance,24,44,0.05352740723730055,0.14282659366608502,0.9935064935064936,0.9665738161559888,0.2127007170001889,0.15298664199917766,44,2027,1.0517573641715645,0.05352740723730055,0.9254094597941166,0.9407913384331742,,,0.16883116883116883,0.2166048237476809,0.3821892393320965,0.2323747680890538
moe_no_balance,25,45,0.051630751151196703,0.13811336960842283,0.9944341372912802,0.9665738161559888,0.22264592000010452,0.16039885799909825,44,2027,1.0490344011748545,0.051630751151196703,0.922547817153886,0.9383233189410912,,,0.17625231910946196,0.20871985157699444,0.3784786641929499,0.23654916512059368
moe_no_balance,26,46,0.04867593179271494,0.14083591315817112,0.9972170686456401,0.9665738161559888,0.23561547600002086,0.17096578499922543,44,2027,1.0429340378765033,0.04867593179271494,0.9213030098094114,0.9382371811302536,,,0.1683673469387755,0.22680890538033396,0.37012987012987014,0.23469387755102042
moe_no_balance,27,47,0.04785262277433839,0.13849966350447981,0.9953617810760668,0.9693593314763231,0.24581108400025187,0.17843892299924846,44,2027,1.0635163276526558,0.04785262277433839,0.9148771615288829,0.9336940720900541,,,0.1730055658627087,0.21985157699443414,0.3965677179962894,0.21057513914656772
moe_no_balance,28,48,0.04574388721936041,0.14183318980280407,0.9972170686456401,0.9637883008356546,0.2575138080001125,0.18745333699916955,44,2027,1.035005945832108,0.04574388721936041,0.9175626923583842,0.9349200069782212,,,0.18228200371057515,0.21614100185528756,0.3589981447124304,0.24257884972170687
moe_no_balance,29,49,0.04539447466979737,0.13785781928245713,0.9962894248608535,0.9693593314763231,0.26807140500022797,0.19441030899906764,44,2027,1.0571913742043335,0.04539447466979737,0.9121589554208144,0.9316469495551783,,,0.17717996289424862,0.22217068645640073,0.39332096474953615,0.20732838589981448
moe_no_balance,30,50,0.0443893983246696,0.14214418652972502,0.9972170686456401,0.9637883008356546,0.2771562040002209,0.20145664499887062,44,2027,1.0357053664306137,0.0443893983246696,0.9129803272899718,0.9325381296883622,,,0.17068645640074212,0.21706864564007422,0.35111317254174396,0.26113172541743973
moe_no_balance,31,51,0.042685405925911385,0.1358643926428833,0.9953617810760668,0.9693593314763231,0.28808734800031743,0.21021658599875082,44,2027,1.0556974930495477,0.042685405925911385,0.9066955924230024,0.9276610611911094,,,0.18460111317254174,0.21428571428571427,0.3914656771799629,0.20964749536178107
moe_no_balance,32,52,0.041904409081592285,0.14032199049088945,0.9972170686456401,0.9665738161559888,0.29822033200025544,0.21829830799879346,44,2027,1.0618019933495821,0.041904409081592285,0.9012188708826294,0.9268877074287933,,,0.15398886827458255,0.2305194805194805,0.3817254174397032,0.23376623376623376
moe_no_balance,33,53,0.03962818380038144,0.1368376301591094,0.9972170686456401,0.9693593314763231,0.31001763300037055,0.2279169359990192,44,2027,1.0402913861722913,0.03962818380038144,0.9031379489569846,0.9253801594387997,,,0.18970315398886828,0.2077922077922078,0.3719851576994434,0.2305194805194805
moe_no_balance,34,54,0.03954267387080432,0.13640367643395548,0.9972170686456401,0.9693593314763231,0.3208728829999927,0.23625039699891204,44,2027,1.0536348814270697,0.03954267387080432,0.8980704765843119,0.922637691723558,,,0.1790352504638219,0.20640074211502782,0.38358070500927643,0.23098330241187384
moe_no_balance,35,55,0.03627391082090283,0.1369133867631208,0.9981447124304267,0.9665738161559888,0.33320565200028796,0.24542496199865127,44,2027,1.0450532500398595,0.03627391082090283,0.8977831362297962,0.9224431156488526,,,0.1841372912801484,0.22170686456400743,0.3803339517625232,0.21382189239332097
moe_no_balance,36,56,0.03790477819369843,0.13626682874722246,0.9972170686456401,0.9693593314763231,0.34278535500016005,0.252311177998763,44,2027,1.0468275840356824,0.03790477819369843,0.8951229734279743,0.9201128992710073,,,0.19202226345083487,0.1906307977736549,0.37244897959183676,0.24489795918367346
moe_no_balance,37,57,0.03571472073343411,0.13796335734876916,0.9981447124304267,0.9665738161559888,0.35287662800010366,0.25949381999862453,44,2027,1.0462397805042636,0.03571472073343411,0.8926558846165769,0.9189651916278517,,,0.1790352504638219,0.22495361781076068,0.37940630797773656,0.2166048237476809
moe_no_balance,38,58,0.03562358653701,0.14061440689581658,0.9962894248608535,0.9637883008356546,0.3624276479999935,0.26643978599850016,44,2027,1.0557839378308842,0.03562358653701,0.888445673030983,0.9186382420738037,,,0.16233766233766234,0.22402597402597402,0.37662337662337664,0.237012987012987
moe_no_balance,39,59,0.035314451044296695,0.1390906820272132,0.9972170686456401,0.9665738161559888,0.3728434270001344,0.27425739099862767,44,2027,1.0389697491467822,0.035314451044296695,0.8892343892769414,0.9177073664776334,,,0.174860853432282,0.20686456400742115,0.3538961038961039,0.26437847866419295
moe_no_balance,40,60,0.03406858160934657,0.13510718600169333,0.9962894248608535,0.9693593314763231,0.3824925339999936,0.28152836499839395,44,2027,1.0574235032623485,0.03406858160934657,0.8845631056150456,0.9140252512392232,0.016017043990787214,0.0,0.18877551020408162,0.2017625231910946,0.39007421150278293,0.2193877551020408
moe_no_balance,41,61,0.032048130595391994,0.1348886124662566,0.9981447124304267,0.9665738161559888,0.39442121700039934,0.2880211409983531,44,2027,1.0554432196742343,0.032048130595391994,0.8827468677496725,0.9130984203401535,,,0.17717996289424862,0.21846011131725418,0.387291280148423,0.21706864564007422
moe_no_balance,42,62,0.03164222200943611,0.13588037948549886,0.9972170686456401,0.9693593314763231,0.4039183760000924,0.29509250499859263,44,2027,1.0267150526334148,0.03164222200943611,0.8857226478032113,0.9136913775753362,,,0.19155844155844157,0.21428571428571427,0.3464749536178108,0.24768089053803338
moe_no_balance,43,63,0.030074891977556344,0.13636261276800316,0.9972170686456401,0.9693593314763231,0.4126440560003175,0.3018827869987035,44,2027,1.0407081286848443,0.030074891977556344,0.881375446924729,0.9107422899449452,,,0.1924860853432282,0.19944341372912802,0.3696660482374768,0.23840445269016697
moe_no_balance,44,64,0.03134018626102424,0.13640383384025928,0.9972170686456401,0.9665738161559888,0.4212112780001007,0.3082893319988216,44,2027,1.0587956396920024,0.03134018626102424,0.8753384003239955,0.9093112893975781,,,0.16929499072356216,0.22031539888682747,0.38311688311688313,0.22727272727272727
moe_no_balance,45,65,0.030192010635389708,0.1372182718970367,0.9972170686456401,0.9665738161559888,0.4297188300001835,0.3144789919988398,44,2027,1.0284552384258643,0.030192010635389708,0.8792774538918168,0.9101308990631953,,,0.187847866419295,0.2147495361781076,0.34786641929499074,0.24953617810760667
moe_no_balance,46,66,0.02979296947371669,0.1353905977647284,0.9972170686456401,0.9665738161559888,0.4385026380000454,0.3210226939986569,44,2027,1.046518526216838,0.02979296947371669,0.8735180131164101,0.9067823463339357,,,0.187847866419295,0.19109461966604824,0.36641929499072357,0.25463821892393323
moe_no_balance,47,67,0.026788463119591027,0.13570781200356619,0.9981447124304267,0.9665738161559888,0.4470832599999994,0.3270841309986281,44,2027,1.0350614033461867,0.026788463119591027,0.8738730254616772,0.9065149471330848,,,0.1901669758812616,0.20871985157699444,0.36131725417439703,0.23979591836734693
moe_no_balance,48,68,0.025916475504418047,0.13384929868242756,0.9981447124304267,0.9665738161559888,0.4559079290002046,0.3338836669986449,44,2027,1.0377263867782585,0.025916475504418047,0.8715478797097641,0.9043178970708563,,,0.19851576994434136,0.20408163265306123,0.3687384044526902,0.22866419294990722
moe_no_balance,49,69,0.025864719073244627,0.13518848836776937,0.9981447124304267,0.9665738161559888,0.46369337600026483,0.33968279999862716,44,2027,1.0408296783513868,0.025864719073244627,0.8685494439319615,0.9045225487901699,,,0.18645640074211503,0.19851576994434136,0.3585343228200371,0.2564935064935065
moe_no_balance,50,70,0.025373369186404354,0.1348086868390585,0.9981447124304267,0.9693593314763231,0.47168419200033895,0.3458001409985627,44,2027,1.0315420672665319,0.025373369186404354,0.8680574750138779,0.903770319889725,,,0.1924860853432282,0.20222634508348794,0.3455473098330241,0.2597402597402597
moe_no_balance,51,71,0.02420960709523226,0.1342198316729851,0.9981447124304267,0.9665738161559888,0.47996586500039484,0.3519825799985483,44,2027,1.0376735027701336,0.02420960709523226,0.8659539591362103,0.9021592246249462,,,0.18970315398886828,0.20686456400742115,0.36178107606679033,0.24165120593692022
moe_no_balance,52,72,0.025557084652928875,0.13589947971900287,0.9972170686456401,0.9665738161559888,0.48749085100007505,0.357628653998745,44,2027,1.0291785653413383,0.025557084652928875,0.8666219470118842,0.9026103319996568,,,0.18923933209647495,0.2101113172541744,0.34461966604823746,0.2560296846011132
moe_no_balance,53,73,0.024627683999785946,0.13354567163320144,0.9981447124304267,0.9665738161559888,0.49530834699999104,0.36332995999873674,44,2027,1.0417561375486923,0.024627683999785946,0.8625584389844863,0.9002495685158217,,,0.19573283858998144,0.18645640074211503,0.35946196660482377,0.25834879406307976
moe_no_balance,54,74,0.023817840366564095,0.13519244793482912,0.9981447124304267,0.9693593314763231,0.502857700000277,0.36894452599881333,44,2027,1.0309380915067008,0.023817840366564095,0.8623211738073027,0.8997028295837677,,,0.19944341372912802,0.19294990723562153,0.34137291280148424,0.2662337662337662
moe_no_balance,55,75,0.023609993259169522,0.13364744743194484,0.9972170686456401,0.9665738161559888,0.5104969369999708,0.37456512099879546,44,2027,1.043261700687107,0.023609993259169522,0.8581264026199705,0.8969779634949637,,,0.20408163265306123,0.1971243042671614,0.37337662337662336,0.22541743970315398
moe_no_balance,56,76,0.02186004160676424,0.13481244020166774,0.9981447124304267,0.9693593314763231,0.5179310270000315,0.3799974129988186,44,2027,1.0439928056812935,0.02186004160676424,0.8563358070839129,0.896426164778451,,,0.1989795918367347,0.1989795918367347,0.3719851576994434,0.2300556586270872
moe_no_balance,57,77,0.022474953556508984,0.1358284036061812,0.9972170686456401,0.9693593314763231,0.5254985760002455,0.3854925189984897,44,2027,1.0335158717058495,0.022474953556508984,0.8567827013027779,0.8961722516012552,,,0.2036178107606679,0.2017625231910946,0.35992578849721707,0.23469387755102042
moe_no_balance,58,78,0.023078047435860883,0.13699189183664565,0.9981447124304267,0.9665738161559888,0.5336812610003108,0.3916545779984517,44,2027,1.0469977491836873,0.023078047435860883,0.8523422301731279,0.8940669243563455,,,0.2077922077922078,0.18181818181818182,0.37012987012987014,0.24025974025974026
moe_no_balance,59,79,0.02184701411535286,0.1391606521828899,0.9981447124304267,0.9665738161559888,0.5417158930004007,0.3977331699984461,44,2027,1.0392948712931958,0.02184701411535286,0.8514863675977378,0.893327180460909,,,0.19805194805194806,0.18738404452690166,0.35111317254174396,0.2634508348794063
moe_no_balance,60,80,0.023007293078149606,0.1386819918027829,0.9962894248608535,0.9693593314763231,0.5509815140003411,0.40431788299838445,44,2027,1.0355815150775898,0.023007293078149606,0.8505929964695688,0.8919663252127522,0.0227292552136514,0.0,0.1989795918367347,0.212430426716141,0.362708719851577,0.2258812615955473
moe_no_balance,61,81,0.022664766378952227,0.13673302194411174,0.9972170686456401,0.9693593314763231,0.5618734090003272,0.4100403209986325,44,2027,1.0632187532993698,0.022664766378952227,0.8429227966236552,0.8892553807628549,,,0.18738404452690166,0.18970315398886828,0.3803339517625232,0.24257884972170687
moe_no_balance,62,82,0.021765018216048166,0.14323198556060165,0.9981447124304267,0.9637883008356546,0.570608072000141,0.41654338099851884,44,2027,1.0288016242933196,0.021765018216048166,0.8470856971440082,0.8905843784003997,,,0.20500927643784786,0.1859925788497217,0.3269944341372913,0.2820037105751391
moe_no_balance,63,83,0.0197020887596928,0.14003466205857976,0.9981447124304267,0.9637883008356546,0.5784967650001818,0.4222070909981994,44,2027,1.0500332560723984,0.0197020887596928,0.8430550246302267,0.8889293024577031,,,0.20454545454545456,0.1924860853432282,0.3752319109461967,0.2277365491651206
moe_no_balance,64,84,0.019140816341956093,0.1415083230147614,0.9990723562152134,0.9665738161559888,0.5870069820002755,0.42855065199819364,44,2027,1.03181943090689,0.019140816341956093,0.8447340776334862,0.8884773593502885,,,0.2077922077922078,0.1989795918367347,0.35435992578849723,0.2388682745825603
moe_no_balance,65,85,0.02017614261317668,0.13887005144511952,0.9981447124304267,0.9665738161559888,0.5947175460000835,0.4342458189980789,44,2027,1.053870349622266,0.02017614261317668,0.8395504034905713,0.8869220209194565,,,0.20269016697588127,0.18320964749536178,0.37337662337662336,0.24072356215213359
moe_no_balance,66,86,0.01972868012583766,0.1426944527165145,0.9972170686456401,0.9693593314763231,0.6026556230003735,0.4400623579981584,44,2027,1.035525495918752,0.01972868012583766,0.8408945076383892,0.886648369333885,,,0.19480519480519481,0.20315398886827457,0.3525046382189239,0.24953617810760667
moe_no_balance,67,87,0.01804269863009583,0.14035380381860876,0.9981447124304267,0.9637883008356546,0.6102167930002906,0.44554434399833553,44,2027,1.048115458304624,0.01804269863009583,0.8371730741337557,0.8845125040012697,,,0.20315398886827457,0.19573283858998144,0.3719851576994434,0.22912801484230055
moe_no_balance,68,88,0.017102973059037286,0.14086641045607945,0.9990723562152134,0.9693593314763231,0.6174738270001399,0.45099485399805417,44,2027,1.0419586547680977,0.017102973059037286,0.8359344049036561,0.8841722898891826,,,0.19851576994434136,0.19480519480519481,0.35992578849721707,0.24675324675324675
moe_no_balance,69,89,0.01854834119977632,0.14099108401236973,0.9990723562152134,0.9637883008356546,0.6254487490000429,0.4567999359978785,44,2027,1.0412806505333807,0.01854834119977632,0.8345802481630612,0.8829873466433226,,,0.20593692022263452,0.18228200371057515,0.35435992578849723,0.25742115027829315
moe_no_balance,70,90,0.016756186121193204,0.1409950223413756,0.9990723562152134,0.9665738161559888,0.6335116430000198,0.462813910998193,44,2027,1.0465840371969446,0.016756186121193204,0.8324851231593328,0.882170632954701,,,0.19387755102040816,0.20037105751391465,0.36641929499072357,0.23933209647495363
moe_no_balance,71,91,0.01807480776988094,0.14388197993469365,0.9981447124304267,0.9637883008356546,0.6424788660001468,0.46959156399816493,44,2027,1.035760183486281,0.01807480776988094,0.8327082221906827,0.8808793729578686,,,0.21289424860853431,0.19990723562152132,0.35946196660482377,0.2277365491651206
moe_no_balance,72,92,0.016693239473562483,0.14413426241964908,0.9990723562152134,0.9637883008356546,0.6504317950002587,0.4754606219980815,44,2027,1.0629564305533181,0.016693239473562483,0.8261228243657135,0.8789671737801122,,,0.19944341372912802,0.19805194805194806,0.38404452690166974,0.21846011131725418
moe_no_balance,73,93,0.02017022987284056,0.14511100255135195,0.9962894248608535,0.9693593314763231,0.6597153230000004,0.4811036709979817,44,2027,1.026641359057835,0.02017022987284056,0.8314107113930862,0.8811714830743157,,,0.20037105751391465,0.21103896103896103,0.34137291280148424,0.24721706864564008
moe_no_balance,74,94,0.01910853707137852,0.14394353737452212,0.9990723562152134,0.9637883008356546,0.6675684030001321,0.4869172459980291,44,2027,1.0479527037117953,0.01910853707137852,0.8253645000698173,0.8787932171772849,,,0.20732838589981448,0.17068645640074212,0.3469387755102041,0.2750463821892393
moe_no_balance,75,95,0.016079689329819465,0.14382453028746736,0.9990723562152134,0.9637883008356546,0.675927853000303,0.492970029998105,44,2027,1.04717001968394,0.016079689329819465,0.824854460619561,0.8780766985660541,,,0.19805194805194806,0.1906307977736549,0.36363636363636365,0.24768089053803338
moe_no_balance,76,96,0.015673133916796336,0.14522388084207996,0.9990723562152134,0.9637883008356546,0.6841784190000908,0.49927308999804154,44,2027,1.0435794578849,0.015673133916796336,0.8242855560347192,0.877075484698167,,,0.20408163265306123,0.1906307977736549,0.36038961038961037,0.24489795918367346
moe_no_balance,77,97,0.015257090287694647,0.1444410300391688,0.9990723562152134,0.9637883008356546,0.6921459000000141,0.5052890589977324,44,2027,1.05847072531794,0.015257090287694647,0.8202761159667502,0.8754884548045689,,,0.20269016697588127,0.19619666048237477,0.37987012987012986,0.2212430426716141
moe_no_balance,78,98,0.01469196313042744,0.14468448909467846,0.9990723562152134,0.9637883008356546,0.699927081000169,0.5112354629977744,44,2027,1.052288615883035,0.01469196313042744,0.8201754140632378,0.874822326873012,,,0.20454545454545456,0.19758812615955473,0.37569573283859,0.22217068645640073
moe_no_balance,79,99,0.014283331547510419,0.14385048229216826,0.9990723562152134,0.9637883008356546,0.7089671779999662,0.5181892849977885,44,2027,1.0528536904098924,0.014283331547510419,0.8185509654965742,0.8743187330815858,,,0.19805194805194806,0.19944341372912802,0.37244897959183676,0.2300556586270872
moe_no_balance,80,100,0.014597771764746562,0.14850159680754316,0.9990723562152134,0.9637883008356546,0.7173806290002176,0.5244713039978706,44,2027,1.046038712781412,0.014597771764746562,0.8195433519806998,0.8750278915212831,0.006445044464794621,0.0,0.20408163265306123,0.20500927643784786,0.3696660482374768,0.2212430426716141
scratch_continue,0,20,0.10832481119045254,0.1878268041194158,0.9860853432282004,0.9498607242339833,0.0011671239999486716,0.0,44,2027,1.1384777049417913,0.11970958823987045,0.8962894385524747,0.9108984675061087,0.07105762604478771,0.008665295424213168,0.14471243042671614,0.22170686456400743,0.4489795918367347,0.18460111317254174
scratch_continue,1,21,0.10328732874584566,0.17856601140262232,0.9851576994434137,0.9526462395543176,0.013432371999897441,0.00683349700011604,44,2027,1.1489502412114945,0.11477683115796061,0.8911610323324394,0.9070777763323682,,,0.14703153988868276,0.22959183673469388,0.45269016697588127,0.17068645640074212
scratch_continue,2,22,0.09444823336270607,0.17060874823272695,0.9879406307977736,0.9526462395543176,0.022066935000111698,0.013236608000170236,44,2027,1.1254008054534523,0.10570224141724059,0.8955264971940174,0.9117263289914291,,,0.13821892393320964,0.22866419294990722,0.44155844155844154,0.19155844155844157
scratch_continue,3,23,0.0893693418678195,0.1652112598376929,0.9888682745825603,0.9554317548746518,0.03034804700018867,0.01961214800030575,44,2027,1.1287044940696447,0.10065638680851595,0.8927476598958148,0.9101882144804944,,,0.14332096474953618,0.22959183673469388,0.44434137291280146,0.18274582560296845
scratch_continue,4,24,0.08422424610929757,0.1615084534754052,0.9897959183673469,0.9610027855153204,0.03804724500014345,0.02536215700001776,44,2027,1.128762104663473,0.09551186715593231,0.8912158174280271,0.9094941787908,,,0.15120593692022263,0.22356215213358072,0.4452690166975881,0.17996289424860853
scratch_continue,5,25,0.0803894773927117,0.1617169391749123,0.9897959183673469,0.958217270194986,0.04596261799997592,0.031165065999630315,44,2027,1.1192459816187543,0.09158193720889923,0.8923437091160943,0.9117972321348647,,,0.13636363636363635,0.2277365491651206,0.4387755102040816,0.1971243042671614
scratch_continue,6,26,0.07608154915231821,0.15840150298627634,0.9897959183673469,0.9610027855153204,0.05398899700003312,0.037139071999718,44,2027,1.120877875712051,0.08729032790943872,0.8905479019722169,0.9101305010182335,,,0.15630797773654917,0.2277365491651206,0.4401669758812616,0.17578849721706866
scratch_continue,7,27,0.07336913763777313,0.1613890475932247,0.9907235621521335,0.9526462395543176,0.062006372999803716,0.042783282000073086,44,2027,1.1341242704814272,0.0847103803425874,0.8862028293350319,0.9082496701816577,,,0.14100185528756956,0.22448979591836735,0.4489795918367347,0.18552875695732837
scratch_continue,8,28,0.07603669130064003,0.15143306349212193,0.9897959183673469,0.958217270194986,0.070610871000099,0.048832039999979315,44,2027,1.1224857910119297,0.08726154921075932,0.8865368864685198,0.9085510716342996,,,0.1614100185528757,0.22727272727272727,0.439239332096475,0.17207792207792208
scratch_continue,9,29,0.06607480394230857,0.15031322092864124,0.9925788497217068,0.9637883008356546,0.07917809799982933,0.055486973999904876,44,2027,1.1314920806552893,0.07738972474886147,0.8843265719330665,0.9083107992666399,,,0.14332096474953618,0.2342300556586271,0.44712430426716143,0.17532467532467533
scratch_continue,10,30,0.06514860210369874,0.15629005702377669,0.9916512059369202,0.9637883008356546,0.09106638499997644,0.06522908600027222,44,2027,1.089553619622282,0.07604413829992157,0.8915534366699439,0.9130082655869147,,,0.14749536178107606,0.2300556586270872,0.4197588126159555,0.20269016697588127
scratch_continue,11,31,0.06190374578335127,0.147872410885163,0.9953617810760668,0.958217270194986,0.09934667600009561,0.07145165500014627,44,2027,1.1254480701794827,0.0731582264851461,0.8823201528540374,0.9075787561747692,,,0.15213358070500926,0.2230983302411874,0.44434137291280146,0.18042671614100186
scratch_continue,12,32,0.05768396436152584,0.14705088684614795,0.9972170686456401,0.9637883008356546,0.10734175800007506,0.0772511680002026,44,2027,1.120832356952823,0.06889228793105406,0.8807162477301169,0.9063033438130939,,,0.15630797773654917,0.2300556586270872,0.4401669758812616,0.17346938775510204
scratch_continue,13,33,0.05605938231585587,0.1462950590292566,0.9935064935064936,0.9665738161559888,0.11575672099979784,0.08371902599992609,44,2027,1.1064650256441193,0.06712403257229706,0.8827967094435227,0.9080890731134658,,,0.16094619666048238,0.2258812615955473,0.4313543599257885,0.18181818181818182
scratch_continue,14,34,0.05343246859836893,0.14470238763373522,0.9981447124304267,0.9665738161559888,0.12470167099991158,0.0901751169999443,44,2027,1.114294048718688,0.06457540908555581,0.8798337728728998,0.9065380589857827,,,0.1572356215213358,0.2305194805194805,0.4355287569573284,0.1767161410018553
scratch_continue,15,35,0.05335512700918535,0.1442582365071706,0.9972170686456401,0.9637883008356546,0.1334653580001941,0.09691779799959477,44,2027,1.122726957021482,0.06458239657940017,0.8767921202716931,0.9054576819115153,,,0.14471243042671614,0.2258812615955473,0.4420222634508349,0.18738404452690166
scratch_continue,16,36,0.05084447384287836,0.14438713187878768,0.9972170686456401,0.9610027855153204,0.14255923100017753,0.10361966799973743,44,2027,1.121893247188885,0.06206340631476721,0.8752490838563177,0.9045025789398105,,,0.16465677179962895,0.22031539888682747,0.44063079777365494,0.17439703153988867
scratch_continue,17,37,0.047814324854860986,0.15096426003153626,0.9981447124304267,0.9637883008356546,0.1510366080001404,0.11001695999993899,44,2027,1.0936018855259548,0.058750343710120535,0.8800548750820053,0.9071368421061144,,,0.16001855287569575,0.2342300556586271,0.42346938775510207,0.18228200371057515
scratch_continue,18,38,0.047583236600971246,0.1391211435196213,0.9981447124304267,0.9637883008356546,0.1611799779998364,0.11808796599962079,44,2027,1.1085707093308002,0.058668943694279246,0.8757295009695689,0.9047783783703215,,,0.16697588126159554,0.2189239332096475,0.4332096474953618,0.18089053803339517
scratch_continue,19,39,0.043664633332516425,0.15024224026031066,0.9990723562152134,0.9637883008356546,0.16928915200014671,0.12426572899994426,44,2027,1.0969696904075272,0.0546343302365917,0.8773506902125988,0.9063031327283695,,,0.16465677179962895,0.22820037105751392,0.4267161410018553,0.18042671614100186
scratch_continue,20,40,0.04361284306161608,0.1399665146984397,0.9990723562152134,0.9637883008356546,0.17690526500018677,0.129907405999802,44,2027,1.1029155884687227,0.054641998946303304,0.8754891441255763,0.905614690269228,0.017743137845947405,0.007614473682938798,0.1614100185528757,0.22031539888682747,0.4313543599257885,0.18692022263450836
scratch_continue,21,41,0.041535645743634164,0.15118539868831427,0.9990723562152134,0.9637883008356546,0.1870789810000133,0.1352137489998313,44,2027,1.0997057865691096,0.05253270360932526,0.8754051391127636,0.9060513848910142,,,0.161873840445269,0.23098330241187384,0.4294990723562152,0.17764378478664192
scratch_continue,22,42,0.040937780670490705,0.15030848293613158,0.9981447124304267,0.9637883008356546,0.19453850899981262,0.14073257100017145,44,2027,1.096814071627351,0.05190592138676421,0.8750803960277033,0.9061879683357024,,,0.16558441558441558,0.2212430426716141,0.42857142857142855,0.18460111317254174
scratch_continue,23,43,0.03916216834788024,0.14751439968713936,0.9981447124304267,0.9693593314763231,0.20294359699983033,0.1469647150001947,44,2027,1.0997331627254283,0.050159499975134525,0.8728450544037113,0.9052999203164139,,,0.17161410018552875,0.22634508348794063,0.4290352504638219,0.1730055658627087
scratch_continue,24,44,0.03912657738018707,0.15212988281547404,0.9981447124304267,0.9637883008356546,0.2109376280000106,0.15296207600022171,44,2027,1.1112398567145991,0.050238975947333064,0.8689743771417456,0.9032026409142042,,,0.16975881261595546,0.21057513914656772,0.4359925788497217,0.1836734693877551
scratch_continue,25,45,0.03730060568411339,0.14731000459727248,0.9981447124304267,0.9721448467966574,0.21938932700004443,0.15923995899993315,44,2027,1.0998573444602837,0.04829917912871623,0.8702708334613106,0.9038750071205236,,,0.161873840445269,0.2305194805194805,0.42857142857142855,0.1790352504638219
scratch_continue,26,46,0.03688578198976952,0.14534580626848623,0.9981447124304267,0.9693593314763231,0.229089785999804,0.16613460399958058,44,2027,1.0838292927249322,0.04772407491701884,0.8727461126526951,0.9050801206093527,,,0.16929499072356216,0.22356215213358072,0.41883116883116883,0.18831168831168832
scratch_continue,27,47,0.03715309998362168,0.14575372273231538,0.9972170686456401,0.9637883008356546,0.23963888600019345,0.17426845399950253,44,2027,1.101061715419106,0.04816371713781274,0.8682102158503746,0.9033689566718552,,,0.16651205936920221,0.22356215213358072,0.43089053803339517,0.1790352504638219
scratch_continue,28,48,0.034863576180488694,0.14510688973408067,0.9990723562152134,0.9721448467966574,0.2494494359998498,0.18143743499922493,44,2027,1.081964736965695,0.045683223550145646,0.8702688951795376,0.9038934563759323,,,0.1660482374768089,0.2300556586270872,0.4174397031539889,0.18645640074211503
scratch_continue,29,49,0.033157557746270494,0.14524443996892344,0.9990723562152134,0.9665738161559888,0.25905423699987296,0.18818603499903475,44,2027,1.0836489108334806,0.0439940468546053,0.8681657425233342,0.9024166124581529,,,0.17810760667903525,0.22634508348794063,0.4174397031539889,0.17810760667903525
scratch_continue,30,50,0.031745935243481585,0.14507672370228455,0.9990723562152134,0.9693593314763231,0.26914178400011224,0.195818411998971,44,2027,1.0983052986519646,0.04272898823000123,0.86454338868176,0.9008291523699828,,,0.16465677179962895,0.22680890538033396,0.42857142857142855,0.17996289424860853
scratch_continue,31,51,0.030673455805431755,0.14089400543063407,0.9990723562152134,0.9749303621169917,0.27915806300006807,0.20364042399887694,44,2027,1.08358004849323,0.041509256290364054,0.8659498012065081,0.9015181643192333,,,0.18970315398886828,0.2166048237476809,0.4155844155844156,0.17810760667903525
scratch_continue,32,52,0.030051628167327208,0.14199346067605045,0.9990723562152134,0.9665738161559888,0.2896844679999049,0.21196685399900161,44,2027,1.1035332189113383,0.04108696035644059,0.8604151427835626,0.8991335107300358,,,0.1702226345083488,0.22959183673469388,0.4290352504638219,0.17115027829313545
scratch_continue,33,53,0.029406640724698903,0.14464971573123755,0.9990723562152134,0.9721448467966574,0.3000116650000564,0.22023188199909782,44,2027,1.0898733542366905,0.040305374267065805,0.8628364787101968,0.9008434432980547,,,0.16001855287569575,0.23330241187384043,0.4230055658627087,0.1836734693877551
scratch_continue,34,54,0.02848371307870539,0.1431443610839426,0.9990723562152134,0.9693593314763231,0.309784769000089,0.2277837679989716,44,2027,1.0919423631092657,0.039403136709798045,0.8616492993177199,0.900143219127377,,,0.174860853432282,0.2212430426716141,0.424860853432282,0.1790352504638219
scratch_continue,35,55,0.027718186623282754,0.1425410595699585,0.9990723562152134,0.9693593314763231,0.3207328180001241,0.2361665329990501,44,2027,1.0721802240728073,0.03843998886401083,0.8644240704430696,0.9009237153608798,,,0.18645640074211503,0.23098330241187384,0.40862708719851576,0.17393320964749537
scratch_continue,36,56,0.02724485960241609,0.14439360171299181,0.9990723562152134,0.9665738161559888,0.3301066310000351,0.24306304499896214,44,2027,1.095369439792992,0.03819855400034601,0.8587471570687052,0.8987071083384783,,,0.16419294990723562,0.22402597402597402,0.4267161410018553,0.18506493506493507
scratch_continue,37,57,0.026489664906680633,0.1411106177537526,1.0,0.9721448467966574,0.33949239300000045,0.250209551998978,44,2027,1.0737832941705936,0.03722749784838657,0.8623336076211765,0.9000530641785888,,,0.1813543599257885,0.22356215213358072,0.4104823747680891,0.18460111317254174
scratch_continue,38,58,0.025524865797280073,0.14219434026167613,1.0,0.9665738161559888,0.34893209599977126,0.2571358089990099,44,2027,1.0828791692930073,0.03635365749021015,0.8600424213407742,0.8993567825042014,,,0.17857142857142858,0.22820037105751392,0.4174397031539889,0.17578849721706866
scratch_continue,39,59,0.02572900030843635,0.14235425656635345,1.0,0.9665738161559888,0.357841912999902,0.2639029259989911,44,2027,1.0761426360500097,0.03649042666893645,0.8603822318997864,0.899187197721365,,,0.1813543599257885,0.2212430426716141,0.41187384044526903,0.18552875695732837
scratch_continue,40,60,0.0250975770589911,0.14383656927612268,1.0,0.9665738161559888,0.3662234560001707,0.27011891499887497,44,2027,1.0976072549196956,0.036073649608188055,0.8555155810812707,0.8981766828394402,0.04823882505725201,0.007335692919782031,0.1683673469387755,0.22356215213358072,0.4271799628942486,0.18089053803339517
scratch_continue,41,61,0.026727205973426288,0.1402444982047953,0.9990723562152134,0.9665738161559888,0.3779910660000496,0.2765579589990921,44,2027,1.0722271183459053,0.03744947715688534,0.8588070947199613,0.8988980962891127,,,0.18460111317254174,0.22217068645640073,0.40816326530612246,0.18506493506493507
scratch_continue,42,62,0.02837362554812208,0.13194261712980615,0.9981447124304267,0.9721448467966574,0.38651793799999723,0.28281171499884294,44,2027,1.058265585183718,0.038956281399959256,0.8603688147053604,0.8993230978890946,,,0.19805194805194806,0.2189239332096475,0.3965677179962894,0.18645640074211503
scratch_continue,43,63,0.023216455080742673,0.13933661051920007,1.0,0.9665738161559888,0.3965531959997861,0.2903626709985474,44,2027,1.0829650700334026,0.034046105781076696,0.8545915772796892,0.8976057606500855,,,0.18320964749536178,0.21150278293135436,0.4160482374768089,0.18923933209647495
scratch_continue,44,64,0.022994118732669974,0.13209141463706303,0.9990723562152134,0.9693593314763231,0.40533927600017705,0.29681270199853316,44,2027,1.0667072002076556,0.033661190734746535,0.8568995603597366,0.8984247677354179,,,0.2054730983302412,0.21196660482374768,0.40213358070500926,0.18042671614100186
scratch_continue,45,65,0.023295542565109583,0.13168573480100593,0.9990723562152134,0.9665738161559888,0.41347503999986657,0.3028988059986659,44,2027,1.055031134170034,0.03384585390680992,0.858400392981741,0.8984973533234776,,,0.20964749536178107,0.2077922077922078,0.39285714285714285,0.18970315398886828
scratch_continue,46,66,0.021383471409186384,0.1313571834444903,1.0,0.9693593314763231,0.4224295340000026,0.30978834699863,44,2027,1.059236259772339,0.03197583400690977,0.8569124121914622,0.8979917754227162,,,0.20686456400742115,0.20964749536178107,0.3965677179962894,0.18692022263450836
scratch_continue,47,67,0.024752698512355727,0.13497218470435426,0.9990723562152134,0.9665738161559888,0.4315063009998994,0.31675854999866715,44,2027,1.0578688705216437,0.03533138721757216,0.855419416570403,0.8964897638568263,,,0.18460111317254174,0.22866419294990722,0.3965677179962894,0.1901669758812616
scratch_continue,48,68,0.0229905647326343,0.12695084105566712,0.9990723562152134,0.9693593314763231,0.4422024269997564,0.3247866469987457,44,2027,1.052312031502077,0.03351368504765507,0.8556476992584959,0.8962606359271973,,,0.20315398886827457,0.2036178107606679,0.39285714285714285,0.20037105751391465
scratch_continue,49,69,0.027721743083240546,0.1335197420981016,0.9962894248608535,0.9665738161559888,0.4555566069998349,0.33535856699836586,44,2027,1.051245265296413,0.03823419573620468,0.8552453190106443,0.8965233034804566,,,0.2504638218923933,0.19944341372912802,0.3807977736549165,0.16929499072356216
scratch_continue,50,70,0.02468695954716237,0.13362663369557734,0.9972170686456401,0.9665738161559888,0.4659129159999793,0.3434961939983623,44,2027,1.0443814248586745,0.03513077379574911,0.8554007758090804,0.8957129166631959,,,0.21799628942486085,0.20037105751391465,0.3849721706864564,0.19666048237476808
scratch_continue,51,71,0.03018134887491525,0.12724542354202342,0.9962894248608535,0.9665738161559888,0.47678759500013257,0.3521020129983299,44,2027,1.0364685297445633,0.040546034172360884,0.8544915497913113,0.8942926891319573,,,0.23283858998144713,0.20593692022263452,0.3715213358070501,0.18970315398886828
scratch_continue,52,72,0.03373065094936361,0.142396521765187,0.9962894248608535,0.9610027855153204,0.4879886749999969,0.36022684099816615,44,2027,1.0303223446583525,0.04403387439594714,0.8542883776879251,0.8934682340138058,,,0.2523191094619666,0.19294990723562153,0.3562152133580705,0.19851576994434136
scratch_continue,53,73,0.024400821452023196,0.13903620997162236,0.9981447124304267,0.9610027855153204,0.4975619779997942,0.36733511099782845,44,2027,1.0339338811259648,0.034740160263282846,0.8521377391733088,0.8924185625198532,,,0.23933209647495363,0.19480519480519481,0.3673469387755102,0.19851576994434136
scratch_continue,54,74,0.02471420984094031,0.13670492152560465,0.9981447124304267,0.9637883008356546,0.5072396989999106,0.3743692799980636,44,2027,1.0337375589758286,0.0350515854306986,0.8510566398437256,0.8918609681732337,,,0.2662337662337662,0.187847866419295,0.35435992578849723,0.19155844155844157
scratch_continue,55,75,0.02699417998099816,0.13333103267264731,0.9972170686456401,0.9637883008356546,0.5177773310001612,0.3824860549980258,44,2027,1.0268279276127725,0.03726245925712589,0.8509263804347309,0.8905912589432786,,,0.262987012987013,0.19480519480519481,0.3474025974025974,0.19480519480519481
scratch_continue,56,76,0.023317534155464892,0.1306339570425642,0.9990723562152134,0.9637883008356546,0.5265704829998867,0.38875204999840207,44,2027,1.0337001011848377,0.03365453516731327,0.849138442080847,0.8906187950140675,,,0.2657699443413729,0.18506493506493507,0.35435992578849723,0.19480519480519481
scratch_continue,57,77,0.021652330638479975,0.1331028699993452,0.9990723562152134,0.9665738161559888,0.5356624629998805,0.3954356919980455,44,2027,1.019490168330375,0.03184723232178373,0.8489437262041837,0.8877303031516228,,,0.2342300556586271,0.19851576994434136,0.35018552875695735,0.21706864564007422
scratch_continue,58,78,0.0248891003152485,0.12081731774013575,0.9962894248608535,0.9665738161559888,0.5448484749999807,0.4020485069981987,44,2027,1.0277509854342632,0.035166610169591134,0.8461566817897219,0.8876122819771696,,,0.28014842300556586,0.18506493506493507,0.3362708719851577,0.19851576994434136
scratch_continue,59,79,0.022588947103990824,0.11810165299390175,0.9990723562152134,0.9665738161559888,0.5543424490001598,0.4094573289985419,44,2027,1.0243292282635281,0.032832239386626105,0.8455144605909765,0.8863984475937287,,,0.2857142857142857,0.18831168831168832,0.32606679035250463,0.19990723562152132
scratch_continue,60,80,0.02091888564558228,0.11927156939256832,0.9981447124304267,0.9637883008356546,0.5644536209997568,0.4172295159987698,44,2027,1.0213762805524071,0.031132648451106353,0.8451702607119916,0.8858733550821788,0.008208124557677391,0.0032436644633424953,0.2717996289424861,0.18877551020408162,0.3320964749536178,0.20732838589981448
scratch_continue,61,81,0.019993452003880675,0.12289894524658507,0.9981447124304267,0.9637883008356546,0.5791021750001164,0.42466458799844986,44,2027,1.0197193699595108,0.030190645703475787,0.8442273603879424,0.8851004207012368,,,0.2722634508348794,0.19109461966604824,0.3297773654916512,0.20686456400742115
scratch_continue,62,82,0.01909450429910693,0.1187518320431698,0.9990723562152134,0.9637883008356546,0.5892619900000682,0.4327847989984548,44,2027,1.022058387764492,0.02931508817675185,0.8431478573021458,0.8851591097808289,,,0.2750463821892393,0.19573283858998144,0.3320964749536178,0.1971243042671614
scratch_continue,63,83,0.018999867270962603,0.1195164167130489,0.9981447124304267,0.9610027855153204,0.5988116779999473,0.4396507049982574,44,2027,1.023679376893433,0.02923666103989693,0.8421115217200831,0.8841792365024773,,,0.2894248608534323,0.187847866419295,0.3205009276437848,0.20222634508348794
scratch_continue,64,84,0.018023805809706892,0.12011168477757929,1.0,0.9665738161559888,0.608767245999843,0.4471023309984048,44,2027,1.0167335473343564,0.028191141283050454,0.8422521521003447,0.8836899064742187,,,0.2606679035250464,0.20408163265306123,0.3325602968460111,0.20269016697588127
scratch_continue,65,85,0.0172506207268454,0.12038870853384524,1.0,0.9637883008356546,0.617932005000057,0.4542247119984495,44,2027,1.021415663044829,0.02746477735729369,0.8407458858938737,0.8832242155667689,,,0.26391465677179965,0.18923933209647495,0.33766233766233766,0.20918367346938777
scratch_continue,66,86,0.0167187196006911,0.12498425076396032,1.0,0.9610027855153204,0.6283746049998626,0.4623168499983876,44,2027,1.0218042293901957,0.026936761894593056,0.839499220368406,0.882539727481084,,,0.28617810760667906,0.19758812615955473,0.32142857142857145,0.19480519480519481
scratch_continue,67,87,0.01822935817537448,0.11843372677940528,0.9981447124304267,0.9637883008356546,0.6375617889998466,0.4693218549982703,44,2027,1.0240981661054194,0.028470339836428674,0.8382649934213315,0.8817106554675795,,,0.2940630797773655,0.18923933209647495,0.3163265306122449,0.20037105751391465
scratch_continue,68,88,0.015919955005686368,0.11760625887744848,1.0,0.9693593314763231,0.6469077309998283,0.47595696399821463,44,2027,1.021082929913584,0.026130784304822206,0.8381330820359711,0.8816881848859899,,,0.27365491651205937,0.19990723562152132,0.33116883116883117,0.19526901669758812
scratch_continue,69,89,0.015228833106048865,0.1282790803545881,1.0,0.9637883008356546,0.6558588889997736,0.48301457699835737,44,2027,1.0170670370585282,0.025399503476634146,0.8380897300518907,0.880715221372912,,,0.26716141001855287,0.20083487940630798,0.3293135435992579,0.20269016697588127
scratch_continue,70,90,0.015392106033486553,0.1150914555183862,0.9990723562152134,0.9693593314763231,0.6642491560000963,0.48928665099856516,44,2027,1.0258142966469954,0.025650248999956507,0.8366621448531408,0.8814661794106037,,,0.2847866419294991,0.19526901669758812,0.33116883116883117,0.18877551020408162
scratch_continue,71,91,0.014829301968040134,0.1271518755181221,1.0,0.9637883008356546,0.6725810640000418,0.4955332059985267,44,2027,1.0152564639519457,0.02498186660755959,0.8369722423608771,0.8796578543172621,,,0.26391465677179965,0.2036178107606679,0.32792207792207795,0.20454545454545456
scratch_continue,72,92,0.013718552545398024,0.1255722918229966,1.0,0.9665738161559888,0.6807945750001636,0.5017147839985228,44,2027,1.024233008185225,0.023960882627250275,0.835488797625693,0.8803160976670303,,,0.2602040816326531,0.1971243042671614,0.3469387755102041,0.19573283858998144
scratch_continue,73,93,0.013989089819395503,0.1272328087869055,1.0,0.9637883008356546,0.6893695280000429,0.5082903529983014,44,2027,1.0195105749739153,0.024184195569134655,0.8350937284739858,0.8790649764573486,,,0.27736549165120594,0.19573283858998144,0.32653061224489793,0.20037105751391465
scratch_continue,74,94,0.013506406865449735,0.11478776156778317,1.0,0.9693593314763231,0.6978416070001003,0.5146517709981708,44,2027,1.0270142837390328,0.023776549702840065,0.8336407100992059,0.8796548252296422,,,0.28339517625231914,0.1906307977736549,0.33487940630797774,0.19109461966604824
scratch_continue,75,95,0.012775564948092451,0.11641844399498444,1.0,0.9665738161559888,0.7067717750001066,0.5212593989981542,44,2027,1.022680104155158,0.02300236598964403,0.8335735549830807,0.8788463623139423,,,0.27736549165120594,0.19666048237476808,0.33302411873840443,0.19294990723562153
scratch_continue,76,96,0.01271970055554953,0.1256724673151581,1.0,0.9637883008356546,0.7153360729998894,0.5276575719981338,44,2027,1.0227360023174203,0.022947060578723734,0.8330489697072584,0.8783356112530183,,,0.28617810760667906,0.19480519480519481,0.3246753246753247,0.19434137291280149
scratch_continue,77,97,0.012211498675639466,0.11787078620740041,1.0,0.9665738161559888,0.724079318999884,0.5343098769981225,44,2027,1.0242812081539407,0.022454310757178873,0.8323029220866406,0.8780256152277797,,,0.27968460111317256,0.19155844155844157,0.3325602968460111,0.19619666048237477
scratch_continue,78,98,0.01246727251181583,0.12166217667061255,1.0,0.9637883008356546,0.7323060789999545,0.540507317997708,44,2027,1.0234808818763879,0.02270208133057971,0.8317306992834582,0.8777657505611746,,,0.2569573283858998,0.19758812615955473,0.3464749536178108,0.1989795918367347
scratch_continue,79,99,0.011831692325415774,0.1168130790582637,1.0,0.9665738161559888,0.7406934810001076,0.5466902369976196,44,2027,1.022276709368806,0.022054459419103833,0.831211993429022,0.8772374564096476,,,0.27690166975881264,0.19387755102040816,0.3325602968460111,0.19666048237476808
scratch_continue,80,100,0.011318216300683396,0.11665131174159177,1.0,0.9693593314763231,0.748929004999809,0.5528921259974595,44,2027,1.0243557431426074,0.02156177373210947,0.8307319412491475,0.8773357380580845,0.00406481584066723,0.0034262711693884597,0.27782931354359924,0.19202226345083487,0.33534322820037105,0.19480519480519481
