phase,epoch,global_epoch,train_ce,val_ce,train_accuracy,val_accuracy,elapsed_seconds,training_seconds,seed,split_seed,balance_loss,objective,router_entropy_normalized,selected_gate_entropy_normalized,task_router_grad_l2,aux_router_grad_l2,expert_0_assignment_share,expert_1_assignment_share,expert_2_assignment_share,expert_3_assignment_share
linear_pretrain,0,0,2.310175513167706,2.3099750668441055,0.07235621521335807,0.06963788300835655,0.0003073719999520108,0.0,46,2026,,,,,,,,,,
linear_pretrain,1,1,1.491280706760106,1.5072846175269115,0.8942486085343229,0.8997214484679665,0.0021827390000908053,0.0016051520001383324,46,2026,,,,,,,,,,
linear_pretrain,2,2,1.0025763194897115,1.025426424395392,0.8886827458256029,0.8857938718662952,0.00407850800002052,0.0032467080000060378,46,2026,,,,,,,,,,
linear_pretrain,3,3,0.7371663078177133,0.7637053980050232,0.9100185528756958,0.9136490250696379,0.005673865000062506,0.0045747539998046705,46,2026,,,,,,,,,,
linear_pretrain,4,4,0.5869365874717145,0.613260941046667,0.9202226345083488,0.9192200557103064,0.007336743999985629,0.005989178999698197,46,2026,,,,,,,,,,
linear_pretrain,5,5,0.49253990018364874,0.5220625357121387,0.9294990723562152,0.9303621169916435,0.009224129000358516,0.007425036999848089,46,2026,,,,,,,,,,
linear_pretrain,6,6,0.42877129026831284,0.458367548091222,0.935064935064935,0.9303621169916435,0.01102292200039301,0.00897981299976891,46,2026,,,,,,,,,,
linear_pretrain,7,7,0.3811161617108873,0.4137242658824885,0.9415584415584416,0.9303621169916435,0.013173613000162732,0.010882853000111936,46,2026,,,,,,,,,,
linear_pretrain,8,8,0.34404218081994103,0.3800625126655361,0.9461966604823747,0.9303621169916435,0.014820107000105054,0.012175845000001573,46,2026,,,,,,,,,,
linear_pretrain,9,9,0.31454822264981624,0.35137880385651604,0.9461966604823747,0.9387186629526463,0.01658674100008284,0.013639112999953795,46,2026,,,,,,,,,,
linear_pretrain,10,10,0.29061511461146994,0.3301491892623867,0.9536178107606679,0.9387186629526463,0.018217151000044396,0.015028860999791505,46,2026,,,,,,,,,,
linear_pretrain,11,11,0.27077508910947645,0.31158664704475036,0.9536178107606679,0.9442896935933147,0.019838377000269247,0.0163788389995716,46,2026,,,,,,,,,,
linear_pretrain,12,12,0.2536503042365591,0.2972595072021779,0.9564007421150278,0.9415041782729805,0.021350268000333017,0.017654054999638902,46,2026,,,,,,,,,,
linear_pretrain,13,13,0.23871554139325993,0.2831596727825092,0.9582560296846011,0.9442896935933147,0.023035701000026165,0.018868259999635484,46,2026,,,,,,,,,,
linear_pretrain,14,14,0.2263535395654766,0.2725407026578967,0.961038961038961,0.9442896935933147,0.024658699000156048,0.020162223999250273,46,2026,,,,,,,,,,
linear_pretrain,15,15,0.21490979755015024,0.26199427004587517,0.9628942486085343,0.9442896935933147,0.026159284000186744,0.021343187999264046,46,2026,,,,,,,,,,
linear_pretrain,16,16,0.20477579221414977,0.2537910967543821,0.9647495361781077,0.947075208913649,0.028093721000004734,0.02292017799891255,46,2026,,,,,,,,,,
linear_pretrain,17,17,0.19572886525837233,0.24719431268448758,0.963821892393321,0.9415041782729805,0.030240276000313315,0.024723347999042744,46,2026,,,,,,,,,,
linear_pretrain,18,18,0.18763999267351844,0.23945798909028082,0.9693877551020408,0.947075208913649,0.032217937000041275,0.02634141899898168,46,2026,,,,,,,,,,
linear_pretrain,19,19,0.18007309822313913,0.2334902908508562,0.9693877551020408,0.9415041782729805,0.03396508200012249,0.027843245999065402,46,2026,,,,,,,,,,
linear_pretrain,20,20,0.1738281428544386,0.22862353896513557,0.9703153988868275,0.9442896935933147,0.035602232000201184,0.02915046999896731,46,2026,,,,,,,,,,
scratch_pretrain,0,0,2.304637184163386,2.305475083799609,0.1790352504638219,0.15598885793871867,0.0011509689998092654,0.0,46,2026,1.0352748927997961,2.314989933091384,0.9952315750202853,0.9980704797104464,0.008132432553978214,0.007677996712006508,0.09322820037105752,0.39007421150278293,0.17115027829313545,0.3455473098330241
scratch_pretrain,1,1,1.2310242315406632,1.276737442583116,0.7476808905380334,0.724233983286908,0.012625710000065737,0.005921037000007345,46,2026,1.0439614515847937,1.241463846056511,0.9889671009332505,0.9890147950189878,,,0.137291280148423,0.2305194805194805,0.21846011131725418,0.4137291280148423
scratch_pretrain,2,2,0.7977923844438761,0.8298134741671527,0.862708719851577,0.8440111420612814,0.020271997999770974,0.011593309000090812,46,2026,1.090284940158649,0.8086952338454626,0.9681722205820577,0.9621375647964868,,,0.19619666048237477,0.18552875695732837,0.18042671614100186,0.437847866419295
scratch_pretrain,3,3,0.5656445163824702,0.5994507018276447,0.9053803339517625,0.8857938718662952,0.02854321599988907,0.018055158000152005,46,2026,1.0899318462657024,0.5765438348451272,0.9524163400082162,0.9467984364393963,,,0.2017625231910946,0.1924860853432282,0.18738404452690166,0.41836734693877553
scratch_pretrain,4,4,0.43570082363722457,0.4785895737246716,0.9211502782931354,0.9025069637883009,0.036797457999909966,0.0241063700000268,46,2026,1.1057494168675395,0.4467583178059,0.933542767436438,0.9283973113106496,,,0.16512059369202226,0.19573283858998144,0.22217068645640073,0.41697588126159557
scratch_pretrain,5,5,0.3598742228856702,0.41257012599478654,0.9415584415584416,0.9192200557103064,0.045649227000012615,0.030503170999963913,46,2026,1.1259019781755342,0.3711332426674256,0.9145951925296056,0.9092243164394994,,,0.16512059369202226,0.20037105751391465,0.21335807050092764,0.42115027829313545
scratch_pretrain,6,6,0.30814980349966015,0.3690726402433696,0.9452690166975881,0.9220055710306406,0.054865704999883746,0.037685993000195595,46,2026,1.1214987586361749,0.3193647910860219,0.9070937208007573,0.9043800834542443,,,0.17532467532467533,0.18970315398886828,0.21799628942486085,0.41697588126159557
scratch_pretrain,7,7,0.269483604960852,0.3407494499200865,0.948051948051948,0.924791086350975,0.06287983599986546,0.043626118000247516,46,2026,1.116054238389026,0.28064414734474225,0.9018240887158426,0.9034439544524462,,,0.17717996289424862,0.17207792207792208,0.237012987012987,0.4137291280148423
scratch_pretrain,8,8,0.240895229923096,0.3175323818781083,0.9545454545454546,0.924791086350975,0.07207898800015755,0.05085160499993435,46,2026,1.1284868299748718,0.2521800982228447,0.8889687771133978,0.8905120278040054,,,0.1730055658627087,0.19387755102040816,0.21706864564007422,0.4160482374768089
scratch_pretrain,9,9,0.22070173291822673,0.29242794320121906,0.9591836734693877,0.9415041782729805,0.08079187900011675,0.05754813600015041,46,2026,1.1245899466677236,0.23194763238490396,0.8843770959310802,0.8885083028527689,,,0.18320964749536178,0.18552875695732837,0.21706864564007422,0.4141929499072356
scratch_pretrain,10,10,0.1948035642954064,0.2686558113106179,0.9656771799628943,0.947075208913649,0.08861232900017058,0.06352218200026982,46,2026,1.1385765439465152,0.20618932973487156,0.8732256342961989,0.8793656738333332,,,0.17996289424860853,0.17578849721706866,0.22402597402597402,0.4202226345083488
scratch_pretrain,11,11,0.17747620362120445,0.2534847327156141,0.9730983302411874,0.9498607242339833,0.09670438700004524,0.06974644299998545,46,2026,1.1337666699826083,0.18881387032103053,0.8695103301508862,0.8780907131334142,,,0.16233766233766234,0.1859925788497217,0.23608534322820038,0.4155844155844156
scratch_pretrain,12,12,0.16968821400329723,0.24324237131525314,0.9712430426716141,0.9387186629526463,0.10417608299985659,0.07536798899991481,46,2026,1.1191018591461022,0.18087923259475824,0.8691779629110897,0.878362574057995,,,0.17346938775510204,0.19805194805194806,0.22031539888682747,0.40816326530612246
scratch_pretrain,13,13,0.1526751153998766,0.2185886284992084,0.9786641929499073,0.9498607242339833,0.11251401099980285,0.08175460499978726,46,2026,1.130106431332273,0.16397617971319933,0.8608594436035595,0.8730601326461987,,,0.18970315398886828,0.17532467532467533,0.22170686456400743,0.413265306122449
scratch_pretrain,14,14,0.14412701831358476,0.2116588189776912,0.9758812615955473,0.9498607242339833,0.12074926400009645,0.08776224199982607,46,2026,1.1149627326417555,0.15527664564000232,0.8632270007102417,0.8771847985179658,,,0.17578849721706866,0.18274582560296845,0.2342300556586271,0.4072356215213358
scratch_pretrain,15,15,0.13025170318666057,0.19761340126959617,0.9814471243042672,0.9526462395543176,0.1289956450000318,0.09395406499970704,46,2026,1.1179689557944914,0.14143139274460548,0.8579169012207617,0.8729444614861899,,,0.18831168831168832,0.18042671614100186,0.22263450834879406,0.40862708719851576
scratch_pretrain,16,16,0.12037617057824278,0.18500568787224053,0.9842300556586271,0.958217270194986,0.13715124800000922,0.0999563629993645,46,2026,1.116200300215435,0.13153817358039713,0.8554714538755489,0.872812769725396,,,0.1813543599257885,0.17810760667903525,0.2323747680890538,0.40816326530612246
scratch_pretrain,17,17,0.11711523973669015,0.1783059849214773,0.9860853432282004,0.9637883008356546,0.1454703370000061,0.1061684659994171,46,2026,1.1122874574287769,0.12823811431097792,0.8544101384825384,0.8734437759419881,,,0.1836734693877551,0.17625231910946196,0.23283858998144713,0.4072356215213358
scratch_pretrain,18,18,0.11396771993680828,0.17340072058403874,0.9833024118738405,0.9610027855153204,0.1566447169998355,0.11476403099959498,46,2026,1.0989292390600112,0.12495701232740838,0.8551979543219608,0.8741649191261092,,,0.20037105751391465,0.18228200371057515,0.21521335807050093,0.40213358070500926
scratch_pretrain,19,19,0.10699374242983582,0.16337782154649658,0.9851576994434137,0.9637883008356546,0.16934577499978332,0.12484620399982305,46,2026,1.1066387785151448,0.11806013021498726,0.849041229699291,0.8704687051354517,,,0.17161410018552875,0.18738404452690166,0.2388682745825603,0.40213358070500926
scratch_pretrain,20,20,0.1007249860249473,0.17490808610761227,0.9879406307977736,0.9610027855153204,0.1791402809999454,0.13248714399969685,46,2026,1.1037896621787318,0.11176288264673462,0.8458065951886602,0.8673056940783358,0.04478711385205242,0.006060784557309708,0.187847866419295,0.18970315398886828,0.21985157699443414,0.4025974025974026
linear_continue,0,20,0.1738281428544386,0.22862353896513557,0.9703153988868275,0.9442896935933147,0.00027928999998039217,0.0,46,2026,,,,,,,,,,
linear_continue,1,21,0.16614306061688972,0.22098398967646107,0.9721706864564007,0.9498607242339833,0.002385385000252427,0.0017679269999462122,46,2026,,,,,,,,,,
linear_continue,2,22,0.1589690223974582,0.2161021409263745,0.974025974025974,0.947075208913649,0.004291287999876658,0.0033758129998204822,46,2026,,,,,,,,,,
linear_continue,3,23,0.15291793101602763,0.21074546188192966,0.974025974025974,0.9498607242339833,0.00609734199997547,0.004935966999710217,46,2026,,,,,,,,,,
linear_continue,4,24,0.14755099732588273,0.20600251482524934,0.9749536178107606,0.947075208913649,0.008026811000036105,0.006616982999730681,46,2026,,,,,,,,,,
linear_continue,5,25,0.1426158027573531,0.2009124817005783,0.9768089053803339,0.9498607242339833,0.009842509000009159,0.007963055999880453,46,2026,,,,,,,,,,
linear_continue,6,26,0.1385168350967899,0.20020276927809785,0.9749536178107606,0.947075208913649,0.011702223000156664,0.00957435699956477,46,2026,,,,,,,,,,
linear_continue,7,27,0.1340690384997713,0.19365705007480097,0.9777365491651205,0.9498607242339833,0.01345280300029117,0.011018586999398394,46,2026,,,,,,,,,,
linear_continue,8,28,0.13019413938833868,0.19161050659003223,0.9768089053803339,0.9526462395543176,0.015168912000262935,0.012407503999384062,46,2026,,,,,,,,,,
linear_continue,9,29,0.1268714687679159,0.19007143806353088,0.9777365491651205,0.9442896935933147,0.016884469000160607,0.013880015999347961,46,2026,,,,,,,,,,
linear_continue,10,30,0.12351629675971673,0.18560536137967903,0.9795918367346939,0.9498607242339833,0.018808820000231208,0.015561762999368511,46,2026,,,,,,,,,,
linear_continue,11,31,0.1202551896669136,0.18438396573877738,0.9795918367346939,0.9526462395543176,0.020701984999959677,0.017090829999233392,46,2026,,,,,,,,,,
linear_continue,12,32,0.11755921800370552,0.18224876517972752,0.9795918367346939,0.9498607242339833,0.022708419000082358,0.018731404999471124,46,2026,,,,,,,,,,
linear_continue,13,33,0.1146784221437936,0.18090815523103787,0.9805194805194806,0.9526462395543176,0.02467184900024222,0.020381823999287008,46,2026,,,,,,,,,,
linear_continue,14,34,0.11202029267082093,0.17615599463606127,0.9814471243042672,0.9526462395543176,0.02632277000020622,0.021717540999361518,46,2026,,,,,,,,,,
linear_continue,15,35,0.10956812634711499,0.17739076467700066,0.9814471243042672,0.9526462395543176,0.027998758000194357,0.023137523999594123,46,2026,,,,,,,,,,
linear_continue,16,36,0.10720760795888912,0.17278593755394783,0.9814471243042672,0.9554317548746518,0.0302259850000155,0.024977047999527713,46,2026,,,,,,,,,,
linear_continue,17,37,0.1049600366308915,0.17371278575979057,0.9833024118738405,0.9526462395543176,0.03234855400023662,0.02685087299960287,46,2026,,,,,,,,,,
linear_continue,18,38,0.10280943112674279,0.16933410565285048,0.9823747680890538,0.9554317548746518,0.033989429000030214,0.028252167999653466,46,2026,,,,,,,,,,
linear_continue,19,39,0.10076592223904637,0.1708386504058076,0.9833024118738405,0.9526462395543176,0.03563540200002535,0.02955926200002068,46,2026,,,,,,,,,,
linear_continue,20,40,0.09869606260653896,0.16750310321391607,0.9842300556586271,0.9554317548746518,0.0372564180001973,0.030903130999831774,46,2026,,,,,,,,,,
linear_continue,21,41,0.0968659851663725,0.16413168127161187,0.9851576994434137,0.9554317548746518,0.03885513000022911,0.032215582999469916,46,2026,,,,,,,,,,
linear_continue,22,42,0.09506172228115717,0.16558317067996764,0.9851576994434137,0.9526462395543176,0.04096040300009918,0.03390202699984002,46,2026,,,,,,,,,,
linear_continue,23,43,0.09323250098993427,0.16323552706064037,0.9860853432282004,0.958217270194986,0.04271233500003291,0.03530060799948842,46,2026,,,,,,,,,,
linear_continue,24,44,0.09154977077287763,0.16305506204586856,0.9851576994434137,0.9554317548746518,0.044606701000247995,0.036781933999463945,46,2026,,,,,,,,,,
linear_continue,25,45,0.08993726504205221,0.16034703560740413,0.987012987012987,0.958217270194986,0.046384411999952135,0.03824981899924751,46,2026,,,,,,,,,,
linear_continue,26,46,0.08831866273896245,0.15990746514803142,0.987012987012987,0.958217270194986,0.04827976000024137,0.03987529199957862,46,2026,,,,,,,,,,
linear_continue,27,47,0.08693011575760702,0.15729727492960088,0.9860853432282004,0.9554317548746518,0.05011959500006924,0.041474464999282645,46,2026,,,,,,,,,,
linear_continue,28,48,0.08546090676859747,0.15869093763401418,0.9888682745825603,0.958217270194986,0.052155223000227124,0.04326487499929499,46,2026,,,,,,,,,,
linear_continue,29,49,0.08398608187707748,0.1564713629225867,0.9879406307977736,0.9554317548746518,0.05388463200006299,0.04448682099928192,46,2026,,,,,,,,,,
linear_continue,30,50,0.08267324197502406,0.15579939907328244,0.9888682745825603,0.9554317548746518,0.05550645800030907,0.04577768099943569,46,2026,,,,,,,,,,
linear_continue,31,51,0.08128305507663865,0.15686326400910583,0.9888682745825603,0.9554317548746518,0.05712342800006809,0.04715631199951531,46,2026,,,,,,,,,,
linear_continue,32,52,0.0800607941073339,0.15510967138092055,0.9888682745825603,0.9554317548746518,0.05871498900023653,0.04835627399961595,46,2026,,,,,,,,,,
linear_continue,33,53,0.07873329072905041,0.15260932793442392,0.9897959183673469,0.9610027855153204,0.06071114799988209,0.04998014399961903,46,2026,,,,,,,,,,
linear_continue,34,54,0.07751792485879987,0.15147630785808555,0.9897959183673469,0.9610027855153204,0.062225644000136526,0.05125669199969707,46,2026,,,,,,,,,,
linear_continue,35,55,0.07646678470462347,0.15422341217399005,0.9888682745825603,0.958217270194986,0.06446502800008602,0.05320596099954855,46,2026,,,,,,,,,,
linear_continue,36,56,0.0752729233968975,0.15095229976898494,0.9888682745825603,0.9637883008356546,0.06591473700018469,0.05442063599912217,46,2026,,,,,,,,,,
linear_continue,37,57,0.07411220384636655,0.14885167838818722,0.9897959183673469,0.9610027855153204,0.06768467600022632,0.05571245799956159,46,2026,,,,,,,,,,
linear_continue,38,58,0.07312647906152002,0.15111243185752893,0.9888682745825603,0.9610027855153204,0.06947370400030195,0.057180452999546105,46,2026,,,,,,,,,,
linear_continue,39,59,0.0721055242155445,0.14611892362912468,0.9907235621521335,0.9610027855153204,0.07092054800023107,0.05837704099940311,46,2026,,,,,,,,,,
linear_continue,40,60,0.07088751404284936,0.1501291446944837,0.9897959183673469,0.9610027855153204,0.07285328199986907,0.05999431999907756,46,2026,,,,,,,,,,
linear_continue,41,61,0.06998619413854562,0.14819142920317066,0.9897959183673469,0.9610027855153204,0.07478554499994061,0.06154893599887146,46,2026,,,,,,,,,,
linear_continue,42,62,0.06894212448944956,0.14724080245951124,0.9916512059369202,0.9610027855153204,0.07657885900016481,0.06297830399898885,46,2026,,,,,,,,,,
linear_continue,43,63,0.06807308627139813,0.14811072045025683,0.9907235621521335,0.9610027855153204,0.07825930399985737,0.06424338399892804,46,2026,,,,,,,,,,
linear_continue,44,64,0.06729411028478935,0.14344061650565906,0.9916512059369202,0.9610027855153204,0.08016286400015815,0.06590473099913652,46,2026,,,,,,,,,,
linear_continue,45,65,0.06617518739974106,0.1457673226361114,0.9916512059369202,0.9610027855153204,0.0817532639998717,0.06724072799943315,46,2026,,,,,,,,,,
linear_continue,46,66,0.06549368389639369,0.14656832659897145,0.9897959183673469,0.9610027855153204,0.08358027900021625,0.06872676999955729,46,2026,,,,,,,,,,
linear_continue,47,67,0.06447062611486176,0.14243826677171942,0.9916512059369202,0.9610027855153204,0.08541618700019171,0.07026120599948626,46,2026,,,,,,,,,,
linear_continue,48,68,0.06361656374530043,0.14365061936294343,0.9935064935064936,0.9610027855153204,0.08730023799989794,0.07190209199916353,46,2026,,,,,,,,,,
linear_continue,49,69,0.0627659873959569,0.14193377828140283,0.9925788497217068,0.9610027855153204,0.08891824900001666,0.0732734829994115,46,2026,,,,,,,,,,
linear_continue,50,70,0.06204966449873576,0.14090565531424032,0.9925788497217068,0.9610027855153204,0.09059923499989964,0.0746898509996754,46,2026,,,,,,,,,,
linear_continue,51,71,0.06142727620470874,0.14615930759333676,0.9925788497217068,0.9610027855153204,0.09245164799995109,0.07626655999956711,46,2026,,,,,,,,,,
linear_continue,52,72,0.060399759145989,0.13977945446091858,0.9944341372912802,0.9610027855153204,0.09424717599995347,0.07781973399960407,46,2026,,,,,,,,,,
linear_continue,53,73,0.05977091218113457,0.14234276778144164,0.9935064935064936,0.9610027855153204,0.09644550900020477,0.07971550299953378,46,2026,,,,,,,,,,
linear_continue,54,74,0.05904317098478916,0.13792566209324958,0.9944341372912802,0.9610027855153204,0.09790930799999842,0.0809376399993198,46,2026,,,,,,,,,,
linear_continue,55,75,0.05830808193516417,0.14310639908231826,0.9953617810760668,0.9610027855153204,0.10003452099999777,0.0826872089992321,46,2026,,,,,,,,,,
linear_continue,56,76,0.057500158491987495,0.13904867095084195,0.9944341372912802,0.9610027855153204,0.10169021899992003,0.08409461399924112,46,2026,,,,,,,,,,
linear_continue,57,77,0.057075264047070924,0.14268267022965428,0.9935064935064936,0.9610027855153204,0.10377569199999925,0.08568188899926099,46,2026,,,,,,,,,,
linear_continue,58,78,0.0561145054643911,0.13807775628397256,0.9953617810760668,0.9610027855153204,0.1065637310002785,0.08794087299929743,46,2026,,,,,,,,,,
linear_continue,59,79,0.05558963603090102,0.1399296035390513,0.9944341372912802,0.9610027855153204,0.10845498300022882,0.0895421389996045,46,2026,,,,,,,,,,
linear_continue,60,80,0.054790823498407235,0.13655303622302128,0.9953617810760668,0.9610027855153204,0.11044216900018,0.09111424100001386,46,2026,,,,,,,,,,
linear_continue,61,81,0.05419527946641093,0.13708441188256307,0.9944341372912802,0.9610027855153204,0.11214551800003392,0.09247026899993216,46,2026,,,,,,,,,,
linear_continue,62,82,0.05356048982779235,0.13902194924654043,0.9953617810760668,0.9610027855153204,0.11405513699992298,0.09413731399990866,46,2026,,,,,,,,,,
linear_continue,63,83,0.0529384886736902,0.1366769747701248,0.9953617810760668,0.9610027855153204,0.11603181700002096,0.09586912599979769,46,2026,,,,,,,,,,
linear_continue,64,84,0.05238177615990319,0.13649962118923242,0.9953617810760668,0.9610027855153204,0.11789133100000981,0.09730539400015914,46,2026,,,,,,,,,,
linear_continue,65,85,0.051808407114849415,0.13808163358503603,0.9953617810760668,0.9610027855153204,0.12011236800026381,0.09928007100006653,46,2026,,,,,,,,,,
linear_continue,66,86,0.05123831926063504,0.13706811283292056,0.9953617810760668,0.9610027855153204,0.12204491200009215,0.10080062499991982,46,2026,,,,,,,,,,
linear_continue,67,87,0.05097011906013043,0.13341687460056006,0.9953617810760668,0.9610027855153204,0.12428662999991502,0.10264110099979007,46,2026,,,,,,,,,,
linear_continue,68,88,0.05016198741856235,0.13677033078072556,0.9953617810760668,0.9610027855153204,0.12686699699997916,0.10482468199961659,46,2026,,,,,,,,,,
linear_continue,69,89,0.04954072352818188,0.13561509382250175,0.9953617810760668,0.9610027855153204,0.1291238879998673,0.10650483699964752,46,2026,,,,,,,,,,
linear_continue,70,90,0.04897805293427947,0.13591497017280277,0.9953617810760668,0.9610027855153204,0.13101475900020887,0.10815080999964266,46,2026,,,,,,,,,,
linear_continue,71,91,0.048506195147150835,0.13347963123085319,0.9953617810760668,0.9610027855153204,0.13292687200009823,0.10982033899927046,46,2026,,,,,,,,,,
linear_continue,72,92,0.04795686249262778,0.13490034865061212,0.9953617810760668,0.9610027855153204,0.13541915599989807,0.11173882199909713,46,2026,,,,,,,,,,
linear_continue,73,93,0.04740082915842711,0.13412876912974195,0.9953617810760668,0.9610027855153204,0.13704132400016533,0.11304945099891484,46,2026,,,,,,,,,,
linear_continue,74,94,0.046978886974387526,0.13344162757457934,0.9953617810760668,0.9610027855153204,0.13904918000025646,0.11460299499913162,46,2026,,,,,,,,,,
linear_continue,75,95,0.046452189556684904,0.13359127326966605,0.9953617810760668,0.9610027855153204,0.14106954599992605,0.11630707599897505,46,2026,,,,,,,,,,
linear_continue,76,96,0.04593698341117919,0.1335388942764026,0.9953617810760668,0.9610027855153204,0.14292894000027445,0.1179232949989455,46,2026,,,,,,,,,,
linear_continue,77,97,0.04555000704799525,0.13452645119046178,0.9953617810760668,0.9610027855153204,0.14486046199999691,0.11958101599884685,46,2026,,,,,,,,,,
linear_continue,78,98,0.04509493409115829,0.13115369004016866,0.9972170686456401,0.9610027855153204,0.14669091199994,0.12116235299890832,46,2026,,,,,,,,,,
linear_continue,79,99,0.04462772487099317,0.13305199028508555,0.9972170686456401,0.9610027855153204,0.14913467399992442,0.12294336899913105,46,2026,,,,,,,,,,
linear_continue,80,100,0.044191685943582845,0.13567092180961962,0.9953617810760668,0.9610027855153204,0.15124873000013395,0.12464722899949265,46,2026,,,,,,,,,,
moe_continue,0,20,0.1738281428544386,0.22862353896513551,0.9703153988868275,0.9442896935933147,0.0014599640003325476,0.0,46,2026,1.0352748927997961,0.18418089178243655,0.9952315750202853,0.9980704797104464,2.020374590954707e-18,0.00767799671200651,0.09322820037105752,0.39007421150278293,0.17115027829313545,0.3455473098330241
moe_continue,1,21,0.1615574757736293,0.22393051585670248,0.9703153988868275,0.947075208913649,0.014918726000360039,0.007389572999727534,46,2026,1.0200631177991044,0.17175810695162036,0.9961051660017762,0.9969176156358277,,,0.3399814471243043,0.22634508348794063,0.3385899814471243,0.0950834879406308
moe_continue,2,22,0.14780978740612577,0.21713558893470844,0.9703153988868275,0.9442896935933147,0.023925929000142787,0.014381136999418231,46,2026,1.0138662995871703,0.15794845040199748,0.9960804238210169,0.9972760699163801,,,0.2453617810760668,0.27319109461966606,0.36641929499072357,0.1150278293135436
moe_continue,3,23,0.1397097517006841,0.2052431642321744,0.974025974025974,0.947075208913649,0.033014805000220804,0.021137467999324144,46,2026,1.0256304416422257,0.14996605611710634,0.9936682926751316,0.9941294078883981,,,0.3293135435992579,0.17115027829313545,0.37337662337662336,0.1261595547309833
moe_continue,4,24,0.13409696579565306,0.19392079557115047,0.9786641929499073,0.9526462395543176,0.0414552970000841,0.02763610199917821,46,2026,1.0129935000640509,0.14422690079629358,0.9932561319698138,0.9962586060448564,,,0.18645640074211503,0.23515769944341372,0.19155844155844157,0.3868274582560297
moe_continue,5,25,0.1257615310245418,0.19538222881072936,0.9758812615955473,0.947075208913649,0.050005253000108496,0.033952732998841384,46,2026,1.0222887669887273,0.13598441869442907,0.9907649383071943,0.9921230248045168,,,0.29777365491651203,0.21335807050092764,0.37244897959183676,0.11641929499072357
moe_continue,6,26,0.11651623529747637,0.18797482173123586,0.9786641929499073,0.9442896935933147,0.05843546900041474,0.04033824799898866,46,2026,1.0018881899980348,0.12653511719745672,0.9903338678032079,0.9919345339870987,,,0.25556586270871984,0.2541743970315399,0.2898886827458256,0.20037105751391465
moe_continue,7,27,0.11249683511224357,0.18694623369617855,0.9786641929499073,0.947075208913649,0.0668157400000382,0.04667528899926765,46,2026,1.0118442138724666,0.12261527725096823,0.9877974046167526,0.990450396710856,,,0.237012987012987,0.29359925788497215,0.33487940630797774,0.1345083487940631
moe_continue,8,28,0.10588437141728116,0.17340063979397768,0.9786641929499073,0.9498607242339833,0.07536487600009423,0.05327308299956712,46,2026,1.0064676002653619,0.11594904741993478,0.9864411642931962,0.9898766616972865,,,0.21382189239332097,0.23840445269016697,0.3608534322820037,0.18692022263450836
moe_continue,9,29,0.09951311866779007,0.1723470491753508,0.9851576994434137,0.9498607242339833,0.08358580700041784,0.05953620299942486,46,2026,1.0065486412350078,0.10957860508014015,0.9826658321411998,0.9844275996155679,,,0.2727272727272727,0.26159554730983303,0.1971243042671614,0.26855287569573283
moe_continue,10,30,0.096416495745719,0.16676565798090034,0.9833024118738405,0.9526462395543176,0.09210058000007848,0.0658811259995673,46,2026,1.0130055122196198,0.1065465508679152,0.9801372852071077,0.9828662305364985,,,0.24397031539888683,0.32560296846011133,0.2527829313543599,0.17764378478664192
moe_continue,11,31,0.08904571928144125,0.16216375913909734,0.9888682745825603,0.947075208913649,0.1008018140000786,0.07200107099924935,46,2026,1.0089433453813634,0.09913515273525489,0.9772382376318848,0.9782801041315514,,,0.27736549165120594,0.2606679035250464,0.19155844155844157,0.27040816326530615
moe_continue,12,32,0.08406925213387216,0.1603035514462657,0.9879406307977736,0.9526462395543176,0.10890728200001831,0.0779150069993193,46,2026,1.0078946489716603,0.09414819862358877,0.9751376714573878,0.9784452365420466,,,0.25463821892393323,0.2810760667903525,0.29313543599257885,0.17115027829313545
moe_continue,13,33,0.08069213980981142,0.15735831714080892,0.9888682745825603,0.9415041782729805,0.11661578500024916,0.08368177199918136,46,2026,1.0150722983642555,0.09084286279345398,0.9693632872546736,0.9705713674055523,,,0.2792207792207792,0.29313543599257885,0.1790352504638219,0.24860853432282004
moe_continue,14,34,0.07622938574133084,0.1563829005252903,0.9888682745825603,0.9442896935933147,0.12426662000007127,0.08931727899926045,46,2026,1.0274906500345435,0.08650429224167627,0.9646005540042627,0.966914241832414,,,0.27690166975881264,0.3320964749536178,0.1637291280148423,0.22727272727272727
moe_continue,15,35,0.07221066187400055,0.1493487332188665,0.9935064935064936,0.9526462395543176,0.13214715000003707,0.09487600099919291,46,2026,1.0034762866382756,0.08224542474038331,0.9647828250302865,0.9676168606076309,,,0.2588126159554731,0.2606679035250464,0.22727272727272727,0.2532467532467532
moe_continue,16,36,0.06834386816583654,0.14476879467553536,0.9925788497217068,0.9526462395543176,0.14012324400027865,0.10081972199941447,46,2026,1.011366667001037,0.07845753483584691,0.9597580111671935,0.9638981974139712,,,0.26669758812615957,0.2940630797773655,0.21846011131725418,0.22077922077922077
moe_continue,17,37,0.06970593572576726,0.13587716630130414,0.9897959183673469,0.9610027855153204,0.14908153400028823,0.10676812899964716,46,2026,1.0340298954066636,0.0800462346798339,0.9549779968968084,0.9597656212270458,,,0.23933209647495363,0.30241187384044527,0.12012987012987013,0.33812615955473097
moe_continue,18,38,0.06396065078418901,0.13370752328534566,0.9925788497217068,0.9554317548746518,0.16117021700029,0.11621994100005395,46,2026,1.0152202838412776,0.07411285362260178,0.9521373743401245,0.9583383392604642,,,0.2532467532467532,0.3140074211502783,0.21289424860853431,0.21985157699443414
moe_continue,19,39,0.05949138486920898,0.13067583955241602,0.9944341372912802,0.9610027855153204,0.17052145700017718,0.12321772500035877,46,2026,1.0167965655178592,0.06965935052438757,0.9486291493088991,0.9542400247815361,,,0.2523191094619666,0.3047309833024119,0.17810760667903525,0.26484230055658625
moe_continue,20,40,0.056235714233091164,0.12934201027769746,0.9962894248608535,0.958217270194986,0.17946564600015336,0.12995722100049534,46,2026,1.016431514749822,0.06640002938058938,0.9445203486959411,0.9499471907051642,0.015349913535631947,0.002529034331806255,0.25742115027829315,0.2880333951762523,0.17439703153988867,0.28014842300556586
moe_continue,21,41,0.05377149386108387,0.12356465875505265,0.9962894248608535,0.9610027855153204,0.19163668200008033,0.13613678600040657,46,2026,1.015300119631268,0.06392449505739654,0.940721456032652,0.9473212901632614,,,0.2588126159554731,0.29545454545454547,0.187847866419295,0.25788497217068646
moe_continue,22,42,0.05248311458230234,0.12651952731775098,0.9953617810760668,0.9610027855153204,0.2020359470002404,0.14422432800029128,46,2026,1.0135558465899746,0.0626186730482021,0.9369595824857115,0.9452181221635749,,,0.24768089053803338,0.29777365491651203,0.1971243042671614,0.25742115027829315
moe_continue,23,43,0.05005516766322443,0.12159704277302774,0.9962894248608535,0.9665738161559888,0.21266049000041676,0.15235836900001232,46,2026,1.0132596061894528,0.060187763725118956,0.9329831551908121,0.9414854469879871,,,0.2504638218923933,0.2940630797773655,0.1971243042671614,0.25834879406307976
moe_continue,24,44,0.04861581047466775,0.11955904490564905,0.9962894248608535,0.9637883008356546,0.22156957600009264,0.15885829499984538,46,2026,1.0254635621423376,0.05887044609609113,0.928276317085057,0.937482521222455,,,0.24768089053803338,0.31539888682745826,0.16651205936920221,0.27040816326530615
moe_continue,25,45,0.04643609910385717,0.11613457708778957,0.9972170686456401,0.9637883008356546,0.23091289400008463,0.1657054520001111,46,2026,1.0254900968757759,0.056691000072614926,0.9239289934043824,0.9329199150845507,,,0.2625231910946197,0.30658627087198514,0.1683673469387755,0.2625231910946197
moe_continue,26,46,0.04338895097467165,0.11748615199278428,0.9972170686456401,0.9637883008356546,0.23900241900037145,0.17172086000027775,46,2026,1.0114524410973236,0.053503475385644886,0.9230286671288883,0.9323406100937154,,,0.27411873840445267,0.2588126159554731,0.2077922077922078,0.2592764378478664
moe_continue,27,47,0.04141569631996713,0.11438832157772845,0.9972170686456401,0.9637883008356546,0.24743120300036026,0.1777153270004419,46,2026,1.0260142161937267,0.0516758384819044,0.9179510080261781,0.9280040193404293,,,0.25834879406307976,0.300556586270872,0.16512059369202226,0.275974025974026
moe_continue,28,48,0.04093531043768343,0.11429893341127524,0.9972170686456401,0.9637883008356546,0.25689527300028203,0.1848493660004351,46,2026,1.0270693524910903,0.05120600396259433,0.9147534261153993,0.925333391266635,,,0.2653061224489796,0.3042671614100185,0.16651205936920221,0.26391465677179965
moe_continue,29,49,0.039119057833611484,0.10386464654525697,0.9981447124304267,0.9721448467966574,0.26622104400030366,0.19201078600053734,46,2026,1.0217154905140091,0.04933621273875158,0.9112749873788093,0.9219335068426803,,,0.2532467532467532,0.28061224489795916,0.17764378478664192,0.2884972170686456
moe_continue,30,50,0.03731302878108018,0.11359264319102069,0.9972170686456401,0.9637883008356546,0.2755013780001718,0.19916065900042668,46,2026,1.0219757280009685,0.04753278606108986,0.906526756229682,0.9180254689394614,,,0.2750463821892393,0.28385899814471244,0.18089053803339517,0.2602040816326531
moe_continue,31,51,0.03663456865287786,0.11016894491925798,0.9990723562152134,0.9637883008356546,0.28454247200033933,0.20603788200014606,46,2026,1.0192517661271663,0.04682708631414952,0.9038296772180844,0.9154916156277331,,,0.26855287569573283,0.27319109461966606,0.1859925788497217,0.2722634508348794
moe_continue,32,52,0.03574770103023912,0.10452357433476801,0.9972170686456401,0.9693593314763231,0.2942506890003642,0.21332396900015738,46,2026,1.0135925340450975,0.045883626370690093,0.902996439277237,0.9164525334618582,,,0.25185528756957326,0.274582560296846,0.20037105751391465,0.27319109461966606
moe_continue,33,53,0.03466359393275238,0.10476280328399072,0.9972170686456401,0.9693593314763231,0.3031003050000436,0.22008541800005332,46,2026,1.017428684118968,0.04483788077394206,0.8993524810142023,0.9139316876197539,,,0.25556586270871984,0.2917439703153989,0.19341372912801486,0.2592764378478664
moe_continue,34,54,0.03255238473540436,0.10013412117669311,0.9990723562152134,0.9693593314763231,0.31090538200032825,0.22597762100031105,46,2026,1.0231385837048586,0.042783770572452945,0.8955274816574559,0.9099454638992628,,,0.2537105751391466,0.29267161410018555,0.17857142857142858,0.2750463821892393
moe_continue,35,55,0.032891286427869364,0.09780659889875414,0.9990723562152134,0.9749303621169917,0.318647263999992,0.2314886320000369,46,2026,1.0144080579710606,0.04303536700757997,0.893488121822069,0.9088916845059316,,,0.24675324675324675,0.2717996289424861,0.2012987012987013,0.28014842300556586
moe_continue,36,56,0.03185524911453208,0.10491182351964483,0.9990723562152134,0.9721448467966574,0.32661882100001094,0.2373154860001705,46,2026,1.0157539449959865,0.04201278856449195,0.8886715263913322,0.9061327106850764,,,0.26437847866419295,0.28617810760667906,0.20315398886827457,0.24628942486085342
moe_continue,37,57,0.030613301158163915,0.10019560541623884,1.0,0.9721448467966574,0.3355824590003067,0.2442101040005582,46,2026,1.0140016421278626,0.04075331757944254,0.8848394160275949,0.9011947009372644,,,0.26484230055658625,0.2569573283858998,0.2054730983302412,0.2727272727272727
moe_continue,38,58,0.02954609811948108,0.10625677902112342,0.9990723562152134,0.9665738161559888,0.34435259600013524,0.250621728000624,46,2026,1.017819740100832,0.0397242955204894,0.8816062204935862,0.8992503400657453,,,0.2657699443413729,0.2792207792207792,0.19526901669758812,0.2597402597402597
moe_continue,39,59,0.028146609709863712,0.09945330195481636,1.0,0.9721448467966574,0.35246890100006567,0.25665525300064473,46,2026,1.0183405412797097,0.03833001512266081,0.8781904075725738,0.8954252900373868,,,0.2602040816326531,0.26762523191094617,0.19434137291280149,0.27782931354359924
moe_continue,40,60,0.028104478390588116,0.09922557360126949,0.9990723562152134,0.9721448467966574,0.3610328380000283,0.26310159900049257,46,2026,1.0187197439478595,0.03829167583006671,0.8767866116800512,0.8967033237282351,0.014982722882285896,0.0018398198048219967,0.25556586270871984,0.2917439703153989,0.19480519480519481,0.25788497217068646
moe_continue,41,61,0.026212226474377553,0.1021956790761335,1.0,0.9665738161559888,0.3736188980001316,0.2701215460001549,46,2026,1.0159248274929342,0.036371474749306895,0.8736035487775067,0.8924925567642099,,,0.2690166975881262,0.2680890538033395,0.2012987012987013,0.26159554730983303
moe_continue,42,62,0.026483038850192896,0.09645536478539654,0.9990723562152134,0.9721448467966574,0.38178326500019466,0.2761711160001141,46,2026,1.019899454903196,0.03668203339922486,0.8711644359212827,0.8919728638605976,,,0.25092764378478666,0.2912801484230056,0.19294990723562153,0.26484230055658625
moe_continue,43,63,0.02434774189066918,0.10281302154812225,1.0,0.9665738161559888,0.3898973160003152,0.2822761190000165,46,2026,1.0253424740098334,0.03460116663076751,0.8660396784333813,0.8854394869986708,,,0.27319109461966606,0.27736549165120594,0.18228200371057515,0.26716141001855287
moe_continue,44,64,0.026206373266949468,0.09044701919976392,0.9981447124304267,0.9693593314763231,0.39926199700039433,0.2896541340001022,46,2026,1.0156012301724378,0.03636238556867384,0.8674604069138313,0.8903357057742114,,,0.24304267161410018,0.2912801484230056,0.20454545454545456,0.26113172541743973
moe_continue,45,65,0.02279528239064974,0.09980615660552362,1.0,0.9665738161559888,0.40743102100032047,0.2955359809998299,46,2026,1.0176618858186868,0.0329719012488366,0.8628834117335387,0.8847863738492002,,,0.26205936920222633,0.2764378478664193,0.19805194805194806,0.2634508348794063
moe_continue,46,66,0.023089040538080703,0.09565631847695509,1.0,0.9721448467966574,0.4156313810003667,0.30186069399996995,46,2026,1.015740768746451,0.03324644822554521,0.8599273749804923,0.8825239700395822,,,0.2523191094619666,0.274582560296846,0.20315398886827457,0.2699443413729128
moe_continue,47,67,0.023233216750220345,0.09430536479985827,1.0,0.9721448467966574,0.42332110500001363,0.3075639329999831,46,2026,1.0149350762803326,0.033382567513023674,0.8582103060026681,0.8822726349767434,,,0.24443413729128013,0.2810760667903525,0.20640074211502782,0.2680890538033395
moe_continue,48,68,0.021997441125823303,0.09765156193581828,1.0,0.9693593314763231,0.43143788100042,0.3138018650001868,46,2026,1.0108512371738305,0.03210595349756161,0.854286483571721,0.8789007211100537,,,0.2560296846011132,0.2657699443413729,0.21521335807050093,0.262987012987013
moe_continue,49,69,0.02121072860370061,0.09320983319522817,1.0,0.9749303621169917,0.4404662360002476,0.32065072500017777,46,2026,1.0196405672110165,0.03140713427581077,0.8486886844811443,0.8735551191038831,,,0.25185528756957326,0.28061224489795916,0.19758812615955473,0.2699443413729128
moe_continue,50,70,0.020719688103557076,0.09815970385959938,0.9990723562152134,0.9693593314763231,0.44912164000015764,0.3272080070000811,46,2026,1.0101231814436562,0.030820919917993638,0.8503070121770611,0.8768569955704694,,,0.2606679035250464,0.2690166975881262,0.21799628942486085,0.2523191094619666
moe_continue,51,71,0.019758660322999208,0.0963664742562355,1.0,0.9721448467966574,0.45838049200028763,0.33411514499994155,46,2026,1.0316117963438904,0.030074778286438113,0.8412681991256595,0.8666618617946289,,,0.2694805194805195,0.2847866419294991,0.17393320964749537,0.2717996289424861
moe_continue,52,72,0.020454399457730598,0.09247636104281656,0.9990723562152134,0.9721448467966574,0.4795671750002839,0.3533288230000835,46,2026,1.0197071646291003,0.030651471104021603,0.8429236692578409,0.870576344367611,,,0.24211502782931354,0.2894248608534323,0.1989795918367347,0.2694805194805195
moe_continue,53,73,0.019264305355897002,0.09186541957028167,0.9990723562152134,0.9749303621169917,0.4872240990002865,0.35908207700003913,46,2026,1.0187824396678768,0.029452129752575773,0.83971969477749,0.8674488915539266,,,0.2523191094619666,0.2847866419294991,0.19944341372912802,0.2634508348794063
moe_continue,54,74,0.01934375796220935,0.08628223269198881,1.0,0.9749303621169917,0.494352870000057,0.36431712300009167,46,2026,1.0077236836177317,0.029420994798386668,0.8407866759407406,0.8705546780232648,,,0.2435064935064935,0.2722634508348794,0.22495361781076068,0.2592764378478664
moe_continue,55,75,0.018446706367519026,0.0919524738392659,1.0,0.9749303621169917,0.5066771070000868,0.3747537439999178,46,2026,1.0209073062286504,0.02865577942980553,0.8340735685800205,0.8632920487240681,,,0.24257884972170687,0.2880333951762523,0.19805194805194806,0.27133580705009275
moe_continue,56,76,0.018039671769466224,0.09076247499193998,1.0,0.9749303621169917,0.5142550320001646,0.38045541100018454,46,2026,1.0150375975762107,0.028190047745228333,0.8332628869244136,0.8635170696708871,,,0.25185528756957326,0.2810760667903525,0.2082560296846011,0.2588126159554731
moe_continue,57,77,0.01782849597951888,0.08992997916405841,1.0,0.9749303621169917,0.5210815190002904,0.38548032200060334,46,2026,1.0091750089295026,0.027920246068813905,0.8329658157381963,0.8641803946368182,,,0.2592764378478664,0.26669758812615957,0.2212430426716141,0.2527829313543599
moe_continue,58,78,0.016584120095743237,0.08998368688341521,1.0,0.9749303621169917,0.5282911010003772,0.3904402540006231,46,2026,1.020617727373044,0.02679029736947368,0.8270873666186537,0.8575105266435903,,,0.2606679035250464,0.2810760667903525,0.19619666048237477,0.26205936920222633
moe_continue,59,79,0.016520969160881614,0.09263385433180825,1.0,0.9749303621169917,0.5371737770001346,0.39671146700084137,46,2026,1.0217277622394096,0.02673824678327571,0.8250994982182809,0.8565752992692786,,,0.25092764378478666,0.287569573283859,0.19480519480519481,0.26669758812615957
moe_continue,60,80,0.016454277943317774,0.08394712698796157,1.0,0.9749303621169917,0.5454187550003553,0.40226030400071977,46,2026,1.0152808531748456,0.02660708647506623,0.8247881686985907,0.85741259897153,0.004807119564581595,0.0013888888043965331,0.24118738404452691,0.2810760667903525,0.20964749536178107,0.2680890538033395
moe_continue,61,81,0.0159866284865423,0.08799735790553628,1.0,0.9749303621169917,0.5581334790003893,0.40907007500072723,46,2026,1.0112793805039977,0.026099422291582276,0.823501982133077,0.8565656395746434,,,0.2527829313543599,0.27040816326530615,0.21614100185528756,0.2606679035250464
moe_continue,62,82,0.01550132205568151,0.0897606449294585,1.0,0.9749303621169917,0.5676979800000481,0.4160934870010351,46,2026,1.0133034213900916,0.025634356269582423,0.8198683152427724,0.8532628577873344,,,0.2523191094619666,0.27133580705009275,0.212430426716141,0.26391465677179965
moe_continue,63,83,0.015129768764555877,0.08900200367605533,1.0,0.9749303621169917,0.5755455299999994,0.4219006920011452,46,2026,1.010660699195178,0.02523637575650766,0.8188232748486545,0.8534811142799812,,,0.2481447124304267,0.2727272727272727,0.2189239332096475,0.2602040816326531
moe_continue,64,84,0.01433636154406388,0.09104274787238215,1.0,0.9749303621169917,0.5842029490004279,0.4279041120007605,46,2026,1.0148467774887557,0.024484829318951438,0.8156391190080055,0.8507938141556011,,,0.24675324675324675,0.2810760667903525,0.2101113172541744,0.26205936920222633
moe_continue,65,85,0.014408438964809893,0.08968820910517808,1.0,0.9749303621169917,0.5938199980000718,0.43488747400078864,46,2026,1.0185527010307034,0.024593965975116927,0.8121741287899333,0.8468979175837721,,,0.2523191094619666,0.2792207792207792,0.20269016697588127,0.2657699443413729
moe_continue,66,86,0.013815121882266771,0.09050240123555016,1.0,0.9749303621169917,0.6026518580001721,0.44104380400085574,46,2026,1.029386994881339,0.02410899183108016,0.8071643048180668,0.842191536977024,,,0.2592764378478664,0.287569573283859,0.18228200371057515,0.27087198515769945
moe_continue,67,87,0.014332109497123957,0.08198799130809699,1.0,0.9749303621169917,0.6131602570003452,0.4491514950009332,46,2026,1.0079253042794722,0.024411362539918678,0.8132001622307049,0.850815266405753,,,0.24165120593692022,0.2722634508348794,0.2258812615955473,0.2602040816326531
moe_continue,68,88,0.013999541985998544,0.0817102413854136,1.0,0.9749303621169917,0.623177878000206,0.4566393360009897,46,2026,1.0125627871797402,0.024125169857795947,0.8095496152683198,0.8475058336496748,,,0.24118738404452691,0.2824675324675325,0.21614100185528756,0.2602040816326531
moe_continue,69,89,0.013632540405260215,0.08159701321011018,1.0,0.9749303621169917,0.6341013100000055,0.4642854940007055,46,2026,1.0082583483370007,0.023715123888630223,0.8086005592146599,0.8469016220964298,,,0.2541743970315399,0.26762523191094617,0.22402597402597402,0.2541743970315399
moe_continue,70,90,0.012776075981201139,0.08789856753321688,1.0,0.9749303621169917,0.6432739220003896,0.4712803240008725,46,2026,1.0182151897868528,0.02295822787906967,0.8027703707440158,0.8410549868416247,,,0.2453617810760668,0.2847866419294991,0.20454545454545456,0.2653061224489796
moe_continue,71,91,0.013006455037554859,0.08003881845549014,1.0,0.9749303621169917,0.6514461410001786,0.47730190100082837,46,2026,1.0149995042588515,0.023156450080143373,0.802246607026358,0.8417935812914986,,,0.23933209647495363,0.28385899814471244,0.21289424860853431,0.26391465677179965
moe_continue,72,92,0.012527028712954722,0.0874075116981901,1.0,0.9749303621169917,0.661276521000218,0.48493417800091265,46,2026,1.0091644287484394,0.022618673000439116,0.8023998416791613,0.8425379768934269,,,0.2541743970315399,0.2694805194805195,0.22217068645640073,0.2541743970315399
moe_continue,73,93,0.01234523881784639,0.0814242093670323,1.0,0.9749303621169917,0.6705876810001428,0.4918134540007486,46,2026,1.0110552761083613,0.022455791578930004,0.7994171032220617,0.8400884138408766,,,0.24025974025974026,0.2787569573283859,0.22031539888682747,0.2606679035250464
moe_continue,74,94,0.011736409956917718,0.08118888611100622,1.0,0.9749303621169917,0.6789780370004337,0.49835005500062834,46,2026,1.0122175103131965,0.021858585060049684,0.7970941803136097,0.8378191825359598,,,0.24582560296846012,0.2755102040816326,0.21753246753246752,0.26113172541743973
moe_continue,75,95,0.011676156501286186,0.08049811629259114,1.0,0.9749303621169917,0.6881583809999938,0.5052455060003922,46,2026,1.0097663745049699,0.021773820246335885,0.797009384567283,0.8388648326130993,,,0.24397031539888683,0.27736549165120594,0.22263450834879406,0.2560296846011132
moe_continue,76,96,0.011585818308424645,0.08090965620060427,1.0,0.9749303621169917,0.697989341000266,0.5128838920004455,46,2026,1.0077580375249242,0.02166339868367389,0.7957861008666478,0.837963433831021,,,0.2453617810760668,0.27133580705009275,0.22634508348794063,0.2569573283858998
moe_continue,77,97,0.01097048268586098,0.08896329147156852,1.0,0.9749303621169917,0.7072248280001077,0.5200186920005763,46,2026,1.0136959260290967,0.021107441946151946,0.7919378666734014,0.8339242903664357,,,0.25139146567717996,0.2787569573283859,0.21382189239332097,0.2560296846011132
moe_continue,78,98,0.011150369696905265,0.07822272461797582,1.0,0.9777158774373259,0.7160656810001456,0.52613496100048,46,2026,1.0091345482177325,0.02124171517908259,0.7910704428909535,0.8337535884695196,,,0.2435064935064935,0.27133580705009275,0.22448979591836735,0.2606679035250464
moe_continue,79,99,0.010916765998992424,0.07818668438266962,1.0,0.9749303621169917,0.7246044810003696,0.532520105000458,46,2026,1.0116862166040559,0.021033628165032982,0.7889537762666534,0.8320392172642984,,,0.24072356215213359,0.2764378478664193,0.21985157699443414,0.262987012987013
moe_continue,80,100,0.010953910523318112,0.0789414764757045,1.0,0.9749303621169917,0.733176530000037,0.5387064000005921,46,2026,1.0061042048898254,0.021014952572216368,0.7907453251421864,0.8354716982665176,0.007348917383642433,0.0007873848143382027,0.24397031539888683,0.27411873840445267,0.23098330241187384,0.25092764378478666
linear_mac_matched,0,20,0.1738281428544386,0.22862353896513557,0.9703153988868275,0.9442896935933147,0.0002607410001473909,0.0,46,2026,,,,,,,,,,
linear_mac_matched,1,21,0.16614306061688972,0.22098398967646107,0.9721706864564007,0.9498607242339833,0.0018800150000970461,0.0013071839998701762,46,2026,,,,,,,,,,
linear_mac_matched,2,22,0.1589690223974582,0.2161021409263745,0.974025974025974,0.947075208913649,0.0032981250001284934,0.0024859849995664263,46,2026,,,,,,,,,,
linear_mac_matched,3,23,0.15291793101602763,0.21074546188192966,0.974025974025974,0.9498607242339833,0.00471457300000111,0.003647559999535588,46,2026,,,,,,,,,,
linear_mac_matched,4,24,0.14755099732588273,0.20600251482524934,0.9749536178107606,0.947075208913649,0.006138172000191844,0.004838428999391908,46,2026,,,,,,,,,,
linear_mac_matched,5,25,0.1426158027573531,0.2009124817005783,0.9768089053803339,0.9498607242339833,0.007519157000388077,0.005990819999624364,46,2026,,,,,,,,,,
linear_mac_matched,6,26,0.1385168350967899,0.20020276927809785,0.9749536178107606,0.947075208913649,0.00891411300017353,0.007156720999773825,46,2026,,,,,,,,,,
linear_mac_matched,7,27,0.1340690384997713,0.19365705007480097,0.9777365491651205,0.9498607242339833,0.01044170800014399,0.008448100999430608,46,2026,,,,,,,,,,
linear_mac_matched,8,28,0.13019413938833868,0.19161050659003223,0.9768089053803339,0.9526462395543176,0.012240950999967026,0.009810757999275665,46,2026,,,,,,,,,,
linear_mac_matched,9,29,0.1268714687679159,0.19007143806353088,0.9777365491651205,0.9442896935933147,0.013826774000335718,0.011068867999256327,46,2026,,,,,,,,,,
linear_mac_matched,10,30,0.12351629675971673,0.18560536137967903,0.9795918367346939,0.9498607242339833,0.01526353300005212,0.012263352999070776,46,2026,,,,,,,,,,
linear_mac_matched,11,31,0.1202551896669136,0.18438396573877738,0.9795918367346939,0.9526462395543176,0.016932460000134597,0.013678918999175949,46,2026,,,,,,,,,,
linear_mac_matched,12,32,0.11755921800370552,0.18224876517972752,0.9795918367346939,0.9498607242339833,0.018465483999989374,0.014973232999182073,46,2026,,,,,,,,,,
linear_mac_matched,13,33,0.1146784221437936,0.18090815523103787,0.9805194805194806,0.9526462395543176,0.02044869400015159,0.016708169999219535,46,2026,,,,,,,,,,
linear_mac_matched,14,34,0.11202029267082093,0.17615599463606127,0.9814471243042672,0.9526462395543176,0.022347747000367235,0.018359320999479678,46,2026,,,,,,,,,,
linear_mac_matched,15,35,0.10956812634711499,0.17739076467700066,0.9814471243042672,0.9526462395543176,0.024135042000125395,0.019822889999886684,46,2026,,,,,,,,,,
linear_mac_matched,16,36,0.10720760795888912,0.17278593755394783,0.9814471243042672,0.9554317548746518,0.025639112000135356,0.021024775999649137,46,2026,,,,,,,,,,
linear_mac_matched,17,37,0.1049600366308915,0.17371278575979057,0.9833024118738405,0.9526462395543176,0.02719489000037356,0.022338208999826747,46,2026,,,,,,,,,,
linear_mac_matched,18,38,0.10280943112674279,0.16933410565285048,0.9823747680890538,0.9554317548746518,0.02857531400013613,0.023489228999551415,46,2026,,,,,,,,,,
linear_mac_matched,19,39,0.10076592223904637,0.1708386504058076,0.9833024118738405,0.9526462395543176,0.03056905400035248,0.025183960999584087,46,2026,,,,,,,,,,
linear_mac_matched,20,40,0.09869606260653896,0.16750310321391607,0.9842300556586271,0.9554317548746518,0.032702900000003865,0.026867840999784676,46,2026,,,,,,,,,,
linear_mac_matched,21,41,0.0968659851663725,0.16413168127161187,0.9851576994434137,0.9554317548746518,0.03448752200029048,0.02836345799960327,46,2026,,,,,,,,,,
linear_mac_matched,22,42,0.09506172228115717,0.16558317067996764,0.9851576994434137,0.9526462395543176,0.03649500800020178,0.03004947099952915,46,2026,,,,,,,,,,
linear_mac_matched,23,43,0.09323250098993427,0.16323552706064037,0.9860853432282004,0.958217270194986,0.03824121100024058,0.031546780999633484,46,2026,,,,,,,,,,
linear_mac_matched,24,44,0.09154977077287763,0.16305506204586856,0.9851576994434137,0.9554317548746518,0.040127336000296054,0.032957279999664024,46,2026,,,,,,,,,,
linear_mac_matched,25,45,0.08993726504205221,0.16034703560740413,0.987012987012987,0.958217270194986,0.042130806000386656,0.03471551199982059,46,2026,,,,,,,,,,
linear_mac_matched,26,46,0.08831866273896245,0.15990746514803142,0.987012987012987,0.958217270194986,0.043675266000263946,0.03596556000002238,46,2026,,,,,,,,,,
linear_mac_matched,27,47,0.08693011575760702,0.15729727492960088,0.9860853432282004,0.9554317548746518,0.04542598700027156,0.03736850700033756,46,2026,,,,,,,,,,
linear_mac_matched,28,48,0.08546090676859747,0.15869093763401418,0.9888682745825603,0.958217270194986,0.047050508000211266,0.038756322000608634,46,2026,,,,,,,,,,
linear_mac_matched,29,49,0.08398608187707748,0.1564713629225867,0.9879406307977736,0.9554317548746518,0.04888739700027145,0.040027522000400495,46,2026,,,,,,,,,,
linear_mac_matched,30,50,0.08267324197502406,0.15579939907328244,0.9888682745825603,0.9554317548746518,0.05072635000033188,0.041553515000487096,46,2026,,,,,,,,,,
linear_mac_matched,31,51,0.08128305507663865,0.15686326400910583,0.9888682745825603,0.9554317548746518,0.05237280400024247,0.04289468000024499,46,2026,,,,,,,,,,
linear_mac_matched,32,52,0.0800607941073339,0.15510967138092055,0.9888682745825603,0.9554317548746518,0.05406254300032742,0.044343166000089695,46,2026,,,,,,,,,,
linear_mac_matched,33,53,0.07873329072905041,0.15260932793442392,0.9897959183673469,0.9610027855153204,0.05598609300022872,0.045995118000064394,46,2026,,,,,,,,,,
linear_mac_matched,34,54,0.07751792485879987,0.15147630785808555,0.9897959183673469,0.9610027855153204,0.0577903339999466,0.047518887000023824,46,2026,,,,,,,,,,
linear_mac_matched,35,55,0.07646678470462347,0.15422341217399005,0.9888682745825603,0.958217270194986,0.059412421000160975,0.0488102770000296,46,2026,,,,,,,,,,
linear_mac_matched,36,56,0.0752729233968975,0.15095229976898494,0.9888682745825603,0.9637883008356546,0.06102715700035333,0.050181697999960306,46,2026,,,,,,,,,,
linear_mac_matched,37,57,0.07411220384636655,0.14885167838818722,0.9897959183673469,0.9610027855153204,0.06276978599998984,0.05155991899982837,46,2026,,,,,,,,,,
linear_mac_matched,38,58,0.07312647906152002,0.15111243185752893,0.9888682745825603,0.9610027855153204,0.06431453699997292,0.05285756900002525,46,2026,,,,,,,,,,
linear_mac_matched,39,59,0.0721055242155445,0.14611892362912468,0.9907235621521335,0.9610027855153204,0.06614103100037028,0.05443570999977965,46,2026,,,,,,,,,,
linear_mac_matched,40,60,0.07088751404284936,0.1501291446944837,0.9897959183673469,0.9610027855153204,0.06781348399999843,0.05579528299949743,46,2026,,,,,,,,,,
linear_mac_matched,41,61,0.06998619413854562,0.14819142920317066,0.9897959183673469,0.9610027855153204,0.06971757500014064,0.057080153999777394,46,2026,,,,,,,,,,
linear_mac_matched,42,62,0.06894212448944956,0.14724080245951124,0.9916512059369202,0.9610027855153204,0.07135363299994424,0.05846832999941398,46,2026,,,,,,,,,,
linear_mac_matched,43,63,0.06807308627139813,0.14811072045025683,0.9907235621521335,0.9610027855153204,0.07305881499996758,0.05993155799978922,46,2026,,,,,,,,,,
linear_mac_matched,44,64,0.06729411028478935,0.14344061650565906,0.9916512059369202,0.9610027855153204,0.07464427700006127,0.06126055499953509,46,2026,,,,,,,,,,
linear_mac_matched,45,65,0.06617518739974106,0.1457673226361114,0.9916512059369202,0.9610027855153204,0.07626874700008557,0.06264743799920325,46,2026,,,,,,,,,,
linear_mac_matched,46,66,0.06549368389639369,0.14656832659897145,0.9897959183673469,0.9610027855153204,0.0782304950002981,0.06436813399932362,46,2026,,,,,,,,,,
linear_mac_matched,47,67,0.06447062611486176,0.14243826677171942,0.9916512059369202,0.9610027855153204,0.07987168099998598,0.06573227399940151,46,2026,,,,,,,,,,
linear_mac_matched,48,68,0.06361656374530043,0.14365061936294343,0.9935064935064936,0.9610027855153204,0.08142773899999156,0.06705112499957977,46,2026,,,,,,,,,,
linear_mac_matched,49,69,0.0627659873959569,0.14193377828140283,0.9925788497217068,0.9610027855153204,0.0830553850000797,0.0684421149994705,46,2026,,,,,,,,,,
linear_mac_matched,50,70,0.06204966449873576,0.14090565531424032,0.9925788497217068,0.9610027855153204,0.08467333600037819,0.06968707599980917,46,2026,,,,,,,,,,
linear_mac_matched,51,71,0.06142727620470874,0.14615930759333676,0.9925788497217068,0.9610027855153204,0.08660899400001654,0.07138134099977833,46,2026,,,,,,,,,,
linear_mac_matched,52,72,0.060399759145989,0.13977945446091858,0.9944341372912802,0.9610027855153204,0.0882332240003052,0.07277009699964765,46,2026,,,,,,,,,,
linear_mac_matched,53,73,0.05977091218113457,0.14234276778144164,0.9935064935064936,0.9610027855153204,0.08982902200023091,0.07410050499993304,46,2026,,,,,,,,,,
linear_mac_matched,54,74,0.05904317098478916,0.13792566209324958,0.9944341372912802,0.9610027855153204,0.0913764470001297,0.0753450439997323,46,2026,,,,,,,,,,
linear_mac_matched,55,75,0.05830808193516417,0.14310639908231826,0.9953617810760668,0.9610027855153204,0.09314584499998091,0.07687469199981933,46,2026,,,,,,,,,,
linear_mac_matched,56,76,0.057500158491987495,0.13904867095084195,0.9944341372912802,0.9610027855153204,0.0950203010002042,0.0785069849998763,46,2026,,,,,,,,,,
linear_mac_matched,57,77,0.057075264047070924,0.14268267022965428,0.9935064935064936,0.9610027855153204,0.09695623000015985,0.08018804099992849,46,2026,,,,,,,,,,
linear_mac_matched,58,78,0.0561145054643911,0.13807775628397256,0.9953617810760668,0.9610027855153204,0.09840967400032241,0.08140777400012666,46,2026,,,,,,,,,,
linear_mac_matched,59,79,0.05558963603090102,0.1399296035390513,0.9944341372912802,0.9610027855153204,0.09999041900027805,0.08275193400004355,46,2026,,,,,,,,,,
linear_mac_matched,60,80,0.054790823498407235,0.13655303622302128,0.9953617810760668,0.9610027855153204,0.10154695800019908,0.08404547800000728,46,2026,,,,,,,,,,
linear_mac_matched,61,81,0.05419527946641093,0.13708441188256307,0.9944341372912802,0.9610027855153204,0.102999801000351,0.08522607199984122,46,2026,,,,,,,,,,
linear_mac_matched,62,82,0.05356048982779235,0.13902194924654043,0.9953617810760668,0.9610027855153204,0.10436206800022774,0.08636379199970179,46,2026,,,,,,,,,,
linear_mac_matched,63,83,0.0529384886736902,0.1366769747701248,0.9953617810760668,0.9610027855153204,0.10595795500012173,0.08773051499974827,46,2026,,,,,,,,,,
linear_mac_matched,64,84,0.05238177615990319,0.13649962118923242,0.9953617810760668,0.9610027855153204,0.10742249600025389,0.08887715799983198,46,2026,,,,,,,,,,
linear_mac_matched,65,85,0.051808407114849415,0.13808163358503603,0.9953617810760668,0.9610027855153204,0.10916650600029243,0.09028356099997836,46,2026,,,,,,,,,,
linear_mac_matched,66,86,0.05123831926063504,0.13706811283292056,0.9953617810760668,0.9610027855153204,0.11083873899997343,0.0916540600001099,46,2026,,,,,,,,,,
linear_mac_matched,67,87,0.05097011906013043,0.13341687460056006,0.9953617810760668,0.9610027855153204,0.11285252400011814,0.09336249699981636,46,2026,,,,,,,,,,
linear_mac_matched,68,88,0.05016198741856235,0.13677033078072556,0.9953617810760668,0.9610027855153204,0.11451736600020013,0.09456049699974756,46,2026,,,,,,,,,,
linear_mac_matched,69,89,0.04954072352818188,0.13561509382250175,0.9953617810760668,0.9610027855153204,0.11618392000036692,0.0959889830000975,46,2026,,,,,,,,,,
linear_mac_matched,70,90,0.04897805293427947,0.13591497017280277,0.9953617810760668,0.9610027855153204,0.11786326300034489,0.09739047900029618,46,2026,,,,,,,,,,
linear_mac_matched,71,91,0.048506195147150835,0.13347963123085319,0.9953617810760668,0.9610027855153204,0.1195193910002672,0.09879416800004037,46,2026,,,,,,,,,,
linear_mac_matched,72,92,0.04795686249262778,0.13490034865061212,0.9953617810760668,0.9610027855153204,0.12127508900039174,0.1002229850000731,46,2026,,,,,,,,,,
linear_mac_matched,73,93,0.04740082915842711,0.13412876912974195,0.9953617810760668,0.9610027855153204,0.12303783800007295,0.10174407000022256,46,2026,,,,,,,,,,
linear_mac_matched,74,94,0.046978886974387526,0.13344162757457934,0.9953617810760668,0.9610027855153204,0.12476138700003503,0.10300038800005495,46,2026,,,,,,,,,,
linear_mac_matched,75,95,0.046452189556684904,0.13359127326966605,0.9953617810760668,0.9610027855153204,0.12667461199998797,0.10448221499973442,46,2026,,,,,,,,,,
linear_mac_matched,76,96,0.04593698341117919,0.1335388942764026,0.9953617810760668,0.9610027855153204,0.1282123020000654,0.10578063499951895,46,2026,,,,,,,,,,
linear_mac_matched,77,97,0.04555000704799525,0.13452645119046178,0.9953617810760668,0.9610027855153204,0.1298345000000154,0.10714528499966036,46,2026,,,,,,,,,,
linear_mac_matched,78,98,0.04509493409115829,0.13115369004016866,0.9972170686456401,0.9610027855153204,0.1315454700002192,0.10853303999965647,46,2026,,,,,,,,,,
linear_mac_matched,79,99,0.04462772487099317,0.13305199028508555,0.9972170686456401,0.9610027855153204,0.1333891100002802,0.11013656899967827,46,2026,,,,,,,,,,
linear_mac_matched,80,100,0.044191685943582845,0.13567092180961962,0.9953617810760668,0.9610027855153204,0.13501693600028375,0.11152543499974854,46,2026,,,,,,,,,,
linear_mac_matched,81,101,0.043766216316406724,0.13003742198806403,0.9981447124304267,0.9610027855153204,0.1370555290000084,0.11318218399992475,46,2026,,,,,,,,,,
linear_mac_matched,82,102,0.04327996025046837,0.1326359212782311,0.9972170686456401,0.9610027855153204,0.13860756100029903,0.11449837099962679,46,2026,,,,,,,,,,
linear_mac_matched,83,103,0.042949027881923334,0.1332389310594738,0.9972170686456401,0.9610027855153204,0.14002632300025653,0.11568571499947211,46,2026,,,,,,,,,,
linear_mac_matched,84,104,0.04260067008181166,0.12995551010988501,0.9981447124304267,0.9610027855153204,0.14203600200016808,0.11745502299936561,46,2026,,,,,,,,,,
linear_mac_matched,85,105,0.04205318673831433,0.1314237598942838,0.9981447124304267,0.9637883008356546,0.14351108900018517,0.11862305799968453,46,2026,,,,,,,,,,
linear_mac_matched,86,106,0.04177325339328232,0.13171971866179957,0.9972170686456401,0.9610027855153204,0.14505915500012634,0.1199342479999359,46,2026,,,,,,,,,,
linear_mac_matched,87,107,0.041156370165303664,0.13049533481157108,0.9981447124304267,0.9610027855153204,0.14648199200019008,0.12113140700012082,46,2026,,,,,,,,,,
linear_mac_matched,88,108,0.04087883973852354,0.13219487896301899,0.9981447124304267,0.9637883008356546,0.1481893879999916,0.12260593300015898,46,2026,,,,,,,,,,
linear_mac_matched,89,109,0.040551629628398915,0.1309951774285418,0.9972170686456401,0.9610027855153204,0.1499934880002911,0.12417369800050437,46,2026,,,,,,,,,,
linear_mac_matched,90,110,0.04001731740181266,0.13072785040911983,0.9981447124304267,0.9610027855153204,0.15144705200009412,0.12532788200041978,46,2026,,,,,,,,,,
linear_mac_matched,91,111,0.03962551105680147,0.13015272710171796,0.9981447124304267,0.9637883008356546,0.1533907320003891,0.12702403000048434,46,2026,,,,,,,,,,
linear_mac_matched,92,112,0.03930858289166257,0.12861983563456098,0.9981447124304267,0.9637883008356546,0.15499291000014637,0.12838874000044598,46,2026,,,,,,,,,,
linear_mac_matched,93,113,0.03889615177205608,0.128258100794423,0.9981447124304267,0.9637883008356546,0.15670840700022381,0.1298447270005454,46,2026,,,,,,,,,,
linear_mac_matched,94,114,0.03852887011112604,0.12799669633273567,0.9981447124304267,0.9637883008356546,0.15823211700035245,0.13113636800062523,46,2026,,,,,,,,,,
linear_mac_matched,95,115,0.038152628208830724,0.12896750348009342,0.9981447124304267,0.9637883008356546,0.1598453110000264,0.13248152900041532,46,2026,,,,,,,,,,
linear_mac_matched,96,116,0.037828827496575665,0.1306841730278195,0.9981447124304267,0.9637883008356546,0.16166720800038092,0.13396954400013783,46,2026,,,,,,,,,,
linear_mac_matched,97,117,0.03760578585973261,0.12623900675132954,0.9981447124304267,0.9637883008356546,0.16333716700000878,0.13533689800033244,46,2026,,,,,,,,,,
linear_mac_matched,98,118,0.03720242126630383,0.1315560054677539,0.9981447124304267,0.9637883008356546,0.16487756200012882,0.13659639100023924,46,2026,,,,,,,,,,
linear_mac_matched,99,119,0.03682962524169669,0.12878314777265887,0.9981447124304267,0.9637883008356546,0.16691938900021341,0.13779022500011706,46,2026,,,,,,,,,,
linear_mac_matched,100,120,0.0364879799904387,0.12990825048626856,0.9981447124304267,0.9637883008356546,0.16876954899998964,0.13933980299998439,46,2026,,,,,,,,,,
linear_mac_matched,101,121,0.03618906186279073,0.12687670085229602,0.9981447124304267,0.9637883008356546,0.17100762200016106,0.14128096000013102,46,2026,,,,,,,,,,
linear_mac_matched,102,122,0.035852780775556675,0.12912154860022043,0.9981447124304267,0.9637883008356546,0.17277762100002292,0.14269169000044712,46,2026,,,,,,,,,,
linear_mac_matched,103,123,0.03548473456174122,0.12739969729786016,0.9981447124304267,0.9637883008356546,0.17423888700022871,0.1439156690003074,46,2026,,,,,,,,,,
linear_mac_matched,104,124,0.03526703519740691,0.13022235887179803,0.9981447124304267,0.9637883008356546,0.17576994700038995,0.14517490100024588,46,2026,,,,,,,,,,
linear_mac_matched,105,125,0.03487029672279998,0.12872222234611555,0.9981447124304267,0.9637883008356546,0.17796891100033463,0.1469587610004055,46,2026,,,,,,,,,,
linear_mac_matched,106,126,0.03458838850585796,0.12628897917105528,0.9981447124304267,0.9637883008356546,0.17960968600027627,0.14836033700066764,46,2026,,,,,,,,,,
linear_mac_matched,107,127,0.03446850102875259,0.1302695534276643,0.9981447124304267,0.9637883008356546,0.18130705700014005,0.14981731600073545,46,2026,,,,,,,,,,
linear_mac_matched,108,128,0.034173384416976,0.1263527828118369,0.9981447124304267,0.9637883008356546,0.18388192600014008,0.1520959500007848,46,2026,,,,,,,,,,
linear_mac_matched,109,129,0.033684500876749866,0.12786389292363287,0.9981447124304267,0.9637883008356546,0.18539307600030952,0.15336786100078825,46,2026,,,,,,,,,,
linear_mac_matched,110,130,0.033408543747559,0.1293236836127763,0.9981447124304267,0.9637883008356546,0.18701802700024928,0.15475464500104863,46,2026,,,,,,,,,,
linear_mac_matched,111,131,0.03310313044200937,0.12841700759152422,0.9981447124304267,0.9637883008356546,0.18882934900011605,0.15617706200100656,46,2026,,,,,,,,,,
linear_mac_matched,112,132,0.03286400165662987,0.1273467745375695,0.9981447124304267,0.9637883008356546,0.19257689899995967,0.15954183800067767,46,2026,,,,,,,,,,
linear_mac_matched,113,133,0.03257014103837501,0.126382272381324,0.9981447124304267,0.9637883008356546,0.19426379400010774,0.16098471600071207,46,2026,,,,,,,,,,
linear_mac_matched,114,134,0.03231760022382959,0.1261147395893794,0.9981447124304267,0.9637883008356546,0.19577353200020298,0.1622084550008367,46,2026,,,,,,,,,,
linear_mac_matched,115,135,0.03203004770410152,0.12585542715099815,0.9981447124304267,0.9637883008356546,0.19755105300009745,0.1637174420006886,46,2026,,,,,,,,,,
linear_mac_matched,116,136,0.03177355662541676,0.12655131719953402,0.9981447124304267,0.9637883008356546,0.19913932899999054,0.1650683920006486,46,2026,,,,,,,,,,
linear_mac_matched,117,137,0.03161037505621278,0.1271046441267922,0.9990723562152134,0.9637883008356546,0.20126858900039224,0.16681937400062452,46,2026,,,,,,,,,,
linear_mac_matched,118,138,0.031312579799953694,0.12717428926860563,0.9990723562152134,0.9637883008356546,0.2029753330002677,0.1682847660003972,46,2026,,,,,,,,,,
linear_mac_matched,119,139,0.03127216281644824,0.12803156820748482,0.9981447124304267,0.9610027855153204,0.20476621400030126,0.1697036580007989,46,2026,,,,,,,,,,
linear_mac_matched,120,140,0.03073680036124722,0.12484997557855142,0.9981447124304267,0.9637883008356546,0.20631504100038,0.1709093590006887,46,2026,,,,,,,,,,
linear_mac_matched,121,141,0.030487625114386668,0.12589002116051906,0.9990723562152134,0.9637883008356546,0.20806565100019725,0.17235254700062796,46,2026,,,,,,,,,,
linear_mac_matched,122,142,0.030222802968599638,0.12641633568508978,0.9990723562152134,0.9637883008356546,0.2097424100002172,0.17376517000093372,46,2026,,,,,,,,,,
linear_mac_matched,123,143,0.029995294529529905,0.12620953425690076,0.9981447124304267,0.9637883008356546,0.21141910999995162,0.17512740700067297,46,2026,,,,,,,,,,
linear_mac_matched,124,144,0.029766246345995843,0.1259861645376525,0.9990723562152134,0.9637883008356546,0.2130321829999957,0.17649904800100558,46,2026,,,,,,,,,,
linear_mac_matched,125,145,0.029500661990817707,0.1255603463445423,0.9981447124304267,0.9637883008356546,0.2147488720002002,0.17792683300103818,46,2026,,,,,,,,,,
linear_mac_matched,126,146,0.02926986943478091,0.12620296541030937,0.9990723562152134,0.9637883008356546,0.21644208600037018,0.17919110200091382,46,2026,,,,,,,,,,
linear_mac_matched,127,147,0.02900790635930993,0.12640833878828556,0.9990723562152134,0.9637883008356546,0.21805319700024484,0.18056401500098218,46,2026,,,,,,,,,,
linear_mac_matched,128,148,0.02881158648323059,0.1255708351798606,0.9990723562152134,0.9637883008356546,0.21983054800011814,0.18206672300084392,46,2026,,,,,,,,,,
linear_mac_matched,129,149,0.02859991432785222,0.12868028815345978,0.9990723562152134,0.9637883008356546,0.2224712110000837,0.1842087660006655,46,2026,,,,,,,,,,
linear_mac_matched,130,150,0.028355298043320046,0.12320777124471696,0.9990723562152134,0.9637883008356546,0.22414719900007185,0.18563281500064477,46,2026,,,,,,,,,,
linear_mac_matched,131,151,0.028164062771261888,0.12599773598897485,0.9990723562152134,0.9637883008356546,0.22616987800029165,0.1873015920009493,46,2026,,,,,,,,,,
linear_mac_matched,132,152,0.027907452787618907,0.12658455651720799,0.9990723562152134,0.9637883008356546,0.22813815500012424,0.18901314400090996,46,2026,,,,,,,,,,
linear_mac_matched,133,153,0.027670200044859178,0.12423614182693242,0.9990723562152134,0.9610027855153204,0.23038101500014818,0.19087862700098412,46,2026,,,,,,,,,,
linear_mac_matched,134,154,0.027498203441128688,0.12522975266921635,0.9990723562152134,0.9637883008356546,0.232526278000023,0.19260849600095753,46,2026,,,,,,,,,,
linear_mac_matched,135,155,0.027256558929895553,0.12378626369067915,0.9990723562152134,0.9637883008356546,0.23450120500001503,0.19421496000086336,46,2026,,,,,,,,,,
linear_mac_matched,136,156,0.027011634774828645,0.12555704630713055,0.9990723562152134,0.9637883008356546,0.23618344300030003,0.19565741700080252,46,2026,,,,,,,,,,
linear_mac_matched,137,157,0.0268240950724243,0.12499319438721951,0.9990723562152134,0.9637883008356546,0.23815886100010175,0.197390661001009,46,2026,,,,,,,,,,
linear_mac_matched,138,158,0.026664049550534863,0.12428165721876253,0.9990723562152134,0.9637883008356546,0.23987832400007392,0.19876965300090887,46,2026,,,,,,,,,,
linear_mac_matched,139,159,0.026559663655276396,0.12665863209598274,0.9990723562152134,0.9637883008356546,0.24138670100001036,0.20004423800082805,46,2026,,,,,,,,,,
linear_mac_matched,140,160,0.02638594954996704,0.123825852312492,0.9990723562152134,0.9637883008356546,0.24319824300027904,0.20154718600088017,46,2026,,,,,,,,,,
linear_mac_matched,141,161,0.026042832006786216,0.12585463274837183,0.9990723562152134,0.9637883008356546,0.24516955500030235,0.20322655900099562,46,2026,,,,,,,,,,
linear_mac_matched,142,162,0.025841385326006893,0.1258785472914396,0.9990723562152134,0.9637883008356546,0.24671909300013795,0.20450744400113763,46,2026,,,,,,,,,,
linear_mac_matched,143,163,0.025649352673082576,0.12507433073046767,0.9990723562152134,0.9637883008356546,0.2485592070001985,0.20602897000117082,46,2026,,,,,,,,,,
linear_mac_matched,144,164,0.025445588857447715,0.1229736624377918,0.9990723562152134,0.9637883008356546,0.2500842890003696,0.2073176560011234,46,2026,,,,,,,,,,
linear_mac_matched,145,165,0.025247253148077048,0.1252997496547629,0.9990723562152134,0.9637883008356546,0.2515563199999633,0.20855830000118658,46,2026,,,,,,,,,,
linear_mac_matched,146,166,0.025038463021667044,0.12421630703109098,0.9990723562152134,0.9610027855153204,0.2532651680003255,0.21003154400114,46,2026,,,,,,,,,,
linear_mac_matched,147,167,0.024908498070042084,0.12529282927841118,0.9990723562152134,0.9637883008356546,0.2552097500001764,0.21163401100147894,46,2026,,,,,,,,,,
linear_mac_matched,148,168,0.024738758997221267,0.12623215064532592,0.9990723562152134,0.9610027855153204,0.2568982360003247,0.21307498600162944,46,2026,,,,,,,,,,
linear_mac_matched,149,169,0.024489870611932908,0.12421911519260243,0.9990723562152134,0.9637883008356546,0.25863631800029907,0.21455546100150968,46,2026,,,,,,,,,,
linear_mac_matched,150,170,0.024404272951878962,0.12297543524028935,0.9990723562152134,0.9610027855153204,0.2607470600000852,0.21638936700173872,46,2026,,,,,,,,,,
linear_mac_matched,151,171,0.024188703190783846,0.12558732684708648,0.9990723562152134,0.9637883008356546,0.26243965300000127,0.2177118440013146,46,2026,,,,,,,,,,
linear_mac_matched,152,172,0.02397157683997068,0.1255786174136347,0.9990723562152134,0.9637883008356546,0.2648780859999533,0.21965239900146116,46,2026,,,,,,,,,,
linear_mac_matched,153,173,0.023772181840476345,0.12441749245641075,0.9990723562152134,0.9637883008356546,0.26668984800016915,0.22104672400109848,46,2026,,,,,,,,,,
linear_mac_matched,154,174,0.02364721403476493,0.12490321522040534,0.9990723562152134,0.9637883008356546,0.27141166299998076,0.22546906900106478,46,2026,,,,,,,,,,
linear_mac_matched,155,175,0.023479420731025383,0.12425606316983867,0.9990723562152134,0.9637883008356546,0.2732341109999652,0.22691554200082464,46,2026,,,,,,,,,,
linear_mac_matched,156,176,0.0233800334944774,0.12556143976383682,0.9990723562152134,0.9637883008356546,0.2751825580003242,0.22860535000063464,46,2026,,,,,,,,,,
linear_mac_matched,157,177,0.023212633472960553,0.12382570281100631,0.9990723562152134,0.9610027855153204,0.2769395980003537,0.2299936160006837,46,2026,,,,,,,,,,
linear_mac_matched,158,178,0.0229674388787018,0.12609775591034061,0.9990723562152134,0.9637883008356546,0.2788092979999419,0.2315805400003228,46,2026,,,,,,,,,,
linear_mac_matched,159,179,0.022752765729955188,0.12443174154051391,0.9990723562152134,0.9610027855153204,0.2808042850001584,0.23309916200014413,46,2026,,,,,,,,,,
linear_mac_matched,160,180,0.022637080363939834,0.12609842754208161,0.9990723562152134,0.9610027855153204,0.2826049610002883,0.23461524000049394,46,2026,,,,,,,,,,
linear_mac_matched,161,181,0.0224281314746694,0.12259461207407318,0.9990723562152134,0.9637883008356546,0.2850538500001676,0.23663871000053405,46,2026,,,,,,,,,,
linear_mac_matched,162,182,0.02232564047658992,0.12357630452635728,0.9990723562152134,0.9637883008356546,0.28689680900015446,0.23819619000050807,46,2026,,,,,,,,,,
linear_mac_matched,163,183,0.022125354452908128,0.12494127574585351,0.9990723562152134,0.9637883008356546,0.2884834530000262,0.23954299400065793,46,2026,,,,,,,,,,
linear_mac_matched,164,184,0.021945282167173796,0.12496046029509299,0.9990723562152134,0.9637883008356546,0.2900810830001319,0.24087874100041518,46,2026,,,,,,,,,,
linear_mac_matched,165,185,0.021801488461905487,0.12326247865418485,0.9990723562152134,0.9637883008356546,0.2917595050003001,0.24227491900046516,46,2026,,,,,,,,,,
linear_mac_matched,166,186,0.021662605292748258,0.12573418458051014,0.9990723562152134,0.9637883008356546,0.29428314699998737,0.24454467000077784,46,2026,,,,,,,,,,
linear_mac_matched,167,187,0.021489664533766866,0.12333879570966723,0.9990723562152134,0.9637883008356546,0.29590380200033906,0.2458174120010881,46,2026,,,,,,,,,,
linear_mac_matched,168,188,0.0213924066818616,0.1263215595085598,0.9990723562152134,0.9637883008356546,0.29735019500003546,0.2470282910012429,46,2026,,,,,,,,,,
linear_mac_matched,169,189,0.02122836443026858,0.12295658132085499,0.9990723562152134,0.958217270194986,0.29910497200035024,0.24846710300107588,46,2026,,,,,,,,,,
linear_mac_matched,170,190,0.021101125597702036,0.12327441016827462,0.9990723562152134,0.9637883008356546,0.30100315400022737,0.2501223200010827,46,2026,,,,,,,,,,
linear_mac_matched,171,191,0.020908431889762585,0.1253083029028704,0.9990723562152134,0.9637883008356546,0.3025063019999834,0.25139004500078954,46,2026,,,,,,,,,,
linear_mac_matched,172,192,0.0208157661462086,0.1255310028191023,0.9990723562152134,0.9610027855153204,0.30443234600033975,0.25307612800088464,46,2026,,,,,,,,,,
linear_mac_matched,173,193,0.02060096316983701,0.12380791959490535,0.9990723562152134,0.9637883008356546,0.30597450300001583,0.25438254000073357,46,2026,,,,,,,,,,
linear_mac_matched,174,194,0.020489530733396353,0.12568200099377114,0.9990723562152134,0.9610027855153204,0.30746532300008766,0.2556253070006278,46,2026,,,,,,,,,,
linear_mac_matched,175,195,0.02031106344418304,0.12456982396536927,0.9990723562152134,0.9637883008356546,0.3092394489999606,0.25715819000060947,46,2026,,,,,,,,,,
linear_mac_matched,176,196,0.020174158872779437,0.12281425498643826,0.9990723562152134,0.9637883008356546,0.31118492200039327,0.2587851340008456,46,2026,,,,,,,,,,
linear_mac_matched,177,197,0.0200254847865059,0.12458500048387221,0.9990723562152134,0.958217270194986,0.3127800480001497,0.260107902000982,46,2026,,,,,,,,,,
linear_mac_matched,178,198,0.019895214377760057,0.1250312254948302,0.9990723562152134,0.958217270194986,0.3148246700002346,0.2618752470007166,46,2026,,,,,,,,,,
linear_mac_matched,179,199,0.01975970489369515,0.12359409566997559,0.9990723562152134,0.958217270194986,0.3166118550002466,0.26342077900062577,46,2026,,,,,,,,,,
linear_mac_matched,180,200,0.01962438085324946,0.12335144996920239,0.9990723562152134,0.9610027855153204,0.31842740299998695,0.2649002720008866,46,2026,,,,,,,,,,
linear_mac_matched,181,201,0.01948343134076649,0.12549246535103864,0.9990723562152134,0.9637883008356546,0.3201594060001298,0.26634310000099504,46,2026,,,,,,,,,,
linear_mac_matched,182,202,0.01935237842876406,0.12341182813054132,0.9990723562152134,0.9610027855153204,0.32160813300015434,0.26749635300120644,46,2026,,,,,,,,,,
linear_mac_matched,183,203,0.019270041425826744,0.12602110573780226,0.9990723562152134,0.9610027855153204,0.3233803960001751,0.2688830060010332,46,2026,,,,,,,,,,
linear_mac_matched,184,204,0.0191095237712146,0.1252234050118111,0.9990723562152134,0.9637883008356546,0.3248407200003385,0.270074356000805,46,2026,,,,,,,,,,
linear_mac_matched,185,205,0.019063545417099252,0.12068655600423782,0.9990723562152134,0.9610027855153204,0.326395185000365,0.27132967200077474,46,2026,,,,,,,,,,
linear_mac_matched,186,206,0.018866703090003212,0.12636285077000176,0.9990723562152134,0.9610027855153204,0.3279667960000552,0.2726664300007542,46,2026,,,,,,,,,,
linear_mac_matched,187,207,0.018699736916686693,0.1252714306634929,0.9990723562152134,0.958217270194986,0.3297516679999717,0.27409272300064913,46,2026,,,,,,,,,,
linear_mac_matched,188,208,0.01856970896415379,0.12460160712491984,0.9990723562152134,0.9610027855153204,0.33141060100024333,0.27550210100071126,46,2026,,,,,,,,,,
linear_mac_matched,189,209,0.01846229023041046,0.12469800359486442,0.9990723562152134,0.958217270194986,0.3329327380001814,0.2767886840006213,46,2026,,,,,,,,,,
linear_mac_matched,190,210,0.0183401147437691,0.12380135947654387,0.9990723562152134,0.958217270194986,0.3345646390002912,0.2781781120006599,46,2026,,,,,,,,,,
linear_mac_matched,191,211,0.018281833914246898,0.12282264514668226,1.0,0.9637883008356546,0.3360683890000473,0.2794450660003349,46,2026,,,,,,,,,,
linear_mac_matched,192,212,0.018072028136779713,0.12529262623065793,1.0,0.9610027855153204,0.3374998389999746,0.280591448999985,46,2026,,,,,,,,,,
moe_no_balance,0,20,0.1738281428544386,0.22862353896513551,0.9703153988868275,0.9442896935933147,0.0011665729998640018,0.0,46,2026,1.0352748927997961,0.1738281428544386,0.9952315750202853,0.9980704797104464,2.020374590954707e-18,0.0,0.09322820037105752,0.39007421150278293,0.17115027829313545,0.3455473098330241
moe_no_balance,1,21,0.15779545584575375,0.21787458617490835,0.9730983302411874,0.9442896935933147,0.01228629999968689,0.006195567999839113,46,2026,1.0145496886387495,0.15779545584575375,0.9961160158988073,0.9972497373277236,,,0.21846011131725418,0.3038033395176252,0.36178107606679033,0.11595547309833024
moe_no_balance,2,22,0.149724445675084,0.2065347601854791,0.9730983302411874,0.9442896935933147,0.020509505999598332,0.012116073000015604,46,2026,1.0524320846593156,0.149724445675084,0.9917529014878879,0.9924813538201174,,,0.23747680890538034,0.23469387755102042,0.45037105751391465,0.0774582560296846
moe_no_balance,3,23,0.14181694798326352,0.20129956448901307,0.9730983302411874,0.9526462395543176,0.028036694999627798,0.017805421000048227,46,2026,1.0715272036733998,0.14181694798326352,0.9873511518082928,0.986707402189817,,,0.32189239332096475,0.16001855287569575,0.4489795918367347,0.06910946196660482
moe_no_balance,4,24,0.1307883321555307,0.1881266089477245,0.9786641929499073,0.9498607242339833,0.03624609899998177,0.023804143000234035,46,2026,1.070004405742184,0.1307883321555307,0.9838171272411966,0.9827069608863028,,,0.2435064935064935,0.1859925788497217,0.4587198515769944,0.11178107606679036
moe_no_balance,5,25,0.12182758345067242,0.1895532030836707,0.9833024118738405,0.947075208913649,0.0451457709996248,0.03032798600042952,46,2026,1.0542214902516784,0.12182758345067242,0.9819872953839127,0.9804558809121701,,,0.2987012987012987,0.19341372912801486,0.4141929499072356,0.09369202226345083
moe_no_balance,6,26,0.11551116728028006,0.1842012557228865,0.9833024118738405,0.9498607242339833,0.0534401329996399,0.036539138000534876,46,2026,1.074934894796549,0.11551116728028006,0.9769799285286849,0.9763392544515919,,,0.2764378478664193,0.20269016697588127,0.439239332096475,0.08163265306122448
moe_no_balance,7,27,0.11135088426665495,0.18456759026956066,0.9805194805194806,0.9498607242339833,0.06191923299957125,0.04307567000023482,46,2026,1.039763108014142,0.11135088426665495,0.9791966791238927,0.9818969799976378,,,0.24304267161410018,0.29081632653061223,0.3877551020408163,0.07838589981447125
moe_no_balance,8,28,0.10265593583413081,0.17071671259381968,0.9823747680890538,0.9610027855153204,0.06999479699970834,0.04923326200014344,46,2026,1.0510316857821507,0.10265593583413081,0.9754736183456139,0.9775813674643145,,,0.24025974025974026,0.21985157699443414,0.42393320964749537,0.11595547309833024
moe_no_balance,9,29,0.10074345686902604,0.17739846032862727,0.9805194805194806,0.9526462395543176,0.07823765099965385,0.055409131000033085,46,2026,1.028824441035272,0.10074345686902604,0.9731062750783648,0.9766537020671996,,,0.2653061224489796,0.26391465677179965,0.3580705009276438,0.11270871985157699
moe_no_balance,10,30,0.0913540766119524,0.1647629825811575,0.9851576994434137,0.9554317548746518,0.08609735099980753,0.06145817000015086,46,2026,1.0260177948885394,0.0913540766119524,0.9703152506733277,0.9745066490599423,,,0.2504638218923933,0.22634508348794063,0.3784786641929499,0.14471243042671614
moe_no_balance,11,31,0.08777209635751704,0.16024034269858517,0.9842300556586271,0.9554317548746518,0.09421929399968576,0.06736539500025174,46,2026,1.0472848052101502,0.08777209635751704,0.9630114909418894,0.9683507671570144,,,0.2940630797773655,0.24907235621521337,0.3654916512059369,0.09137291280148423
moe_no_balance,12,32,0.08888797707896785,0.16646434841104357,0.9860853432282004,0.9498607242339833,0.10185428499971749,0.07297594400006346,46,2026,1.053162868128286,0.08888797707896785,0.9585088823390414,0.9684421825361237,,,0.2810760667903525,0.3404452690166976,0.30241187384044527,0.07606679035250463
moe_no_balance,13,33,0.08045710738507086,0.15659600623105907,0.9897959183673469,0.9554317548746518,0.10908841399987068,0.0782957369997348,46,2026,1.0436943607455766,0.08045710738507086,0.9540199871077383,0.961939134043229,,,0.2982374768089054,0.28061224489795916,0.32142857142857145,0.09972170686456401
moe_no_balance,14,34,0.07865915502295465,0.15653737291496378,0.9907235621521335,0.9554317548746518,0.11642907299983563,0.08382819899952665,46,2026,1.0438714403668132,0.07865915502295465,0.9483591116539443,0.9551583634326983,,,0.3116883116883117,0.3186456400742115,0.23979591836734693,0.12987012987012986
moe_no_balance,15,35,0.07292708242074712,0.15050675113370512,0.9944341372912802,0.958217270194986,0.12421773599999142,0.08974935499963976,46,2026,1.0432747309825552,0.07292708242074712,0.9426988771762078,0.9497961201447432,,,0.32189239332096475,0.26855287569573283,0.27690166975881264,0.1326530612244898
moe_no_balance,16,36,0.06846304101401768,0.14346488353859965,0.9953617810760668,0.9610027855153204,0.13167961699991793,0.09534504299972468,46,2026,1.0412640522452357,0.06846304101401768,0.9388881539001808,0.9477550530507801,,,0.31539888682745826,0.2634508348794063,0.288961038961039,0.13218923933209648
moe_no_balance,17,37,0.06782715988889677,0.13735049870012264,0.9962894248608535,0.9637883008356546,0.13980203099981736,0.10155824799949187,46,2026,1.0257795048060814,0.06782715988889677,0.9361324465377474,0.9425875053360927,,,0.29962894248608535,0.28710575139146566,0.2082560296846011,0.20500927643784786
moe_no_balance,18,38,0.06326738222998429,0.1366501962789158,0.9972170686456401,0.9610027855153204,0.14794831099970907,0.10767009099936331,46,2026,1.052568787693532,0.06326738222998429,0.9269330561136353,0.9418227710868579,,,0.29916512059369205,0.3051948051948052,0.2880333951762523,0.10760667903525047
moe_no_balance,19,39,0.060025886869680786,0.12966891166791855,0.9972170686456401,0.9610027855153204,0.15708772299967677,0.11462345799964169,46,2026,1.0264239721927448,0.060025886869680786,0.9261596018921476,0.9369362596941023,,,0.29591836734693877,0.27411873840445267,0.26391465677179965,0.1660482374768089
moe_no_balance,20,40,0.057066485398607335,0.13003539998499236,0.9972170686456401,0.9610027855153204,0.16609589799963942,0.12151641499940524,46,2026,1.0369272046642557,0.057066485398607335,0.919390204024728,0.9311776600579704,0.007852082317866613,0.0,0.3010204081632653,0.29916512059369205,0.23794063079777367,0.161873840445269
moe_no_balance,21,41,0.05445762831988036,0.12240626013265063,0.9972170686456401,0.9637883008356546,0.17773274199998923,0.12758523299953595,46,2026,1.0197809454058446,0.05445762831988036,0.9190522507070457,0.9322947205134982,,,0.2829313543599258,0.2829313543599258,0.25185528756957326,0.18228200371057515
moe_no_balance,22,42,0.052478224374441426,0.12610773402233486,0.9972170686456401,0.9610027855153204,0.18558785399955013,0.13323949899950094,46,2026,1.0222147142812932,0.052478224374441426,0.9137890332328201,0.9305539276671082,,,0.27690166975881264,0.28432282003710574,0.27411873840445267,0.16465677179962895
moe_no_balance,23,43,0.05004662636143815,0.12111714326363049,0.9981447124304267,0.9610027855153204,0.19326105299978735,0.13895973399939976,46,2026,1.0331035607438301,0.05004662636143815,0.9054533344970012,0.9210196734896176,,,0.29591836734693877,0.2894248608534323,0.24953617810760667,0.16512059369202226
moe_no_balance,24,44,0.048440199848300315,0.12170422208072858,0.9972170686456401,0.9610027855153204,0.20227488599994103,0.14534384599937766,46,2026,1.0288639618552697,0.048440199848300315,0.9043408264903786,0.9244870891579495,,,0.27782931354359924,0.29359925788497215,0.27736549165120594,0.15120593692022263
moe_no_balance,25,45,0.04661824361971157,0.11656274970746058,0.9981447124304267,0.9637883008356546,0.21166342199967403,0.15242828999953417,46,2026,1.025362165524747,0.04661824361971157,0.8984938097271329,0.91614288988807,,,0.287569573283859,0.2852504638218924,0.24582560296846012,0.1813543599257885
moe_no_balance,26,46,0.04434740471319558,0.11487750110597279,0.9981447124304267,0.9637883008356546,0.21989207499973418,0.15841649699950722,46,2026,1.0266357729104922,0.04434740471319558,0.8942854190096851,0.9142675597248237,,,0.2847866419294991,0.28617810760667906,0.2564935064935065,0.1725417439703154
moe_no_balance,27,47,0.04205398140169513,0.11195512647377012,0.9981447124304267,0.9637883008356546,0.2274504019997039,0.1640440319993104,46,2026,1.0315119835163329,0.04205398140169513,0.8898912230316358,0.9118844597204838,,,0.2829313543599258,0.29916512059369205,0.2532467532467532,0.16465677179962895
moe_no_balance,28,48,0.04161288348830808,0.11127300453986864,0.9972170686456401,0.9637883008356546,0.2355149789996176,0.16974917399966216,46,2026,1.027114656594158,0.04161288348830808,0.8874923915037018,0.9105646288860533,,,0.28061224489795916,0.288961038961039,0.26484230055658625,0.16558441558441558
moe_no_balance,29,49,0.039229075182657384,0.10906715880719418,0.9981447124304267,0.9637883008356546,0.24420536599973275,0.17646635599976435,46,2026,1.0260066450074057,0.039229075182657384,0.8833235252756302,0.9055494254221542,,,0.27968460111317256,0.2982374768089054,0.23933209647495363,0.18274582560296845
moe_no_balance,30,50,0.038009069274865595,0.10924402620206541,0.9981447124304267,0.9637883008356546,0.25221289699993577,0.18252271499977724,46,2026,1.03843952767639,0.038009069274865595,0.8768693456244117,0.8996469228386691,,,0.29035250463821893,0.3098330241187384,0.2166048237476809,0.18320964749536178
moe_no_balance,31,51,0.03678251867763298,0.10796042463844041,0.9981447124304267,0.9637883008356546,0.2642397679996975,0.19144670299965583,46,2026,1.0346561894886426,0.03678251867763298,0.8750939875575954,0.9018498763468001,,,0.2894248608534323,0.287569573283859,0.2680890538033395,0.1549165120593692
moe_no_balance,32,52,0.03524598126754476,0.10502189014180917,0.9981447124304267,0.9637883008356546,0.27221065399999134,0.19733189499947912,46,2026,1.0205546554833838,0.03524598126754476,0.875495009708615,0.9016856655777914,,,0.27736549165120594,0.2815398886827458,0.2588126159554731,0.18228200371057515
moe_no_balance,33,53,0.03492793697797826,0.10774607511729854,0.9981447124304267,0.9610027855153204,0.27975769299973763,0.20288234399959038,46,2026,1.0358673652878558,0.03492793697797826,0.868728512538499,0.8946481720895534,,,0.2820037105751391,0.31307977736549164,0.21753246753246752,0.18738404452690166
moe_no_balance,34,54,0.0339509231224129,0.10202361947691552,0.9981447124304267,0.9693593314763231,0.28722946899961244,0.20829441599971688,46,2026,1.0244616317774204,0.0339509231224129,0.8677542721604278,0.8935263526201496,,,0.2852504638218924,0.2847866419294991,0.23376623376623376,0.19619666048237477
moe_no_balance,35,55,0.03214679828795151,0.1037080940775043,0.9981447124304267,0.9637883008356546,0.29501625899956707,0.21397307799952614,46,2026,1.0281235583569035,0.03214679828795151,0.8643332651539013,0.8925280797270666,,,0.2787569573283859,0.3010204081632653,0.23191094619666047,0.18831168831168832
moe_no_balance,36,56,0.03163920997195614,0.10350494167436952,0.9990723562152134,0.9693593314763231,0.30302584299988666,0.21991017799973633,46,2026,1.0172145965693045,0.03163920997195614,0.863921416827835,0.8956523413732654,,,0.27736549165120594,0.26205936920222633,0.2820037105751391,0.17857142857142858
moe_no_balance,37,57,0.029799569868865967,0.10049888222929902,0.9981447124304267,0.9693593314763231,0.31021486499957973,0.2252540469999076,46,2026,1.0203766445118017,0.029799569868865967,0.8591954606145702,0.8901536712063828,,,0.2764378478664193,0.2820037105751391,0.25788497217068646,0.1836734693877551
moe_no_balance,38,58,0.029712210600181244,0.1020461008201539,0.9990723562152134,0.9665738161559888,0.31758444699971733,0.23072098100010408,46,2026,1.0354445311075797,0.029712210600181244,0.8541518336970824,0.8886618519144703,,,0.2884972170686456,0.2884972170686456,0.2662337662337662,0.1567717996289425
moe_no_balance,39,59,0.027528245253935213,0.0963910869168406,0.9981447124304267,0.9693593314763231,0.3250405599997066,0.2363315809998312,46,2026,1.0228035200875194,0.027528245253935213,0.8539629919883991,0.8846226789371908,,,0.27782931354359924,0.2912801484230056,0.23283858998144713,0.19805194805194806
moe_no_balance,40,60,0.02641675148031861,0.09739716001986666,0.9981447124304267,0.9721448467966574,0.3328633439996338,0.24236732999997912,46,2026,1.0225808563485335,0.02641675148031861,0.8517503634201062,0.8845799609147625,0.003607022886262808,0.0,0.27690166975881264,0.29035250463821893,0.2453617810760668,0.18738404452690166
moe_no_balance,41,61,0.02649923161046426,0.09714047114900827,0.9990723562152134,0.9721448467966574,0.343395117,0.24773421400004736,46,2026,1.0273444022816545,0.02649923161046426,0.8475639762693343,0.8812395087352146,,,0.2857142857142857,0.2847866419294991,0.25,0.1794990723562152
moe_no_balance,42,62,0.02512857709893389,0.09883980755309808,0.9981447124304267,0.9721448467966574,0.3513803649998408,0.25368182100010017,46,2026,1.0328551152335173,0.02512857709893389,0.8436191397912701,0.8768160605539626,,,0.2810760667903525,0.3033395176252319,0.2193877551020408,0.19619666048237477
moe_no_balance,43,63,0.024549564557298145,0.09536462433625874,0.9990723562152134,0.9693593314763231,0.35911713999985295,0.25945062900018456,46,2026,1.0337899406339517,0.024549564557298145,0.8407714506235385,0.8735964164751482,,,0.29035250463821893,0.29359925788497215,0.21799628942486085,0.19805194805194806
moe_no_balance,44,64,0.02310696008604293,0.09486383532456574,0.9981447124304267,0.9693593314763231,0.3668391419996624,0.26520497499996054,46,2026,1.0239120849061942,0.02310696008604293,0.8420058176785399,0.87783839024659,,,0.27365491651205937,0.2949907235621521,0.24072356215213359,0.1906307977736549
moe_no_balance,45,65,0.02276842200487079,0.09575757053013688,0.9981447124304267,0.9693593314763231,0.37473943199984205,0.27113534499994785,46,2026,1.026734639358699,0.02276842200487079,0.8384346987771989,0.8737785138237367,,,0.2792207792207792,0.29359925788497215,0.23191094619666047,0.19526901669758812
moe_no_balance,46,66,0.022316204435114655,0.09573112679724192,1.0,0.9721448467966574,0.3827504679998128,0.2770374719998472,46,2026,1.0188002836166197,0.022316204435114655,0.8377949061733854,0.8734442763443333,,,0.2694805194805195,0.2898886827458256,0.23608534322820038,0.20454545454545456
moe_no_balance,47,67,0.02187813601000757,0.09457332431595757,1.0,0.9721448467966574,0.3906790509995517,0.2830459599999813,46,2026,1.0191544465855247,0.02187813601000757,0.8355305278547415,0.8731468512059786,,,0.2662337662337662,0.29267161410018555,0.24443413729128013,0.19666048237476808
moe_no_balance,48,68,0.02168861957323706,0.09307345599330202,0.9990723562152134,0.9749303621169917,0.39867338199974256,0.2888953890001176,46,2026,1.0198535694104605,0.02168861957323706,0.8325970471278422,0.8725606229093834,,,0.2717996289424861,0.2829313543599258,0.2625231910946197,0.18274582560296845
moe_no_balance,49,69,0.020235464834297723,0.09011435488646032,1.0,0.9749303621169917,0.4062435569999252,0.29462608899984843,46,2026,1.022767119454161,0.020235464834297723,0.8287731867485487,0.8661930123511195,,,0.2787569573283859,0.2847866419294991,0.2300556586270872,0.20640074211502782
moe_no_balance,50,70,0.019556222367446224,0.09017474133897267,1.0,0.9749303621169917,0.413672738999594,0.3002615769996737,46,2026,1.0201576393460907,0.019556222367446224,0.8284484157452017,0.867071345973497,,,0.2755102040816326,0.28385899814471244,0.23562152133580705,0.20500927643784786
moe_no_balance,51,71,0.019555889484155525,0.09324468349835345,1.0,0.9749303621169917,0.42106021799963855,0.30574540599945976,46,2026,1.0228211175254878,0.019555889484155525,0.8255277218602861,0.8655963361510179,,,0.274582560296846,0.2898886827458256,0.23562152133580705,0.19990723562152132
moe_no_balance,52,72,0.018616239133274644,0.08990690134982303,1.0,0.9749303621169917,0.4290728279997893,0.3114958669993939,46,2026,1.0175461160234864,0.018616239133274644,0.8252076554460013,0.8649845115113112,,,0.27040816326530615,0.2847866419294991,0.23562152133580705,0.20918367346938777
moe_no_balance,53,73,0.018125297730977284,0.08880971540401107,1.0,0.9749303621169917,0.4371988469997632,0.3174397979992136,46,2026,1.0225546840576796,0.018125297730977284,0.8211002367418143,0.8607334217512492,,,0.27133580705009275,0.29267161410018555,0.22170686456400743,0.21428571428571427
moe_no_balance,54,74,0.018149120357554678,0.09177010395637539,1.0,0.9749303621169917,0.44578430599995045,0.32366686399882383,46,2026,1.016782607235476,0.018149120357554678,0.8224252425800992,0.8662505216855899,,,0.26437847866419295,0.2884972170686456,0.25510204081632654,0.19202226345083487
moe_no_balance,55,75,0.017305835436496445,0.09100112340118137,1.0,0.9721448467966574,0.45467572499956077,0.329950103999181,46,2026,1.0219194286046045,0.017305835436496445,0.8174975790259115,0.8594448406890676,,,0.26762523191094617,0.29591836734693877,0.22634508348794063,0.2101113172541744
moe_no_balance,56,76,0.016794080078638817,0.08833227039015447,1.0,0.9721448467966574,0.46223363099989,0.33543020699926274,46,2026,1.0183394886337596,0.016794080078638817,0.815058801891945,0.8563003861968221,,,0.2727272727272727,0.2829313543599258,0.22959183673469388,0.2147495361781076
moe_no_balance,57,77,0.01664007833590238,0.09143145799752954,1.0,0.9721448467966574,0.469620219999797,0.3408018279992575,46,2026,1.027334593264481,0.01664007833590238,0.8114157726784632,0.8544630242655478,,,0.27690166975881264,0.2949907235621521,0.22541743970315398,0.20269016697588127
moe_no_balance,58,78,0.01615085047597796,0.08832022353589865,0.9990723562152134,0.9721448467966574,0.4774917359995925,0.34642680899924017,46,2026,1.016712206716234,0.01615085047597796,0.8132881944505553,0.8574471617287568,,,0.26762523191094617,0.2857142857142857,0.23840445269016697,0.2082560296846011
moe_no_balance,59,79,0.015640204297346787,0.09036774988672266,1.0,0.9721448467966574,0.4852340589995947,0.3521215259993369,46,2026,1.0209560393640755,0.015640204297346787,0.809944917857252,0.8540216745834787,,,0.27133580705009275,0.29035250463821893,0.2342300556586271,0.20408163265306123
moe_no_balance,60,80,0.016000095299008515,0.09026821883088908,1.0,0.9721448467966574,0.4932006789999832,0.35806219099913505,46,2026,1.021172776412845,0.016000095299008515,0.80873960019251,0.8535247251517581,0.005411405433831663,0.0,0.26484230055658625,0.29684601113172543,0.22634508348794063,0.21196660482374768
moe_no_balance,61,81,0.015655867537259296,0.08813492130952638,1.0,0.9721448467966574,0.504802681000001,0.36406414899875017,46,2026,1.0148868307591694,0.015655867537259296,0.8086424079588436,0.8561518445599614,,,0.26855287569573283,0.27782931354359924,0.2592764378478664,0.19434137291280149
moe_no_balance,62,82,0.014425478410795112,0.0882220898120317,1.0,0.9721448467966574,0.5137572349999573,0.3707806999987042,46,2026,1.0181281005553608,0.014425478410795112,0.804807885580539,0.8504433359230877,,,0.2690166975881262,0.28710575139146566,0.23608534322820038,0.2077922077922078
moe_no_balance,63,83,0.014178922961560885,0.08619224089493219,1.0,0.9721448467966574,0.521837504999894,0.3766144449987223,46,2026,1.0188192468689679,0.014178922961560885,0.8032965106220818,0.8488661808366655,,,0.2690166975881262,0.2880333951762523,0.22912801484230055,0.21382189239332097
moe_no_balance,64,84,0.014043676294956139,0.0895556445779526,1.0,0.9721448467966574,0.5296943899998041,0.382620698998835,46,2026,1.0190940322096929,0.014043676294956139,0.8036724069658034,0.8526475277095328,,,0.26159554730983303,0.29545454545454547,0.23840445269016697,0.20454545454545456
moe_no_balance,65,85,0.013681374506224121,0.08792345955395194,1.0,0.9721448467966574,0.5373550899998918,0.3881463609986895,46,2026,1.0207260338493866,0.013681374506224121,0.8004233564524497,0.8481697060584834,,,0.26855287569573283,0.29267161410018555,0.23330241187384043,0.2054730983302412
moe_no_balance,66,86,0.013144370964171379,0.08730083053967327,1.0,0.9721448467966574,0.5454094419997091,0.3941303519986832,46,2026,1.022953027610905,0.013144370964171379,0.7975608197512997,0.8448192927164218,,,0.27040816326530615,0.29359925788497215,0.22356215213358072,0.212430426716141
moe_no_balance,67,87,0.0130750172542313,0.0882287062682607,1.0,0.9721448467966574,0.5536799279998377,0.4003400519986826,46,2026,1.0156052208339095,0.0130750172542313,0.7987759968150087,0.8467792477673594,,,0.2625231910946197,0.2880333951762523,0.2305194805194805,0.2189239332096475
moe_no_balance,68,88,0.013051109641646977,0.08805805260619884,1.0,0.9721448467966574,0.5615132479997555,0.40614314099866533,46,2026,1.0181608223909562,0.013051109641646977,0.7978323579370225,0.8489258900913267,,,0.26113172541743973,0.2940630797773655,0.24165120593692022,0.20315398886827457
moe_no_balance,69,89,0.01255437488282511,0.08546529409636555,1.0,0.9721448467966574,0.568873405999966,0.41157199799908994,46,2026,1.0217458151328032,0.01255437488282511,0.7926262589678265,0.8413974493985755,,,0.2755102040816326,0.2857142857142857,0.23191094619666047,0.20686456400742115
moe_no_balance,70,90,0.012100592915951097,0.0860598893258168,1.0,0.9721448467966574,0.5767024189999574,0.41756841799906397,46,2026,1.020314823983905,0.012100592915951097,0.7925174922772051,0.8429598243037055,,,0.2657699443413729,0.29359925788497215,0.2305194805194805,0.2101113172541744
moe_no_balance,71,91,0.012080599756605541,0.0904345920301062,1.0,0.9693593314763231,0.5850253639996481,0.4239104369994493,46,2026,1.0208780596443154,0.012080599756605541,0.7919088738112776,0.8435108177197548,,,0.262987012987013,0.29777365491651203,0.23098330241187384,0.2082560296846011
moe_no_balance,72,92,0.011604660452567441,0.08597716674712781,1.0,0.9721448467966574,0.5927822789999482,0.429652965999594,46,2026,1.0232206305658846,0.011604660452567441,0.7881960765576178,0.8388194144075657,,,0.2722634508348794,0.2922077922077922,0.2258812615955473,0.20964749536178107
moe_no_balance,73,93,0.01126273512370271,0.08819128094245526,1.0,0.9721448467966574,0.6005894289996832,0.43549969099922237,46,2026,1.0176258776188207,0.01126273512370271,0.789902446722417,0.8422167754007702,,,0.26113172541743973,0.29359925788497215,0.23191094619666047,0.21335807050092764
moe_no_balance,74,94,0.011026898231452375,0.08780510054209688,1.0,0.9721448467966574,0.6088936159999321,0.4415868459991543,46,2026,1.0237981713175266,0.011026898231452375,0.7864217359113466,0.8381109421509434,,,0.2662337662337662,0.2982374768089054,0.22077922077922077,0.2147495361781076
moe_no_balance,75,95,0.010779248119362688,0.08913949217958282,1.0,0.9693593314763231,0.6168537459998333,0.4473109659993497,46,2026,1.0247690284029474,0.010779248119362688,0.7839005640816662,0.8352246321325707,,,0.26762523191094617,0.2982374768089054,0.2193877551020408,0.2147495361781076
moe_no_balance,76,96,0.0108797317807278,0.08543190867719011,1.0,0.9721448467966574,0.6254326759999458,0.45370436199937103,46,2026,1.0240091079739817,0.0108797317807278,0.7838402551304037,0.8369398238538622,,,0.2694805194805195,0.29684601113172543,0.22866419294990722,0.20500927643784786
moe_no_balance,77,97,0.010353286401803496,0.08777101518655347,1.0,0.9721448467966574,0.6331320439999217,0.4594975959994372,46,2026,1.02357321623365,0.010353286401803496,0.7818481776862867,0.8338786686088769,,,0.2680890538033395,0.29591836734693877,0.22077922077922077,0.21521335807050093
moe_no_balance,78,98,0.010163268300581648,0.08787774589973771,1.0,0.9721448467966574,0.6404566289998002,0.4649147649997758,46,2026,1.0196658099728177,0.010163268300581648,0.7824353603127744,0.8357037806220691,,,0.26205936920222633,0.29545454545454547,0.22727272727272727,0.21521335807050093
moe_no_balance,79,99,0.010295135136667227,0.08489610271544666,1.0,0.9721448467966574,0.6482401939997544,0.47081992699986586,46,2026,1.0286326631096638,0.010295135136667227,0.7777447000419443,0.8305835909155536,,,0.27040816326530615,0.3014842300556586,0.21706864564007422,0.21103896103896103
moe_no_balance,80,100,0.009702453866562677,0.08808165054633905,1.0,0.9693593314763231,0.6566484969998783,0.4770652499996686,46,2026,1.025305088702461,0.009702453866562677,0.7768044169521472,0.8294478535251,0.0036026309594948016,0.0,0.27040816326530615,0.29545454545454547,0.21846011131725418,0.21567717996289426
scratch_continue,0,20,0.1007249860249473,0.17490808610761227,0.9879406307977736,0.9610027855153204,0.001183957999728591,0.0,46,2026,1.1037896621787318,0.11176288264673462,0.8458065951886602,0.8673056940783358,0.04478711385205242,0.006060784557309708,0.187847866419295,0.18970315398886828,0.21985157699443414,0.4025974025974026
scratch_continue,1,21,0.09749170147294628,0.16684125292936305,0.9907235621521335,0.9610027855153204,0.012223705999986123,0.005700144000002183,46,2026,1.1073457537791611,0.10856515901073789,0.8392466634610076,0.8618440287065077,,,0.17996289424860853,0.19619666048237477,0.2212430426716141,0.4025974025974026
scratch_continue,2,22,0.0976555171078847,0.16963251839528565,0.9833024118738405,0.9610027855153204,0.020096014000046125,0.011527068999839685,46,2026,1.082561190426048,0.10848112901214518,0.8456241924370543,0.8685515619360665,,,0.1924860853432282,0.1924860853432282,0.22217068645640073,0.39285714285714285
scratch_continue,3,23,0.09272951286508385,0.16025407506325867,0.9860853432282004,0.958217270194986,0.027622962999885203,0.017186673000196606,46,2026,1.072682280012132,0.10345633566520518,0.846190867706924,0.8706486343442086,,,0.19805194805194806,0.18228200371057515,0.23330241187384043,0.38636363636363635
scratch_continue,4,24,0.08641784978868751,0.1503050428632596,0.9888682745825603,0.9637883008356546,0.0358562129999882,0.023562692000268726,46,2026,1.067815177128121,0.09709600155996873,0.8436881085215958,0.8686771926903916,,,0.19387755102040816,0.19202226345083487,0.2300556586270872,0.38404452690166974
scratch_continue,5,25,0.08127714699050256,0.1457129874620434,0.9907235621521335,0.9665738161559888,0.04889703299977555,0.0338690630005658,46,2026,1.053570463059946,0.09181285162110203,0.8451639250870908,0.870530397829736,,,0.20269016697588127,0.187847866419295,0.23191094619666047,0.37755102040816324
scratch_continue,6,26,0.07570958682022466,0.13857514614730457,0.9907235621521335,0.9665738161559888,0.059853184000076,0.042215353000756295,46,2026,1.052736469127798,0.08623695151150264,0.8427995506418295,0.8688642752751409,,,0.2017625231910946,0.18831168831168832,0.23376623376623376,0.3761595547309833
scratch_continue,7,27,0.07095073793020756,0.1379380560901633,0.9925788497217068,0.9637883008356546,0.0714282250000906,0.050882766000995616,46,2026,1.0440725696519073,0.08139146362672664,0.8419660510777908,0.8683920279264848,,,0.2012987012987013,0.18877551020408162,0.24165120593692022,0.3682745825602968
scratch_continue,8,28,0.0664379594831073,0.12994548022926816,0.9935064935064936,0.9665738161559888,0.08143225599997095,0.058586220000961475,46,2026,1.0438535893105947,0.07687649537621324,0.8378989743856576,0.8648263883130506,,,0.19851576994434136,0.19619666048237477,0.23747680890538034,0.3678107606679035
scratch_continue,9,29,0.06324470538935849,0.13237163477414496,0.9944341372912802,0.9637883008356546,0.09324281099998188,0.06785159100081728,46,2026,1.033582061980161,0.0735805260091601,0.8374797691835288,0.8652553684992715,,,0.2212430426716141,0.18738404452690166,0.2342300556586271,0.35714285714285715
scratch_continue,10,30,0.057868562847656214,0.1364452686320619,0.9962894248608535,0.9637883008356546,0.1044711819999975,0.07637275400065846,46,2026,1.0392012469663967,0.06826057531732019,0.832659667672771,0.8612730492117281,,,0.2166048237476809,0.1906307977736549,0.22866419294990722,0.36410018552875695
scratch_continue,11,31,0.056259940684177716,0.12376820501903209,0.9972170686456401,0.9665738161559888,0.11490112199999203,0.08421336400078872,46,2026,1.0248554057230452,0.06650849474140817,0.8337256179388107,0.8616199636091256,,,0.22634508348794063,0.19341372912801486,0.2342300556586271,0.3460111317254174
scratch_continue,12,32,0.053214152828169665,0.11791866377335916,0.9962894248608535,0.9721448467966574,0.1247457240001495,0.0919272540008933,46,2026,1.0285918177780908,0.06350007100595058,0.8299703610820267,0.8588394911264058,,,0.21614100185528756,0.19155844155844157,0.24165120593692022,0.35064935064935066
scratch_continue,13,33,0.05374398261820998,0.11839516332017863,0.9962894248608535,0.9665738161559888,0.13580707299979622,0.10031643900083509,46,2026,1.026146512051706,0.06400544773872704,0.82799598107896,0.8573369483158084,,,0.2082560296846011,0.19526901669758812,0.2523191094619666,0.34415584415584416
scratch_continue,14,34,0.049311185176060715,0.11144433485503015,0.9981447124304267,0.9693593314763231,0.14728725199984183,0.10914244000059625,46,2026,1.024526411832202,0.05955644929438274,0.8248739902798041,0.8551156181415316,,,0.2300556586270872,0.19109461966604824,0.23469387755102042,0.34415584415584416
scratch_continue,15,35,0.04871749716071677,0.11332646725748963,0.9972170686456401,0.9721448467966574,0.15762076800001523,0.11698544300088543,46,2026,1.0201022430503115,0.05891851959121989,0.8241363086493642,0.8542557544114208,,,0.2189239332096475,0.19619666048237477,0.24860853432282004,0.3362708719851577
scratch_continue,16,36,0.04604866760454321,0.10668403009965823,0.9972170686456401,0.9721448467966574,0.17249109099975612,0.12782283600063238,46,2026,1.0234951127432401,0.05628361873197561,0.8209965519909913,0.8521084137549025,,,0.2300556586270872,0.19341372912801486,0.23283858998144713,0.34369202226345086
scratch_continue,17,37,0.044128850612882076,0.1083136271565371,0.9972170686456401,0.9693593314763231,0.1818707130000803,0.13488198300092336,46,2026,1.0180149757899275,0.05430900037078135,0.8200598696431041,0.8509281676819211,,,0.22912801484230055,0.19805194805194806,0.23747680890538034,0.33534322820037105
scratch_continue,18,38,0.04238422224605114,0.1080034640227106,0.9972170686456401,0.9693593314763231,0.19046133099982399,0.1411864950009658,46,2026,1.0157584613062742,0.05254180685911388,0.8188594845342653,0.8499915640828684,,,0.22356215213358072,0.19805194805194806,0.24953617810760667,0.32884972170686455
scratch_continue,19,39,0.03990998326063967,0.11920357485484868,0.9972170686456401,0.9665738161559888,0.19944822299976295,0.14765767800099638,46,2026,1.0144407794532067,0.05005439105517174,0.8166158607758729,0.847930385115783,,,0.2277365491651206,0.2017625231910946,0.24118738404452691,0.3293135435992579
scratch_continue,20,40,0.03867285545956259,0.10119707470485315,0.9972170686456401,0.9721448467966574,0.20791540599975633,0.15405694300125106,46,2026,1.0174623067095163,0.04884747852665775,0.8138355218372549,0.8463439230572635,0.024895522930655823,0.0027770618266134742,0.21799628942486085,0.20083487940630798,0.24907235621521337,0.3320964749536178
scratch_continue,21,41,0.03699674613813401,0.11061082565648513,0.9981447124304267,0.9693593314763231,0.22009345300011773,0.1609565490011846,46,2026,1.0146262337439151,0.04714300847557316,0.8122768159961449,0.8448144376369191,,,0.22077922077922077,0.20083487940630798,0.24953617810760667,0.32884972170686455
scratch_continue,22,42,0.03647149048471041,0.12990545939612452,0.9962894248608535,0.9637883008356546,0.2288255419998677,0.16732818300124563,46,2026,1.0080036002571384,0.046551526487281794,0.8113012787889042,0.8433968571005547,,,0.23515769944341372,0.2054730983302412,0.24211502782931354,0.3172541743970315
scratch_continue,23,43,0.03645926024734326,0.11822006884193181,0.9962894248608535,0.9693593314763231,0.2402176089999557,0.17497802700108878,46,2026,1.0091163844366966,0.04655042409171022,0.8089240229412505,0.8420695092508449,,,0.237012987012987,0.19805194805194806,0.2532467532467532,0.3116883116883117
scratch_continue,24,44,0.033030924811595856,0.1261930047192428,0.9981447124304267,0.958217270194986,0.24965016199985257,0.18196404400123356,46,2026,1.0081022252824756,0.04311194706442061,0.8066114270304308,0.8401771532629658,,,0.22912801484230055,0.20640074211502782,0.25,0.3144712430426716
scratch_continue,25,45,0.03504218192963683,0.11611243812740753,0.9972170686456401,0.9637883008356546,0.25862185100004353,0.18858643400153596,46,2026,1.0052923662860371,0.0450951055924972,0.8053281392463436,0.8389587019258546,,,0.24025974025974026,0.2036178107606679,0.2527829313543599,0.3033395176252319
scratch_continue,26,46,0.03132336202734677,0.13266640841977018,0.9990723562152134,0.9610027855153204,0.268131689999791,0.19573586600154158,46,2026,1.0040369106043676,0.041363731133390445,0.8022869051092575,0.8360770160877625,,,0.2453617810760668,0.20640074211502782,0.24257884972170687,0.30565862708719854
scratch_continue,27,47,0.029439222282769458,0.12285646415688332,0.9990723562152134,0.9610027855153204,0.2775387729998329,0.2030288830014797,46,2026,1.0035839292288458,0.03947506157505792,0.8004872405313873,0.834958774884339,,,0.24443413729128013,0.2054730983302412,0.2481447124304267,0.30194805194805197
scratch_continue,28,48,0.028252272220148818,0.12291029662684334,0.9990723562152134,0.9610027855153204,0.28573993600002723,0.20916880900131218,46,2026,1.003785001880845,0.038290122238957267,0.7983555774124212,0.8334863133461794,,,0.23933209647495363,0.2054730983302412,0.2527829313543599,0.30241187384044527
scratch_continue,29,49,0.027258799740809178,0.13109859897411857,1.0,0.9554317548746518,0.29484164599989526,0.2160327870014953,46,2026,1.0021521195335046,0.03728032093614422,0.7961351825360632,0.8312410486076129,,,0.2435064935064935,0.2082560296846011,0.24907235621521337,0.29916512059369205
scratch_continue,30,50,0.026719657381522672,0.1295292917361172,0.9981447124304267,0.9610027855153204,0.3042081789999429,0.22302499200122838,46,2026,1.0031796025289947,0.03675145340681262,0.7938723238455929,0.8299434768569393,,,0.23283858998144713,0.21150278293135436,0.25092764378478666,0.3047309833024119
scratch_continue,31,51,0.026649831532975978,0.11799287510409491,1.0,0.9610027855153204,0.3120097109999733,0.22889080600134548,46,2026,1.0044712600422263,0.03669454413339824,0.7919929873638554,0.8290947393845094,,,0.24443413729128013,0.20037105751391465,0.2527829313543599,0.30241187384044527
scratch_continue,32,52,0.024601447772951167,0.12605292659308942,1.0,0.9610027855153204,0.3199440519997552,0.23475625800119815,46,2026,1.0022085315520302,0.03462353308847147,0.7895033752900412,0.8266977243868887,,,0.24443413729128013,0.20640074211502782,0.2481447124304267,0.3010204081632653
scratch_continue,33,53,0.024156415934866903,0.11675509858072253,1.0,0.9665738161559888,0.3281002369999442,0.24086234200149192,46,2026,1.0023087104602386,0.03417950303946929,0.7879592749274625,0.8255912192470954,,,0.24675324675324675,0.2054730983302412,0.2481447124304267,0.29962894248608535
scratch_continue,34,54,0.023365328269350727,0.11931033133294283,1.0,0.9637883008356546,0.33678014799988887,0.24747640900113765,46,2026,1.0011300239345668,0.033376628508696396,0.7863600971940807,0.8242585980104139,,,0.23933209647495363,0.20964749536178107,0.2569573283858998,0.2940630797773655
scratch_continue,35,55,0.02555190014227471,0.11419892709927655,0.9990723562152134,0.9554317548746518,0.3449616610000703,0.253549343000941,46,2026,1.004385379719244,0.03559575393946715,0.783686357557466,0.8235810592211463,,,0.24304267161410018,0.19944341372912802,0.25556586270871984,0.30194805194805197
scratch_continue,36,56,0.021520411796807994,0.11508416408535613,1.0,0.9610027855153204,0.3527748299998166,0.25944746600089275,46,2026,1.0022413435961364,0.031542825232769356,0.7821087247044111,0.8219525734658012,,,0.24165120593692022,0.20500927643784786,0.25463821892393323,0.2987012987012987
scratch_continue,37,57,0.0206707034741118,0.1222372011252804,1.0,0.958217270194986,0.36089843599984306,0.2655471910011329,46,2026,1.0017383101815125,0.030688086575926928,0.780421292998943,0.8205159371602608,,,0.23330241187384043,0.2101113172541744,0.2541743970315399,0.30241187384044527
scratch_continue,38,58,0.02317428925137366,0.12043728316995722,0.9990723562152134,0.9610027855153204,0.3694284019998122,0.2718008970009578,46,2026,1.0015662177979958,0.03318995142935362,0.7791356366474426,0.8197498232544731,,,0.2388682745825603,0.2054730983302412,0.2653061224489796,0.29035250463821893
scratch_continue,39,59,0.019695998292835804,0.12122552463175253,1.0,0.958217270194986,0.37871731799987174,0.2787559460007287,46,2026,1.0010388609858942,0.029706386902694747,0.7777168401261356,0.8182104590099504,,,0.24304267161410018,0.20732838589981448,0.2523191094619666,0.29730983302411873
scratch_continue,40,60,0.019144524457111425,0.1184588744452691,1.0,0.958217270194986,0.39446186499981195,0.2907655710009749,46,2026,1.000578023721483,0.029150304694326255,0.7762283518246346,0.817344979118607,0.004566683555205172,0.0014180980795933894,0.24304267161410018,0.20686456400742115,0.2592764378478664,0.29081632653061223
scratch_continue,41,61,0.018697304841009475,0.12089033545648374,1.0,0.958217270194986,0.4121272769998541,0.2996400250008264,46,2026,0.9998853449627667,0.028696158290637142,0.7745613398298385,0.8157701195113047,,,0.24953617810760667,0.20732838589981448,0.2564935064935065,0.28664192949907236
scratch_continue,42,62,0.019465926275842305,0.11750709879082269,1.0,0.9610027855153204,0.42055385699995895,0.30625251000083153,46,2026,1.0009792097416739,0.029475718373259047,0.7730656930799216,0.815717800973439,,,0.2300556586270872,0.21103896103896103,0.26716141001855287,0.2917439703153989
scratch_continue,43,63,0.020451292298039672,0.10861243147906985,0.9990723562152134,0.9637883008356546,0.42942653899990546,0.31295189600086815,46,2026,1.0011236119499678,0.030462528417539353,0.769902058056536,0.8127195379155454,,,0.2564935064935065,0.20222634508348794,0.25510204081632654,0.28617810760667906
scratch_continue,44,64,0.017079400743026156,0.11764340551994411,1.0,0.9665738161559888,0.4378986579999946,0.3193508710005517,46,2026,1.0000688545447938,0.027080089288474093,0.7682468822917825,0.811555868745806,,,0.24257884972170687,0.2082560296846011,0.2602040816326531,0.288961038961039
scratch_continue,45,65,0.01715891757963855,0.11029971922039841,1.0,0.9637883008356546,0.4462999709999167,0.32553379100045277,46,2026,1.000794026373379,0.02716685784337234,0.7665686908383016,0.8104218749864506,,,0.24582560296846012,0.2054730983302412,0.2527829313543599,0.29591836734693877
scratch_continue,46,66,0.016115861170156138,0.11107924845109271,1.0,0.9665738161559888,0.46158195199996044,0.3361891700005799,46,2026,1.00156006138369,0.02613146178399304,0.7657786488043293,0.810410490980857,,,0.23283858998144713,0.20686456400742115,0.26855287569573283,0.2917439703153989
scratch_continue,47,67,0.015402091509822751,0.11456952259163485,1.0,0.9637883008356546,0.4708883949997471,0.34321619900083533,46,2026,0.9999715450651154,0.025401806960473908,0.7646338789390197,0.8085761151864475,,,0.2435064935064935,0.2082560296846011,0.25834879406307976,0.2898886827458256
scratch_continue,48,68,0.015040288725570524,0.11607611869413562,1.0,0.9637883008356546,0.4799220569998397,0.3494983580008011,46,2026,1.0001168198168908,0.025041456923739432,0.7629886308829937,0.8075239781020329,,,0.24165120593692022,0.20871985157699444,0.2602040816326531,0.2894248608534323
scratch_continue,49,69,0.016919109860007265,0.11587599949967838,0.9990723562152134,0.9610027855153204,0.49023446199998943,0.35758043100076975,46,2026,0.9998659234189112,0.026917769094196378,0.761794676428186,0.806193875595701,,,0.25185528756957326,0.20640074211502782,0.25510204081632654,0.28664192949907236
scratch_continue,50,70,0.016135028894240247,0.10332591652930698,0.9990723562152134,0.9721448467966574,0.4993862920000538,0.3642816090004999,46,2026,1.0010963619990383,0.02614599251423063,0.7604823383008413,0.8056282788952593,,,0.24860853432282004,0.20269016697588127,0.25788497217068646,0.29081632653061223
scratch_continue,51,71,0.017206630357536452,0.13136489203314602,0.9990723562152134,0.9637883008356546,0.5086621790001118,0.37154027500037046,46,2026,0.9994899792118732,0.027201530149655186,0.7589758128833191,0.803855525331853,,,0.2532467532467532,0.2082560296846011,0.2602040816326531,0.2782931354359926
scratch_continue,52,72,0.016357935726931346,0.11041845012321154,0.9981447124304267,0.9637883008356546,0.518778538999868,0.3790894680000747,46,2026,1.0008896176702076,0.026366831903633422,0.7566473266091865,0.8024188791778527,,,0.2602040816326531,0.20315398886827457,0.24953617810760667,0.28710575139146566
scratch_continue,53,73,0.015422964851170397,0.1288885556462012,0.9990723562152134,0.9665738161559888,0.5353951309998592,0.3916126700000859,46,2026,1.0004399195028226,0.025427364046198622,0.7553860646637877,0.8013015294474526,,,0.25742115027829315,0.20315398886827457,0.2564935064935065,0.2829313543599258
scratch_continue,54,74,0.015110077634060947,0.11266594484477672,1.0,0.9693593314763231,0.5510668570000234,0.40111852200016074,46,2026,1.0012936868300149,0.025123014502361096,0.7548477034292846,0.8026651215736822,,,0.22866419294990722,0.2082560296846011,0.27365491651205937,0.2894248608534323
scratch_continue,55,75,0.014234341898860331,0.09792605644990479,0.9990723562152134,0.9749303621169917,0.5601183670000864,0.40756737100036844,46,2026,1.0019251544060603,0.024253593442920933,0.7515914880707334,0.7996297246211775,,,0.24953617810760667,0.20037105751391465,0.2564935064935065,0.29359925788497215
scratch_continue,56,76,0.014259296190090405,0.11723221181757686,0.9990723562152134,0.9749303621169917,0.5698996030000671,0.4148595680003382,46,2026,1.0004349343421168,0.024263645533511576,0.7499904839572158,0.797783675148605,,,0.2523191094619666,0.20315398886827457,0.26205936920222633,0.2824675324675325
scratch_continue,57,77,0.01369688783381292,0.11666832244355242,1.0,0.9749303621169917,0.5790459949998876,0.42143466700008503,46,2026,1.0010955121039504,0.023707842954852426,0.7487826573285454,0.7971408258443372,,,0.24953617810760667,0.2036178107606679,0.26762523191094617,0.2792207792207792
scratch_continue,58,78,0.012899299562617749,0.12247813551961,1.0,0.9721448467966574,0.5883102650000183,0.42844139399994674,46,2026,0.9996750028932857,0.022896049591550605,0.7474803659067688,0.7958449574461386,,,0.24953617810760667,0.20593692022263452,0.2625231910946197,0.2820037105751391
scratch_continue,59,79,0.012525287249098769,0.11315432567865327,1.0,0.9777158774373259,0.5974420749998899,0.4349620809998669,46,2026,1.0001998859348749,0.022527286108447515,0.7467970771539918,0.7958116488400492,,,0.2453617810760668,0.20640074211502782,0.2680890538033395,0.28014842300556586
scratch_continue,60,80,0.011828695957746022,0.11288322921258934,1.0,0.9749303621169917,0.6129550639998342,0.4461517329996241,46,2026,1.0003562972377436,0.021832258930123458,0.7454775938063923,0.7950476812193974,0.005235155600135415,0.0013142578418278222,0.24304267161410018,0.20500927643784786,0.26669758812615957,0.2852504638218924
scratch_continue,61,81,0.011513653013567009,0.11126510322615958,1.0,0.9777158774373259,0.6245081319998462,0.4527535619995433,46,2026,1.0002090200269687,0.021515743213836695,0.7441993913049136,0.7938628504450881,,,0.24489795918367346,0.20593692022263452,0.26716141001855287,0.2820037105751391
scratch_continue,62,82,0.01173851764516983,0.11385046846998312,1.0,0.9777158774373259,0.6321311359997708,0.45837904399968465,46,2026,1.0012362986470686,0.021750880631640518,0.7428053068288638,0.7928790567589847,,,0.24675324675324675,0.20408163265306123,0.27087198515769945,0.2782931354359926
scratch_continue,63,83,0.012352783444822485,0.10442842252403722,1.0,0.9777158774373259,0.6404678310000236,0.46460456799968597,46,2026,1.0067979174097286,0.022420762618919773,0.738932493108005,0.7920673306214722,,,0.2597402597402597,0.18552875695732837,0.26205936920222633,0.29267161410018555
scratch_continue,64,84,0.012586642352985587,0.12794767417846473,1.0,0.9637883008356546,0.6486221830000432,0.47063891499965393,46,2026,1.0017339482726277,0.022603981835711863,0.7359416648517657,0.7874343255802484,,,0.26716141001855287,0.20454545454545456,0.2523191094619666,0.275974025974026
scratch_continue,65,85,0.011783316568690312,0.12641872691455075,1.0,0.9693593314763231,0.6586591029999909,0.47751619699965886,46,2026,1.0001318159159684,0.021784634727849996,0.7356095206750989,0.786961987168294,,,0.2602040816326531,0.20500927643784786,0.2592764378478664,0.2755102040816326
scratch_continue,66,86,0.011102186436349649,0.12013342974258322,1.0,0.9749303621169917,0.6672903319999932,0.4841490719995818,46,2026,1.0028027660184453,0.0211302140965341,0.7354152645084613,0.7875562671892908,,,0.25742115027829315,0.2017625231910946,0.2680890538033395,0.2727272727272727
scratch_continue,67,87,0.010577239894734945,0.1181022712357817,1.0,0.9749303621169917,0.6780944490001275,0.49281840199955695,46,2026,1.0005139669746128,0.02058237956448107,0.7349279558228864,0.7872143013068085,,,0.24721706864564008,0.20408163265306123,0.2653061224489796,0.28339517625231914
scratch_continue,68,88,0.010656005248328448,0.11731226351433781,1.0,0.9749303621169917,0.6899236829999609,0.5027906549994441,46,2026,1.000797379827232,0.02066397904660077,0.7332617493651993,0.7851123806904724,,,0.2602040816326531,0.20500927643784786,0.26113172541743973,0.27365491651205937
scratch_continue,69,89,0.010276348749884852,0.11976263640368165,1.0,0.9749303621169917,0.6977753800001665,0.5085516499993901,46,2026,1.0009992550840463,0.020286341300725316,0.7323500452661568,0.7842117607022244,,,0.26113172541743973,0.20454545454545456,0.26205936920222633,0.2722634508348794
scratch_continue,70,90,0.009816676066126635,0.11892517038544674,1.0,0.9749303621169917,0.7079709039999216,0.5165587659994344,46,2026,0.9991863340730598,0.019808539406857235,0.7320378183525749,0.7844599238704902,,,0.24907235621521337,0.20871985157699444,0.26113172541743973,0.2810760667903525
scratch_continue,71,91,0.009831632518354725,0.11703634086291506,1.0,0.9749303621169917,0.7182919510000829,0.5243655959993703,46,2026,1.0005791909199735,0.01983742442755446,0.7305555295122541,0.7830709472229765,,,0.2569573283858998,0.2054730983302412,0.26391465677179965,0.27365491651205937
scratch_continue,72,92,0.009733404569522887,0.11851085518354758,1.0,0.9749303621169917,0.7276491899997382,0.5313110209995102,46,2026,0.9997271815699318,0.019730676385222204,0.7296091584560432,0.7816448228359797,,,0.2560296846011132,0.2101113172541744,0.26391465677179965,0.2699443413729128
scratch_continue,73,93,0.009884987930089698,0.1141803080255329,1.0,0.9749303621169917,0.7385992569998052,0.5401491249995161,46,2026,0.998776617799521,0.01987275410808491,0.7290715364282266,0.7818609721222285,,,0.24953617810760667,0.21289424860853431,0.2625231910946197,0.2750463821892393
scratch_continue,74,94,0.009183798185466652,0.10858997570244275,1.0,0.9805013927576601,0.747645589000058,0.5472017209995101,46,2026,1.0015833057871588,0.01919963124333824,0.728016286749346,0.7816004365174076,,,0.2523191094619666,0.20500927643784786,0.27133580705009275,0.27133580705009275
scratch_continue,75,95,0.009339368065320363,0.11642328044627638,1.0,0.9749303621169917,0.7579407279999941,0.5553423119995387,46,2026,0.9989942020072862,0.019329310085393223,0.7270689626775841,0.7803226397341653,,,0.25185528756957326,0.21196660482374768,0.26391465677179965,0.2722634508348794
scratch_continue,76,96,0.009177848725697964,0.11382127958728744,1.0,0.9749303621169917,0.7670132289999856,0.5621253629997227,46,2026,0.9986165563956744,0.01916401428965471,0.7259620527025501,0.7796314280015532,,,0.2504638218923933,0.21150278293135436,0.26205936920222633,0.275974025974026
scratch_continue,77,97,0.009400362727796143,0.11515736762804506,1.0,0.9777158774373259,0.7756217830001333,0.5685018539998055,46,2026,0.9998808095830617,0.01939917082362676,0.7251322304550208,0.778908785194596,,,0.24953617810760667,0.21196660482374768,0.26855287569573283,0.2699443413729128
scratch_continue,78,98,0.009509865366669989,0.10528969473578143,0.9990723562152134,0.9805013927576601,0.7846473639997384,0.5753425019997849,46,2026,1.0029855546545823,0.019539720913215812,0.7241289928079985,0.7792505841851658,,,0.24489795918367346,0.20222634508348794,0.2792207792207792,0.27365491651205937
scratch_continue,79,99,0.008740535145316294,0.11025549685064047,1.0,0.9749303621169917,0.7941775429999325,0.5824256549994971,46,2026,1.001137396447176,0.018751909109788054,0.7202816753608867,0.7762956163091936,,,0.2564935064935065,0.20222634508348794,0.2602040816326531,0.2810760667903525
scratch_continue,80,100,0.008834967004240704,0.11873644639886526,1.0,0.9721448467966574,0.8028453359997911,0.5891401939993557,46,2026,0.9999508844057005,0.01883447584829771,0.718857984690031,0.7737144917443335,0.006139852188919315,0.0009887808138165654,0.2592764378478664,0.20964749536178107,0.26205936920222633,0.2690166975881262
