phase,epoch,global_epoch,train_ce,val_ce,train_accuracy,val_accuracy,elapsed_seconds,training_seconds,seed,split_seed,balance_loss,objective,router_entropy_normalized,selected_gate_entropy_normalized,task_router_grad_l2,aux_router_grad_l2,expert_0_assignment_share,expert_1_assignment_share,expert_2_assignment_share,expert_3_assignment_share
linear_pretrain,0,0,2.3102082964228723,2.309099506483885,0.0686456400742115,0.07799442896935933,0.0003482729998722789,0.0,46,2027,,,,,,,,,,
linear_pretrain,1,1,1.475257288755717,1.495462917605009,0.8534322820037106,0.83008356545961,0.0019045499998355808,0.0012929819999953907,46,2027,,,,,,,,,,
linear_pretrain,2,2,0.9718511449712399,1.0058738724777219,0.9230055658627088,0.8690807799442897,0.003324081999835471,0.00246827699993446,46,2027,,,,,,,,,,
linear_pretrain,3,3,0.7049844656572493,0.7537603072285308,0.9313543599257885,0.8746518105849582,0.004795972000010806,0.0036996560002080514,46,2027,,,,,,,,,,
linear_pretrain,4,4,0.556710527689829,0.6143128738752751,0.9369202226345084,0.883008356545961,0.006201641999723506,0.004864755000198784,46,2027,,,,,,,,,,
linear_pretrain,5,5,0.4638997992832227,0.5289053000822161,0.9452690166975881,0.8941504178272981,0.007613021999986813,0.0060123180005575705,46,2027,,,,,,,,,,
linear_pretrain,6,6,0.4033318881002154,0.47533948053237757,0.9434137291280148,0.8969359331476323,0.009056228999725136,0.007214754000415269,46,2027,,,,,,,,,,
linear_pretrain,7,7,0.3569299366244522,0.43039156778117843,0.9499072356215214,0.9052924791086351,0.010463692000030278,0.008366123000541847,46,2027,,,,,,,,,,
linear_pretrain,8,8,0.3227323746134662,0.3982337541203005,0.9564007421150278,0.9080779944289693,0.011848791999909736,0.009518083000784827,46,2027,,,,,,,,,,
linear_pretrain,9,9,0.2948666808886645,0.37299349028043255,0.9573283858998145,0.9136490250696379,0.013273050999941916,0.010701710000830644,46,2027,,,,,,,,,,
linear_pretrain,10,10,0.27166898187657335,0.35043054711889066,0.9591836734693877,0.9192200557103064,0.01467388499986555,0.0118486930009567,46,2027,,,,,,,,,,
linear_pretrain,11,11,0.2534603543853912,0.33465318428227775,0.9628942486085343,0.9220055710306406,0.01604617499970118,0.012993062000987265,46,2027,,,,,,,,,,
linear_pretrain,12,12,0.23715711991997881,0.3176951606561728,0.9656771799628943,0.9220055710306406,0.017480119000083505,0.014180345001022943,46,2027,,,,,,,,,,
linear_pretrain,13,13,0.22302948385887786,0.3048822489450512,0.9684601113172542,0.9275766016713092,0.01887487299973145,0.015337192001425137,46,2027,,,,,,,,,,
linear_pretrain,14,14,0.21070849618401077,0.2940848707515223,0.9684601113172542,0.9275766016713092,0.02028791499969884,0.016486718001488043,46,2027,,,,,,,,,,
linear_pretrain,15,15,0.2003118153548408,0.282600288920621,0.9712430426716141,0.9275766016713092,0.02170610499979375,0.01767441100173528,46,2027,,,,,,,,,,
linear_pretrain,16,16,0.19085106540713273,0.2750870660210839,0.9721706864564007,0.9303621169916435,0.02309478000006493,0.018835895001757308,46,2027,,,,,,,,,,
linear_pretrain,17,17,0.18233539736722776,0.2686299214485303,0.9730983302411874,0.9303621169916435,0.0245310159998553,0.019980273001692694,46,2027,,,,,,,,,,
linear_pretrain,18,18,0.17505193249735926,0.25971614116663366,0.9730983302411874,0.9331476323119777,0.02591637699970306,0.021130761001586507,46,2027,,,,,,,,,,
linear_pretrain,19,19,0.16785477763270296,0.25443855418561107,0.9730983302411874,0.935933147632312,0.027299933999984205,0.02228435400138551,46,2027,,,,,,,,,,
linear_pretrain,20,20,0.16096407237034363,0.24757758513158068,0.974025974025974,0.935933147632312,0.02875298599974485,0.023499168001308135,46,2027,,,,,,,,,,
scratch_pretrain,0,0,2.304978903770912,2.304906928656068,0.16697588126159554,0.181058495821727,0.001233401999797934,0.0,46,2027,1.0362893217650326,2.3153417969885624,0.9952108669355554,0.9980037880991868,0.007832609313454053,0.007738808913293451,0.09137291280148423,0.39053803339517623,0.17068645640074212,0.3474025974025974
scratch_pretrain,1,1,1.1774572528045344,1.2241512577822542,0.7782931354359925,0.754874651810585,0.011063322999689262,0.005159707999609964,46,2027,1.0070449948563807,1.1875277027530982,0.9946554044338692,0.9967625539177416,,,0.16651205936920221,0.21799628942486085,0.29684601113172543,0.3186456400742115
scratch_pretrain,2,2,0.7564186003758838,0.8031821212762082,0.8747680890538033,0.841225626740947,0.018202342999757093,0.010471022999354318,46,2027,1.0457035009435875,0.7668756353853197,0.9847390089979233,0.9903081338495794,,,0.12012987012987013,0.16929499072356216,0.3181818181818182,0.39239332096474955
scratch_pretrain,3,3,0.526547960722593,0.5773281800329746,0.8942486085343229,0.8523676880222841,0.0252294649999385,0.015634506999049336,46,2027,1.0323209097705093,0.5368711698202981,0.9765359789278832,0.9795123894318691,,,0.17717996289424862,0.18645640074211503,0.25092764378478666,0.3854359925788497
scratch_pretrain,4,4,0.4017005537033071,0.4601008277817516,0.9294990723562152,0.8997214484679665,0.03209518499988917,0.020701785999335698,46,2027,1.0458430780602188,0.4121589844839093,0.9666075180889353,0.9737405800983855,,,0.16048237476808905,0.15584415584415584,0.3047309833024119,0.37894248608534326
scratch_pretrain,5,5,0.33018678435859644,0.39686230817431434,0.9443413729128015,0.9108635097493036,0.03896114500003023,0.02576626199970633,46,2027,1.0560475082650302,0.34074725944124673,0.9572892623688563,0.9664492500188395,,,0.1391465677179963,0.16326530612244897,0.32421150278293137,0.37337662337662336
scratch_pretrain,6,6,0.29405009442771957,0.3595155820323101,0.9424860853432282,0.9080779944289693,0.045776448999731656,0.030807992999598355,46,2027,1.0377630234663806,0.3044277246623834,0.95310281875519,0.9604869556906134,,,0.1859925788497217,0.16512059369202226,0.28617810760667906,0.362708719851577
scratch_pretrain,7,7,0.24561223146967823,0.31706406691241956,0.9526901669758813,0.9331476323119777,0.052571813999747974,0.03581432099963422,46,2027,1.0458940268718588,0.25607117173839683,0.9468976989884991,0.9578402234898171,,,0.1614100185528757,0.16094619666048238,0.32421150278293137,0.3534322820037106
scratch_pretrain,8,8,0.22092328769799313,0.29316344828480617,0.9554730983302412,0.9387186629526463,0.059367717999975866,0.04086158999962208,46,2027,1.0550077016300419,0.23147336471429356,0.9398499054857932,0.9527393080826508,,,0.16094619666048238,0.15630797773654917,0.3205009276437848,0.3622448979591837
scratch_pretrain,9,9,0.20095157109938971,0.2787415043499628,0.9647495361781077,0.935933147632312,0.06621420999999827,0.04596083699971132,46,2027,1.0519722015213224,0.21147129311460294,0.9354278155711614,0.9487340487128981,,,0.16558441558441558,0.15769944341372913,0.3181818181818182,0.3585343228200371
scratch_pretrain,10,10,0.19216537168105577,0.2670838952763875,0.9619666048237476,0.9415041782729805,0.0730090229999405,0.050971380999726534,46,2027,1.0399280509710187,0.20256465219076597,0.9325234932012584,0.9459070088198404,,,0.19851576994434136,0.15306122448979592,0.3010204081632653,0.3474025974025974
scratch_pretrain,11,11,0.16635731286740077,0.25071723209166136,0.9749536178107606,0.9526462395543176,0.07978193299959457,0.05599580599982801,46,2027,1.049481275353291,0.17685212562093366,0.9269276031196443,0.9425390319753538,,,0.18089053803339517,0.15398886827458255,0.312152133580705,0.3529684601113173
scratch_pretrain,12,12,0.15380771419686262,0.23811074896897852,0.974025974025974,0.947075208913649,0.08660744299959333,0.06099818699976822,46,2027,1.0408147899012044,0.16421586209587466,0.9244601424561971,0.93947360141054,,,0.17996289424860853,0.16233766233766234,0.31539888682745826,0.3423005565862709
scratch_pretrain,13,13,0.14593244978594053,0.22409786169072446,0.9786641929499073,0.958217270194986,0.09334145499997248,0.06599710399996184,46,2027,1.0545728971092543,0.15647817875703307,0.9186944867437279,0.9373461642902081,,,0.1725417439703154,0.150278293135436,0.33116883116883117,0.3460111317254174
scratch_pretrain,14,14,0.13601136489464652,0.21699417849546254,0.9795918367346939,0.958217270194986,0.10007744999984425,0.07102921099976811,46,2027,1.0399009631178509,0.14641037452582503,0.9171001595693214,0.9340689877757519,,,0.19573283858998144,0.1567717996289425,0.3051948051948052,0.3423005565862709
scratch_pretrain,15,15,0.1257159846082034,0.20530636408862885,0.9833024118738405,0.958217270194986,0.10685205299978406,0.07602314099995056,46,2027,1.0497698795709598,0.13621368340391302,0.9128918653834064,0.9324855040282155,,,0.18181818181818182,0.14842300556586271,0.33534322820037105,0.3344155844155844
scratch_pretrain,16,16,0.11627430932885133,0.19897075157963082,0.9851576994434137,0.958217270194986,0.11359484799959318,0.08103679899977578,46,2027,1.046532226492186,0.1267396315937732,0.910307557833039,0.9299762001769882,,,0.18645640074211503,0.150278293135436,0.33070500927643787,0.3325602968460111
scratch_pretrain,17,17,0.10710806385027491,0.19811337210548297,0.987012987012987,0.9554317548746518,0.12035704299978534,0.08602013299969258,46,2027,1.0440776448715707,0.11754884029899061,0.9072279974523626,0.9272813931062932,,,0.18877551020408162,0.1553803339517625,0.3177179962894249,0.33812615955473097
scratch_pretrain,18,18,0.10494057720276267,0.1928545487150673,0.9851576994434137,0.9554317548746518,0.1271185659998082,0.09103959999993094,46,2027,1.0413733515265982,0.11535431071802865,0.90500829327014,0.9256993238870577,,,0.19758812615955473,0.15213358070500926,0.3177179962894249,0.3325602968460111
scratch_pretrain,19,19,0.0983293788393941,0.18570674395027237,0.9879406307977736,0.9554317548746518,0.13392372499993144,0.09608555799968599,46,2027,1.0444839287981085,0.10877421812737519,0.901688637086159,0.9232105401302232,,,0.18552875695732837,0.15584415584415584,0.32560296846011133,0.33302411873840443
scratch_pretrain,20,20,0.09176820727590418,0.18488550277789662,0.9860853432282004,0.9554317548746518,0.14068897399965863,0.10108034799986854,46,2027,1.0407074327928738,0.10217528160383292,0.8997824439659226,0.9214156117013509,0.019113788329372668,0.004123213930534859,0.1971243042671614,0.15398886827458255,0.3167903525046382,0.3320964749536178
linear_continue,0,20,0.16096407237034363,0.24757758513158068,0.974025974025974,0.935933147632312,0.0003005909998137213,0.0,46,2027,,,,,,,,,,
linear_continue,1,21,0.15495878362108667,0.24150673917639695,0.9758812615955473,0.9387186629526463,0.0017955359999177745,0.0012355660001048818,46,2027,,,,,,,,,,
linear_continue,2,22,0.14657078690633646,0.23373593645327553,0.9777365491651205,0.9387186629526463,0.00323930400008976,0.0024145370002770505,46,2027,,,,,,,,,,
linear_continue,3,23,0.1405221530445421,0.23059575263941445,0.9786641929499073,0.935933147632312,0.004686416999902576,0.0036267070004214474,46,2027,,,,,,,,,,
linear_continue,4,24,0.1354288955716253,0.22446059236758373,0.9795918367346939,0.9387186629526463,0.006097705999764003,0.004790524000327423,46,2027,,,,,,,,,,
linear_continue,5,25,0.13038663836595005,0.2214765332157585,0.9795918367346939,0.9387186629526463,0.007490256999972189,0.005956895000508666,46,2027,,,,,,,,,,
linear_continue,6,26,0.12609175859986357,0.21634082081001868,0.9805194805194806,0.9387186629526463,0.008906072999707249,0.0071477630008303095,46,2027,,,,,,,,,,
linear_continue,7,27,0.12196163348472874,0.21285038610124868,0.9805194805194806,0.9415041782729805,0.01031095300004381,0.008325051000610983,46,2027,,,,,,,,,,
linear_continue,8,28,0.11817276460387695,0.20959234476588054,0.9842300556586271,0.9415041782729805,0.011688050999964616,0.009474778000367223,46,2027,,,,,,,,,,
linear_continue,9,29,0.11488192664711515,0.2076132793830387,0.9814471243042672,0.9387186629526463,0.013129795999702765,0.010672356000213767,46,2027,,,,,,,,,,
linear_continue,10,30,0.11159221491753622,0.2029904965245463,0.9851576994434137,0.9442896935933147,0.01450716499994087,0.011826990000372462,46,2027,,,,,,,,,,
linear_continue,11,31,0.10851764306790357,0.20244299102898822,0.9860853432282004,0.9415041782729805,0.01592979099996228,0.012982545000340906,46,2027,,,,,,,,,,
linear_continue,12,32,0.10564030725416998,0.20059139410953544,0.987012987012987,0.9415041782729805,0.017337525000129972,0.014168125000196596,46,2027,,,,,,,,,,
linear_continue,13,33,0.10332130953358812,0.1966993766444687,0.987012987012987,0.9442896935933147,0.018711857999733184,0.015320446000259835,46,2027,,,,,,,,,,
linear_continue,14,34,0.10063411537798868,0.19555602740709682,0.987012987012987,0.9442896935933147,0.020132741999987047,0.016465365000385646,46,2027,,,,,,,,,,
linear_continue,15,35,0.09824044734741649,0.19381866873494188,0.9879406307977736,0.9442896935933147,0.021513504999802535,0.01762235300066095,46,2027,,,,,,,,,,
linear_continue,16,36,0.09630517032739183,0.19095895604639262,0.9879406307977736,0.947075208913649,0.022912054999778775,0.01878196400093657,46,2027,,,,,,,,,,
linear_continue,17,37,0.09408352605643154,0.19162804526849364,0.9879406307977736,0.9442896935933147,0.024360940999940794,0.019998902000679664,46,2027,,,,,,,,,,
linear_continue,18,38,0.09204140410132187,0.1878148542620121,0.9888682745825603,0.947075208913649,0.025739771999724326,0.021152815000732517,46,2027,,,,,,,,,,
linear_continue,19,39,0.08992371955746055,0.1867094534468011,0.9879406307977736,0.947075208913649,0.027136529000017617,0.02230479500076399,46,2027,,,,,,,,,,
linear_continue,20,40,0.08820948129470998,0.18498950188580818,0.9879406307977736,0.9498607242339833,0.02858303099992554,0.023526780000793224,46,2027,,,,,,,,,,
linear_continue,21,41,0.08647875038654053,0.18444235111520746,0.9879406307977736,0.9498607242339833,0.030102102999990166,0.02471575500067047,46,2027,,,,,,,,,,
linear_continue,22,42,0.0847796773891192,0.18376929009649828,0.9879406307977736,0.9498607242339833,0.0314892559999862,0.025878541001020494,46,2027,,,,,,,,,,
linear_continue,23,43,0.08336145770972687,0.1829289437306113,0.9897959183673469,0.9498607242339833,0.03292687399971328,0.027076971000951744,46,2027,,,,,,,,,,
linear_continue,24,44,0.08160023459120959,0.18012062692249767,0.9897959183673469,0.9526462395543176,0.03433554000002914,0.028254650000690162,46,2027,,,,,,,,,,
linear_continue,25,45,0.08017950617894123,0.179689374539814,0.9879406307977736,0.9526462395543176,0.03570968299982269,0.02940268400061541,46,2027,,,,,,,,,,
linear_continue,26,46,0.07869432822491866,0.1797391147357746,0.9897959183673469,0.9498607242339833,0.03713336100008746,0.030582546000459843,46,2027,,,,,,,,,,
linear_continue,27,47,0.07744691940279319,0.17693021542710505,0.9897959183673469,0.9526462395543176,0.03851684799974464,0.031742007000048034,46,2027,,,,,,,,,,
linear_continue,28,48,0.07625340715265744,0.17964335602923764,0.9888682745825603,0.9526462395543176,0.03991076100010105,0.03288765700017393,46,2027,,,,,,,,,,
linear_continue,29,49,0.07478372356332065,0.1753963146718611,0.9888682745825603,0.9526462395543176,0.04131291700014117,0.034064454000144906,46,2027,,,,,,,,,,
linear_continue,30,50,0.0735615844891547,0.1741504898485726,0.9897959183673469,0.9554317548746518,0.04275843799996437,0.035271706000457925,46,2027,,,,,,,,,,
linear_continue,31,51,0.07245142207386314,0.17546131303047535,0.9907235621521335,0.9526462395543176,0.044202256000062334,0.036459891000504285,46,2027,,,,,,,,,,
linear_continue,32,52,0.07123201430052653,0.1726791744190768,0.9897959183673469,0.9554317548746518,0.045592584000132774,0.037623288000304456,46,2027,,,,,,,,,,
linear_continue,33,53,0.07001459083419116,0.17336518248804272,0.9897959183673469,0.9610027855153204,0.04696793899984186,0.03877511700011382,46,2027,,,,,,,,,,
linear_continue,34,54,0.06900798703386259,0.1723702517915488,0.9897959183673469,0.9610027855153204,0.048394030000054045,0.039978744000109145,46,2027,,,,,,,,,,
linear_continue,35,55,0.06815133742987563,0.1709081146985075,0.9916512059369202,0.9554317548746518,0.04977427299991177,0.04113556199990853,46,2027,,,,,,,,,,
linear_continue,36,56,0.0669579468593999,0.1714826278680516,0.9916512059369202,0.9610027855153204,0.051167183999950794,0.04228539899986572,46,2027,,,,,,,,,,
linear_continue,37,57,0.06601357700605891,0.16956175494264164,0.9907235621521335,0.958217270194986,0.05258808799999315,0.04348225599960642,46,2027,,,,,,,,,,
linear_continue,38,58,0.06496902380247899,0.17030115056042058,0.9925788497217068,0.9610027855153204,0.053956523000124434,0.044629107999753614,46,2027,,,,,,,,,,
linear_continue,39,59,0.06428703642598292,0.17005153162284664,0.9916512059369202,0.9610027855153204,0.05535416199973042,0.04580485299948123,46,2027,,,,,,,,,,
linear_continue,40,60,0.06315970854749188,0.16856593053689567,0.9916512059369202,0.958217270194986,0.0567645299997821,0.04699232599932657,46,2027,,,,,,,,,,
linear_continue,41,61,0.06232267246475684,0.16717756634356035,0.9907235621521335,0.958217270194986,0.0582122639998488,0.048156453999126825,46,2027,,,,,,,,,,
linear_continue,42,62,0.06148180175010227,0.16824869616227878,0.9935064935064936,0.958217270194986,0.05958963200009748,0.04931181899883086,46,2027,,,,,,,,,,
linear_continue,43,63,0.06057607074996366,0.16672805408525185,0.9925788497217068,0.9610027855153204,0.06099518199971499,0.050496487998771045,46,2027,,,,,,,,,,
linear_continue,44,64,0.05976274361486177,0.1674507930346021,0.9944341372912802,0.9610027855153204,0.06239747800009354,0.051677721998657944,46,2027,,,,,,,,,,
linear_continue,45,65,0.05907983501935273,0.16699893202555682,0.9925788497217068,0.958217270194986,0.06379053000000567,0.0528320549988166,46,2027,,,,,,,,,,
linear_continue,46,66,0.05831025608312174,0.16492352733063073,0.9944341372912802,0.958217270194986,0.06523391800010359,0.05402521699852514,46,2027,,,,,,,,,,
linear_continue,47,67,0.057467491940449165,0.16605949005831203,0.9944341372912802,0.958217270194986,0.0666133390000141,0.05517988099836657,46,2027,,,,,,,,,,
linear_continue,48,68,0.05695807321028432,0.1638493683390998,0.9944341372912802,0.958217270194986,0.06801598499987449,0.05632718399874648,46,2027,,,,,,,,,,
linear_continue,49,69,0.05617514320668631,0.16572336606214963,0.9935064935064936,0.9610027855153204,0.06941184200013595,0.0575029089986856,46,2027,,,,,,,,,,
linear_continue,50,70,0.05540375799127591,0.16438257138278078,0.9944341372912802,0.958217270194986,0.07078661600007763,0.05865722199860102,46,2027,,,,,,,,,,
linear_continue,51,71,0.054998965788350486,0.16680406943192236,0.9925788497217068,0.958217270194986,0.07235654399983105,0.05998074899844141,46,2027,,,,,,,,,,
linear_continue,52,72,0.05396101980233841,0.1633702398999464,0.9944341372912802,0.958217270194986,0.07375145800006067,0.061146889998326515,46,2027,,,,,,,,,,
linear_continue,53,73,0.05336970507057457,0.16307498788040672,0.9944341372912802,0.958217270194986,0.07521889100007684,0.062318749998667045,46,2027,,,,,,,,,,
linear_continue,54,74,0.05275599969925552,0.16384919490904915,0.9944341372912802,0.9610027855153204,0.07662837799989575,0.0635041999985333,46,2027,,,,,,,,,,
linear_continue,55,75,0.0521563150523789,0.16250952719567058,0.9944341372912802,0.958217270194986,0.07801573100005044,0.06465862399863909,46,2027,,,,,,,,,,
linear_continue,56,76,0.05151480275140443,0.1632248427214816,0.9944341372912802,0.958217270194986,0.07944219299997712,0.06585642199843278,46,2027,,,,,,,,,,
linear_continue,57,77,0.05094959606378441,0.16278827730642,0.9944341372912802,0.958217270194986,0.08087313199985147,0.06704876299863827,46,2027,,,,,,,,,,
linear_continue,58,78,0.050301315471166466,0.16178431019696443,0.9944341372912802,0.958217270194986,0.08228454199979751,0.06820425899877591,46,2027,,,,,,,,,,
linear_continue,59,79,0.04974078005203007,0.1619722784897568,0.9944341372912802,0.958217270194986,0.08366454399993017,0.06935851199887111,46,2027,,,,,,,,,,
linear_continue,60,80,0.049324740053018304,0.1610701432313232,0.9944341372912802,0.958217270194986,0.0851036250001016,0.07054422299870566,46,2027,,,,,,,,,,
linear_continue,61,81,0.04887608987655636,0.16322743688376254,0.9944341372912802,0.958217270194986,0.08655004699994606,0.07171405999861236,46,2027,,,,,,,,,,
linear_continue,62,82,0.048144379990598764,0.1613441892317679,0.9944341372912802,0.958217270194986,0.08800580299975991,0.07287327099902541,46,2027,,,,,,,,,,
linear_continue,63,83,0.04768581348056183,0.16106957989084272,0.9944341372912802,0.958217270194986,0.08942603500008772,0.07406755499914652,46,2027,,,,,,,,,,
linear_continue,64,84,0.047151741485954114,0.16170713531429398,0.9944341372912802,0.958217270194986,0.09079955800007156,0.07521657999905074,46,2027,,,,,,,,,,
linear_continue,65,85,0.04661004682031399,0.16199887982175107,0.9944341372912802,0.958217270194986,0.09244443799980218,0.07640662699895984,46,2027,,,,,,,,,,
linear_continue,66,86,0.04622377668628561,0.16270251496903934,0.9953617810760668,0.9610027855153204,0.0966322469998886,0.08022706399924573,46,2027,,,,,,,,,,
linear_continue,67,87,0.04574986835953977,0.1593600729081416,0.9944341372912802,0.958217270194986,0.0981191390001186,0.08145332499907454,46,2027,,,,,,,,,,
linear_continue,68,88,0.04519124207584891,0.16136274960239919,0.9944341372912802,0.958217270194986,0.09995556700005181,0.08302117899893346,46,2027,,,,,,,,,,
linear_continue,69,89,0.044733480660802925,0.159411404158501,0.9944341372912802,0.958217270194986,0.10137552900005176,0.08421181699895897,46,2027,,,,,,,,,,
linear_continue,70,90,0.0443797951675474,0.1605076433754404,0.9953617810760668,0.958217270194986,0.10277103499993245,0.0853740019988436,46,2027,,,,,,,,,,
linear_continue,71,91,0.04384345092764423,0.16205035937450854,0.9944341372912802,0.9610027855153204,0.10421575400005167,0.08656976699876395,46,2027,,,,,,,,,,
linear_continue,72,92,0.04334169032701474,0.16030891849365558,0.9953617810760668,0.958217270194986,0.10559724899985667,0.0877265139984047,46,2027,,,,,,,,,,
linear_continue,73,93,0.04315580962584643,0.16189608698990543,0.9953617810760668,0.9637883008356546,0.10696808700004112,0.0888735659982558,46,2027,,,,,,,,,,
linear_continue,74,94,0.042541866571122015,0.15933129132205207,0.9944341372912802,0.958217270194986,0.10839277700006278,0.09007503999828259,46,2027,,,,,,,,,,
linear_continue,75,95,0.042092166232920426,0.1605758943052144,0.9953617810760668,0.958217270194986,0.10977568399994198,0.09123615399812479,46,2027,,,,,,,,,,
linear_continue,76,96,0.04180733708919811,0.16147487292669574,0.9944341372912802,0.9610027855153204,0.11117837999972835,0.0923914789977971,46,2027,,,,,,,,,,
linear_continue,77,97,0.041270734223237814,0.158870249718043,0.9953617810760668,0.958217270194986,0.11265367499981949,0.09362852599770122,46,2027,,,,,,,,,,
linear_continue,78,98,0.04093227310299666,0.1615083038955411,0.9962894248608535,0.9610027855153204,0.11403528999971968,0.09478219799757426,46,2027,,,,,,,,,,
linear_continue,79,99,0.040576823753139396,0.1585137246150555,0.9953617810760668,0.958217270194986,0.11544593799999348,0.09596663699767305,46,2027,,,,,,,,,,
linear_continue,80,100,0.040135086753093,0.1600498669845054,0.9962894248608535,0.9610027855153204,0.11685675699982312,0.09715535199757142,46,2027,,,,,,,,,,
moe_continue,0,20,0.16096407237034363,0.2475775851315807,0.974025974025974,0.935933147632312,0.001165029000276263,0.0,46,2027,1.0362893217650326,0.17132696558799396,0.9952108669355554,0.9980037880991868,2.9949673237381095e-18,0.007738808913293451,0.09137291280148423,0.39053803339517623,0.17068645640074212,0.3474025974025974
moe_continue,1,21,0.15029684978011587,0.23624936239595687,0.9749536178107606,0.9387186629526463,0.011198986000181321,0.005384605000017473,46,2027,1.0330633617017957,0.16062748339713384,0.9957018920274088,0.9972771719845912,,,0.19341372912801486,0.06910946196660482,0.3200371057513915,0.4174397031539889
moe_continue,2,22,0.13919438663330547,0.22567950301595785,0.9795918367346939,0.947075208913649,0.017997595999986515,0.010409110000182409,46,2027,1.03987672996838,0.14959315393298928,0.9943287525404706,0.9963486069553272,,,0.15352504638218925,0.35018552875695735,0.40584415584415584,0.09044526901669758
moe_continue,3,23,0.13163298037953686,0.22284639181942473,0.9805194805194806,0.9387186629526463,0.024795734000235825,0.015463410000393196,46,2027,1.0168252776245355,0.14180123315578222,0.9937259963007733,0.993455229152306,,,0.35482374768089053,0.16743970315398887,0.2541743970315399,0.22356215213358072
moe_continue,4,24,0.12823172421070836,0.22067842685898875,0.9758812615955473,0.9415041782729805,0.031613392000053864,0.020478832000208058,46,2027,1.0714144832703747,0.1389458690434121,0.9869438000662918,0.9839660527123524,,,0.22820037105751392,0.16001855287569575,0.46938775510204084,0.14239332096474955
moe_continue,5,25,0.1243228691550998,0.21192039345212693,0.9814471243042672,0.947075208913649,0.0384094770001866,0.02552183399984642,46,2027,1.017107109617721,0.134493940251277,0.9899268980377718,0.9895486699527709,,,0.3404452690166976,0.18923933209647495,0.19990723562152132,0.27040816326530615
moe_continue,6,26,0.10725711801114024,0.20132698733117926,0.9851576994434137,0.9498607242339833,0.04534486200009269,0.030655542999738827,46,2027,1.007473100566746,0.1173318490168077,0.9889999286887777,0.9880883236481739,,,0.2560296846011132,0.24628942486085342,0.3098330241187384,0.187847866419295
moe_continue,7,27,0.10184545397762365,0.19659867206763565,0.9833024118738405,0.958217270194986,0.052118813000106456,0.03566333299932012,46,2027,1.0260088755548142,0.11210554273317179,0.985984661563747,0.9846850353162225,,,0.20593692022263452,0.2699443413729128,0.37244897959183676,0.15166975881261596
moe_continue,8,28,0.09538363348156523,0.1867317076685808,0.9860853432282004,0.9554317548746518,0.05893896499992479,0.040700466999169294,46,2027,1.007143371121813,0.10545506719278336,0.9858371340903643,0.984690824183756,,,0.23562152133580705,0.23098330241187384,0.313543599257885,0.21985157699443414
moe_continue,9,29,0.08943701726143964,0.18319440521477035,0.9842300556586271,0.958217270194986,0.06574515500005873,0.045708005999131274,46,2027,1.0253382004776226,0.09969039926621587,0.9810290338300146,0.979090835158848,,,0.23283858998144713,0.29962894248608535,0.34415584415584416,0.12337662337662338
moe_continue,10,30,0.08543158745561893,0.1755464725795459,0.9851576994434137,0.9610027855153204,0.07382387699999526,0.05159298299895454,46,2027,1.0127129085702624,0.09555871654132156,0.9799010500800187,0.9793417572422412,,,0.19526901669758812,0.28617810760667906,0.3200371057513915,0.19851576994434136
moe_continue,11,31,0.07999641129599648,0.17066153098754322,0.987012987012987,0.9610027855153204,0.08358519500006878,0.05887843299888118,46,2027,1.0158972040857421,0.0901553833368539,0.9766012447792863,0.9758128838967498,,,0.19851576994434136,0.2912801484230056,0.3232838589981447,0.18692022263450836
moe_continue,12,32,0.07816770806117711,0.1690024917818875,0.9860853432282004,0.9637883008356546,0.09099596300029589,0.06426223799871877,46,2027,1.0225801706814703,0.08839350976799182,0.9722580648868699,0.9694963411875083,,,0.22866419294990722,0.28664192949907236,0.3293135435992579,0.1553803339517625
moe_continue,13,33,0.07751560275372574,0.15705370175725203,0.9888682745825603,0.9665738161559888,0.0983059800000774,0.06973395399882065,46,2027,1.0223961964511104,0.08773956471823684,0.9683270583590812,0.9648777590414267,,,0.21057513914656772,0.2453617810760668,0.3358070500927644,0.2082560296846011
moe_continue,14,34,0.07371616048499947,0.16257075904933932,0.9897959183673469,0.9554317548746518,0.10610545200006527,0.07537331199864639,46,2027,1.038958180154789,0.08410574228654737,0.9639961724321763,0.9629952653922076,,,0.2193877551020408,0.3325602968460111,0.3320964749536178,0.11595547309833024
moe_continue,15,35,0.06658967073258179,0.1567110857279696,0.9916512059369202,0.9610027855153204,0.1140032319999591,0.08125737799855415,46,2027,1.0196864540784516,0.0767865352733663,0.9641463840110561,0.9636680007646268,,,0.24443413729128013,0.3075139146567718,0.30287569573283857,0.14517625231910947
moe_continue,16,36,0.06718205988696381,0.14914797017331963,0.9907235621521335,0.9665738161559888,0.12295105800012607,0.08813481599827355,46,2027,1.0227367270718168,0.07740942715768198,0.9591871724662864,0.9573163226466831,,,0.2258812615955473,0.27736549165120594,0.3228200371057514,0.17393320964749537
moe_continue,17,37,0.06470063057868895,0.15837769959221404,0.9916512059369202,0.9637883008356546,0.13182566400018914,0.09497248399839009,46,2027,1.02996870394523,0.07500031761814126,0.9551678703657859,0.9550361889733482,,,0.27736549165120594,0.2945269016697588,0.30287569573283857,0.12523191094619665
moe_continue,18,38,0.05904448832546553,0.14439898161219317,0.9953617810760668,0.9637883008356546,0.1416556050003237,0.10263706299838304,46,2027,1.017513431196037,0.0692196226374259,0.952476014877995,0.9521340048224654,,,0.23469387755102042,0.275974025974026,0.30936920222634506,0.17996289424860853
moe_continue,19,39,0.058316459228604546,0.14698121802913322,0.9925788497217068,0.9610027855153204,0.1507477990003281,0.10950999399847205,46,2027,1.025636216669103,0.06857282139529558,0.9485775244711303,0.9491596124830307,,,0.25139146567717996,0.30194805194805197,0.30612244897959184,0.14053803339517626
moe_continue,20,40,0.05782896178512312,0.1403959890164597,0.9935064935064936,0.9610027855153204,0.1604946249999557,0.11681174799832661,46,2027,1.015798987186126,0.06798695165698437,0.9458280128920301,0.9463654698551117,0.021382009390707942,0.0025016084721777173,0.22680890538033396,0.24953617810760667,0.312152133580705,0.21150278293135436
moe_continue,21,41,0.05235201908046284,0.1396177853796741,0.9944341372912802,0.9637883008356546,0.17345362400010345,0.12334582999847044,46,2027,1.021105455419235,0.06256307363465519,0.9411285840000075,0.9425777322734237,,,0.24211502782931354,0.2912801484230056,0.3038033395176252,0.16280148423005567
moe_continue,22,42,0.05464084040330504,0.14166727570850673,0.9944341372912802,0.9637883008356546,0.18266908800023884,0.13064197199810224,46,2027,1.040078402868911,0.06504162443199415,0.9316221980526109,0.9304749553477496,,,0.26437847866419295,0.2717996289424861,0.325139146567718,0.13868274582560297
moe_continue,23,43,0.04789252482698636,0.13726216459958665,0.9972170686456401,0.9637883008356546,0.1913711450001756,0.13735013499808701,46,2027,1.0143140174441874,0.05803566500142823,0.9358462599592734,0.9421445028196517,,,0.22820037105751392,0.3075139146567718,0.2852504638218924,0.1790352504638219
moe_continue,24,44,0.04556195394888558,0.13790937485959162,0.9972170686456401,0.9610027855153204,0.20020222600032866,0.14372658999809573,46,2027,1.0297444151152533,0.05585939810003811,0.9273220151616458,0.9303892467004254,,,0.2523191094619666,0.29962894248608535,0.3033395176252319,0.14471243042671614
moe_continue,25,45,0.04430457224727717,0.13171811189997498,0.9962894248608535,0.9637883008356546,0.2079356590002135,0.14948441699834802,46,2027,1.0213536557034537,0.05451810880431171,0.9254849137682256,0.9297919864948336,,,0.23283858998144713,0.2912801484230056,0.3014842300556586,0.17439703153988867
moe_continue,26,46,0.04419336066508508,0.13173141833109053,0.9981447124304267,0.9637883008356546,0.21661645500034865,0.15625382299822377,46,2027,1.017170225360651,0.05436506291869159,0.9221406081555905,0.9274635460049937,,,0.22959183673469388,0.28014842300556586,0.2982374768089054,0.19202226345083487
moe_continue,27,47,0.041619964149198614,0.12800138141471656,0.9972170686456401,0.9637883008356546,0.225545823000175,0.16286918699825037,46,2027,1.0219221597684598,0.05183918574688321,0.9173776110807642,0.9220074089382377,,,0.23979591836734693,0.27736549165120594,0.30287569573283857,0.17996289424860853
moe_continue,28,48,0.04253816417676731,0.1353966502603598,0.9981447124304267,0.9610027855153204,0.23493995000035284,0.1698381219980547,46,2027,1.0358119500731238,0.05289628367749855,0.9103549094647727,0.9167455400904041,,,0.2634508348794063,0.30009276437847865,0.29962894248608535,0.13682745825602968
moe_continue,29,49,0.039529507017771325,0.1328322759862049,0.9981447124304267,0.9610027855153204,0.2466322370000853,0.17830337399800555,46,2027,1.0084509381671278,0.0496140163994426,0.9135015742467365,0.9250994179970448,,,0.2230983302411874,0.2787569573283859,0.2829313543599258,0.21521335807050093
moe_continue,30,50,0.03730753272677654,0.12531590940090964,0.9990723562152134,0.9665738161559888,0.2585483210000348,0.18704661299807412,46,2027,1.0310775458978467,0.04761830818575501,0.9033830558204035,0.9125687893623939,,,0.24304267161410018,0.30565862708719854,0.29916512059369205,0.15213358070500926
moe_continue,31,51,0.036049278300710114,0.12694818837241087,0.9981447124304267,0.9637883008356546,0.27371271700030775,0.19939053899815917,46,2027,1.0186385812382144,0.046235664113092254,0.9043902801911454,0.9151316554497846,,,0.24025974025974026,0.2940630797773655,0.2880333951762523,0.17764378478664192
moe_continue,32,52,0.03586530825651904,0.12299728807782616,0.9981447124304267,0.9665738161559888,0.28587905700032934,0.2084472489982545,46,2027,1.0249589078385521,0.046114897334904564,0.8970806305985911,0.9059690061355369,,,0.23933209647495363,0.275974025974026,0.30241187384044527,0.18228200371057515
moe_continue,33,53,0.034651895150108275,0.12262949652246306,0.9981447124304267,0.9665738161559888,0.2964304609999999,0.21657930999799646,46,2027,1.0271195624737899,0.04492309077484617,0.8932434538344598,0.9026609158354338,,,0.2504638218923933,0.2787569573283859,0.2987012987012987,0.17207792207792208
moe_continue,34,54,0.03275407439482527,0.12165502043857059,0.9990723562152134,0.9693593314763231,0.3241338220000216,0.23414655499800574,46,2027,1.0271583270647047,0.04302565766547232,0.8919918277750333,0.9049287284557478,,,0.22634508348794063,0.30844155844155846,0.2940630797773655,0.17115027829313545
moe_continue,35,55,0.033162558940511795,0.12498645915474005,0.9972170686456401,0.9637883008356546,0.33814478100021006,0.24407458399809911,46,2027,1.0275843376357572,0.043438402316869365,0.8879811263394718,0.8999340336932791,,,0.2602040816326531,0.28710575139146566,0.288961038961039,0.1637291280148423
moe_continue,36,56,0.030324252983489584,0.12137107491093711,0.9990723562152134,0.9665738161559888,0.35700498200003494,0.26043514199818674,46,2027,1.0260878777898201,0.04058513176138778,0.8852603796469126,0.8982467625491087,,,0.23654916512059368,0.28664192949907236,0.29777365491651203,0.1790352504638219
moe_continue,37,57,0.031689114243410435,0.11981691075521805,0.9981447124304267,0.9665738161559888,0.3683509890001915,0.2693529739981386,46,2027,1.0167123070865463,0.0418562373142759,0.8859568998456598,0.9011518655186058,,,0.23283858998144713,0.27782931354359924,0.2898886827458256,0.19944341372912802
moe_continue,38,58,0.034262173579407446,0.13619961448758094,0.9962894248608535,0.9610027855153204,0.37884294500008764,0.2774441949982247,46,2027,1.0575549565637692,0.04483772314504514,0.8698702516337761,0.8826308090814541,,,0.26205936920222633,0.3051948051948052,0.310760667903525,0.12198515769944342
moe_continue,39,59,0.028262849727558114,0.1193899866518078,0.9990723562152134,0.9637883008356546,0.39002033900032984,0.2860723709982267,46,2027,1.021348946358512,0.03847633919114323,0.8783300737040568,0.8950583761762962,,,0.22866419294990722,0.2884972170686456,0.29081632653061223,0.19202226345083487
moe_continue,40,60,0.028006330596005376,0.11723117976651255,0.9990723562152134,0.9693593314763231,0.40056970100022227,0.29414026599806675,46,2027,1.0336039714835379,0.03834237031084076,0.8712973025274156,0.8870853518384177,0.006101287904692716,0.002872429835082593,0.2481447124304267,0.29591836734693877,0.2949907235621521,0.16094619666048238
moe_continue,41,61,0.02685377582808793,0.11687737967368535,0.9990723562152134,0.9665738161559888,0.41494415600027423,0.30217657399816744,46,2027,1.0185431222259855,0.037039207050347786,0.8737690769580432,0.8915945698078748,,,0.24025974025974026,0.2820037105751391,0.2852504638218924,0.1924860853432282
moe_continue,42,62,0.026026920286113565,0.11804983051918112,0.9990723562152134,0.9693593314763231,0.4274817030000122,0.31220626499816717,46,2027,1.0330932189520843,0.03635785247563441,0.8663334697897346,0.8827754287592935,,,0.24721706864564008,0.29081632653061223,0.29591836734693877,0.1660482374768089
moe_continue,43,63,0.024992043412066334,0.1159543463560145,0.9990723562152134,0.9693593314763231,0.44469287800029633,0.3270191579981656,46,2027,1.025550958073545,0.03524755299280179,0.8663417708285005,0.8843552697548707,,,0.24257884972170687,0.28710575139146566,0.2898886827458256,0.18042671614100186
moe_continue,44,64,0.024523402915186565,0.11670794018662276,0.9990723562152134,0.9665738161559888,0.4551159689999622,0.33507902099790954,46,2027,1.0215620238591707,0.034739023153778276,0.8655340615757384,0.8846870998878202,,,0.24072356215213359,0.2852504638218924,0.2857142857142857,0.18831168831168832
moe_continue,45,65,0.02372783273420028,0.11492807462067914,0.9990723562152134,0.9693593314763231,0.46750388200007365,0.345132657997965,46,2027,1.0329125004240227,0.03405695773844051,0.8589974148879916,0.8772463141056583,,,0.23840445269016697,0.2917439703153989,0.29777365491651203,0.17207792207792208
moe_continue,46,66,0.02281464307279215,0.11657887765899642,0.9990723562152134,0.9693593314763231,0.4775985300002503,0.35281522499781204,46,2027,1.02978383787141,0.03311248145150625,0.8578302855615528,0.8769986658461543,,,0.24257884972170687,0.29081632653061223,0.29267161410018555,0.17393320964749537
moe_continue,47,67,0.023512388317229342,0.11664034517589235,0.9990723562152134,0.9665738161559888,0.49366081000016493,0.36578148499756935,46,2027,1.0255966656705218,0.03376835497393456,0.857096285237255,0.8776911108025981,,,0.22727272727272727,0.2880333951762523,0.29359925788497215,0.19109461966604824
moe_continue,48,68,0.021893741687205207,0.11516557787190476,0.9990723562152134,0.9693593314763231,0.5090643560001809,0.37804270199785606,46,2027,1.0324322574916018,0.032218064262121225,0.8536519230563233,0.8752553650434012,,,0.25,0.29777365491651203,0.287569573283859,0.16465677179962895
moe_continue,49,69,0.022367424308483014,0.11785442719851448,0.9990723562152134,0.9665738161559888,0.520663524000156,0.38686665199793424,46,2027,1.0418390136511098,0.03278581444499411,0.8488268201909542,0.8720318020005263,,,0.23608534322820038,0.31910946196660483,0.29081632653061223,0.15398886827458255
moe_continue,50,70,0.02172286873272314,0.1169813049540254,0.9990723562152134,0.9665738161559888,0.5317225300000246,0.3948433809978269,46,2027,1.0450022325626351,0.03217289105834949,0.845646159438768,0.8696115727113839,,,0.24072356215213359,0.31910946196660483,0.2912801484230056,0.14888682745825602
moe_continue,51,71,0.02168629118645813,0.1152929443984226,0.9981447124304267,0.9665738161559888,0.5414193920000798,0.40197281699738596,46,2027,1.0302688767142776,0.03198897995360091,0.8445965828168788,0.8672016314632965,,,0.23794063079777367,0.2829313543599258,0.29545454545454547,0.1836734693877551
moe_continue,52,72,0.020637858296328845,0.1214792431530755,0.9990723562152134,0.9665738161559888,0.5509004590003315,0.40901359899771705,46,2027,1.0329033690150455,0.0309668919864793,0.8443714378329215,0.8698261165868958,,,0.23191094619666047,0.3079777365491651,0.287569573283859,0.1725417439703154
moe_continue,53,73,0.01974899280945147,0.1175888700396565,0.9990723562152134,0.9637883008356546,0.5599745350000376,0.4159479719974115,46,2027,1.0346472151466297,0.030095464960917768,0.8410337828805579,0.8649597211703259,,,0.25092764378478666,0.29267161410018555,0.2898886827458256,0.16651205936920221
moe_continue,54,74,0.019916373589506976,0.11465441374871065,0.9990723562152134,0.9637883008356546,0.5691988270000365,0.42269950999752837,46,2027,1.0298978293290293,0.030215351882797267,0.8399853043411083,0.8652436937095739,,,0.22541743970315398,0.2922077922077922,0.29359925788497215,0.18877551020408162
moe_continue,55,75,0.018594107583139056,0.11847477624870378,0.9990723562152134,0.9665738161559888,0.5784426770001119,0.4299414739975873,46,2027,1.0256366478889205,0.028850474062028262,0.8415817666681487,0.8681144350201323,,,0.23794063079777367,0.2922077922077922,0.28432282003710574,0.18552875695732837
moe_continue,56,76,0.018412515391124755,0.1190190963704893,0.9990723562152134,0.9665738161559888,0.5919728950002536,0.4397233119975681,46,2027,1.023087083150883,0.028643386222633585,0.8396734089701824,0.8663644167436212,,,0.2342300556586271,0.2829313543599258,0.28664192949907236,0.19619666048237477
moe_continue,57,77,0.01779964871296411,0.11341439583336504,0.9990723562152134,0.9665738161559888,0.6058402590001606,0.4511574119978832,46,2027,1.0290784772504795,0.028090433485468906,0.8350533777642882,0.8612842892713282,,,0.23562152133580705,0.288961038961039,0.2898886827458256,0.18552875695732837
moe_continue,58,78,0.020055324042975525,0.11290823043231499,0.9981447124304267,0.9665738161559888,0.6172321150002062,0.4599062799979947,46,2027,1.0206704168757448,0.030262028211732975,0.8357775442690045,0.8629579581177135,,,0.2305194805194805,0.2722634508348794,0.288961038961039,0.2082560296846011
moe_continue,59,79,0.01705275036261897,0.11817423238500768,1.0,0.9693593314763231,0.6264864710001348,0.4670202519982922,46,2027,1.0355714571069075,0.027408464933688044,0.8308159121189203,0.8584453094002193,,,0.24257884972170687,0.2982374768089054,0.2894248608534323,0.16975881261595546
moe_continue,60,80,0.019097364922375112,0.11669010600485744,0.9990723562152134,0.9693593314763231,0.6368240050001077,0.47471134199849985,46,2027,1.0190024780116256,0.029287389702491368,0.8346552737235152,0.8652937026581401,0.01879274614289071,0.0018896775331672029,0.2277365491651206,0.2884972170686456,0.2787569573283859,0.20500927643784786
moe_continue,61,81,0.01720226581551781,0.11279660412761436,1.0,0.9693593314763231,0.6501182480001262,0.4825226219986689,46,2027,1.0441525651242676,0.027643791466760485,0.8211794770866625,0.8487823275869049,,,0.23562152133580705,0.2945269016697588,0.300556586270872,0.16929499072356216
moe_continue,62,82,0.016712293046047235,0.11789525617137461,1.0,0.9637883008356546,0.6597483790001206,0.4900556129987308,46,2027,1.029695491586032,0.027009247961907554,0.8275266152517236,0.8588632704276699,,,0.2305194805194805,0.29777365491651203,0.28617810760667906,0.18552875695732837
moe_continue,63,83,0.01808858336536603,0.12131259649760466,0.9981447124304267,0.9637883008356546,0.6704587720000745,0.4988658129987016,46,2027,1.0219824392190633,0.028308407757556664,0.828421531600516,0.8596916472952127,,,0.24165120593692022,0.2857142857142857,0.2792207792207792,0.19341372912801486
moe_continue,64,84,0.016165369173107347,0.11749087225247999,1.0,0.9693593314763231,0.678888200000074,0.5053814269986106,46,2027,1.048245543870207,0.026647824611809416,0.8143719162287115,0.8429335012759469,,,0.2435064935064935,0.29267161410018555,0.30194805194805197,0.161873840445269
moe_continue,65,85,0.015779934820911546,0.11067186562492448,1.0,0.9693593314763231,0.6874923109999145,0.5117430399986915,46,2027,1.0243663524109579,0.026023598345021125,0.8224180033785842,0.8549404387063411,,,0.22448979591836735,0.28339517625231914,0.2880333951762523,0.20408163265306123
moe_continue,66,86,0.01568504952565945,0.11157294104971187,0.9990723562152134,0.9637883008356546,0.696344744000271,0.5182111619988063,46,2027,1.034096878406331,0.02602601830972276,0.8176105680771231,0.8511236019682432,,,0.2166048237476809,0.29916512059369205,0.29267161410018555,0.19155844155844157
moe_continue,67,87,0.01472072540592988,0.11557818369639507,1.0,0.9610027855153204,0.7067954270000882,0.526381500998923,46,2027,1.029746131932271,0.025018186725252592,0.8176756099796303,0.8501239385949954,,,0.24118738404452691,0.2898886827458256,0.28617810760667906,0.18274582560296845
moe_continue,68,88,0.016423749322473598,0.11601468919254727,0.9981447124304267,0.9610027855153204,0.7166360240003087,0.5333665899988773,46,2027,1.0225897158087447,0.026649646480561045,0.8191174461876342,0.8531414244679193,,,0.2277365491651206,0.28339517625231914,0.2852504638218924,0.2036178107606679
moe_continue,69,89,0.01453607677807055,0.1150251424474728,1.0,0.9637883008356546,0.7288038599999709,0.5423597389990391,46,2027,1.0306044922104949,0.024842121700175496,0.815392324735487,0.8492787578998753,,,0.23376623376623376,0.29545454545454547,0.28617810760667906,0.18460111317254174
moe_continue,70,90,0.014332874154005621,0.11008898045425389,1.0,0.9665738161559888,0.7393405120001262,0.5507036879989755,46,2027,1.0298077231492442,0.024630951385498062,0.8134133366586264,0.8469665257449754,,,0.2323747680890538,0.2894248608534323,0.2880333951762523,0.1901669758812616
moe_continue,71,91,0.015421553360672947,0.11431562842611799,0.9990723562152134,0.9693593314763231,0.7518240839999635,0.5602621669986547,46,2027,1.0388607098941243,0.025810160459614193,0.8042769012742806,0.8355084417962452,,,0.2388682745825603,0.275974025974026,0.30009276437847865,0.18506493506493507
moe_continue,72,92,0.013712456274805178,0.11230970742810406,1.0,0.9637883008356546,0.7661940020002476,0.5708071419985572,46,2027,1.0302157879754439,0.02401461415455962,0.8092085323403131,0.8444764073227385,,,0.22263450834879406,0.2917439703153989,0.2894248608534323,0.19619666048237477
moe_continue,73,93,0.013364275418499152,0.11539339987489645,1.0,0.9637883008356546,0.7773132890001762,0.5790992039983394,46,2027,1.0271791508055255,0.023636066926554407,0.80916061140457,0.8444734866630222,,,0.2388682745825603,0.2894248608534323,0.2820037105751391,0.18970315398886828
moe_continue,74,94,0.013756775645295712,0.11557690151652668,1.0,0.9721448467966574,0.7877343479999581,0.5868420299984791,46,2027,1.0520766615431114,0.024277542260726828,0.7959400519930739,0.8290334694781777,,,0.2435064935064935,0.29359925788497215,0.30194805194805197,0.16094619666048238
moe_continue,75,95,0.013543026170673067,0.1309846947955964,1.0,0.958217270194986,0.8008936430001086,0.5976789579985962,46,2027,1.033886793132985,0.023881894102002917,0.808856350998145,0.84826122528181,,,0.22959183673469388,0.3163265306122449,0.2750463821892393,0.1790352504638219
moe_continue,76,96,0.014891912900889584,0.11526858557035909,0.9990723562152134,0.9637883008356546,0.8114478120000967,0.6059434579983645,46,2027,1.0161230440001456,0.02505314334089104,0.8098128593532697,0.8475485055066841,,,0.2277365491651206,0.27736549165120594,0.2782931354359926,0.2166048237476809
moe_continue,77,97,0.012099079593311962,0.11274105904504052,1.0,0.9637883008356546,0.8207191540000167,0.6133142359981321,46,2027,1.0308866338526024,0.022407945931837987,0.8036845468266063,0.8409781968823014,,,0.23933209647495363,0.29313543599257885,0.28385899814471244,0.1836734693877551
moe_continue,78,98,0.0119759982845109,0.11348397883605121,1.0,0.9637883008356546,0.8310444789999565,0.6210155299982034,46,2027,1.0228575311927048,0.02220457359643795,0.8052878452172704,0.8436147161145242,,,0.23376623376623376,0.28617810760667906,0.27968460111317256,0.20037105751391465
moe_continue,79,99,0.011833504803552617,0.11377778021839433,1.0,0.9637883008356546,0.8406498019999162,0.6283473799981039,46,2027,1.0259036935167716,0.022092541738720335,0.8021397716308282,0.8401533588384479,,,0.22912801484230055,0.2852504638218924,0.2852504638218924,0.20037105751391465
moe_continue,80,100,0.011749448256839603,0.11181343313291621,1.0,0.9665738161559888,0.8501023870003337,0.6354093649979404,46,2027,1.0307140473702419,0.02205658873054202,0.7971498747305252,0.8346893726500386,0.00804307773845746,0.001990321347943618,0.2300556586270872,0.2820037105751391,0.2912801484230056,0.19666048237476808
linear_mac_matched,0,20,0.16096407237034363,0.24757758513158068,0.974025974025974,0.935933147632312,0.0003285340003458259,0.0,46,2027,,,,,,,,,,
linear_mac_matched,1,21,0.15495878362108667,0.24150673917639695,0.9758812615955473,0.9387186629526463,0.002316909000001033,0.0016484759999002563,46,2027,,,,,,,,,,
linear_mac_matched,2,22,0.14657078690633646,0.23373593645327553,0.9777365491651205,0.9387186629526463,0.004067717999987508,0.003140776000236656,46,2027,,,,,,,,,,
linear_mac_matched,3,23,0.1405221530445421,0.23059575263941445,0.9786641929499073,0.935933147632312,0.005903094000132114,0.004644815000119706,46,2027,,,,,,,,,,
linear_mac_matched,4,24,0.1354288955716253,0.22446059236758373,0.9795918367346939,0.9387186629526463,0.007605481000155123,0.006104236999817658,46,2027,,,,,,,,,,
linear_mac_matched,5,25,0.13038663836595005,0.2214765332157585,0.9795918367346939,0.9387186629526463,0.009573015000114538,0.007729156999630504,46,2027,,,,,,,,,,
linear_mac_matched,6,26,0.12609175859986357,0.21634082081001868,0.9805194805194806,0.9387186629526463,0.011253208000198356,0.00910580499930802,46,2027,,,,,,,,,,
linear_mac_matched,7,27,0.12196163348472874,0.21285038610124868,0.9805194805194806,0.9415041782729805,0.013132601000052091,0.01065039499917475,46,2027,,,,,,,,,,
linear_mac_matched,8,28,0.11817276460387695,0.20959234476588054,0.9842300556586271,0.9415041782729805,0.015065113000218844,0.012338529999396997,46,2027,,,,,,,,,,
linear_mac_matched,9,29,0.11488192664711515,0.2076132793830387,0.9814471243042672,0.9387186629526463,0.01669922700011739,0.01366684499907933,46,2027,,,,,,,,,,
linear_mac_matched,10,30,0.11159221491753622,0.2029904965245463,0.9851576994434137,0.9442896935933147,0.01834742200026085,0.015031012998861115,46,2027,,,,,,,,,,
linear_mac_matched,11,31,0.10851764306790357,0.20244299102898822,0.9860853432282004,0.9415041782729805,0.020426173000032577,0.016596703998857265,46,2027,,,,,,,,,,
linear_mac_matched,12,32,0.10564030725416998,0.20059139410953544,0.987012987012987,0.9415041782729805,0.022220557000309782,0.01809819899881404,46,2027,,,,,,,,,,
linear_mac_matched,13,33,0.10332130953358812,0.1966993766444687,0.987012987012987,0.9442896935933147,0.024365929000396136,0.019842016998609324,46,2027,,,,,,,,,,
linear_mac_matched,14,34,0.10063411537798868,0.19555602740709682,0.987012987012987,0.9442896935933147,0.026163108000218926,0.021365413998864824,46,2027,,,,,,,,,,
linear_mac_matched,15,35,0.09824044734741649,0.19381866873494188,0.9879406307977736,0.9442896935933147,0.027859225000156584,0.022822691998953815,46,2027,,,,,,,,,,
linear_mac_matched,16,36,0.09630517032739183,0.19095895604639262,0.9879406307977736,0.947075208913649,0.0298655280003004,0.02442280499917615,46,2027,,,,,,,,,,
linear_mac_matched,17,37,0.09408352605643154,0.19162804526849364,0.9879406307977736,0.9442896935933147,0.03145925100034219,0.025777888999073184,46,2027,,,,,,,,,,
linear_mac_matched,18,38,0.09204140410132187,0.1878148542620121,0.9888682745825603,0.947075208913649,0.03321885300010763,0.027193193999210052,46,2027,,,,,,,,,,
linear_mac_matched,19,39,0.08992371955746055,0.1867094534468011,0.9879406307977736,0.947075208913649,0.035196933000406716,0.028894338999180036,46,2027,,,,,,,,,,
linear_mac_matched,20,40,0.08820948129470998,0.18498950188580818,0.9879406307977736,0.9498607242339833,0.03679286000033244,0.0301881919990592,46,2027,,,,,,,,,,
linear_mac_matched,21,41,0.08647875038654053,0.18444235111520746,0.9879406307977736,0.9498607242339833,0.03849720900007014,0.03160914599902753,46,2027,,,,,,,,,,
linear_mac_matched,22,42,0.0847796773891192,0.18376929009649828,0.9879406307977736,0.9498607242339833,0.04021062200035885,0.033037149999017856,46,2027,,,,,,,,,,
linear_mac_matched,23,43,0.08336145770972687,0.1829289437306113,0.9897959183673469,0.9498607242339833,0.04187261800007036,0.034392754998862074,46,2027,,,,,,,,,,
linear_mac_matched,24,44,0.08160023459120959,0.18012062692249767,0.9897959183673469,0.9526462395543176,0.04359893000037118,0.03587302799905956,46,2027,,,,,,,,,,
linear_mac_matched,25,45,0.08017950617894123,0.179689374539814,0.9879406307977736,0.9526462395543176,0.045305112000278314,0.03730523799913499,46,2027,,,,,,,,,,
linear_mac_matched,26,46,0.07869432822491866,0.1797391147357746,0.9897959183673469,0.9498607242339833,0.04682077800043771,0.03858538999929806,46,2027,,,,,,,,,,
linear_mac_matched,27,47,0.07744691940279319,0.17693021542710505,0.9897959183673469,0.9526462395543176,0.04853318900040904,0.040057980999335996,46,2027,,,,,,,,,,
linear_mac_matched,28,48,0.07625340715265744,0.17964335602923764,0.9888682745825603,0.9526462395543176,0.050291330000163725,0.041513175999170926,46,2027,,,,,,,,,,
linear_mac_matched,29,49,0.07478372356332065,0.1753963146718611,0.9888682745825603,0.9526462395543176,0.05179448700027933,0.04278178099912111,46,2027,,,,,,,,,,
linear_mac_matched,30,50,0.0735615844891547,0.1741504898485726,0.9897959183673469,0.9554317548746518,0.053559307000341505,0.04430703099933453,46,2027,,,,,,,,,,
linear_mac_matched,31,51,0.07245142207386314,0.17546131303047535,0.9907235621521335,0.9526462395543176,0.055194332000155555,0.04567167099958169,46,2027,,,,,,,,,,
linear_mac_matched,32,52,0.07123201430052653,0.1726791744190768,0.9897959183673469,0.9554317548746518,0.056582677000278636,0.0468297999996139,46,2027,,,,,,,,,,
linear_mac_matched,33,53,0.07001459083419116,0.17336518248804272,0.9897959183673469,0.9610027855153204,0.058362530000067636,0.04832757899930584,46,2027,,,,,,,,,,
linear_mac_matched,34,54,0.06900798703386259,0.1723702517915488,0.9897959183673469,0.9610027855153204,0.06004850100043768,0.049771757999224064,46,2027,,,,,,,,,,
linear_mac_matched,35,55,0.06815133742987563,0.1709081146985075,0.9916512059369202,0.9554317548746518,0.06157576500027062,0.05105659799937712,46,2027,,,,,,,,,,
linear_mac_matched,36,56,0.0669579468593999,0.1714826278680516,0.9916512059369202,0.9610027855153204,0.0632691480000176,0.052469749999545456,46,2027,,,,,,,,,,
linear_mac_matched,37,57,0.06601357700605891,0.16956175494264164,0.9907235621521335,0.958217270194986,0.0649620799999866,0.05378042799929972,46,2027,,,,,,,,,,
linear_mac_matched,38,58,0.06496902380247899,0.17030115056042058,0.9925788497217068,0.9610027855153204,0.06691221800019775,0.0551477809995049,46,2027,,,,,,,,,,
linear_mac_matched,39,59,0.06428703642598292,0.17005153162284664,0.9916512059369202,0.9610027855153204,0.06863842100028705,0.05663166899967109,46,2027,,,,,,,,,,
linear_mac_matched,40,60,0.06315970854749188,0.16856593053689567,0.9916512059369202,0.958217270194986,0.07085134300041318,0.05834268799981146,46,2027,,,,,,,,,,
linear_mac_matched,41,61,0.06232267246475684,0.16717756634356035,0.9907235621521335,0.958217270194986,0.07278341400024146,0.05980837899960534,46,2027,,,,,,,,,,
linear_mac_matched,42,62,0.06148180175010227,0.16824869616227878,0.9935064935064936,0.958217270194986,0.0744977590002236,0.06127266799967401,46,2027,,,,,,,,,,
linear_mac_matched,43,63,0.06057607074996366,0.16672805408525185,0.9925788497217068,0.9610027855153204,0.07629964500029018,0.06280347699976119,46,2027,,,,,,,,,,
linear_mac_matched,44,64,0.05976274361486177,0.1674507930346021,0.9944341372912802,0.9610027855153204,0.07791748400040888,0.06411682899988591,46,2027,,,,,,,,,,
linear_mac_matched,45,65,0.05907983501935273,0.16699893202555682,0.9925788497217068,0.958217270194986,0.07985138800040659,0.06574298099985754,46,2027,,,,,,,,,,
linear_mac_matched,46,66,0.05831025608312174,0.16492352733063073,0.9944341372912802,0.958217270194986,0.08143136100034098,0.06707878599945616,46,2027,,,,,,,,,,
linear_mac_matched,47,67,0.057467491940449165,0.16605949005831203,0.9944341372912802,0.958217270194986,0.08301124300032825,0.06842261399970084,46,2027,,,,,,,,,,
linear_mac_matched,48,68,0.05695807321028432,0.1638493683390998,0.9944341372912802,0.958217270194986,0.08468414500021026,0.06985802899953342,46,2027,,,,,,,,,,
linear_mac_matched,49,69,0.05617514320668631,0.16572336606214963,0.9935064935064936,0.9610027855153204,0.08638469900006385,0.07130941799914581,46,2027,,,,,,,,,,
linear_mac_matched,50,70,0.05540375799127591,0.16438257138278078,0.9944341372912802,0.958217270194986,0.0878350370003318,0.072463670999241,46,2027,,,,,,,,,,
linear_mac_matched,51,71,0.054998965788350486,0.16680406943192236,0.9925788497217068,0.958217270194986,0.08956712799999877,0.07367916599923774,46,2027,,,,,,,,,,
linear_mac_matched,52,72,0.05396101980233841,0.1633702398999464,0.9944341372912802,0.958217270194986,0.09128440700033025,0.07511857699910252,46,2027,,,,,,,,,,
linear_mac_matched,53,73,0.05336970507057457,0.16307498788040672,0.9944341372912802,0.958217270194986,0.09267201000011482,0.07627541399915572,46,2027,,,,,,,,,,
linear_mac_matched,54,74,0.05275599969925552,0.16384919490904915,0.9944341372912802,0.9610027855153204,0.09422081600041565,0.07754902599936031,46,2027,,,,,,,,,,
linear_mac_matched,55,75,0.0521563150523789,0.16250952719567058,0.9944341372912802,0.958217270194986,0.09573524000006728,0.07883015999959753,46,2027,,,,,,,,,,
linear_mac_matched,56,76,0.05151480275140443,0.1632248427214816,0.9944341372912802,0.958217270194986,0.0972008410003582,0.08004153899946687,46,2027,,,,,,,,,,
linear_mac_matched,57,77,0.05094959606378441,0.16278827730642,0.9944341372912802,0.958217270194986,0.09879301199998736,0.08139879699956509,46,2027,,,,,,,,,,
linear_mac_matched,58,78,0.050301315471166466,0.16178431019696443,0.9944341372912802,0.958217270194986,0.1001909510000587,0.0825472409997019,46,2027,,,,,,,,,,
linear_mac_matched,59,79,0.04974078005203007,0.1619722784897568,0.9944341372912802,0.958217270194986,0.10185825400003523,0.08390422799993758,46,2027,,,,,,,,,,
linear_mac_matched,60,80,0.049324740053018304,0.1610701432313232,0.9944341372912802,0.958217270194986,0.10330403600028149,0.08509221199983585,46,2027,,,,,,,,,,
linear_mac_matched,61,81,0.04887608987655636,0.16322743688376254,0.9944341372912802,0.958217270194986,0.10494794400028695,0.08640345100002378,46,2027,,,,,,,,,,
linear_mac_matched,62,82,0.048144379990598764,0.1613441892317679,0.9944341372912802,0.958217270194986,0.10662424200017995,0.0878408000003219,46,2027,,,,,,,,,,
linear_mac_matched,63,83,0.04768581348056183,0.16106957989084272,0.9944341372912802,0.958217270194986,0.10830672800011598,0.08914128300011726,46,2027,,,,,,,,,,
linear_mac_matched,64,84,0.047151741485954114,0.16170713531429398,0.9944341372912802,0.958217270194986,0.11010932500039416,0.0903815259998737,46,2027,,,,,,,,,,
linear_mac_matched,65,85,0.04661004682031399,0.16199887982175107,0.9944341372912802,0.958217270194986,0.11203893200035964,0.09198889999970561,46,2027,,,,,,,,,,
linear_mac_matched,66,86,0.04622377668628561,0.16270251496903934,0.9953617810760668,0.9610027855153204,0.11382893000018157,0.09339569199983089,46,2027,,,,,,,,,,
linear_mac_matched,67,87,0.04574986835953977,0.1593600729081416,0.9944341372912802,0.958217270194986,0.11558491700043305,0.09490693199995803,46,2027,,,,,,,,,,
linear_mac_matched,68,88,0.04519124207584891,0.16136274960239919,0.9944341372912802,0.958217270194986,0.11717278100013573,0.0962073750001764,46,2027,,,,,,,,,,
linear_mac_matched,69,89,0.044733480660802925,0.159411404158501,0.9944341372912802,0.958217270194986,0.11892461200022808,0.09772268999995504,46,2027,,,,,,,,,,
linear_mac_matched,70,90,0.0443797951675474,0.1605076433754404,0.9953617810760668,0.958217270194986,0.12068121000038445,0.09914704899983917,46,2027,,,,,,,,,,
linear_mac_matched,71,91,0.04384345092764423,0.16205035937450854,0.9944341372912802,0.9610027855153204,0.12232116300037887,0.1003866900000503,46,2027,,,,,,,,,,
linear_mac_matched,72,92,0.04334169032701474,0.16030891849365558,0.9953617810760668,0.958217270194986,0.12418596300040008,0.10193662699975903,46,2027,,,,,,,,,,
linear_mac_matched,73,93,0.04315580962584643,0.16189608698990543,0.9953617810760668,0.9637883008356546,0.12594755800000712,0.10334017500008486,46,2027,,,,,,,,,,
linear_mac_matched,74,94,0.042541866571122015,0.15933129132205207,0.9944341372912802,0.958217270194986,0.1275725280002007,0.10472394299995358,46,2027,,,,,,,,,,
linear_mac_matched,75,95,0.042092166232920426,0.1605758943052144,0.9953617810760668,0.958217270194986,0.1291471829999864,0.1060056779997467,46,2027,,,,,,,,,,
linear_mac_matched,76,96,0.04180733708919811,0.16147487292669574,0.9944341372912802,0.9610027855153204,0.13122191800039218,0.10779734800007645,46,2027,,,,,,,,,,
linear_mac_matched,77,97,0.041270734223237814,0.158870249718043,0.9953617810760668,0.958217270194986,0.13301788500029943,0.1091225380000651,46,2027,,,,,,,,,,
linear_mac_matched,78,98,0.04093227310299666,0.1615083038955411,0.9962894248608535,0.9610027855153204,0.13559955200025797,0.11137686400024904,46,2027,,,,,,,,,,
linear_mac_matched,79,99,0.040576823753139396,0.1585137246150555,0.9953617810760668,0.958217270194986,0.13758960000041043,0.11311913000008644,46,2027,,,,,,,,,,
linear_mac_matched,80,100,0.040135086753093,0.1600498669845054,0.9962894248608535,0.9610027855153204,0.13928379400022095,0.1145394920004037,46,2027,,,,,,,,,,
linear_mac_matched,81,101,0.0397662139818955,0.15904004193723953,0.9944341372912802,0.9637883008356546,0.14073056699999142,0.11570254800062685,46,2027,,,,,,,,,,
linear_mac_matched,82,102,0.039495692427909915,0.15973701296911558,0.9962894248608535,0.9637883008356546,0.1424118510003609,0.11713911500055474,46,2027,,,,,,,,,,
linear_mac_matched,83,103,0.03904298491799555,0.16040983233339806,0.9962894248608535,0.9637883008356546,0.1440292700003738,0.11850593800045317,46,2027,,,,,,,,,,
linear_mac_matched,84,104,0.03873921028986872,0.159175809346815,0.9953617810760668,0.9610027855153204,0.14551566200043453,0.11976104200084592,46,2027,,,,,,,,,,
linear_mac_matched,85,105,0.038326147346698036,0.15883617310163214,0.9962894248608535,0.9610027855153204,0.14724821400022847,0.1211615050006003,46,2027,,,,,,,,,,
linear_mac_matched,86,106,0.03794582213575711,0.15951882470869194,0.9962894248608535,0.9610027855153204,0.14864132600041557,0.1223265050007285,46,2027,,,,,,,,,,
linear_mac_matched,87,107,0.037688193395476216,0.15886423997292254,0.9953617810760668,0.9637883008356546,0.15037206500028333,0.12375480000082462,46,2027,,,,,,,,,,
linear_mac_matched,88,108,0.03735058866219072,0.15900910794863213,0.9962894248608535,0.9637883008356546,0.151965157000177,0.125113159000648,46,2027,,,,,,,,,,
linear_mac_matched,89,109,0.03694924413108721,0.16087508368154796,0.9972170686456401,0.9637883008356546,0.1542236780001076,0.12678466800070964,46,2027,,,,,,,,,,
linear_mac_matched,90,110,0.03667018622916899,0.1610133763864277,0.9962894248608535,0.9637883008356546,0.15635209500032943,0.1284932940006911,46,2027,,,,,,,,,,
linear_mac_matched,91,111,0.03634698869540818,0.15823787965424468,0.9962894248608535,0.9637883008356546,0.1597818900004313,0.1316353970005366,46,2027,,,,,,,,,,
linear_mac_matched,92,112,0.03603783078862832,0.16093499018715807,0.9953617810760668,0.9637883008356546,0.16154936400016595,0.13315413800046372,46,2027,,,,,,,,,,
linear_mac_matched,93,113,0.035639975033105224,0.15977125299135023,0.9962894248608535,0.9637883008356546,0.16319255100006558,0.13440749000073993,46,2027,,,,,,,,,,
linear_mac_matched,94,114,0.035394158170822726,0.16052277634135226,0.9972170686456401,0.9637883008356546,0.16518441200014422,0.13601299100082542,46,2027,,,,,,,,,,
linear_mac_matched,95,115,0.03506587719179865,0.1600009214937216,0.9981447124304267,0.9637883008356546,0.16681820600024366,0.13740120500096964,46,2027,,,,,,,,,,
linear_mac_matched,96,116,0.03477298064691663,0.15861869992036273,0.9962894248608535,0.9637883008356546,0.17007486600004995,0.14040472500118995,46,2027,,,,,,,,,,
linear_mac_matched,97,117,0.0344836422076849,0.15803136688373898,0.9972170686456401,0.9637883008356546,0.17159145400000853,0.14167351000105555,46,2027,,,,,,,,,,
linear_mac_matched,98,118,0.03417679737689694,0.1591059624313283,0.9981447124304267,0.9637883008356546,0.17315645400003632,0.14293414300118457,46,2027,,,,,,,,,,
linear_mac_matched,99,119,0.03388107024262721,0.1603327234511266,0.9981447124304267,0.9637883008356546,0.17457333200036373,0.14412173600157985,46,2027,,,,,,,,,,
linear_mac_matched,100,120,0.03372262988380404,0.16003856723171792,0.9972170686456401,0.9637883008356546,0.17597683900021366,0.14529655000160346,46,2027,,,,,,,,,,
linear_mac_matched,101,121,0.03346943943330525,0.15805527100474506,0.9972170686456401,0.9637883008356546,0.17775599100014006,0.14676924200148278,46,2027,,,,,,,,,,
linear_mac_matched,102,122,0.0330628150314725,0.15979652505404549,0.9981447124304267,0.9637883008356546,0.17936913300036395,0.14808276400117393,46,2027,,,,,,,,,,
linear_mac_matched,103,123,0.032758535136555786,0.1594130318791512,0.9981447124304267,0.9637883008356546,0.18141994200004774,0.14984144500112961,46,2027,,,,,,,,,,
linear_mac_matched,104,124,0.03252476491086488,0.16017816107443805,0.9981447124304267,0.9637883008356546,0.18363227500003632,0.15178503400102272,46,2027,,,,,,,,,,
linear_mac_matched,105,125,0.032320650960590995,0.1587167008794541,0.9981447124304267,0.9665738161559888,0.18546939300040322,0.1531189570009701,46,2027,,,,,,,,,,
linear_mac_matched,106,126,0.03202241994659832,0.16079869634074542,0.9981447124304267,0.9637883008356546,0.18704515000035826,0.1543747720011197,46,2027,,,,,,,,,,
linear_mac_matched,107,127,0.03176850014904463,0.15961033075088268,0.9972170686456401,0.9637883008356546,0.19096472500041273,0.15803422700082592,46,2027,,,,,,,,,,
linear_mac_matched,108,128,0.03162525034600505,0.15788890103487074,0.9972170686456401,0.9637883008356546,0.19275377200028743,0.15957671300111542,46,2027,,,,,,,,,,
linear_mac_matched,109,129,0.03125460938996931,0.15960163862095944,0.9981447124304267,0.9665738161559888,0.19425885200007542,0.16081181800109334,46,2027,,,,,,,,,,
linear_mac_matched,110,130,0.03099310336438203,0.15899049746715538,0.9981447124304267,0.9637883008356546,0.19577341600006548,0.16209154000080161,46,2027,,,,,,,,,,
linear_mac_matched,111,131,0.030814873046104564,0.1613402555651573,0.9981447124304267,0.9637883008356546,0.197433679000369,0.16351472700080194,46,2027,,,,,,,,,,
linear_mac_matched,112,132,0.03058041640235124,0.16005887423825094,0.9981447124304267,0.9665738161559888,0.19881914000006873,0.16467189500053792,46,2027,,,,,,,,,,
linear_mac_matched,113,133,0.030294605623185495,0.15888350675850393,0.9981447124304267,0.9637883008356546,0.20057175200008714,0.16592531800051802,46,2027,,,,,,,,,,
linear_mac_matched,114,134,0.030026927386361996,0.15951019722810747,0.9981447124304267,0.9665738161559888,0.20205644100042264,0.16717297100058204,46,2027,,,,,,,,,,
linear_mac_matched,115,135,0.02978849018461732,0.16039245376812053,0.9981447124304267,0.9665738161559888,0.2035585470002843,0.16834890700056349,46,2027,,,,,,,,,,
linear_mac_matched,116,136,0.029565781595336182,0.16009339982869747,0.9981447124304267,0.9665738161559888,0.2051990900004057,0.16962435300047218,46,2027,,,,,,,,,,
linear_mac_matched,117,137,0.029361198429850313,0.15837448789429168,0.9981447124304267,0.9637883008356546,0.20673473600027137,0.17091551200064714,46,2027,,,,,,,,,,
linear_mac_matched,118,138,0.029107692443761393,0.16008336905647502,0.9981447124304267,0.9665738161559888,0.2082624700001361,0.1721668510008385,46,2027,,,,,,,,,,
linear_mac_matched,119,139,0.02891376502814109,0.1613526417498466,0.9981447124304267,0.9665738161559888,0.20999343000039516,0.17365746000041327,46,2027,,,,,,,,,,
linear_mac_matched,120,140,0.02875429234332496,0.1589605280665081,0.9981447124304267,0.9637883008356546,0.21178897600020719,0.17520641600049203,46,2027,,,,,,,,,,
linear_mac_matched,121,141,0.028469517711731517,0.16048380673553667,0.9981447124304267,0.9665738161559888,0.2134343570000965,0.17656312300050558,46,2027,,,,,,,,,,
linear_mac_matched,122,142,0.0282849802853355,0.1604461088021736,0.9981447124304267,0.9665738161559888,0.2161719880000419,0.17894428900081039,46,2027,,,,,,,,,,
linear_mac_matched,123,143,0.028046654471424747,0.16017636114115186,0.9981447124304267,0.9665738161559888,0.2193496990003041,0.18182954100075222,46,2027,,,,,,,,,,
linear_mac_matched,124,144,0.028004396822312528,0.1585463110781659,0.9981447124304267,0.9637883008356546,0.2208541480003987,0.18309600300108286,46,2027,,,,,,,,,,
linear_mac_matched,125,145,0.027863197556315382,0.1634681341003032,0.9981447124304267,0.9665738161559888,0.22297797800001717,0.1847708480008805,46,2027,,,,,,,,,,
linear_mac_matched,126,146,0.02747480049554939,0.15955586039706418,0.9981447124304267,0.9637883008356546,0.22452778500019122,0.18607514700079264,46,2027,,,,,,,,,,
linear_mac_matched,127,147,0.02729412635136762,0.16117812604215276,0.9981447124304267,0.9665738161559888,0.22777638300021863,0.1890294230006475,46,2027,,,,,,,,,,
linear_mac_matched,128,148,0.027061179443614206,0.15957247657578721,0.9981447124304267,0.9665738161559888,0.22938804400018853,0.19038961600062976,46,2027,,,,,,,,,,
linear_mac_matched,129,149,0.026845043201029813,0.16125818715797616,0.9981447124304267,0.9665738161559888,0.2307935339999858,0.19156229700047334,46,2027,,,,,,,,,,
linear_mac_matched,130,150,0.026657107308330933,0.16101366712116236,0.9981447124304267,0.9665738161559888,0.23219356600020546,0.19271486700063178,46,2027,,,,,,,,,,
linear_mac_matched,131,151,0.026512261276636348,0.1621996763152185,0.9981447124304267,0.9665738161559888,0.2337397580004108,0.19402848900062963,46,2027,,,,,,,,,,
linear_mac_matched,132,152,0.026327985859008182,0.16205295167509248,0.9981447124304267,0.9665738161559888,0.23524993600040034,0.19525277700040533,46,2027,,,,,,,,,,
linear_mac_matched,133,153,0.026108952368323404,0.16033611025075023,0.9981447124304267,0.9637883008356546,0.2366472540002178,0.19641785600060757,46,2027,,,,,,,,,,
linear_mac_matched,134,154,0.02596019351121678,0.16211884169864718,0.9981447124304267,0.9665738161559888,0.23805023100021572,0.19759587500038833,46,2027,,,,,,,,,,
linear_mac_matched,135,155,0.025946287434427978,0.1584344879782521,0.9981447124304267,0.9665738161559888,0.23944286200003262,0.19876031400053762,46,2027,,,,,,,,,,
linear_mac_matched,136,156,0.025698107484753433,0.1639774416026744,0.9981447124304267,0.9665738161559888,0.24325620800027536,0.20225027400056206,46,2027,,,,,,,,,,
linear_mac_matched,137,157,0.02545337854705615,0.1611067691606914,0.9981447124304267,0.9665738161559888,0.24731841800030452,0.2059916720008914,46,2027,,,,,,,,,,
linear_mac_matched,138,158,0.02519665489482481,0.1625818356793625,0.9981447124304267,0.9665738161559888,0.24926514100025088,0.20761797400109572,46,2027,,,,,,,,,,
linear_mac_matched,139,159,0.02503210096322355,0.15979893112251814,0.9981447124304267,0.9665738161559888,0.25067988600039826,0.2087965440014159,46,2027,,,,,,,,,,
linear_mac_matched,140,160,0.024813175437180403,0.16130704072565838,0.9981447124304267,0.9665738161559888,0.252461962000325,0.2103380890016524,46,2027,,,,,,,,,,
linear_mac_matched,141,161,0.024774171797483695,0.16445499635059502,0.9981447124304267,0.9665738161559888,0.25445863000004465,0.2118159780015958,46,2027,,,,,,,,,,
linear_mac_matched,142,162,0.024506093060268904,0.16169979245187502,0.9981447124304267,0.9637883008356546,0.25625693100028,0.21318143800135658,46,2027,,,,,,,,,,
linear_mac_matched,143,163,0.02440681986224681,0.15923391360361516,0.9981447124304267,0.9665738161559888,0.2579788470002313,0.2145486410013291,46,2027,,,,,,,,,,
linear_mac_matched,144,164,0.02433393768931734,0.16474362338271023,0.9981447124304267,0.9665738161559888,0.25956500800020876,0.21580287400092857,46,2027,,,,,,,,,,
linear_mac_matched,145,165,0.024045936495864326,0.16275170324201213,0.9981447124304267,0.9665738161559888,0.2611769190002633,0.2170079830011673,46,2027,,,,,,,,,,
linear_mac_matched,146,166,0.02384077961685745,0.1605850843347287,0.9981447124304267,0.9665738161559888,0.2627615979999973,0.21833774900096614,46,2027,,,,,,,,,,
linear_mac_matched,147,167,0.023699399539038962,0.1635073537532665,0.9981447124304267,0.9665738161559888,0.26488452600005985,0.22020766700097738,46,2027,,,,,,,,,,
linear_mac_matched,148,168,0.02347871527253257,0.16216019729018116,0.9981447124304267,0.9665738161559888,0.26676572100041085,0.22183716400104458,46,2027,,,,,,,,,,
linear_mac_matched,149,169,0.023326011603639157,0.16245217266586948,0.9981447124304267,0.9665738161559888,0.2684457940003995,0.22322705100077656,46,2027,,,,,,,,,,
linear_mac_matched,150,170,0.023178508215992447,0.16100748293758288,0.9981447124304267,0.9665738161559888,0.26998425400006454,0.22452435900095224,46,2027,,,,,,,,,,
linear_mac_matched,151,171,0.023030812803568838,0.16313527526280816,0.9981447124304267,0.9665738161559888,0.27158178300032887,0.22588210800086017,46,2027,,,,,,,,,,
linear_mac_matched,152,172,0.022849560243613717,0.16258500737171241,0.9981447124304267,0.9665738161559888,0.27322850600012316,0.22714131900102075,46,2027,,,,,,,,,,
linear_mac_matched,153,173,0.022734524930296623,0.1620453273796757,0.9981447124304267,0.9665738161559888,0.27483374600024035,0.22844489700082704,46,2027,,,,,,,,,,
linear_mac_matched,154,174,0.022706911383805407,0.1618381828295726,0.9990723562152134,0.9665738161559888,0.27640904200006844,0.2296481040011713,46,2027,,,,,,,,,,
linear_mac_matched,155,175,0.02242993886549065,0.16402399420410183,0.9981447124304267,0.9665738161559888,0.27790447800043694,0.23090880700146954,46,2027,,,,,,,,,,
linear_mac_matched,156,176,0.022262205308224436,0.16319628950766502,0.9981447124304267,0.9665738161559888,0.2795221970000057,0.23228248000168605,46,2027,,,,,,,,,,
linear_mac_matched,157,177,0.02210936191283218,0.16264941203753377,0.9981447124304267,0.9665738161559888,0.28104621500006033,0.23354307300178334,46,2027,,,,,,,,,,
linear_mac_matched,158,178,0.021982480353655943,0.16252776439996794,0.9990723562152134,0.9665738161559888,0.28266905200007386,0.23493382200149426,46,2027,,,,,,,,,,
linear_mac_matched,159,179,0.021820926811023756,0.16370544844831056,0.9981447124304267,0.9665738161559888,0.2842767260003711,0.2362053610017938,46,2027,,,,,,,,,,
linear_mac_matched,160,180,0.021697570882276838,0.16420345711655,0.9981447124304267,0.9665738161559888,0.2859436590001678,0.23763268400171,46,2027,,,,,,,,,,
linear_mac_matched,161,181,0.021566387419545523,0.16322586447945492,0.9981447124304267,0.9665738161559888,0.2875825700002679,0.23898788900169166,46,2027,,,,,,,,,,
linear_mac_matched,162,182,0.02141739860289847,0.16286892925446306,0.9990723562152134,0.9665738161559888,0.2892892730001222,0.24041354900191436,46,2027,,,,,,,,,,
linear_mac_matched,163,183,0.021374261741897917,0.16169805025663248,0.9990723562152134,0.9665738161559888,0.29078067300042676,0.2416713280017575,46,2027,,,,,,,,,,
linear_mac_matched,164,184,0.021176935058673685,0.16528827467495755,0.9981447124304267,0.9665738161559888,0.29248671499999546,0.2431338640017202,46,2027,,,,,,,,,,
linear_mac_matched,165,185,0.02107176355541765,0.162899387713358,0.9990723562152134,0.9665738161559888,0.29413756400026614,0.24451012100189473,46,2027,,,,,,,,,,
linear_mac_matched,166,186,0.020846866980112407,0.16409867153310737,0.9981447124304267,0.9665738161559888,0.2955319080001573,0.24567323800192753,46,2027,,,,,,,,,,
linear_mac_matched,167,187,0.020738324050169784,0.162851611778852,0.9990723562152134,0.9665738161559888,0.2971999030000916,0.24702597900204637,46,2027,,,,,,,,,,
linear_mac_matched,168,188,0.02066755825629386,0.165830667655274,0.9990723562152134,0.9665738161559888,0.2987263550003263,0.24831075800238978,46,2027,,,,,,,,,,
linear_mac_matched,169,189,0.020517651299618325,0.16506192615771317,0.9981447124304267,0.9665738161559888,0.3002764420002677,0.24950598200257446,46,2027,,,,,,,,,,
linear_mac_matched,170,190,0.020319509656700416,0.16315696228042056,0.9981447124304267,0.9665738161559888,0.30224421700040693,0.2511134260025756,46,2027,,,,,,,,,,
linear_mac_matched,171,191,0.020188580762592567,0.16484343043207117,0.9981447124304267,0.9665738161559888,0.3038355470002898,0.25244916200244916,46,2027,,,,,,,,,,
linear_mac_matched,172,192,0.0200976672165342,0.1634214734847612,0.9990723562152134,0.9665738161559888,0.3059009280000282,0.2542416940023031,46,2027,,,,,,,,,,
linear_mac_matched,173,193,0.019941149760568135,0.1651398326765244,0.9990723562152134,0.9665738161559888,0.3076713670002391,0.2556369700023424,46,2027,,,,,,,,,,
linear_mac_matched,174,194,0.019817140241295297,0.16388006140815806,0.9990723562152134,0.9665738161559888,0.3096014250004373,0.257305465002446,46,2027,,,,,,,,,,
linear_mac_matched,175,195,0.019711381887299997,0.1660292998373235,0.9990723562152134,0.9665738161559888,0.31145532900018225,0.25877855700264263,46,2027,,,,,,,,,,
linear_mac_matched,176,196,0.019615994571918816,0.1671588440647929,0.9981447124304267,0.9665738161559888,0.31361452100009046,0.26066753400300513,46,2027,,,,,,,,,,
linear_mac_matched,177,197,0.019541856502237467,0.1623894221438032,0.9990723562152134,0.9665738161559888,0.3152600920002442,0.2620308220029983,46,2027,,,,,,,,,,
linear_mac_matched,178,198,0.019429913119692856,0.16797455912899306,0.9990723562152134,0.9665738161559888,0.3171971710003163,0.2634627530032958,46,2027,,,,,,,,,,
linear_mac_matched,179,199,0.019202248225619882,0.1661771823587435,0.9990723562152134,0.9665738161559888,0.3186844040001233,0.2647107870034233,46,2027,,,,,,,,,,
linear_mac_matched,180,200,0.01920181578432125,0.16236858270543297,0.9990723562152134,0.9665738161559888,0.32050421700023435,0.2662813450037902,46,2027,,,,,,,,,,
linear_mac_matched,181,201,0.01896571860122681,0.16455009864757167,0.9990723562152134,0.9665738161559888,0.3222483260001354,0.2676995240035467,46,2027,,,,,,,,,,
linear_mac_matched,182,202,0.018893182483697438,0.1674519313866439,0.9981447124304267,0.9665738161559888,0.3243671280001763,0.2695218200033196,46,2027,,,,,,,,,,
linear_mac_matched,183,203,0.018731997300989997,0.1653424572557594,0.9990723562152134,0.9665738161559888,0.3259415820002687,0.2708411010034979,46,2027,,,,,,,,,,
linear_mac_matched,184,204,0.01860752232222347,0.16640600889910379,0.9990723562152134,0.9665738161559888,0.3278578290000951,0.2724805820034817,46,2027,,,,,,,,,,
linear_mac_matched,185,205,0.01851840509160044,0.1654475221102239,0.9990723562152134,0.9665738161559888,0.32967789200029074,0.27404257800344567,46,2027,,,,,,,,,,
linear_mac_matched,186,206,0.01842643408002022,0.16689484697775572,0.9981447124304267,0.9665738161559888,0.33125360900021406,0.2752792550036247,46,2027,,,,,,,,,,
linear_mac_matched,187,207,0.018305132177164268,0.16702578957973221,0.9990723562152134,0.9665738161559888,0.33307091800043054,0.2767536890037263,46,2027,,,,,,,,,,
linear_mac_matched,188,208,0.018160623594580136,0.16548000002693522,0.9990723562152134,0.9665738161559888,0.3350308210001458,0.2784341620035775,46,2027,,,,,,,,,,
linear_mac_matched,189,209,0.018156472328064124,0.16388365583166012,0.9990723562152134,0.9665738161559888,0.33737497100037217,0.28017281300390096,46,2027,,,,,,,,,,
linear_mac_matched,190,210,0.018054132385152483,0.1694449644228544,0.9990723562152134,0.9665738161559888,0.3396451100002196,0.2819187650038657,46,2027,,,,,,,,,,
linear_mac_matched,191,211,0.017850997011936057,0.16642772782954354,0.9990723562152134,0.9665738161559888,0.3416711720001331,0.28359429100373745,46,2027,,,,,,,,,,
linear_mac_matched,192,212,0.017744688629166082,0.16601454549969702,0.9990723562152134,0.9665738161559888,0.34343717400042806,0.28509926100377925,46,2027,,,,,,,,,,
moe_no_balance,0,20,0.16096407237034363,0.2475775851315807,0.974025974025974,0.935933147632312,0.0012857699998676253,0.0,46,2027,1.0362893217650326,0.16096407237034363,0.9952108669355554,0.9980037880991868,2.9949673237381095e-18,0.0,0.09137291280148423,0.39053803339517623,0.17068645640074212,0.3474025974025974
moe_no_balance,1,21,0.15118912751980107,0.23863450631343144,0.9758812615955473,0.9331476323119777,0.014358350999827962,0.00722667200034266,46,2027,1.081061621666338,0.15118912751980107,0.9900381368726752,0.9875699716448375,,,0.2653061224489796,0.16280148423005567,0.08998144712430427,0.4819109461966605
moe_no_balance,2,22,0.1426492338722365,0.23032831520228775,0.9758812615955473,0.9387186629526463,0.023816222999812453,0.014605853000375646,46,2027,1.1577819641669365,0.1426492338722365,0.9741551760171584,0.9639626019165736,,,0.30844155844155846,0.039888682745825604,0.15166975881261596,0.5
moe_no_balance,3,23,0.13313733190614552,0.22265699753726936,0.9795918367346939,0.9387186629526463,0.03246008299993264,0.020802298000489827,46,2027,1.051958441281863,0.13313733190614552,0.9888548145465694,0.9869494538001062,,,0.23330241187384043,0.0950834879406308,0.23515769944341372,0.436456400742115
moe_no_balance,4,24,0.1253346320732695,0.2153471160133969,0.9805194805194806,0.9415041782729805,0.04044539400001668,0.026739884000562597,46,2027,1.093062967867014,0.1253346320732695,0.9830221669067859,0.9846743179676585,,,0.19480519480519481,0.02829313543599258,0.3112244897959184,0.46567717996289426
moe_no_balance,5,25,0.1179141273201824,0.21084055966475237,0.9814471243042672,0.935933147632312,0.04868889299996226,0.03314994000038496,46,2027,1.0963661559931202,0.1179141273201824,0.9801355739092706,0.9830305894756487,,,0.2101113172541744,0.021799628942486084,0.3079777365491651,0.4601113172541744
moe_no_balance,6,26,0.11411955774047394,0.20912467193058398,0.9786641929499073,0.9442896935933147,0.05700132499987376,0.03966352100042059,46,2027,1.069454263656201,0.11411955774047394,0.9802931084364648,0.9834775805556205,,,0.24165120593692022,0.017625231910946195,0.37708719851576994,0.36363636363636365
moe_no_balance,7,27,0.10398989716037271,0.19895000652674774,0.9860853432282004,0.9415041782729805,0.06550256099990293,0.046016641000733216,46,2027,1.0871309256434016,0.10398989716037271,0.9765556660637834,0.9824796811078692,,,0.2054730983302412,0.01948051948051948,0.362708719851577,0.41233766233766234
moe_no_balance,8,28,0.10229750152904639,0.1999759658401163,0.9823747680890538,0.9415041782729805,0.07437533399979657,0.05267494900044767,46,2027,1.0783625380355981,0.10229750152904639,0.9723752571847374,0.9751135109181146,,,0.2634508348794063,0.016697588126159554,0.37894248608534326,0.3409090909090909
moe_no_balance,9,29,0.0974348793645731,0.19511742751880062,0.9842300556586271,0.9498607242339833,0.08307119299979604,0.0592501720002474,46,2027,1.0704019399542992,0.0974348793645731,0.9686639523046978,0.9686052499175155,,,0.2898886827458256,0.039888682745825604,0.3715213358070501,0.2987012987012987
moe_no_balance,10,30,0.09109771372568166,0.19156933960743333,0.987012987012987,0.9498607242339833,0.09181624399980137,0.06594592700002977,46,2027,1.0996550982384172,0.09109771372568166,0.9594849009595953,0.9649112077521622,,,0.2532467532467532,0.015769944341372914,0.3803339517625232,0.35064935064935066
moe_no_balance,11,31,0.0850685002086984,0.18754538522091319,0.9879406307977736,0.9498607242339833,0.10049994400014839,0.07254054999975779,46,2027,1.0994824267937413,0.0850685002086984,0.9533678193468365,0.9558934752788052,,,0.2717996289424861,0.01948051948051948,0.37430426716141,0.3344155844155844
moe_no_balance,12,32,0.08189617561138733,0.18287077808326224,0.9888682745825603,0.9498607242339833,0.10943262799992226,0.07953216899977633,46,2027,1.1120243174307143,0.08189617561138733,0.9460369517320603,0.9439080728760165,,,0.2949907235621521,0.031076066790352505,0.4030612244897959,0.27087198515769945
moe_no_balance,13,33,0.07958935455491736,0.17657358867695094,0.9925788497217068,0.9554317548746518,0.11875683000016579,0.08670191500004876,46,2027,1.135488997995462,0.07958935455491736,0.9379389667198227,0.9359367935625911,,,0.26437847866419295,0.030612244897959183,0.4355287569573284,0.2694805194805195
moe_no_balance,14,34,0.07550312098977564,0.17405402828529556,0.9916512059369202,0.9554317548746518,0.12671618100011983,0.09251684700029728,46,2027,1.1081075110131542,0.07550312098977564,0.9360506574324666,0.9364013046899321,,,0.29684601113172543,0.020871985157699443,0.3529684601113173,0.3293135435992579
moe_no_balance,15,35,0.07172504330942771,0.17028766527409858,0.9925788497217068,0.9554317548746518,0.1346100750001824,0.09820766300026662,46,2027,1.120805569770675,0.07172504330942771,0.9282846295738735,0.9230682836799401,,,0.28385899814471244,0.040352504638218926,0.40213358070500926,0.27365491651205937
moe_no_balance,16,36,0.06668138587804288,0.16507035937482673,0.9944341372912802,0.9610027855153204,0.1427126319999843,0.10434695200001443,46,2027,1.1034495525536874,0.06668138587804288,0.9270670162583198,0.9216640662862605,,,0.2792207792207792,0.046846011131725415,0.37940630797773656,0.2945269016697588
moe_no_balance,17,37,0.06534278711913515,0.17161773387083637,0.9953617810760668,0.9554317548746518,0.1515581960002237,0.1108892460001698,46,2027,1.1029799077478755,0.06534278711913515,0.9221020492006079,0.9145621839807558,,,0.2657699443413729,0.06447124304267161,0.38961038961038963,0.28014842300556586
moe_no_balance,18,38,0.062171425856690166,0.169564861156428,0.9972170686456401,0.9610027855153204,0.16029499500018574,0.11756087500043577,46,2027,1.1196513974121156,0.062171425856690166,0.9144482124767097,0.9122550534081437,,,0.25788497217068646,0.040352504638218926,0.3877551020408163,0.3140074211502783
moe_no_balance,19,39,0.06185923749927053,0.16487381690692998,0.9953617810760668,0.9610027855153204,0.1692299119999916,0.12465255400047681,46,2027,1.0987042021971776,0.06185923749927053,0.9132746263180748,0.908107560428223,,,0.274582560296846,0.05844155844155844,0.36410018552875695,0.30287569573283857
moe_no_balance,20,40,0.05927641552304213,0.16027283387176502,0.9953617810760668,0.9610027855153204,0.17811447399981262,0.13102733700043245,46,2027,1.1481795138300646,0.05927641552304213,0.8966502416420153,0.89864229130362,0.010185520902118442,0.0,0.27782931354359924,0.02922077922077922,0.3914656771799629,0.3014842300556586
moe_no_balance,21,41,0.05939333552422036,0.15986884301979631,0.9944341372912802,0.9610027855153204,0.1894574670000111,0.13719151300028898,46,2027,1.206091482972268,0.05939333552422036,0.8695868219446,0.8932375336236352,,,0.275974025974026,0.003246753246753247,0.3937847866419295,0.3269944341372913
moe_no_balance,22,42,0.056810399620584054,0.15712517213340346,0.9944341372912802,0.9637883008356546,0.19749372400019638,0.14317662000030396,46,2027,1.214777853952065,0.056810399620584054,0.8622911302864151,0.8863190084751101,,,0.2764378478664193,0.0027829313543599257,0.39935064935064934,0.32142857142857145
moe_no_balance,23,43,0.05470934033069199,0.15476068186360778,0.9972170686456401,0.9665738161559888,0.20498834799991528,0.1489228890004597,46,2027,1.1953164249189274,0.05470934033069199,0.8641052962678935,0.8879090504489423,,,0.26437847866419295,0.00463821892393321,0.3817254174397032,0.3492578849721707
moe_no_balance,24,44,0.053838828867909784,0.15177100440060504,0.9944341372912802,0.9637883008356546,0.21289311800001087,0.15473360500072886,46,2027,1.2168987900991635,0.053838828867909784,0.8553622580333343,0.8716740783997637,,,0.28061224489795916,0.006957328385899814,0.4109461966604824,0.3014842300556586
moe_no_balance,25,45,0.04980867153949829,0.14917742229667036,0.9972170686456401,0.9665738161559888,0.2210922809999829,0.1608791430007841,46,2027,1.1950017094799887,0.04980867153949829,0.8590570183048929,0.8754242815456663,,,0.25742115027829315,0.00974025974025974,0.39517625231910947,0.33766233766233766
moe_no_balance,26,46,0.049125876584755826,0.1507988164691085,0.9981447124304267,0.9665738161559888,0.2294912430002114,0.16716443100040124,46,2027,1.1811601730001022,0.049125876584755826,0.8589495460508854,0.8714899451777999,,,0.26855287569573283,0.011595547309833023,0.3826530612244898,0.33719851576994436
moe_no_balance,27,47,0.04625311793375024,0.1468069698006394,0.9972170686456401,0.9693593314763231,0.2375116960001833,0.17306864600050176,46,2027,1.1870560971222954,0.04625311793375024,0.8554238422374162,0.862804165558999,,,0.2727272727272727,0.02040816326530612,0.400278293135436,0.30658627087198514
moe_no_balance,28,48,0.04433741869271672,0.1492531471643913,0.9981447124304267,0.9665738161559888,0.24523948100022608,0.17894681300049342,46,2027,1.1632238174207317,0.04433741869271672,0.8573719428533321,0.8614055460920926,,,0.26391465677179965,0.03293135435992579,0.38636363636363635,0.3167903525046382
moe_no_balance,29,49,0.04278506863267668,0.14635749961536174,0.9981447124304267,0.9665738161559888,0.2530127029999676,0.1846800930002246,46,2027,1.1462183098022856,0.04278506863267668,0.8584589960686307,0.8590815086482696,,,0.26669758812615957,0.04591836734693878,0.37755102040816324,0.3098330241187384
moe_no_balance,30,50,0.04187224773452018,0.1444242787709962,0.9981447124304267,0.9693593314763231,0.2608792559999529,0.19055569600004674,46,2027,1.1757312614027098,0.04187224773452018,0.846569979862543,0.8551854821612209,,,0.2588126159554731,0.025510204081632654,0.387291280148423,0.32838589981447125
moe_no_balance,31,51,0.04041424776172024,0.14630564674545896,0.9981447124304267,0.9693593314763231,0.2689656190000278,0.1967894670001442,46,2027,1.1593560353642447,0.04041424776172024,0.8477403914262442,0.8527622502912808,,,0.2653061224489796,0.03525046382189239,0.37708719851576994,0.32235621521335805
moe_no_balance,32,52,0.04065500020094116,0.14256241784856313,0.9962894248608535,0.9693593314763231,0.2769687069999236,0.20267832900026406,46,2027,1.1523688971584731,0.04065500020094116,0.8455131872754307,0.8446348428891941,,,0.28014842300556586,0.05612244897959184,0.3821892393320965,0.2815398886827458
moe_no_balance,33,53,0.038936416756831765,0.1449924116163568,0.9981447124304267,0.9693593314763231,0.28497483899991494,0.20881798900063586,46,2027,1.207888365218994,0.038936416756831765,0.8279319285402563,0.8390448994085035,,,0.2541743970315399,0.023191094619666047,0.4100185528756957,0.31261595547309834
moe_no_balance,34,54,0.037446780875096966,0.1431608537173814,0.9981447124304267,0.9693593314763231,0.29244099100014864,0.21453939000048194,46,2027,1.1865217700023385,0.037446780875096966,0.8284703582134687,0.8436719792788313,,,0.2680890538033395,0.019944341372912802,0.3784786641929499,0.3334879406307978
moe_no_balance,35,55,0.036540216429358834,0.14172295198897766,0.9972170686456401,0.9693593314763231,0.29991457300002367,0.22007670500033782,46,2027,1.1613461082222314,0.036540216429358834,0.833124831153782,0.8388845643482588,,,0.27690166975881264,0.041743970315398886,0.37337662337662336,0.3079777365491651
moe_no_balance,36,56,0.03466561491631267,0.14229150874926197,0.9981447124304267,0.9693593314763231,0.3069716300001346,0.225322251000307,46,2027,1.1565494420678282,0.03466561491631267,0.8321826311322865,0.8394754911534108,,,0.25556586270871984,0.04359925788497217,0.3715213358070501,0.3293135435992579
moe_no_balance,37,57,0.033307917214983176,0.13875074119980896,0.9981447124304267,0.9693593314763231,0.3142506009999124,0.23068749700041735,46,2027,1.1438076783872948,0.033307917214983176,0.8335843942758692,0.8414811472178094,,,0.27968460111317256,0.044990723562152134,0.3520408163265306,0.3232838589981447
moe_no_balance,38,58,0.03318227694603175,0.14219857643257355,0.9981447124304267,0.9693593314763231,0.32251480100012486,0.2370599570003833,46,2027,1.206991195679053,0.03318227694603175,0.8116336168073935,0.8253144787793109,,,0.2634508348794063,0.025510204081632654,0.39981447124304265,0.3112244897959184
moe_no_balance,39,59,0.03265994917750032,0.14105931569799357,0.9981447124304267,0.9693593314763231,0.3301814229998854,0.24285896500032322,46,2027,1.1901021389703965,0.03265994917750032,0.8149378706036152,0.8283838241317728,,,0.2592764378478664,0.026901669758812616,0.38589981447124305,0.32792207792207795
moe_no_balance,40,60,0.030608266306184143,0.13758429059888613,0.9981447124304267,0.9693593314763231,0.33781984300003387,0.2485293300005651,46,2027,1.1590316931244544,0.030608266306184143,0.8204197633164826,0.8301969968745743,0.008012318800333675,0.0,0.27365491651205937,0.040352504638218926,0.36178107606679033,0.32421150278293137
moe_no_balance,41,61,0.030483357440366742,0.14203223951392877,0.9981447124304267,0.9693593314763231,0.34771679499999664,0.25356279800053017,46,2027,1.1620343027539632,0.030483357440366742,0.8169720729549206,0.8241814307740595,,,0.25,0.05194805194805195,0.37755102040816324,0.3205009276437848
moe_no_balance,42,62,0.029872137852725914,0.13946401191501248,0.9981447124304267,0.9665738161559888,0.3550023550001242,0.2585643890006395,46,2027,1.2030831467214056,0.029872137852725914,0.8022792489815153,0.8180288774767006,,,0.2680890538033395,0.02365491651205937,0.38961038961038963,0.3186456400742115
moe_no_balance,43,63,0.028941857871040304,0.1395754749107024,0.9981447124304267,0.9665738161559888,0.3621472340000764,0.26391899000054764,46,2027,1.1855425863340232,0.028941857871040304,0.8061962713250882,0.8188721862748667,,,0.2634508348794063,0.030148423005565864,0.3803339517625232,0.32606679035250463
moe_no_balance,44,64,0.027875481652922276,0.13920431273659273,0.9990723562152134,0.9693593314763231,0.3698118440001963,0.26965017700058524,46,2027,1.156632150365803,0.027875481652922276,0.8117857725153433,0.8190458223251289,,,0.26205936920222633,0.05519480519480519,0.37012987012987014,0.31261595547309834
moe_no_balance,45,65,0.027463832808550446,0.14052682636042,0.9981447124304267,0.9665738161559888,0.3775047560002349,0.27534642100090423,46,2027,1.1542200212259954,0.027463832808550446,0.8097373804590416,0.8171687417966204,,,0.26113172541743973,0.05612244897959184,0.3678107606679035,0.31493506493506496
moe_no_balance,46,66,0.025918238622030895,0.14129530716240787,0.9990723562152134,0.9665738161559888,0.3858437479998429,0.2819487950009716,46,2027,1.1562635290633048,0.025918238622030895,0.8079344414732181,0.8188390379092223,,,0.2606679035250464,0.04916512059369202,0.362708719851577,0.3274582560296846
moe_no_balance,47,67,0.026456522314947592,0.14275833016157888,0.9981447124304267,0.9637883008356546,0.39420815799985576,0.28832937600100195,46,2027,1.169961306134195,0.026456522314947592,0.7999008094233624,0.8089771699499294,,,0.2537105751391466,0.054267161410018555,0.3784786641929499,0.313543599257885
moe_no_balance,48,68,0.025387404697170164,0.13653429611076495,0.9990723562152134,0.9693593314763231,0.40341931000011755,0.2951388320007027,46,2027,1.1625432121150654,0.025387404697170164,0.800919399549234,0.8122714419330892,,,0.2560296846011132,0.046846011131725415,0.3654916512059369,0.33163265306122447
moe_no_balance,49,69,0.023891480834676113,0.1406421431272645,1.0,0.9721448467966574,0.41067350299999816,0.30054767400088167,46,2027,1.149214719995853,0.023891480834676113,0.8024926752030557,0.8098641431375636,,,0.2657699443413729,0.06215213358070501,0.36178107606679033,0.3102968460111317
moe_no_balance,50,70,0.024505876607418764,0.13836541685927106,0.9990723562152134,0.9665738161559888,0.4186257649998879,0.3063217050007552,46,2027,1.17436857251743,0.024505876607418764,0.7930069816319146,0.8047230702855688,,,0.2653061224489796,0.04638218923933209,0.37244897959183676,0.31586270871985156
moe_no_balance,51,71,0.023786065489478894,0.13856695114776602,0.9990723562152134,0.9721448467966574,0.42641372900015995,0.3117795400007708,46,2027,1.1717213433298443,0.023786065489478894,0.7910089941606251,0.8043960457980606,,,0.2653061224489796,0.04452690166975881,0.36641929499072357,0.323747680890538
moe_no_balance,52,72,0.02185958157269459,0.1399424079291337,1.0,0.9721448467966574,0.4337623139999778,0.31715896800096743,46,2027,1.1544334693167873,0.02185958157269459,0.7954632537220605,0.8056118722001483,,,0.25463821892393323,0.05797773654916512,0.362708719851577,0.3246753246753247
moe_no_balance,53,73,0.0223146171701824,0.1392473991837183,0.9990723562152134,0.9665738161559888,0.4413001429998076,0.32292610800095645,46,2027,1.1572610978823619,0.0223146171701824,0.7929922725069393,0.8007455200006196,,,0.24397031539888683,0.07096474953617811,0.3738404452690167,0.3112244897959184
moe_no_balance,54,74,0.021533421473583496,0.1385439339983637,0.9990723562152134,0.9693593314763231,0.44804947900001935,0.3279029920013272,46,2027,1.1470977344636497,0.021533421473583496,0.7969535892059073,0.8073704640246564,,,0.25,0.06168831168831169,0.3589981447124304,0.3293135435992579
moe_no_balance,55,75,0.022167572797889296,0.1384360995953595,0.9990723562152134,0.9665738161559888,0.45495345600011206,0.3330722840009912,46,2027,1.176968778922619,0.022167572797889296,0.7842667759950428,0.7990867418608449,,,0.2532467532467532,0.045454545454545456,0.3719851576994434,0.3293135435992579
moe_no_balance,56,76,0.020345963117243567,0.1321713690116326,1.0,0.9721448467966574,0.4621549200001027,0.33839966400091726,46,2027,1.1624434759285491,0.020345963117243567,0.7856752397379589,0.7978878124775065,,,0.2717996289424861,0.055658627087198514,0.3622448979591837,0.3102968460111317
moe_no_balance,57,77,0.019636069916256858,0.13804212091666304,1.0,0.9721448467966574,0.4698076409999885,0.3442736250008238,46,2027,1.1640191942747204,0.019636069916256858,0.7837488376026296,0.7943230675851141,,,0.24907235621521337,0.06493506493506493,0.37244897959183676,0.313543599257885
moe_no_balance,58,78,0.01953739381045472,0.13805102065058578,1.0,0.9721448467966574,0.4773591910002324,0.3500417060008658,46,2027,1.1579947791835532,0.01953739381045472,0.7848814192808173,0.7960826928159872,,,0.24582560296846012,0.06586270871985157,0.3673469387755102,0.3209647495361781
moe_no_balance,59,79,0.019207553996604062,0.13663205668915523,1.0,0.9749303621169917,0.48463403499999913,0.35543027800076743,46,2027,1.1858857755009828,0.019207553996604062,0.7749008911365146,0.7892551007382184,,,0.2569573283858998,0.04916512059369202,0.37940630797773656,0.3144712430426716
moe_no_balance,60,80,0.018828267443352757,0.13679531917324184,1.0,0.9749303621169917,0.49185142299984363,0.36078188400097133,46,2027,1.164853794928567,0.018828267443352757,0.781170313119498,0.7940657426844081,0.007638059174593027,0.0,0.25092764378478666,0.0575139146567718,0.3678107606679035,0.323747680890538
moe_no_balance,61,81,0.01843054492581929,0.13668118996857512,1.0,0.9693593314763231,0.5022285059999376,0.3664564050009176,46,2027,1.151997331561557,0.01843054492581929,0.781511055064155,0.7908108646165958,,,0.23515769944341372,0.08024118738404452,0.3696660482374768,0.31493506493506496
moe_no_balance,62,82,0.01809388643734002,0.138740292267874,1.0,0.9693593314763231,0.5129851289998442,0.37521622000076604,46,2027,1.1789496249257554,0.01809388643734002,0.7734020397928066,0.7860066524459227,,,0.2523191094619666,0.05797773654916512,0.37894248608534326,0.310760667903525
moe_no_balance,63,83,0.01695464497143593,0.133649491582777,1.0,0.9749303621169917,0.5241104050001013,0.38348986400069407,46,2027,1.1527638305657044,0.01695464497143593,0.7800864328213789,0.7898660162595366,,,0.25139146567717996,0.07653061224489796,0.3673469387755102,0.3047309833024119
moe_no_balance,64,84,0.016987438712832488,0.1343460667693254,1.0,0.9721448467966574,0.5342149180000888,0.39120697200087307,46,2027,1.1562226433311653,0.016987438712832488,0.77794771971958,0.78940502282749,,,0.24675324675324675,0.07142857142857142,0.36641929499072357,0.31539888682745826
moe_no_balance,65,85,0.016207901533991972,0.13366917211233523,1.0,0.9749303621169917,0.5450329730001613,0.3994728540005781,46,2027,1.1599202360221281,0.016207901533991972,0.7756162102041304,0.7856853730772065,,,0.2592764378478664,0.07235621521335807,0.37012987012987014,0.2982374768089054
moe_no_balance,66,86,0.01643935777784465,0.13561661678124315,1.0,0.9721448467966574,0.554631707000226,0.4063702210005431,46,2027,1.1654107455655873,0.01643935777784465,0.772934530847845,0.7844709115727421,,,0.24211502782931354,0.0728200371057514,0.3752319109461967,0.3098330241187384
moe_no_balance,67,87,0.015705100616553558,0.132381519648808,1.0,0.9749303621169917,0.5634370789998684,0.4125689400007104,46,2027,1.1479588875453146,0.015705100616553558,0.7780422226267261,0.7886423643592483,,,0.24953617810760667,0.07884972170686456,0.36363636363636365,0.3079777365491651
moe_no_balance,68,88,0.01556749539795205,0.13399301786535533,1.0,0.9721448467966574,0.5732091830000172,0.42018875200074035,46,2027,1.159225558089752,0.01556749539795205,0.7728427775776485,0.7834772751136635,,,0.2481447124304267,0.0774582560296846,0.3719851576994434,0.30241187384044527
moe_no_balance,69,89,0.015216647412162419,0.1324638354235812,1.0,0.9721448467966574,0.5819419469999048,0.4269981770007689,46,2027,1.1509716022588505,0.015216647412162419,0.7756463905639518,0.7867813109316488,,,0.24304267161410018,0.07977736549165121,0.36688311688311687,0.3102968460111317
moe_no_balance,70,90,0.015357451921165631,0.13403925602130945,1.0,0.9721448467966574,0.5914986980001231,0.43424106400061646,46,2027,1.1616143885089576,0.015357451921165631,0.7705548089627827,0.7828858280792927,,,0.23840445269016697,0.0774582560296846,0.37291280148423006,0.3112244897959184
moe_no_balance,71,91,0.01413539917636714,0.1327719010086653,1.0,0.9749303621169917,0.6004459629998564,0.44110289700074645,46,2027,1.156133515953122,0.01413539917636714,0.7709393896171548,0.7827090426808818,,,0.26159554730983303,0.075139146567718,0.3654916512059369,0.29777365491651203
moe_no_balance,72,92,0.01449496687703489,0.13482407469378818,1.0,0.9721448467966574,0.6093211510001311,0.4479296090007665,46,2027,1.1672385862934254,0.01449496687703489,0.7655939115081127,0.7776187893590605,,,0.2435064935064935,0.07931354359925788,0.37708719851576994,0.30009276437847865
moe_no_balance,73,93,0.014505120661762731,0.13355274560400207,1.0,0.9749303621169917,0.6187531040000067,0.45509925500073223,46,2027,1.1495721097458496,0.014505120661762731,0.7715035820865648,0.7835002123892768,,,0.23979591836734693,0.0862708719851577,0.3673469387755102,0.30658627087198514
moe_no_balance,74,94,0.013567574500920589,0.13069199576301485,1.0,0.9749303621169917,0.6275295129998995,0.46157925600073213,46,2027,1.163183641802811,0.013567574500920589,0.7649278403229494,0.7777768305910213,,,0.2592764378478664,0.07606679035250463,0.37012987012987014,0.2945269016697588
moe_no_balance,75,95,0.013358157496096767,0.13355546042285402,1.0,0.9749303621169917,0.6359131819999675,0.4679229120006312,46,2027,1.1588800778273711,0.013358157496096767,0.7650500111967846,0.7769318024005042,,,0.2435064935064935,0.0839517625231911,0.3719851576994434,0.300556586270872
moe_no_balance,76,96,0.013266176068906047,0.13418264799385382,1.0,0.9749303621169917,0.6446537380002155,0.4748347910008306,46,2027,1.174819907525231,0.013266176068906047,0.7589757536817151,0.77532558389619,,,0.24628942486085342,0.0663265306122449,0.3738404452690167,0.313543599257885
moe_no_balance,77,97,0.012810463219386633,0.13249409402299697,1.0,0.9749303621169917,0.6534467209999093,0.48162247300069794,46,2027,1.1678681975609488,0.012810463219386633,0.7595532892565171,0.7745619629984394,,,0.25556586270871984,0.07374768089053803,0.37105751391465674,0.29962894248608535
moe_no_balance,78,98,0.012671890417380016,0.1308139211506916,1.0,0.9749303621169917,0.6622600059999968,0.4884652880004978,46,2027,1.1582172969534752,0.012671890417380016,0.7620189624232688,0.7757748276709769,,,0.2527829313543599,0.08209647495361781,0.3687384044526902,0.2963821892393321
moe_no_balance,79,99,0.012393067774049962,0.13160173584515988,1.0,0.9749303621169917,0.671217347000038,0.4953206820005107,46,2027,1.1607590326616342,0.012393067774049962,0.7605043039061194,0.775832044338804,,,0.24953617810760667,0.0774582560296846,0.3678107606679035,0.3051948051948052
moe_no_balance,80,100,0.012215616595304764,0.1312996946495266,1.0,0.9721448467966574,0.6794205549999788,0.5013530200003515,46,2027,1.1600626736531015,0.012215616595304764,0.7597257093523928,0.7739865774767549,0.0015839702402367498,0.0,0.2435064935064935,0.08302411873840446,0.37059369202226344,0.30287569573283857
scratch_continue,0,20,0.09176820727590418,0.18488550277789662,0.9860853432282004,0.9554317548746518,0.0012740330002998235,0.0,46,2027,1.0407074327928738,0.10217528160383292,0.8997824439659226,0.9214156117013509,0.019113788329372668,0.004123213930534859,0.1971243042671614,0.15398886827458255,0.3167903525046382,0.3320964749536178
scratch_continue,1,21,0.09829740585732448,0.20290410592441127,0.9851576994434137,0.947075208913649,0.012970397000117373,0.006126499999936641,46,2027,1.0306148258162378,0.10860355411548686,0.8966377720800787,0.915190072761944,,,0.1971243042671614,0.17810760667903525,0.27736549165120594,0.3474025974025974
scratch_continue,2,22,0.08165727848812752,0.17865872703740462,0.987012987012987,0.9498607242339833,0.020940415000040957,0.011924186000214831,46,2027,1.043753751035614,0.09209481599848367,0.8909788890601954,0.914853353791147,,,0.19526901669758812,0.14935064935064934,0.32792207792207795,0.3274582560296846
scratch_continue,3,23,0.07712939584128597,0.1800849740542463,0.9888682745825603,0.9554317548746518,0.02904639700000189,0.01808831200014538,46,2027,1.0401993034747998,0.08753138887603397,0.887765475188898,0.91204116774198,,,0.19480519480519481,0.15862708719851576,0.3112244897959184,0.33534322820037105
scratch_continue,4,24,0.07338482435109533,0.17629434475883482,0.9897959183673469,0.947075208913649,0.03818730400007553,0.024668033000125433,46,2027,1.0395721196541274,0.08378054554763661,0.8847313325602413,0.910108685064834,,,0.20593692022263452,0.150278293135436,0.3200371057513915,0.323747680890538
scratch_continue,5,25,0.07131096210238652,0.16551077213349186,0.9907235621521335,0.958217270194986,0.0462458750002952,0.03073975100005555,46,2027,1.049386582641703,0.08180482792880356,0.8796917641282485,0.9079507219091959,,,0.17810760667903525,0.16094619666048238,0.3181818181818182,0.3427643784786642
scratch_continue,6,26,0.06700109546964556,0.17317511443760505,0.9897959183673469,0.9554317548746518,0.054590735000147106,0.037001734000114084,46,2027,1.0377815354984476,0.07737891082463003,0.8785205826449607,0.9058318743947666,,,0.21289424860853431,0.1507421150278293,0.312152133580705,0.32421150278293137
scratch_continue,7,27,0.062276874560615064,0.17634123249326947,0.9925788497217068,0.947075208913649,0.06342761600035374,0.04383526500032531,46,2027,1.0310812261718576,0.07258768682233364,0.8773964065795604,0.9034523042550201,,,0.19990723562152132,0.16651205936920221,0.312152133580705,0.32142857142857145
scratch_continue,8,28,0.0616588063331479,0.16715578795523325,0.9907235621521335,0.958217270194986,0.07188637700028266,0.05037754800014227,46,2027,1.0377242653524632,0.07203604898667254,0.8733088589509734,0.9021529239453739,,,0.21706864564007422,0.1507421150278293,0.3042671614100185,0.32792207792207795
scratch_continue,9,29,0.05907064948300798,0.1741834828788952,0.9925788497217068,0.9526462395543176,0.08064369800013083,0.05715992300019934,46,2027,1.0328535734262925,0.0693991852172709,0.871802064619867,0.899785331429019,,,0.20732838589981448,0.16001855287569575,0.313543599257885,0.31910946196660483
scratch_continue,10,30,0.05406653185175134,0.16516191564308869,0.9925788497217068,0.9554317548746518,0.08831181300001845,0.0628455109999777,46,2027,1.0362499535211698,0.06442903138696304,0.8694015123100671,0.8986111512545277,,,0.20871985157699444,0.1549165120593692,0.3116883116883117,0.3246753246753247
scratch_continue,11,31,0.05279539514456591,0.16521376759342138,0.9925788497217068,0.9610027855153204,0.10122977500031993,0.07266531100003704,46,2027,1.0328663666641182,0.0631240588112071,0.8673066656566703,0.8962480307843782,,,0.1971243042671614,0.1679035250463822,0.30287569573283857,0.3320964749536178
scratch_continue,12,32,0.054763387863401895,0.1605445745686152,0.9925788497217068,0.958217270194986,0.11016022600006181,0.07918005400006223,46,2027,1.0335019488175912,0.0650984073515778,0.8655672469844168,0.8955047684080387,,,0.21799628942486085,0.15306122448979592,0.3200371057513915,0.30890538033395176
scratch_continue,13,33,0.049483388353862255,0.16047646171128255,0.9935064935064936,0.958217270194986,0.1185939199999666,0.08563179200018567,46,2027,1.026721058369826,0.05975059893756052,0.8636621516681806,0.8920179481110565,,,0.20222634508348794,0.1725417439703154,0.2940630797773655,0.33116883116883117
scratch_continue,14,34,0.05243540443134193,0.1614726151574546,0.9935064935064936,0.9554317548746518,0.12631679700007226,0.09150302900025054,46,2027,1.041137124507858,0.06284677567642051,0.8592830949025864,0.8929127108726141,,,0.2054730983302412,0.15213358070500926,0.3228200371057514,0.31957328385899814
scratch_continue,15,35,0.0469179766884074,0.1581450035751944,0.9925788497217068,0.9637883008356546,0.13478425200037236,0.0978207560001465,46,2027,1.0285619491123241,0.05720359617953064,0.8583964117597107,0.8888668301225878,,,0.20593692022263452,0.1683673469387755,0.29267161410018555,0.33302411873840443
scratch_continue,16,36,0.04997875417273673,0.15483118413489355,0.9925788497217068,0.9665738161559888,0.14379110700019737,0.10452468400035286,46,2027,1.0309406552759657,0.060288160725496386,0.8562590939687246,0.8882917698680197,,,0.20871985157699444,0.161873840445269,0.31261595547309834,0.3167903525046382
scratch_continue,17,37,0.04169385556948037,0.1555509894747611,0.9953617810760668,0.9637883008356546,0.1529123640002581,0.11137780400031261,46,2027,1.0310157919393235,0.0520040134888736,0.8546602969984188,0.8869439266277849,,,0.1989795918367347,0.1679035250463822,0.3042671614100185,0.32884972170686455
scratch_continue,18,38,0.044251705933682106,0.15122556972739903,0.9944341372912802,0.9637883008356546,0.16305714800000715,0.11891826700002639,46,2027,1.021880382594755,0.05447050975962966,0.8540045342478849,0.884887550694745,,,0.22912801484230055,0.16465677179962895,0.29035250463821893,0.31586270871985156
scratch_continue,19,39,0.04320203170072532,0.15158205507630737,0.9944341372912802,0.9610027855153204,0.17088931900025273,0.12472285400008332,46,2027,1.0285519847476035,0.053487551548201354,0.8509644065525587,0.883587514162231,,,0.19573283858998144,0.17207792207792208,0.3051948051948052,0.3269944341372913
scratch_continue,20,40,0.03962267796780784,0.1467569097738203,0.9953617810760668,0.9665738161559888,0.1797990380000556,0.1313940820004973,46,2027,1.0273916365852007,0.04989659433365985,0.848914520890752,0.882329367957842,0.011116804736060477,0.003149511192425155,0.21614100185528756,0.16280148423005567,0.3010204081632653,0.3200371057513915
scratch_continue,21,41,0.03810808880721009,0.14827169919546088,0.9962894248608535,0.9665738161559888,0.19249156800015044,0.1378088040005423,46,2027,1.026818327960308,0.048376272086813166,0.847527638277894,0.8811424844369897,,,0.21103896103896103,0.1660482374768089,0.30009276437847865,0.3228200371057514
scratch_continue,22,42,0.040506716670688926,0.14808635212926233,0.9935064935064936,0.9665738161559888,0.20066896700018333,0.14373384100053954,46,2027,1.0240542848862886,0.050747259519551814,0.8465722364860493,0.8800121015642011,,,0.22402597402597402,0.16233766233766234,0.30844155844155846,0.3051948051948052
scratch_continue,23,43,0.03826878026144616,0.14684483256418723,0.9962894248608535,0.9665738161559888,0.20954954300032114,0.1506122800005869,46,2027,1.0177277787238277,0.04844605804868443,0.8449931891946348,0.8776755926854065,,,0.22077922077922077,0.17532467532467533,0.288961038961039,0.31493506493506496
scratch_continue,24,44,0.03703290332364284,0.1441186959987564,0.9972170686456401,0.9721448467966574,0.21823449400017125,0.1570001920008508,46,2027,1.0228515231415167,0.047261418555058006,0.8418861715645382,0.8762994174500244,,,0.22217068645640073,0.1660482374768089,0.29035250463821893,0.32142857142857145
scratch_continue,25,45,0.034802198980388915,0.14307668158193898,0.9962894248608535,0.9721448467966574,0.22617019100016478,0.1628879840004629,46,2027,1.0238437763055745,0.04504063674344466,0.8401631425055076,0.8753021705583794,,,0.20222634508348794,0.17578849721706866,0.3033395176252319,0.3186456400742115
scratch_continue,26,46,0.035212892471721824,0.1644473191066049,0.9962894248608535,0.9693593314763231,0.23477491200037548,0.16952362800020637,46,2027,1.0208261844042585,0.045421154315764406,0.8384238621645687,0.8730080947067579,,,0.22448979591836735,0.17115027829313545,0.2750463821892393,0.3293135435992579
scratch_continue,27,47,0.03255102140793239,0.14240513883360345,0.9972170686456401,0.9721448467966574,0.24328052400005618,0.1757362760004071,46,2027,1.022233558917221,0.0427733569971046,0.8363699447849282,0.8718814030534007,,,0.20918367346938777,0.17207792207792208,0.30565862708719854,0.31307977736549164
scratch_continue,28,48,0.03406585775440779,0.14974823944469917,0.9962894248608535,0.9693593314763231,0.2515472180002689,0.18177423300039663,46,2027,1.0177375631972916,0.044243233386380705,0.8350369822226862,0.8703404193464787,,,0.22866419294990722,0.1730055658627087,0.2782931354359926,0.3200371057513915
scratch_continue,29,49,0.030385042879462875,0.14148804373757093,0.9981447124304267,0.9721448467966574,0.2588868289999482,0.18734356700042554,46,2027,1.0228359558777125,0.04061340243824,0.8331525943402011,0.869834745055629,,,0.2012987012987013,0.17578849721706866,0.3051948051948052,0.3177179962894249
scratch_continue,30,50,0.03076474652472124,0.13803930415223278,0.9972170686456401,0.9721448467966574,0.26708096400034265,0.1934484140006134,46,2027,1.0237584293700535,0.04100233081842178,0.8309536663891599,0.8683617644453168,,,0.21382189239332097,0.16697588126159554,0.29730983302411873,0.32189239332096475
scratch_continue,31,51,0.03357207036769697,0.1464950450922713,0.9944341372912802,0.9693593314763231,0.2746564000003673,0.1989882830002898,46,2027,1.0108018072521905,0.04368008844021888,0.8316655136790634,0.8659939534357223,,,0.23191094619666047,0.18320964749536178,0.274582560296846,0.3102968460111317
scratch_continue,32,52,0.03195078195231576,0.13792551449241164,0.9962894248608535,0.9693593314763231,0.2837287130000732,0.2056027660005384,46,2027,1.015240174749865,0.04210318369981441,0.8299948215974855,0.865811342062241,,,0.22356215213358072,0.1767161410018553,0.2917439703153989,0.3079777365491651
scratch_continue,33,53,0.02941999288794457,0.13553047220623943,0.9981447124304267,0.9721448467966574,0.29187713900000745,0.21159479400057535,46,2027,1.0308394283790472,0.03972838717173505,0.8244886430870664,0.8659238584324894,,,0.22402597402597402,0.1553803339517625,0.2987012987012987,0.32189239332096475
scratch_continue,34,54,0.029753685074368225,0.13848718491517237,0.9953617810760668,0.9721448467966574,0.2996395449999909,0.2174322290006785,46,2027,1.0153545789150533,0.03990723086351876,0.8253412284334086,0.8626153831964105,,,0.21846011131725418,0.1790352504638219,0.2847866419294991,0.3177179962894249
scratch_continue,35,55,0.029790710731967682,0.1403077054474587,0.9962894248608535,0.9693593314763231,0.30724098000018785,0.2231580770007895,46,2027,1.0079865160927326,0.039870575892895006,0.8256058724301135,0.860789723032438,,,0.22680890538033396,0.19202226345083487,0.2722634508348794,0.30890538033395176
scratch_continue,36,56,0.02782528850821889,0.1362871994173571,0.9972170686456401,0.9721448467966574,0.314679420000175,0.2285757220006417,46,2027,1.017418426683227,0.03799947277505116,0.8230701796473374,0.8610027441114171,,,0.22031539888682747,0.17439703153988867,0.28617810760667906,0.31910946196660483
scratch_continue,37,57,0.031220688338898357,0.15919734574866493,0.9962894248608535,0.9665738161559888,0.32264447000034124,0.23449653300076534,46,2027,1.0082951580816095,0.041303639919714454,0.8236906056135442,0.8592578425353662,,,0.21799628942486085,0.19619666048237477,0.2690166975881262,0.3167903525046382
scratch_continue,38,58,0.025888104651113363,0.13269307986876416,0.9981447124304267,0.9693593314763231,0.33041372700017746,0.24037394900051368,46,2027,1.0060955457937555,0.03594906010905092,0.8234806094420793,0.8584581075025539,,,0.21567717996289426,0.19990723562152132,0.27782931354359924,0.30658627087198514
scratch_continue,39,59,0.027981506841637808,0.15443657727259993,0.9962894248608535,0.9693593314763231,0.337980620000053,0.24594104900052116,46,2027,1.0064046281855856,0.03804555312349366,0.822218910198889,0.8574636037230924,,,0.22031539888682747,0.19805194805194806,0.27040816326530615,0.3112244897959184
scratch_continue,40,60,0.026005569706234362,0.15323308926956677,0.9962894248608535,0.9721448467966574,0.345734614000321,0.25182481500087306,46,2027,1.0056960917238889,0.036062530623473255,0.8210618898727126,0.8562263001295373,0.009847838498804736,0.0022735904517467978,0.21103896103896103,0.20454545454545456,0.2717996289424861,0.31261595547309834
scratch_continue,41,61,0.026822441538883822,0.13404330102101572,0.9953617810760668,0.9721448467966574,0.3568434349999734,0.2579671790008433,46,2027,1.0044979801663352,0.03686742134054717,0.8199199062386364,0.8547937694836792,,,0.21103896103896103,0.20732838589981448,0.2699443413729128,0.3116883116883117
scratch_continue,42,62,0.025121752027299805,0.13423069769917034,0.9981447124304267,0.9721448467966574,0.36492411900007937,0.2642659980006101,46,2027,1.0024792399797458,0.03514654442709726,0.819219428122442,0.8530025757808206,,,0.22495361781076068,0.20222634508348794,0.2787569573283859,0.2940630797773655
scratch_continue,43,63,0.03431418761474679,0.1598121092493519,0.9953617810760668,0.9693593314763231,0.37270905000013954,0.27000843100040584,46,2027,1.002730966164552,0.04434149727639231,0.8155508792919035,0.8511760247684114,,,0.22217068645640073,0.21706864564007422,0.24721706864564008,0.313543599257885
scratch_continue,44,64,0.02609495803273993,0.13129847065358832,0.9972170686456401,0.9721448467966574,0.3809058780002488,0.2762383260005663,46,2027,1.0025889882822345,0.036120847915562276,0.8134907427686559,0.8498352092095464,,,0.22077922077922077,0.20686456400742115,0.2653061224489796,0.3070500927643785
scratch_continue,45,65,0.03074977065887273,0.1300721189081397,0.9953617810760668,0.9749303621169917,0.3882614530002684,0.281675981000717,46,2027,0.9995205095085131,0.04074497575395786,0.8117890628033781,0.847596896063687,,,0.22031539888682747,0.2258812615955473,0.2564935064935065,0.29730983302411873
scratch_continue,46,66,0.02358421830313939,0.1294259588627839,0.9972170686456401,0.9721448467966574,0.3965869250000651,0.2881041240007107,46,2027,1.0020143097185708,0.0336043614003251,0.8091200682174317,0.8462021887446088,,,0.21985157699443414,0.21057513914656772,0.26484230055658625,0.3047309833024119
scratch_continue,47,67,0.02276136401418291,0.1286641626025817,0.9972170686456401,0.9721448467966574,0.4043497320003553,0.29383168400090653,46,2027,1.006740568948269,0.0328287697036656,0.8069423607087464,0.8460969335517475,,,0.20593692022263452,0.20408163265306123,0.27736549165120594,0.31261595547309834
scratch_continue,48,68,0.022218105772047806,0.12902065052849904,0.9981447124304267,0.9749303621169917,0.41197162800017395,0.29916140800105495,46,2027,1.0026832066401132,0.03224493783844894,0.8055000031647287,0.8435390501603293,,,0.2017625231910946,0.22912801484230055,0.27319109461966606,0.29591836734693877
scratch_continue,49,69,0.022746581769478875,0.1339084621327081,0.9972170686456401,0.9693593314763231,0.4197594620000018,0.3050990940009797,46,2027,1.0010779374217889,0.03275736114369676,0.8044835532603437,0.8427377552132103,,,0.22495361781076068,0.21150278293135436,0.2606679035250464,0.30287569573283857
scratch_continue,50,70,0.02425047590582761,0.13244827406729154,0.9972170686456401,0.9721448467966574,0.42704594399992857,0.310459795000952,46,2027,1.0035103587009417,0.03428557949283703,0.8020281028213385,0.8405858622382074,,,0.19758812615955473,0.237012987012987,0.2782931354359926,0.28710575139146566
scratch_continue,51,71,0.020601375711397533,0.1294357754219951,0.9981447124304267,0.9749303621169917,0.4352263280002262,0.31629950400065354,46,2027,1.007912326999126,0.03068049898138879,0.7997706367692672,0.8409063472135133,,,0.21799628942486085,0.19294990723562153,0.28710575139146566,0.30194805194805197
scratch_continue,52,72,0.020213663694301488,0.12952696962247623,0.9972170686456401,0.9749303621169917,0.4439048399999592,0.3230365600006735,46,2027,1.0039839548064442,0.03025350324236593,0.7982325349109882,0.8388825176359141,,,0.2077922077922078,0.21567717996289426,0.27040816326530615,0.30612244897959184
scratch_continue,53,73,0.01832573346218542,0.12959203003651748,0.9981447124304267,0.9749303621169917,0.4514843420001853,0.3287500600004023,46,2027,1.0051034348848527,0.028376767811033946,0.7970926698394055,0.8379622895238547,,,0.20083487940630798,0.2166048237476809,0.2782931354359926,0.3042671614100185
scratch_continue,54,74,0.01883643082740823,0.1301731544129988,0.9981447124304267,0.9749303621169917,0.4592283500001031,0.33439216200031296,46,2027,1.0023902408796839,0.02886033323620507,0.7965160219694613,0.8366820543129196,,,0.20964749536178107,0.21706864564007422,0.27087198515769945,0.30241187384044527
scratch_continue,55,75,0.018917428003864544,0.12892362182082096,0.9972170686456401,0.9721448467966574,0.46658558800027095,0.33987522600000375,46,2027,1.002432469597492,0.028941752699839465,0.795532936355664,0.836139372096941,,,0.21567717996289426,0.2101113172541744,0.27087198515769945,0.3033395176252319
scratch_continue,56,76,0.017751377049556847,0.12930168329317446,0.9981447124304267,0.9749303621169917,0.47422557100026097,0.3455847690001974,46,2027,1.0014867850640583,0.02776624490019743,0.794485720927173,0.8344087297355222,,,0.20454545454545456,0.22866419294990722,0.2727272727272727,0.2940630797773655
scratch_continue,57,77,0.01690103989542657,0.12661769482702873,0.9981447124304267,0.9721448467966574,0.4814566790000754,0.35103799800026536,46,2027,1.002247390154222,0.02692351379696879,0.7936995674487636,0.8339554421516168,,,0.20640074211502782,0.22170686456400743,0.2782931354359926,0.29359925788497215
scratch_continue,58,78,0.016626383235038355,0.12593594021079646,0.9990723562152134,0.9749303621169917,0.4901065080002809,0.35765733900007035,46,2027,1.0047140906556127,0.026673524141594483,0.7932316718382871,0.8345202769705393,,,0.19619666048237477,0.22727272727272727,0.27365491651205937,0.30287569573283857
scratch_continue,59,79,0.01606818134705916,0.1272730493972939,0.9990723562152134,0.9721448467966574,0.4975125690002642,0.36330397800020364,46,2027,1.0014058312194092,0.026082239659253253,0.7926689247439328,0.8327643357038266,,,0.20871985157699444,0.22263450834879406,0.275974025974026,0.29267161410018555
scratch_continue,60,80,0.0186588125345651,0.12763903816993288,0.9972170686456401,0.9721448467966574,0.5049302580000585,0.3686955950001902,46,2027,1.0022649289940269,0.028681461824505372,0.7916294589018389,0.8318960117058768,0.011925625601726933,0.001642996224465768,0.20037105751391465,0.237012987012987,0.2727272727272727,0.2898886827458256
scratch_continue,61,81,0.015575075339858059,0.12938593487040112,0.9990723562152134,0.9721448467966574,0.514982191999934,0.3739116470001136,46,2027,1.0027066428291092,0.02560214176814915,0.7909593862339112,0.832125428097754,,,0.20732838589981448,0.21753246753246752,0.27968460111317256,0.29545454545454547
scratch_continue,62,82,0.016733929007642888,0.12840465119155775,0.9981447124304267,0.9693593314763231,0.5221827650002524,0.3792555610002637,46,2027,1.0015168090504245,0.026749097098147136,0.7890619140375649,0.8295986952228139,,,0.20593692022263452,0.23098330241187384,0.27782931354359924,0.2852504638218924
scratch_continue,63,83,0.01827056400494975,0.1283561844026679,0.9972170686456401,0.9721448467966574,0.5300966590002645,0.3848581950001062,46,2027,1.001058905109802,0.028281153056047767,0.7882813088286459,0.8293106078699342,,,0.20408163265306123,0.2323747680890538,0.26669758812615957,0.29684601113172543
scratch_continue,64,84,0.015681883435476524,0.12898047140668348,0.9990723562152134,0.9721448467966574,0.5375154790003762,0.3905095320001237,46,2027,1.0015738240746777,0.0256976216762233,0.787070693281222,0.8281353743535899,,,0.2036178107606679,0.23144712430426717,0.274582560296846,0.29035250463821893
scratch_continue,65,85,0.016944214195134154,0.1520716671075989,0.9981447124304267,0.9693593314763231,0.5453319170001123,0.3963026119999995,46,2027,1.0014952660114875,0.02695916685524903,0.7860269709570249,0.8279143067807351,,,0.2036178107606679,0.23098330241187384,0.2657699443413729,0.29962894248608535
scratch_continue,66,86,0.014654592180739322,0.12952988648234487,0.9990723562152134,0.9693593314763231,0.5528901560001032,0.40195199600020715,46,2027,1.0044163606049346,0.024698755786788668,0.7844546568156359,0.8271796519002816,,,0.1924860853432282,0.23979591836734693,0.2727272727272727,0.2949907235621521
scratch_continue,67,87,0.016100009245897783,0.1518897093461579,0.9990723562152134,0.9721448467966574,0.5600780700001451,0.4072884090005573,46,2027,1.0000295824415009,0.026100305070312795,0.7837953737753678,0.8260403157541468,,,0.21150278293135436,0.23376623376623376,0.25834879406307976,0.2963821892393321
scratch_continue,68,88,0.014877454937422615,0.127739048293418,0.9981447124304267,0.9749303621169917,0.5668075749999844,0.41228367000076105,46,2027,1.0035654289019735,0.02491310922644235,0.7825582543966378,0.8262683123628821,,,0.1971243042671614,0.23191094619666047,0.2662337662337662,0.3047309833024119
scratch_continue,69,89,0.01514547983216774,0.1534611578095114,0.9990723562152134,0.9721448467966574,0.5740935470003024,0.4176587720007774,46,2027,1.000913944437307,0.02515461927654081,0.7817437594050334,0.8246043291129308,,,0.20593692022263452,0.2388682745825603,0.25742115027829315,0.29777365491651203
scratch_continue,70,90,0.014773963802731193,0.1508098078700962,0.9990723562152134,0.9721448467966574,0.5816925870003615,0.42326592200060986,46,2027,1.0053538273149525,0.02482750207588072,0.7803044098910153,0.8248058818774944,,,0.19155844155844157,0.24211502782931354,0.26159554730983303,0.3047309833024119
scratch_continue,71,91,0.015751511027341163,0.12977373495733205,0.9981447124304267,0.9721448467966574,0.5894384990001527,0.4290759960008472,46,2027,0.9982511610967222,0.025734022638308388,0.7804183594317652,0.8225854086769836,,,0.22031539888682747,0.22356215213358072,0.2662337662337662,0.2898886827458256
scratch_continue,72,92,0.013661272378029353,0.15350635328324777,0.9990723562152134,0.9693593314763231,0.5989581240000916,0.4359063630008677,46,2027,1.0053093104568227,0.02371436548259758,0.778883964675338,0.8238281857140923,,,0.19109461966604824,0.24768089053803338,0.262987012987013,0.2982374768089054
scratch_continue,73,93,0.013824339494111503,0.12953428715942966,1.0,0.9693593314763231,0.6087933630001316,0.4432370710005671,46,2027,0.9996825168765722,0.023821164662877224,0.7783398091579808,0.8217616829790262,,,0.20918367346938777,0.22959183673469388,0.2662337662337662,0.2949907235621521
scratch_continue,74,94,0.014117449407588271,0.15490964227606313,1.0,0.9693593314763231,0.6219867350000641,0.4533300470006907,46,2027,1.0008453594371456,0.024125903001959728,0.7769804370210569,0.8208495380437676,,,0.20871985157699444,0.25139146567717996,0.24953617810760667,0.29035250463821893
scratch_continue,75,95,0.012508813737945232,0.12895311858455966,1.0,0.9721448467966574,0.6336950260001686,0.4628840140007924,46,2027,1.0014818504418852,0.022523632242364082,0.7759852968715506,0.8202933310467079,,,0.20315398886827457,0.2323747680890538,0.2727272727272727,0.2917439703153989
scratch_continue,76,96,0.012907280944231849,0.1283009477870049,0.9990723562152134,0.9721448467966574,0.6463563790002809,0.4724419360009051,46,2027,1.0005702288251483,0.022912983232483333,0.7750944971627797,0.8194164179907916,,,0.20593692022263452,0.23330241187384043,0.26437847866419295,0.2963821892393321
scratch_continue,77,97,0.01351624617914905,0.12883990769790846,0.9990723562152134,0.9721448467966574,0.6582602140001654,0.4816600880008082,46,2027,1.0000833124050454,0.023517079303199503,0.774307778963931,0.8184702820091522,,,0.20732838589981448,0.23840445269016697,0.2606679035250464,0.29359925788497215
scratch_continue,78,98,0.011744079444423234,0.12822669642401227,1.0,0.9693593314763231,0.6730810200001542,0.4936654250009269,46,2027,1.003221400656454,0.021776293450987774,0.7732736899576437,0.8185133812020874,,,0.19573283858998144,0.24489795918367346,0.2653061224489796,0.2940630797773655
scratch_continue,79,99,0.012722466648522763,0.1290932871898173,1.0,0.9721448467966574,0.6834306310001921,0.5014489540008071,46,2027,0.9985525594677206,0.02270799224319997,0.7728391312392681,0.8168564574382485,,,0.2147495361781076,0.23191094619666047,0.2602040816326531,0.29313543599257885
scratch_continue,80,100,0.011104263817129778,0.1276787307642303,1.0,0.9721448467966574,0.6945842300001459,0.5095599640008004,46,2027,1.0032704666463657,0.021136968483593435,0.7717481828463352,0.8175044351008509,0.01071130295906313,0.0017103353951394898,0.19666048237476808,0.24304267161410018,0.2634508348794063,0.29684601113172543
