phase,epoch,global_epoch,train_ce,val_ce,train_accuracy,val_accuracy,elapsed_seconds,training_seconds,seed,split_seed,balance_loss,objective,router_entropy_normalized,selected_gate_entropy_normalized,task_router_grad_l2,aux_router_grad_l2,expert_0_assignment_share,expert_1_assignment_share,expert_2_assignment_share,expert_3_assignment_share
linear_pretrain,0,0,2.3068194446545722,2.309010975617839,0.12059369202226346,0.12534818941504178,0.00039791800008970313,0.0,45,2026,,,,,,,,,,
linear_pretrain,1,1,1.504440919108877,1.5198327067308173,0.8293135435992579,0.8050139275766016,0.0019778320001933025,0.001316016999680869,45,2026,,,,,,,,,,
linear_pretrain,2,2,1.003539024427332,1.0283173964221017,0.9109461966604824,0.9052924791086351,0.00390637999998944,0.0029784449998260243,45,2026,,,,,,,,,,
linear_pretrain,3,3,0.7354607681941155,0.7625534737984587,0.9183673469387755,0.9136490250696379,0.00615101199991841,0.004463876999579952,45,2026,,,,,,,,,,
linear_pretrain,4,4,0.585400630010727,0.6136916127708546,0.9257884972170687,0.924791086350975,0.008392369999910443,0.0064087189998645044,45,2026,,,,,,,,,,
linear_pretrain,5,5,0.49022806568826516,0.5212937469429563,0.9304267161410018,0.9275766016713092,0.010348109000005934,0.008107650999590987,45,2026,,,,,,,,,,
linear_pretrain,6,6,0.42665037877714596,0.45824450792693094,0.935064935064935,0.9331476323119777,0.01203869900018617,0.009544199999254488,45,2026,,,,,,,,,,
linear_pretrain,7,7,0.37902770860279694,0.41433572801909146,0.9397031539888683,0.9303621169916435,0.013615247999950952,0.010855219999029941,45,2026,,,,,,,,,,
linear_pretrain,8,8,0.34226786429188294,0.3767076928081673,0.9434137291280148,0.935933147632312,0.015351556000041455,0.012155562998941605,45,2026,,,,,,,,,,
linear_pretrain,9,9,0.3128863891688635,0.3512528243195631,0.9461966604823747,0.9331476323119777,0.01748463100011577,0.014010038999003882,45,2026,,,,,,,,,,
linear_pretrain,10,10,0.2891569204828776,0.33038787982892254,0.9526901669758813,0.9415041782729805,0.0191797279999264,0.015191183998922497,45,2026,,,,,,,,,,
linear_pretrain,11,11,0.2693777789304405,0.31243509937990505,0.9564007421150278,0.9415041782729805,0.02094754500012641,0.016709625998828415,45,2026,,,,,,,,,,
linear_pretrain,12,12,0.2522864997912507,0.2955728056743633,0.9545454545454546,0.9415041782729805,0.0228652159999001,0.018292062999080372,45,2026,,,,,,,,,,
linear_pretrain,13,13,0.2381084332935153,0.2855479867428258,0.9591836734693877,0.935933147632312,0.02461484500008737,0.0197624019988325,45,2026,,,,,,,,,,
linear_pretrain,14,14,0.22507129774994644,0.27288527967439047,0.9601113172541744,0.9442896935933147,0.02619842400008565,0.021108223998908215,45,2026,,,,,,,,,,
linear_pretrain,15,15,0.21394484167766223,0.2638926641401224,0.963821892393321,0.9387186629526463,0.027587131000018417,0.022248296998895967,45,2026,,,,,,,,,,
linear_pretrain,16,16,0.2036994540662197,0.2550474708180426,0.963821892393321,0.9415041782729805,0.029506594999929803,0.023700558998825727,45,2026,,,,,,,,,,
linear_pretrain,17,17,0.1949861242091879,0.24536915607084292,0.9656771799628943,0.947075208913649,0.031038948000059463,0.02498809399867241,45,2026,,,,,,,,,,
linear_pretrain,18,18,0.18691980168682487,0.239846296469698,0.963821892393321,0.9442896935933147,0.03280840600018564,0.02651730099842098,45,2026,,,,,,,,,,
linear_pretrain,19,19,0.17946532307167518,0.23496821987993508,0.9693877551020408,0.947075208913649,0.034732747999896674,0.028020739998737554,45,2026,,,,,,,,,,
linear_pretrain,20,20,0.1723885031801023,0.22776638326592585,0.9712430426716141,0.9442896935933147,0.03623552599992763,0.029223817998627055,45,2026,,,,,,,,,,
scratch_pretrain,0,0,2.300089767383473,2.300121854183821,0.10482374768089053,0.11977715877437325,0.0013100179999128159,0.0,45,2026,1.1668391148526653,2.3117581585319997,0.9840185137234536,0.9899269512137739,0.010486432267995512,0.014643285562283151,0.5,0.030612244897959183,0.46567717996289426,0.0037105751391465678
scratch_pretrain,1,1,1.3822202458639228,1.4361824686751414,0.7773654916512059,0.7520891364902507,0.012621573999695102,0.006149258999812446,45,2026,1.0455691957515632,1.3926759378214384,0.9918509880175201,0.9909448135703645,,,0.15816326530612246,0.33487940630797774,0.4072356215213358,0.09972170686456401
scratch_pretrain,2,2,0.8282099477148042,0.8996290333992302,0.8423005565862709,0.8105849582172702,0.021755477999704453,0.013085261000014725,45,2026,1.0341900913590956,0.8385518486283952,0.9840793145671943,0.9808227106389311,,,0.24165120593692022,0.2755102040816326,0.35667903525046385,0.1261595547309833
scratch_pretrain,3,3,0.5799580292745499,0.6348702247194423,0.9053803339517625,0.8857938718662952,0.030205664999812143,0.019309242999952403,45,2026,1.087479136612387,0.5908328206406738,0.9677879359961483,0.9648682221285093,,,0.24675324675324675,0.29545454545454547,0.3937847866419295,0.0640074211502783
scratch_pretrain,4,4,0.45638979262344564,0.5043691124370555,0.9230055658627088,0.9052924791086351,0.03891617299996142,0.02602557499994873,45,2026,1.0967562247757587,0.4673573548712032,0.9579079132275998,0.9539670650015919,,,0.1989795918367347,0.3140074211502783,0.3965677179962894,0.09044526901669758
scratch_pretrain,5,5,0.3731003240785624,0.43164725040067303,0.937847866419295,0.9220055710306406,0.047708613999930094,0.032837990000189166,45,2026,1.1122218552536949,0.38422254263109934,0.9485663679267694,0.9480556618510297,,,0.22402597402597402,0.3079777365491651,0.3970315398886827,0.07096474953617811
scratch_pretrain,6,6,0.3254455371516461,0.3827201566636581,0.9424860853432282,0.924791086350975,0.05563708699992276,0.03874063900002511,45,2026,1.1081987491813534,0.33652752464345964,0.9434153465843168,0.9416902286170339,,,0.20454545454545456,0.3033395176252319,0.39888682745825604,0.09322820037105752
scratch_pretrain,7,7,0.281998972270438,0.3462663181439486,0.950834879406308,0.9331476323119777,0.06496872799971243,0.04561742200030494,45,2026,1.115533985599124,0.2931543121264293,0.9370183108193314,0.9365151410006477,,,0.19944341372912802,0.312152133580705,0.3974953617810761,0.09090909090909091
scratch_pretrain,8,8,0.25374642990095103,0.3116268548558557,0.9591836734693877,0.9303621169916435,0.07415042399998129,0.052788667000641,45,2026,1.1228494699934488,0.2649749246008855,0.9311137249940622,0.9324880390595359,,,0.187847866419295,0.31586270871985156,0.40120593692022266,0.0950834879406308
scratch_pretrain,9,9,0.2293033717799471,0.2952527720518767,0.9628942486085343,0.9387186629526463,0.08287357099970905,0.05907650400058628,45,2026,1.1321231875243387,0.2406246036551905,0.9259435463489673,0.9284207727024277,,,0.17764378478664192,0.31307977736549164,0.4114100185528757,0.09786641929499072
scratch_pretrain,10,10,0.20368670347889248,0.28792847087140455,0.9693877551020408,0.9387186629526463,0.09179865099986273,0.066068419000203,45,2026,1.1287972595684437,0.2149746760745769,0.9213183065305248,0.9269261086531699,,,0.21057513914656772,0.30612244897959184,0.3984230055658627,0.08487940630797773
scratch_pretrain,11,11,0.19324831128656855,0.27439312896383306,0.9675324675324676,0.9387186629526463,0.10174210199966183,0.07372768699997323,45,2026,1.1289721641378723,0.20453803292794728,0.9182015803504151,0.9227586268646571,,,0.16975881261595546,0.3144712430426716,0.4044526901669759,0.11131725417439703
scratch_pretrain,12,12,0.17878891157853297,0.2711543479690495,0.974025974025974,0.9387186629526463,0.11111515499987945,0.08053376299994852,45,2026,1.1232292173502663,0.19002120375203563,0.914836965352338,0.921277942356015,,,0.2012987012987013,0.30009276437847865,0.3974953617810761,0.10111317254174397
scratch_pretrain,13,13,0.16731704541195902,0.2603406698560835,0.9758812615955473,0.9415041782729805,0.12132193099978394,0.08867203099998733,45,2026,1.1140974988916648,0.17845802040087566,0.9135953615524454,0.9203521332789076,,,0.20083487940630798,0.2982374768089054,0.39053803339517623,0.11038961038961038
scratch_pretrain,14,14,0.1544558904083874,0.26005977248882894,0.9777365491651205,0.9387186629526463,0.12981108699977995,0.09508184200012693,45,2026,1.13949642404316,0.165850854648819,0.9060207310559912,0.9154552475125021,,,0.1841372912801484,0.29545454545454547,0.4141929499072356,0.1062152133580705
scratch_pretrain,15,15,0.1455496545471904,0.23472602569484946,0.9777365491651205,0.9442896935933147,0.13845108899977276,0.10140741700024591,45,2026,1.1221751948197776,0.15677140649538818,0.9063431853685204,0.9166068447052926,,,0.18923933209647495,0.3172541743970315,0.3868274582560297,0.10667903525046382
scratch_pretrain,16,16,0.13605801439320886,0.2112091881563576,0.9805194805194806,0.947075208913649,0.14659716799997113,0.10736713200003578,45,2026,1.1165048187868847,0.1472230625810777,0.9046175043586501,0.9146391327882791,,,0.17346938775510204,0.31261595547309834,0.38821892393320967,0.12569573283858998
scratch_pretrain,17,17,0.12891257157336422,0.20809038791566983,0.9777365491651205,0.9526462395543176,0.15543542799969146,0.11353243599978668,45,2026,1.1119204108985643,0.14003177568234987,0.902747337949735,0.9138650268741706,,,0.18506493506493507,0.3116883116883117,0.3817254174397032,0.12152133580705009
scratch_pretrain,18,18,0.12117503206197935,0.21988300418043327,0.9842300556586271,0.947075208913649,0.16408726800000295,0.11987879199978124,45,2026,1.1073479576790266,0.1322485116387696,0.902214041630578,0.9140154249881964,,,0.18506493506493507,0.29916512059369205,0.38636363636363635,0.12940630797773656
scratch_pretrain,19,19,0.11699512477671191,0.183960009012451,0.9842300556586271,0.9526462395543176,0.1723442449997492,0.12587980899979812,45,2026,1.1103775568857586,0.1280989003455695,0.899744804397112,0.9129004003650745,,,0.17578849721706866,0.313543599257885,0.3821892393320965,0.1284786641929499
scratch_pretrain,20,20,0.10814942746293874,0.17947463970593974,0.9851576994434137,0.9554317548746518,0.1815339629997652,0.13265720199979114,45,2026,1.10525607407068,0.11920198820364554,0.8974353595760332,0.9109447459775672,0.033893124895294675,0.005869096175622027,0.18738404452690166,0.3010204081632653,0.3812615955473098,0.1303339517625232
linear_continue,0,20,0.1723885031801023,0.22776638326592585,0.9712430426716141,0.9442896935933147,0.0003049280003324384,0.0,45,2026,,,,,,,,,,
linear_continue,1,21,0.16598526833724353,0.22154119558017812,0.974025974025974,0.947075208913649,0.0024369210000259045,0.001776609999978973,45,2026,,,,,,,,,,
linear_continue,2,22,0.15885239985877883,0.2165791290781867,0.9749536178107606,0.9442896935933147,0.004597658000420779,0.0034453080002094794,45,2026,,,,,,,,,,
linear_continue,3,23,0.15292482218696707,0.209958754123838,0.9730983302411874,0.9498607242339833,0.006416260000150942,0.004948115999923175,45,2026,,,,,,,,,,
linear_continue,4,24,0.14765185461684233,0.20831112695445084,0.9730983302411874,0.9442896935933147,0.008371669000098336,0.006654119999893737,45,2026,,,,,,,,,,
linear_continue,5,25,0.14235215923590294,0.20192568358337668,0.9758812615955473,0.9498607242339833,0.00996605400041517,0.00795885100023952,45,2026,,,,,,,,,,
linear_continue,6,26,0.13792728934664814,0.19979549654624043,0.9758812615955473,0.9526462395543176,0.011503985000217654,0.009255960000245977,45,2026,,,,,,,,,,
linear_continue,7,27,0.13391129258190573,0.19478362236096644,0.9777365491651205,0.9498607242339833,0.013182517000132066,0.010674672000277496,45,2026,,,,,,,,,,
linear_continue,8,28,0.12995684424439302,0.19135872915490731,0.9786641929499073,0.9526462395543176,0.014602992000163795,0.011865271000260691,45,2026,,,,,,,,,,
linear_continue,9,29,0.12653197369296854,0.18804725932069408,0.9777365491651205,0.9526462395543176,0.016101914000046236,0.013032365000071877,45,2026,,,,,,,,,,
linear_continue,10,30,0.12320911113439957,0.18736989156227452,0.9786641929499073,0.9526462395543176,0.01773091100039892,0.014368412000294484,45,2026,,,,,,,,,,
linear_continue,11,31,0.12041945682306528,0.18625506665601024,0.9795918367346939,0.9498607242339833,0.019309674000396626,0.015712191000147868,45,2026,,,,,,,,,,
linear_continue,12,32,0.11762891472007969,0.18055579530092924,0.9786641929499073,0.9526462395543176,0.02090120500042758,0.017038894000506843,45,2026,,,,,,,,,,
linear_continue,13,33,0.11465332122590667,0.18213829312573704,0.9795918367346939,0.9526462395543176,0.02303570200001559,0.018809074000728288,45,2026,,,,,,,,,,
linear_continue,14,34,0.11191169231240244,0.1763374702394267,0.9814471243042672,0.9526462395543176,0.02468894600042404,0.020112742000947037,45,2026,,,,,,,,,,
linear_continue,15,35,0.10911951952633805,0.17567051032652553,0.9823747680890538,0.9554317548746518,0.026176010000199312,0.021366616000705108,45,2026,,,,,,,,,,
linear_continue,16,36,0.10682765061423266,0.1734086129489529,0.9833024118738405,0.9554317548746518,0.02780759200004468,0.022723555000993656,45,2026,,,,,,,,,,
linear_continue,17,37,0.1045791879407369,0.17279110281895008,0.9842300556586271,0.9554317548746518,0.0293356480001421,0.02401692800094679,45,2026,,,,,,,,,,
linear_continue,18,38,0.10251415101868594,0.17089629582552082,0.9833024118738405,0.9554317548746518,0.03104237200022908,0.02548724700091043,45,2026,,,,,,,,,,
linear_continue,19,39,0.10036318908475492,0.1692250330146804,0.9833024118738405,0.9554317548746518,0.032511800000065705,0.026639828000952548,45,2026,,,,,,,,,,
linear_continue,20,40,0.09851840662361398,0.16810462945439208,0.9851576994434137,0.9554317548746518,0.03499911800008704,0.02873851100093816,45,2026,,,,,,,,,,
linear_continue,21,41,0.09686947148215926,0.1667556766979028,0.9842300556586271,0.9554317548746518,0.0366572590000942,0.030107338001016615,45,2026,,,,,,,,,,
linear_continue,22,42,0.09480328680058037,0.16400102468401953,0.9851576994434137,0.9554317548746518,0.038263212000401836,0.03147263000118983,45,2026,,,,,,,,,,
linear_continue,23,43,0.0931591724248492,0.16350941797724483,0.9842300556586271,0.9554317548746518,0.039800071000172466,0.03274609400114059,45,2026,,,,,,,,,,
linear_continue,24,44,0.09161091068849857,0.16238803582228714,0.987012987012987,0.958217270194986,0.041452715000104945,0.03408490500123662,45,2026,,,,,,,,,,
linear_continue,25,45,0.08984489400632187,0.16121022413304573,0.9860853432282004,0.958217270194986,0.043261182000151166,0.03565146900109539,45,2026,,,,,,,,,,
linear_continue,26,46,0.08816295293543991,0.16140582617854998,0.9860853432282004,0.9554317548746518,0.04485611800009792,0.03697904400087282,45,2026,,,,,,,,,,
linear_continue,27,47,0.08689223731483299,0.15890828774723492,0.987012987012987,0.9554317548746518,0.046595972000432084,0.03840612800058807,45,2026,,,,,,,,,,
linear_continue,28,48,0.08523029499780742,0.15908845345840283,0.9879406307977736,0.9554317548746518,0.04837999300025331,0.03994682300071872,45,2026,,,,,,,,,,
linear_continue,29,49,0.08378340161730792,0.1581304514285128,0.9888682745825603,0.958217270194986,0.04996106900034647,0.04123338600038551,45,2026,,,,,,,,,,
linear_continue,30,50,0.0825249305435771,0.15492705212117616,0.9888682745825603,0.9554317548746518,0.05160483899999235,0.04264394500023627,45,2026,,,,,,,,,,
linear_continue,31,51,0.0813354124878576,0.15758353844153614,0.9860853432282004,0.9526462395543176,0.05362256000034904,0.04430390900006387,45,2026,,,,,,,,,,
linear_continue,32,52,0.08002264800509827,0.15176628961564262,0.9897959183673469,0.9554317548746518,0.055065488000309415,0.04551504900018699,45,2026,,,,,,,,,,
linear_continue,33,53,0.07859426287449929,0.1533428069643311,0.9897959183673469,0.9610027855153204,0.05676473200037435,0.046928663000471715,45,2026,,,,,,,,,,
linear_continue,34,54,0.07743271145802137,0.1538032445354913,0.9897959183673469,0.958217270194986,0.058589573000062956,0.048440545000175916,45,2026,,,,,,,,,,
linear_continue,35,55,0.07637593718502002,0.1519397439174858,0.9888682745825603,0.9610027855153204,0.06012832500027798,0.04965092400016147,45,2026,,,,,,,,,,
linear_continue,36,56,0.07509180334182301,0.1513607110277317,0.9888682745825603,0.958217270194986,0.06204490500022075,0.05132972600040375,45,2026,,,,,,,,,,
linear_continue,37,57,0.07406080150686731,0.15040537016387684,0.9907235621521335,0.9610027855153204,0.06380113400018672,0.05280269900049461,45,2026,,,,,,,,,,
linear_continue,38,58,0.07298251069674563,0.15052675528105275,0.9897959183673469,0.9610027855153204,0.0655336670001816,0.054208050000397634,45,2026,,,,,,,,,,
linear_continue,39,59,0.07187834923422862,0.14982822461901293,0.9916512059369202,0.9610027855153204,0.0671066510003584,0.055546712000705156,45,2026,,,,,,,,,,
linear_continue,40,60,0.0709396545775298,0.14733747721774074,0.9916512059369202,0.9610027855153204,0.06927601100005631,0.05746091800074282,45,2026,,,,,,,,,,
linear_continue,41,61,0.06982117704736146,0.14724535148196707,0.9907235621521335,0.9610027855153204,0.07111309100037033,0.05901149700048336,45,2026,,,,,,,,,,
linear_continue,42,62,0.06895062708354578,0.14930377013179666,0.9897959183673469,0.9610027855153204,0.07265091100043719,0.06031226100049025,45,2026,,,,,,,,,,
linear_continue,43,63,0.06807643589282723,0.1449031986445317,0.9916512059369202,0.9610027855153204,0.07447454100019968,0.0618299320008191,45,2026,,,,,,,,,,
linear_continue,44,64,0.06698512081465405,0.14571554887668273,0.9916512059369202,0.9610027855153204,0.07623430600006031,0.06325714700051321,45,2026,,,,,,,,,,
linear_continue,45,65,0.06617359292829168,0.14474545878530246,0.9916512059369202,0.9610027855153204,0.07802275300036854,0.06468045500059816,45,2026,,,,,,,,,,
linear_continue,46,66,0.06536601474207021,0.14652130750542175,0.9916512059369202,0.9610027855153204,0.08117100300023594,0.06757235000031869,45,2026,,,,,,,,,,
linear_continue,47,67,0.06454377341077583,0.14276622164600938,0.9935064935064936,0.9610027855153204,0.08523244600019098,0.07005072400033896,45,2026,,,,,,,,,,
linear_continue,48,68,0.0635470640242754,0.14349419057586432,0.9916512059369202,0.9610027855153204,0.09095210900022721,0.07134712200013382,45,2026,,,,,,,,,,
linear_continue,49,69,0.06304412034879237,0.14625625429600708,0.9935064935064936,0.9610027855153204,0.0925392340000144,0.07266209700037507,45,2026,,,,,,,,,,
linear_continue,50,70,0.061986683254680486,0.14377834719320925,0.9925788497217068,0.9610027855153204,0.09606911900027626,0.07593058900056349,45,2026,,,,,,,,,,
linear_continue,51,71,0.061189056847900894,0.14093451070518714,0.9935064935064936,0.9610027855153204,0.09916155500013701,0.07851834700022664,45,2026,,,,,,,,,,
linear_continue,52,72,0.060449062705430455,0.14228539633470388,0.9925788497217068,0.9610027855153204,0.10186114100042687,0.08089199300047767,45,2026,,,,,,,,,,
linear_continue,53,73,0.05965704796338582,0.14014557273787215,0.9944341372912802,0.9610027855153204,0.1049919760002922,0.08358346800059735,45,2026,,,,,,,,,,
linear_continue,54,74,0.05897583718872898,0.14080606945738094,0.9944341372912802,0.9610027855153204,0.10712196600024981,0.08521789400083435,45,2026,,,,,,,,,,
linear_continue,55,75,0.05824802156857632,0.13981582894537556,0.9944341372912802,0.9610027855153204,0.10939169600032983,0.08722118400100953,45,2026,,,,,,,,,,
linear_continue,56,76,0.057520044608672535,0.1408402882972106,0.9944341372912802,0.9610027855153204,0.11174578300006033,0.08915534000107073,45,2026,,,,,,,,,,
linear_continue,57,77,0.05684734401706164,0.14026312012757644,0.9953617810760668,0.9610027855153204,0.11443915000018023,0.0914649500014093,45,2026,,,,,,,,,,
linear_continue,58,78,0.05613558942771959,0.13976036938488295,0.9944341372912802,0.9610027855153204,0.11662465400013389,0.09332741900107067,45,2026,,,,,,,,,,
linear_continue,59,79,0.05560459132726971,0.13908603666491304,0.9944341372912802,0.9610027855153204,0.1189940040003421,0.09531237200098985,45,2026,,,,,,,,,,
linear_continue,60,80,0.05494643983412896,0.14057543366331676,0.9953617810760668,0.9610027855153204,0.12116352400016694,0.09716212100101984,45,2026,,,,,,,,,,
linear_continue,61,81,0.054271434419451314,0.13574892203081493,0.9953617810760668,0.9610027855153204,0.123629209000228,0.09912773400083097,45,2026,,,,,,,,,,
linear_continue,62,82,0.05356517678616848,0.13954767940231094,0.9953617810760668,0.9610027855153204,0.12591538400010904,0.10113686300064728,45,2026,,,,,,,,,,
linear_continue,63,83,0.05307706689813021,0.13552537193712658,0.9953617810760668,0.9610027855153204,0.1279183430001467,0.10273467300066841,45,2026,,,,,,,,,,
linear_continue,64,84,0.05244517434039355,0.13866812986086235,0.9953617810760668,0.9610027855153204,0.13052675300014016,0.105091144000653,45,2026,,,,,,,,,,
linear_continue,65,85,0.05170177740707316,0.13654943460221744,0.9953617810760668,0.9610027855153204,0.13249628200037478,0.10665594500051157,45,2026,,,,,,,,,,
linear_continue,66,86,0.051189224252311025,0.1365264294853933,0.9953617810760668,0.9610027855153204,0.1345415150003646,0.10834059600074397,45,2026,,,,,,,,,,
linear_continue,67,87,0.050631956131334234,0.13706744650920355,0.9953617810760668,0.9610027855153204,0.13680369400026393,0.11020453600076507,45,2026,,,,,,,,,,
linear_continue,68,88,0.05001973235360344,0.13569894434219434,0.9953617810760668,0.9610027855153204,0.13889917300002708,0.11184290800065355,45,2026,,,,,,,,,,
linear_continue,69,89,0.04948949920916304,0.1372179868546265,0.9953617810760668,0.9610027855153204,0.1416847880000205,0.11427455200055192,45,2026,,,,,,,,,,
linear_continue,70,90,0.04896760297322253,0.13409924968117148,0.9953617810760668,0.9610027855153204,0.14347338600009607,0.11571316300069157,45,2026,,,,,,,,,,
linear_continue,71,91,0.04840148158562281,0.13496577786806369,0.9953617810760668,0.9610027855153204,0.14584892500033675,0.11780648800049676,45,2026,,,,,,,,,,
linear_continue,72,92,0.047968663725507815,0.13282143733873117,0.9962894248608535,0.9610027855153204,0.14759101300023758,0.11915689700072107,45,2026,,,,,,,,,,
linear_continue,73,93,0.04747190730144718,0.1355674666900004,0.9953617810760668,0.9610027855153204,0.15038302300035866,0.12157053800092399,45,2026,,,,,,,,,,
linear_continue,74,94,0.04696084200334596,0.1339523791475754,0.9953617810760668,0.9610027855153204,0.15396249100012938,0.12455460200089874,45,2026,,,,,,,,,,
linear_continue,75,95,0.04668316609944011,0.1368468023707757,0.9953617810760668,0.9610027855153204,0.15696728600005372,0.12703272500084495,45,2026,,,,,,,,,,
linear_continue,76,96,0.04607415331705558,0.13172207914143078,0.9972170686456401,0.9610027855153204,0.15952269500030525,0.12920521900059612,45,2026,,,,,,,,,,
linear_continue,77,97,0.045558944815076684,0.13334087659897773,0.9953617810760668,0.9610027855153204,0.16186201000027722,0.1312437420006063,45,2026,,,,,,,,,,
linear_continue,78,98,0.04499584885721034,0.13368258157872093,0.9962894248608535,0.9610027855153204,0.16340348600033394,0.13254371500033812,45,2026,,,,,,,,,,
linear_continue,79,99,0.044586397358993266,0.13053087343013364,0.9972170686456401,0.9610027855153204,0.16502506300003006,0.133788024000296,45,2026,,,,,,,,,,
linear_continue,80,100,0.04417501540988825,0.13541203277794706,0.9962894248608535,0.9610027855153204,0.16667717500013168,0.13510649500040017,45,2026,,,,,,,,,,
moe_continue,0,20,0.1723885031801023,0.22776638326592585,0.9712430426716141,0.9442896935933147,0.0011840990000564489,0.0,45,2026,1.1668391148526653,0.18405689432862896,0.9840185137234536,0.9899269512137739,1.930882675980663e-18,0.014643285562283155,0.5,0.030612244897959183,0.46567717996289426,0.0037105751391465678
moe_continue,1,21,0.16101423364042547,0.21900565125953397,0.9712430426716141,0.947075208913649,0.012909326999761106,0.006243050000193762,45,2026,1.0053854106630062,0.17106808774705554,0.9970173809875418,0.9976019732262031,,,0.16512059369202226,0.23515769944341372,0.3098330241187384,0.2898886827458256
moe_continue,2,22,0.15022634372891705,0.21213083940602,0.9712430426716141,0.9442896935933147,0.022639286999947217,0.013680815000498114,45,2026,1.0209237412765595,0.16043558114168266,0.9954134308374608,0.9972551898651382,,,0.3432282003710575,0.29777365491651203,0.27087198515769945,0.08812615955473098
moe_continue,3,23,0.14210524459830695,0.20423646530033468,0.9730983302411874,0.9554317548746518,0.031216665000101784,0.02011858800005939,45,2026,1.0051945660006476,0.15215719025831342,0.9950540708078518,0.9958937611488187,,,0.16558441558441558,0.27319109461966606,0.26159554730983303,0.29962894248608535
moe_continue,4,24,0.13179390386960635,0.19909581220542588,0.9777365491651205,0.947075208913649,0.03968257499991523,0.026363169999967795,45,2026,1.0018527186624482,0.14181243105623084,0.993018045908236,0.9938457040901989,,,0.2527829313543599,0.21428571428571427,0.27968460111317256,0.2532467532467532
moe_continue,5,25,0.1239804865253271,0.1962292064454102,0.9786641929499073,0.9498607242339833,0.05009212100003424,0.03375732499989681,45,2026,1.0048165372138227,0.13402865189746532,0.9904918883893337,0.9909539345050954,,,0.23515769944341372,0.21335807050092764,0.30009276437847865,0.25139146567717996
moe_continue,6,26,0.11687720246851126,0.18881051570670893,0.9842300556586271,0.947075208913649,0.06427745000019058,0.04402283399986118,45,2026,1.013071222413767,0.12700791469264894,0.9873606748901453,0.9873309524870884,,,0.16697588126159554,0.2305194805194805,0.30612244897959184,0.2963821892393321
moe_continue,7,27,0.11563117730702872,0.18677976162683296,0.9814471243042672,0.947075208913649,0.07478857400019479,0.05216400600011184,45,2026,1.007899937572523,0.12571017668275394,0.9854774620492216,0.986594131658669,,,0.287569573283859,0.17346938775510204,0.2884972170686456,0.2504638218923933
moe_continue,8,28,0.10655455185718485,0.17488007783737392,0.9833024118738405,0.9554317548746518,0.0849262860001545,0.060023324999747274,45,2026,1.0277374427731032,0.11683192628491589,0.9786746290047984,0.9773391261831347,,,0.15398886827458255,0.24304267161410018,0.34461966604823746,0.25834879406307976
moe_continue,9,29,0.10026029851670643,0.1714748542505954,0.9851576994434137,0.9554317548746518,0.09532340799978556,0.06802822300005573,45,2026,1.0135664541320508,0.11039596305802693,0.9771180951118439,0.9767984565719866,,,0.21289424860853431,0.2017625231910946,0.30936920222634506,0.275974025974026
moe_continue,10,30,0.0938337770224231,0.16199219226448702,0.987012987012987,0.958217270194986,0.10546880199990483,0.07583791699971698,45,2026,1.0360924462620742,0.10419470148504384,0.9684214454162826,0.9658148619219287,,,0.16697588126159554,0.19990723562152132,0.3409090909090909,0.2922077922077922
moe_continue,11,31,0.0911300311244761,0.16935083763848796,0.9851576994434137,0.9526462395543176,0.1157563100000516,0.08380294400012644,45,2026,1.0110607326346108,0.1012406384508222,0.9684569753544251,0.9687777140611007,,,0.2300556586270872,0.19758812615955473,0.28432282003710574,0.2880333951762523
moe_continue,12,32,0.08478166570628037,0.15458916692942112,0.9879406307977736,0.958217270194986,0.1260728110000855,0.09173291900015101,45,2026,1.038434845155222,0.0951660141578326,0.958659162875276,0.9557098932585709,,,0.1702226345083488,0.20083487940630798,0.33487940630797774,0.2940630797773655
moe_continue,13,33,0.08201908881044684,0.15507093962274102,0.987012987012987,0.9526462395543176,0.1363697530000536,0.09965785700023844,45,2026,1.034696425526083,0.09236605306570767,0.9531209158055078,0.9513212719160892,,,0.23283858998144713,0.16697588126159554,0.33534322820037105,0.26484230055658625
moe_continue,14,34,0.07741430475609638,0.15120560468532898,0.9879406307977736,0.958217270194986,0.14659627799983355,0.10751074600057109,45,2026,1.0117738662846052,0.08753204341894244,0.9541281017629075,0.9553607590471086,,,0.20454545454545456,0.23283858998144713,0.2824675324675325,0.28014842300556586
moe_continue,15,35,0.07409167006000088,0.14501024971699392,0.9897959183673469,0.9554317548746518,0.15695179800013648,0.11554672000056598,45,2026,1.0495893611076648,0.08458756367107753,0.9392003529683676,0.9360884245092008,,,0.20315398886827457,0.17810760667903525,0.35064935064935066,0.2680890538033395
moe_continue,16,36,0.07018015642182979,0.14493061442488395,0.9897959183673469,0.9554317548746518,0.16726590500002203,0.12349701600078333,45,2026,1.030725457688623,0.08048741099871602,0.938305833782629,0.9376728968891368,,,0.22356215213358072,0.20454545454545456,0.3297773654916512,0.24211502782931354
moe_continue,17,37,0.0658612244729887,0.13948529888395866,0.9935064935064936,0.958217270194986,0.177328745000068,0.1313142110006993,45,2026,1.0233890593910957,0.07609511506689966,0.9358810673593903,0.9365214845045106,,,0.2101113172541744,0.21057513914656772,0.30844155844155846,0.27087198515769945
moe_continue,18,38,0.062156930364942915,0.13891945379370685,0.9935064935064936,0.9554317548746518,0.1942182570001023,0.143115198000487,45,2026,1.0306959038222938,0.07246388940316585,0.929486349256812,0.9300088496655712,,,0.19805194805194806,0.21382189239332097,0.3200371057513915,0.2680890538033395
moe_continue,19,39,0.060873449672770356,0.13444793202642455,0.9944341372912802,0.958217270194986,0.21190776699995695,0.15697286000067834,45,2026,1.0529784690992197,0.07140323436376256,0.9190076258410598,0.9201238078888409,,,0.14285714285714285,0.24443413729128013,0.33163265306122447,0.2810760667903525
moe_continue,20,40,0.05881925022192939,0.12728674432827108,0.9944341372912802,0.9554317548746518,0.2219350730001679,0.16454932300075598,45,2026,1.0579859791412363,0.06939911001334176,0.9122493238991402,0.9120727041657145,0.0068621785503083154,0.004174409875943238,0.19990723562152132,0.18274582560296845,0.34879406307977734,0.26855287569573283
moe_continue,21,41,0.05583098890175184,0.12758165408060368,0.9944341372912802,0.9554317548746518,0.23817624499997692,0.1730539110008067,45,2026,1.047464825289676,0.0663056371546486,0.9098280312935865,0.9111805195879108,,,0.2012987012987013,0.20222634508348794,0.3390538033395176,0.25742115027829315
moe_continue,22,42,0.05308377509676807,0.1273565689662844,0.9962894248608535,0.9554317548746518,0.24957788599976993,0.18208073400091962,45,2026,1.0312525183693109,0.06339630028046118,0.9116312605261266,0.915235088679704,,,0.21103896103896103,0.2101113172541744,0.31957328385899814,0.2592764378478664
moe_continue,23,43,0.05117080602494959,0.12204592526468937,0.9972170686456401,0.958217270194986,0.25967350400014766,0.18961131800097064,45,2026,1.0496997000323542,0.06166780302527313,0.9010474441797739,0.9037532408659599,,,0.20269016697588127,0.19155844155844157,0.336734693877551,0.2690166975881262
moe_continue,24,44,0.04940142271485189,0.12442154004179852,0.9981447124304267,0.958217270194986,0.27021136299981663,0.19764807300134635,45,2026,1.0371355713102484,0.05977277842795438,0.9008019209871488,0.9058209582722448,,,0.2189239332096475,0.2054730983302412,0.32792207792207795,0.24768089053803338
moe_continue,25,45,0.04676329830307447,0.11981362738816814,0.9981447124304267,0.9637883008356546,0.2811548549998406,0.2066145250014415,45,2026,1.049652071616019,0.05725981901923466,0.8930084809303664,0.8977476916799281,,,0.19944341372912802,0.19944341372912802,0.33534322820037105,0.2657699443413729
moe_continue,26,46,0.04481203280522271,0.12070624714687614,0.9981447124304267,0.9610027855153204,0.2890140330000577,0.2124678800014408,45,2026,1.0380985597743608,0.055193018402966317,0.8920669219243725,0.8987262643816993,,,0.19619666048237477,0.21985157699443414,0.32142857142857145,0.2625231910946197
moe_continue,27,47,0.04382989344023503,0.11484906421991975,0.9981447124304267,0.9637883008356546,0.2979376909997882,0.2192544660015301,45,2026,1.050891736716038,0.05433881080739541,0.8841824803715075,0.8910136592123392,,,0.21614100185528756,0.1901669758812616,0.33812615955473097,0.25556586270871984
moe_continue,28,48,0.04140754830835686,0.11563555817573454,0.9981447124304267,0.9637883008356546,0.3071372730000803,0.22633830900167595,45,2026,1.0453919155252882,0.05186146746360974,0.881471695629793,0.8894450863591431,,,0.20964749536178107,0.20222634508348794,0.33070500927643787,0.25742115027829315
moe_continue,29,49,0.04014904145701243,0.1138866070065784,0.9981447124304267,0.9637883008356546,0.31494517500004804,0.23215605000177675,45,2026,1.0474610222206844,0.05062365167921928,0.8765665603892536,0.8850673532692472,,,0.20315398886827457,0.20037105751391465,0.3269944341372913,0.2694805194805195
moe_continue,30,50,0.040224322523148726,0.11170576666684899,0.9972170686456401,0.9637883008356546,0.32205930300006,0.23739020400171285,45,2026,1.0400862707866154,0.05062518523101488,0.8754424182770804,0.8856362829081241,,,0.22263450834879406,0.2012987012987013,0.325139146567718,0.25092764378478666
moe_continue,31,51,0.03843374667656932,0.10862495722065829,0.9981447124304267,0.9637883008356546,0.33067758200013486,0.2439220380019833,45,2026,1.0666806479182305,0.049100553155751625,0.8621339757740676,0.8714041329338533,,,0.19758812615955473,0.18923933209647495,0.3432282003710575,0.2699443413729128
moe_continue,32,52,0.03657381435246645,0.10486668575050309,0.9990723562152134,0.9665738161559888,0.3384899600000608,0.24945082500198623,45,2026,1.0623489648501712,0.04719730400096816,0.8602759432241676,0.870323225407791,,,0.19387755102040816,0.19805194805194806,0.3390538033395176,0.2690166975881262
moe_continue,33,53,0.03709138984303473,0.10735131899476215,0.9981447124304267,0.9637883008356546,0.3466220790000989,0.2556886980019044,45,2026,1.047099050259383,0.047562380345628555,0.8622200111332159,0.8747510812123328,,,0.22727272727272727,0.19990723562152132,0.33302411873840443,0.23979591836734693
moe_continue,34,54,0.033870103817253625,0.10414694196586277,0.9990723562152134,0.9693593314763231,0.35484041700010494,0.2621236170020893,45,2026,1.070187853136221,0.044571982348615834,0.8501081684344189,0.8616965799916801,,,0.1813543599257885,0.20408163265306123,0.34137291280148424,0.27319109461966606
moe_continue,35,55,0.03447403777547265,0.10489359052349746,0.9981447124304267,0.9637883008356546,0.36368920199993227,0.2684143590017811,45,2026,1.043098481965567,0.044905022595128324,0.8575846786293467,0.8717184978417524,,,0.2230983302411874,0.20686456400742115,0.3274582560296846,0.24257884972170687
moe_continue,36,56,0.03185130445035908,0.10609382901585905,0.9990723562152134,0.9665738161559888,0.3723432550000325,0.27472225700148556,45,2026,1.038126549082131,0.04223256994118039,0.8564701789125063,0.8716764381641565,,,0.19573283858998144,0.22541743970315398,0.313543599257885,0.2653061224489796
moe_continue,37,57,0.032366903034050196,0.10086482958400252,0.9990723562152134,0.9721448467966574,0.3810788499999944,0.2812621530015349,45,2026,1.072024370105553,0.043087146735105726,0.8410417337001006,0.8554229216677656,,,0.21521335807050093,0.19155844155844157,0.3520408163265306,0.24118738404452691
moe_continue,38,58,0.02995706247487937,0.10065417094385759,0.9990723562152134,0.9693593314763231,0.38962003300002834,0.2875425600013841,45,2026,1.054818698255666,0.040505249457436034,0.8435528885215093,0.8588160104719392,,,0.2036178107606679,0.19758812615955473,0.3269944341372913,0.2717996289424861
moe_continue,39,59,0.029758428578254666,0.10310379727736875,0.9990723562152134,0.9693593314763231,0.39840487199990093,0.2940467020016513,45,2026,1.0488608477308972,0.040247037055563636,0.8431833306860214,0.8599452886010812,,,0.19805194805194806,0.2230983302411874,0.32838589981447125,0.2504638218923933
moe_continue,40,60,0.028461285182603047,0.09459463157321941,0.9990723562152134,0.9721448467966574,0.4073413289997916,0.3007157620018006,45,2026,1.0490281999773066,0.038951567182376114,0.8399442722589013,0.8569094640051579,0.006724536408281402,0.0028386874171100044,0.21428571428571427,0.19758812615955473,0.32235621521335805,0.2657699443413729
moe_continue,41,61,0.028172896890746223,0.09940650939269413,0.9990723562152134,0.9693593314763231,0.4200396780001938,0.308124333001615,45,2026,1.0429076595400772,0.038601973486146995,0.8404335566453474,0.8590168090200455,,,0.20593692022263452,0.22217068645640073,0.32235621521335805,0.24953617810760667
moe_continue,42,62,0.027902160121346123,0.09486706450920038,0.9990723562152134,0.9721448467966574,0.42924896500016985,0.31490237700154466,45,2026,1.0669078214130874,0.038571238335477,0.8286781356453208,0.8472170781732442,,,0.22217068645640073,0.18320964749536178,0.34369202226345086,0.25092764378478666
moe_continue,43,63,0.026131972395120783,0.09321779232311925,0.9990723562152134,0.9721448467966574,0.4380845800001225,0.3214878720013985,45,2026,1.054561179858778,0.03667758419370856,0.8299106478038153,0.8492297639576429,,,0.21196660482374768,0.19294990723562153,0.3246753246753247,0.27040816326530615
moe_continue,44,64,0.02632383660022083,0.09867146545906383,0.9990723562152134,0.9665738161559888,0.4461580199999844,0.3274408560014308,45,2026,1.043457894396737,0.0367584155441882,0.8329590943099939,0.8543803104874349,,,0.20454545454545456,0.22727272727272727,0.3232838589981447,0.24489795918367346
moe_continue,45,65,0.025109986870414512,0.09301273712151706,0.9990723562152134,0.9693593314763231,0.45445813100013766,0.33382122300145056,45,2026,1.0619928321394099,0.03572991519180861,0.8232550396718267,0.844268350495942,,,0.20732838589981448,0.2082560296846011,0.3399814471243043,0.24443413729128013
moe_continue,46,66,0.02378550373309927,0.09440025325380275,0.9990723562152134,0.9693593314763231,0.46293186299999434,0.3401968920015861,45,2026,1.0535284802261968,0.03432078853536124,0.8239613233406765,0.8458665137358026,,,0.19851576994434136,0.21521335807050093,0.32792207792207795,0.25834879406307976
moe_continue,47,67,0.02428854408246027,0.09539071921634955,0.9990723562152134,0.9693593314763231,0.4716989660000763,0.3468779810018532,45,2026,1.041737511746477,0.034705919199925044,0.8268103265976646,0.8500936164782608,,,0.20732838589981448,0.22541743970315398,0.31957328385899814,0.24768089053803338
moe_continue,48,68,0.022982093142093228,0.08968639856126158,0.9990723562152134,0.9749303621169917,0.4801561919998676,0.3533230140019441,45,2026,1.0587965975465559,0.03357005911755879,0.8168121840494416,0.8395648059299855,,,0.1989795918367347,0.20871985157699444,0.3302411873840445,0.26205936920222633
moe_continue,49,69,0.022421875321858416,0.0925915338429948,0.9990723562152134,0.9721448467966574,0.4890588889998071,0.3599808170019969,45,2026,1.056043157176279,0.03298230689362121,0.8170517531142681,0.8410970644315027,,,0.2054730983302412,0.21521335807050093,0.3334879406307978,0.24582560296846012
moe_continue,50,70,0.021811983570671725,0.09111293284357602,0.9990723562152134,0.9721448467966574,0.4975872420000087,0.3662586990017189,45,2026,1.040446800565757,0.0322164515763293,0.8213499038422953,0.8466016800933787,,,0.2082560296846011,0.22356215213358072,0.3167903525046382,0.25139146567717996
moe_continue,51,71,0.021024130455192525,0.09070955657817835,0.9990723562152134,0.9721448467966574,0.5054867310000191,0.372087727001599,45,2026,1.047670780310983,0.031500838258302355,0.8157176586969941,0.8412002715201591,,,0.22031539888682747,0.20871985157699444,0.32606679035250463,0.24489795918367346
moe_continue,52,72,0.020327526958586934,0.09015939487635621,0.9990723562152134,0.9777158774373259,0.5136322200000905,0.37801632400169183,45,2026,1.0536695927859328,0.03086422288644626,0.8116711924268459,0.8375164752528851,,,0.20408163265306123,0.2166048237476809,0.3293135435992579,0.25
moe_continue,53,73,0.01987778773747344,0.08732327155422104,0.9990723562152134,0.9749303621169917,0.5220544140001948,0.38419274400166614,45,2026,1.05265804192915,0.030404368156764942,0.8105429388168647,0.8370142914875122,,,0.21150278293135436,0.21103896103896103,0.3297773654916512,0.24768089053803338
moe_continue,54,74,0.019389504443418554,0.08751047125396173,0.9990723562152134,0.9777158774373259,0.532135991999894,0.3920830890015168,45,2026,1.0520274121401076,0.02990977856481963,0.8082509308744017,0.8352728236285242,,,0.20500927643784786,0.21567717996289426,0.32653061224489793,0.2527829313543599
moe_continue,55,75,0.02080656041727924,0.08884805034859723,0.9990723562152134,0.9721448467966574,0.5414165849997516,0.3989692350014593,45,2026,1.0364068675087261,0.0311706290923665,0.8142408375204857,0.8432608599165082,,,0.2012987012987013,0.23654916512059368,0.3112244897959184,0.25092764378478666
moe_continue,56,76,0.019082923877941266,0.08627124711431282,1.0,0.9777158774373259,0.5498325200001091,0.4053454950012565,45,2026,1.0473961886911742,0.02955688576485301,0.8067108786319985,0.8351914188065892,,,0.22402597402597402,0.20269016697588127,0.323747680890538,0.24953617810760667
moe_continue,57,77,0.01860862527668799,0.08566128912749545,1.0,0.9777158774373259,0.5583554660001937,0.41173608700137265,45,2026,1.054250115640726,0.029151126433095247,0.8011101948722525,0.8297601182843694,,,0.2017625231910946,0.21289424860853431,0.32560296846011133,0.2597402597402597
moe_continue,58,78,0.019134454599874992,0.08525717871039303,0.9990723562152134,0.9777158774373259,0.5671971199999462,0.41851038500135473,45,2026,1.0374116911272004,0.029508571511146997,0.8079046409727019,0.8389112423077874,,,0.20500927643784786,0.23840445269016697,0.31539888682745826,0.24118738404452691
moe_continue,59,79,0.019593721030597533,0.08567117665566323,0.9990723562152134,0.9749303621169917,0.5754170509999312,0.42450992900148776,45,2026,1.0687802387718228,0.03028152341831576,0.7923335574672206,0.8224973701033941,,,0.2193877551020408,0.19851576994434136,0.3432282003710575,0.2388682745825603
moe_continue,60,80,0.017693552782464914,0.08339076917337478,0.9990723562152134,0.9777158774373259,0.5842527660001906,0.43074998500151196,45,2026,1.049426296930818,0.028187815751773093,0.7964789228031162,0.8273945558411956,0.00787860186637273,0.002524428389573119,0.20083487940630798,0.21706864564007422,0.3177179962894249,0.26437847866419295
moe_continue,61,81,0.017319473977601592,0.08383868311638362,1.0,0.9777158774373259,0.5962347690001479,0.437242570001672,45,2026,1.04665089955664,0.02778598297316799,0.7978479186850747,0.8302089969892595,,,0.20454545454545456,0.2300556586270872,0.3228200371057514,0.24257884972170687
moe_continue,62,82,0.016955007570196814,0.08551091580016734,1.0,0.9777158774373259,0.6046435729999757,0.4437134830013747,45,2026,1.0567635191592621,0.027522642761789437,0.7912527553677707,0.8237447897764346,,,0.20732838589981448,0.21846011131725418,0.3325602968460111,0.24165120593692022
moe_continue,63,83,0.016005775577432057,0.08386936955035408,1.0,0.9777158774373259,0.6129883109997536,0.45000395400120397,45,2026,1.043960166185365,0.02644537723928571,0.7942254560530843,0.8275606775717023,,,0.21846011131725418,0.21706864564007422,0.3200371057513915,0.24443413729128013
moe_continue,64,84,0.01593376984057695,0.08511338753680565,1.0,0.9777158774373259,0.6210817810001572,0.45607002800124974,45,2026,1.047482872240082,0.026408598562977767,0.7905576391371434,0.8239327856598795,,,0.2082560296846011,0.2212430426716141,0.3205009276437848,0.25
moe_continue,65,85,0.015762942794331127,0.08327634902522,1.0,0.9777158774373259,0.6303943940001773,0.46315501300159667,45,2026,1.0436215291973638,0.026199158086304766,0.7924186154210324,0.8269383785660889,,,0.2036178107606679,0.23376623376623376,0.31957328385899814,0.24304267161410018
moe_continue,66,86,0.015413485198016953,0.08001150221955775,1.0,0.9777158774373259,0.6383427060000031,0.4690319730016199,45,2026,1.0557408757287163,0.025970893955304115,0.7829312514503111,0.817145153816999,,,0.21614100185528756,0.19805194805194806,0.323747680890538,0.26205936920222633
moe_continue,67,87,0.015123385295782527,0.081646789557192,1.0,0.9805013927576601,0.6479250229999707,0.47643794100167725,45,2026,1.0503579044889249,0.025626964340671778,0.7858615274810151,0.8212742233595808,,,0.20222634508348794,0.23376623376623376,0.32606679035250463,0.23794063079777367
moe_continue,68,88,0.01435268604348962,0.08055996071554752,1.0,0.9777158774373259,0.6559010870000748,0.48234230200205275,45,2026,1.0454911383910788,0.024807597427400407,0.7866540081735286,0.8224717878968983,,,0.21057513914656772,0.22448979591836735,0.32142857142857145,0.2435064935064935
moe_continue,69,89,0.014715097238388855,0.08016846443875542,1.0,0.9805013927576601,0.6647047840001505,0.4886797440021837,45,2026,1.0574969324525285,0.02529006656291414,0.7809720483214085,0.8170143198951216,,,0.19619666048237477,0.23144712430426717,0.33116883116883117,0.24118738404452691
moe_continue,70,90,0.013792440586079634,0.07899610361238818,1.0,0.9777158774373259,0.6729113549999965,0.4947075710019817,45,2026,1.042744166585545,0.024219882251935082,0.784905493866594,0.821409216644512,,,0.20732838589981448,0.22448979591836735,0.3163265306122449,0.25185528756957326
moe_continue,71,91,0.01416669530890522,0.0819553196794547,1.0,0.9777158774373259,0.6813188269998136,0.5009903310019581,45,2026,1.0464023398344207,0.02463071870724943,0.7827130627120803,0.819832232466266,,,0.20500927643784786,0.2323747680890538,0.32189239332096475,0.24072356215213359
moe_continue,72,92,0.01355557796051475,0.0796987847138901,1.0,0.9777158774373259,0.6901101560001734,0.5076921600016249,45,2026,1.0446060668532813,0.024001638629047563,0.7821143413262891,0.8195804638772514,,,0.20640074211502782,0.22727272727272727,0.31957328385899814,0.24675324675324675
moe_continue,73,93,0.013428139621428718,0.0801381865330079,1.0,0.9777158774373259,0.6984866210000291,0.5142441850016439,45,2026,1.0574007396030396,0.024002147017459112,0.7753070103635952,0.8128754628581307,,,0.19758812615955473,0.22820037105751392,0.3297773654916512,0.24443413729128013
moe_continue,74,94,0.01273954990132842,0.07941067930027468,1.0,0.9777158774373259,0.7067436170000292,0.5205481870016229,45,2026,1.0538575447228729,0.02327812534855715,0.7750111870382792,0.8128111307915693,,,0.20871985157699444,0.21753246753246752,0.3269944341372913,0.24675324675324675
moe_continue,75,95,0.013126363110874279,0.0821607801670691,1.0,0.9777158774373259,0.7168066919998637,0.5282904250016145,45,2026,1.042126760270393,0.02354763071357821,0.7802532119804558,0.8192629072897774,,,0.20083487940630798,0.23654916512059368,0.3167903525046382,0.24582560296846012
moe_continue,76,96,0.012356986682539137,0.07819768529021769,1.0,0.9777158774373259,0.7267195859999447,0.5356562020019737,45,2026,1.0504849621981602,0.02286183630452074,0.7740451603707226,0.8127541157099286,,,0.21614100185528756,0.21521335807050093,0.32560296846011133,0.24304267161410018
moe_continue,77,97,0.012449561949295172,0.07957923826512178,1.0,0.9777158774373259,0.735848672999964,0.5418829880018166,45,2026,1.0510761322563265,0.022960323271858436,0.7731321594989096,0.8127211206697263,,,0.2012987012987013,0.23283858998144713,0.32560296846011133,0.24025974025974026
moe_continue,78,98,0.011817322245077028,0.07773791613245996,1.0,0.9777158774373259,0.7457655220000561,0.5495854300020255,45,2026,1.046825722701399,0.02228557947209102,0.7724988605986365,0.8126414952612593,,,0.22912801484230055,0.20732838589981448,0.3232838589981447,0.24025974025974026
moe_continue,79,99,0.011851631961877168,0.07757398934937527,1.0,0.9777158774373259,0.7547637419997955,0.5562655970020387,45,2026,1.0491561598604673,0.02234319356048184,0.7710624227070483,0.8117153101106563,,,0.19666048237476808,0.23608534322820038,0.32235621521335805,0.24489795918367346
moe_continue,80,100,0.011554606485968365,0.07915823563505557,1.0,0.9777158774373259,0.7635776150000311,0.5624466230019607,45,2026,1.054568576959056,0.022100292255558925,0.7675786625569113,0.8085153808823818,0.0014683665360482412,0.002641941842716711,0.20083487940630798,0.22912801484230055,0.32838589981447125,0.24165120593692022
linear_mac_matched,0,20,0.1723885031801023,0.22776638326592585,0.9712430426716141,0.9442896935933147,0.00047619599990866845,0.0,45,2026,,,,,,,,,,
linear_mac_matched,1,21,0.16598526833724353,0.22154119558017812,0.974025974025974,0.947075208913649,0.0025201569997079787,0.001694786999905773,45,2026,,,,,,,,,,
linear_mac_matched,2,22,0.15885239985877883,0.2165791290781867,0.9749536178107606,0.9442896935933147,0.004291608000130509,0.0031798380000509496,45,2026,,,,,,,,,,
linear_mac_matched,3,23,0.15292482218696707,0.209958754123838,0.9730983302411874,0.9498607242339833,0.006180505999964225,0.004784408999967127,45,2026,,,,,,,,,,
linear_mac_matched,4,24,0.14765185461684233,0.20831112695445084,0.9730983302411874,0.9442896935933147,0.00823947999970187,0.006545514999743318,45,2026,,,,,,,,,,
linear_mac_matched,5,25,0.14235215923590294,0.20192568358337668,0.9758812615955473,0.9498607242339833,0.010487576999821613,0.008454023000012967,45,2026,,,,,,,,,,
linear_mac_matched,6,26,0.13792728934664814,0.19979549654624043,0.9758812615955473,0.9526462395543176,0.012166989999968791,0.009726565000164555,45,2026,,,,,,,,,,
linear_mac_matched,7,27,0.13391129258190573,0.19478362236096644,0.9777365491651205,0.9498607242339833,0.013714495999920473,0.011035561999960919,45,2026,,,,,,,,,,
linear_mac_matched,8,28,0.12995684424439302,0.19135872915490731,0.9786641929499073,0.9526462395543176,0.015401589999783027,0.01247869000007995,45,2026,,,,,,,,,,
linear_mac_matched,9,29,0.12653197369296854,0.18804725932069408,0.9777365491651205,0.9526462395543176,0.017081784999845695,0.01378729599991857,45,2026,,,,,,,,,,
linear_mac_matched,10,30,0.12320911113439957,0.18736989156227452,0.9786641929499073,0.9526462395543176,0.018792294999911974,0.015255210999839619,45,2026,,,,,,,,,,
linear_mac_matched,11,31,0.12041945682306528,0.18625506665601024,0.9795918367346939,0.9498607242339833,0.020609826000054454,0.016741774999445624,45,2026,,,,,,,,,,
linear_mac_matched,12,32,0.11762891472007969,0.18055579530092924,0.9786641929499073,0.9526462395543176,0.022298652999779733,0.01801534799960791,45,2026,,,,,,,,,,
linear_mac_matched,13,33,0.11465332122590667,0.18213829312573704,0.9795918367346939,0.9526462395543176,0.02395028499995533,0.019390062999264046,45,2026,,,,,,,,,,
linear_mac_matched,14,34,0.11191169231240244,0.1763374702394267,0.9814471243042672,0.9526462395543176,0.025776248000056512,0.020968524999261717,45,2026,,,,,,,,,,
linear_mac_matched,15,35,0.10911951952633805,0.17567051032652553,0.9823747680890538,0.9554317548746518,0.027447298999959457,0.022242117999212496,45,2026,,,,,,,,,,
linear_mac_matched,16,36,0.10682765061423266,0.1734086129489529,0.9833024118738405,0.9554317548746518,0.029283036999913747,0.023577223998927366,45,2026,,,,,,,,,,
linear_mac_matched,17,37,0.1045791879407369,0.17279110281895008,0.9842300556586271,0.9554317548746518,0.031079555999895092,0.02503502499894239,45,2026,,,,,,,,,,
linear_mac_matched,18,38,0.10251415101868594,0.17089629582552082,0.9833024118738405,0.9554317548746518,0.03261474300006739,0.026235017998715193,45,2026,,,,,,,,,,
linear_mac_matched,19,39,0.10036318908475492,0.1692250330146804,0.9833024118738405,0.9554317548746518,0.03427063099979932,0.027624365998690337,45,2026,,,,,,,,,,
linear_mac_matched,20,40,0.09851840662361398,0.16810462945439208,0.9851576994434137,0.9554317548746518,0.03609204799977306,0.029153132998999354,45,2026,,,,,,,,,,
linear_mac_matched,21,41,0.09686947148215926,0.1667556766979028,0.9842300556586271,0.9554317548746518,0.037765611999930115,0.03054412299889009,45,2026,,,,,,,,,,
linear_mac_matched,22,42,0.09480328680058037,0.16400102468401953,0.9851576994434137,0.9554317548746518,0.03919090399995184,0.0317205709989139,45,2026,,,,,,,,,,
linear_mac_matched,23,43,0.0931591724248492,0.16350941797724483,0.9842300556586271,0.9554317548746518,0.04152659300007144,0.03374349999921833,45,2026,,,,,,,,,,
linear_mac_matched,24,44,0.09161091068849857,0.16238803582228714,0.987012987012987,0.958217270194986,0.04305482900008428,0.03503115499916021,45,2026,,,,,,,,,,
linear_mac_matched,25,45,0.08984489400632187,0.16121022413304573,0.9860853432282004,0.958217270194986,0.04463594499975443,0.03623585499917681,45,2026,,,,,,,,,,
linear_mac_matched,26,46,0.08816295293543991,0.16140582617854998,0.9860853432282004,0.9554317548746518,0.046710010999959195,0.037875167999118275,45,2026,,,,,,,,,,
linear_mac_matched,27,47,0.08689223731483299,0.15890828774723492,0.987012987012987,0.9554317548746518,0.04903589600007763,0.03987880899921947,45,2026,,,,,,,,,,
linear_mac_matched,28,48,0.08523029499780742,0.15908845345840283,0.9879406307977736,0.9554317548746518,0.05128085899968937,0.04161397599909833,45,2026,,,,,,,,,,
linear_mac_matched,29,49,0.08378340161730792,0.1581304514285128,0.9888682745825603,0.958217270194986,0.05298426799981826,0.0430065079990527,45,2026,,,,,,,,,,
linear_mac_matched,30,50,0.0825249305435771,0.15492705212117616,0.9888682745825603,0.9554317548746518,0.05552259199976106,0.04529101999878549,45,2026,,,,,,,,,,
linear_mac_matched,31,51,0.0813354124878576,0.15758353844153614,0.9860853432282004,0.9526462395543176,0.05762312799970459,0.04714344299873119,45,2026,,,,,,,,,,
linear_mac_matched,32,52,0.08002264800509827,0.15176628961564262,0.9897959183673469,0.9554317548746518,0.05925157499996203,0.048481453999102087,45,2026,,,,,,,,,,
linear_mac_matched,33,53,0.07859426287449929,0.1533428069643311,0.9897959183673469,0.9610027855153204,0.061478480999994645,0.050392755998927896,45,2026,,,,,,,,,,
linear_mac_matched,34,54,0.07743271145802137,0.1538032445354913,0.9897959183673469,0.958217270194986,0.06315251599971816,0.05178045099864903,45,2026,,,,,,,,,,
linear_mac_matched,35,55,0.07637593718502002,0.1519397439174858,0.9888682745825603,0.9610027855153204,0.06499164899969401,0.05322451099891623,45,2026,,,,,,,,,,
linear_mac_matched,36,56,0.07509180334182301,0.1513607110277317,0.9888682745825603,0.958217270194986,0.0670129159998396,0.05499608199852446,45,2026,,,,,,,,,,
linear_mac_matched,37,57,0.07406080150686731,0.15040537016387684,0.9907235621521335,0.9610027855153204,0.06876834400009102,0.05643622599882292,45,2026,,,,,,,,,,
linear_mac_matched,38,58,0.07298251069674563,0.15052675528105275,0.9897959183673469,0.9610027855153204,0.0707024889998138,0.05796087699900454,45,2026,,,,,,,,,,
linear_mac_matched,39,59,0.07187834923422862,0.14982822461901293,0.9916512059369202,0.9610027855153204,0.07244711099974666,0.05938433599931159,45,2026,,,,,,,,,,
linear_mac_matched,40,60,0.0709396545775298,0.14733747721774074,0.9916512059369202,0.9610027855153204,0.07405533700011802,0.06075632699958078,45,2026,,,,,,,,,,
linear_mac_matched,41,61,0.06982117704736146,0.14724535148196707,0.9907235621521335,0.9610027855153204,0.07611971899996206,0.06240239999942787,45,2026,,,,,,,,,,
linear_mac_matched,42,62,0.06895062708354578,0.14930377013179666,0.9897959183673469,0.9610027855153204,0.07824473199980275,0.06417774799911058,45,2026,,,,,,,,,,
linear_mac_matched,43,63,0.06807643589282723,0.1449031986445317,0.9916512059369202,0.9610027855153204,0.07976355399978274,0.06545669899924178,45,2026,,,,,,,,,,
linear_mac_matched,44,64,0.06698512081465405,0.14571554887668273,0.9916512059369202,0.9610027855153204,0.08180321800000456,0.06725603199902253,45,2026,,,,,,,,,,
linear_mac_matched,45,65,0.06617359292829168,0.14474545878530246,0.9916512059369202,0.9610027855153204,0.08336801999985255,0.068580521999138,45,2026,,,,,,,,,,
linear_mac_matched,46,66,0.06536601474207021,0.14652130750542175,0.9916512059369202,0.9610027855153204,0.08490024200000335,0.06979360499917675,45,2026,,,,,,,,,,
linear_mac_matched,47,67,0.06454377341077583,0.14276622164600938,0.9935064935064936,0.9610027855153204,0.0866630499999701,0.07115530099918033,45,2026,,,,,,,,,,
linear_mac_matched,48,68,0.0635470640242754,0.14349419057586432,0.9916512059369202,0.9610027855153204,0.08814000899974417,0.07233887999927902,45,2026,,,,,,,,,,
linear_mac_matched,49,69,0.06304412034879237,0.14625625429600708,0.9935064935064936,0.9610027855153204,0.08961628699989888,0.07357633899937355,45,2026,,,,,,,,,,
linear_mac_matched,50,70,0.061986683254680486,0.14377834719320925,0.9925788497217068,0.9610027855153204,0.091540958999758,0.07515798499935045,45,2026,,,,,,,,,,
linear_mac_matched,51,71,0.061189056847900894,0.14093451070518714,0.9935064935064936,0.9610027855153204,0.09321047699995688,0.07654523899918786,45,2026,,,,,,,,,,
linear_mac_matched,52,72,0.060449062705430455,0.14228539633470388,0.9925788497217068,0.9610027855153204,0.09470959000009316,0.07780711499935933,45,2026,,,,,,,,,,
linear_mac_matched,53,73,0.05965704796338582,0.14014557273787215,0.9944341372912802,0.9610027855153204,0.09685638499968263,0.07961863699938476,45,2026,,,,,,,,,,
linear_mac_matched,54,74,0.05897583718872898,0.14080606945738094,0.9944341372912802,0.9610027855153204,0.09882553399984317,0.08126335799943263,45,2026,,,,,,,,,,
linear_mac_matched,55,75,0.05824802156857632,0.13981582894537556,0.9944341372912802,0.9610027855153204,0.10072376600010102,0.08288158899949849,45,2026,,,,,,,,,,
linear_mac_matched,56,76,0.057520044608672535,0.1408402882972106,0.9944341372912802,0.9610027855153204,0.10254619499983164,0.08445484199910425,45,2026,,,,,,,,,,
linear_mac_matched,57,77,0.05684734401706164,0.14026312012757644,0.9953617810760668,0.9610027855153204,0.10401399000011224,0.08564658199929909,45,2026,,,,,,,,,,
linear_mac_matched,58,78,0.05613558942771959,0.13976036938488295,0.9944341372912802,0.9610027855153204,0.10559117000002516,0.08698044599941568,45,2026,,,,,,,,,,
linear_mac_matched,59,79,0.05560459132726971,0.13908603666491304,0.9944341372912802,0.9610027855153204,0.1070142680000572,0.08816899099929287,45,2026,,,,,,,,,,
linear_mac_matched,60,80,0.05494643983412896,0.14057543366331676,0.9953617810760668,0.9610027855153204,0.10891972599984001,0.0898012989991912,45,2026,,,,,,,,,,
linear_mac_matched,61,81,0.054271434419451314,0.13574892203081493,0.9953617810760668,0.9610027855153204,0.11087328099984006,0.0914343329991425,45,2026,,,,,,,,,,
linear_mac_matched,62,82,0.05356517678616848,0.13954767940231094,0.9953617810760668,0.9610027855153204,0.11270164799998383,0.09301881399915146,45,2026,,,,,,,,,,
linear_mac_matched,63,83,0.05307706689813021,0.13552537193712658,0.9953617810760668,0.9610027855153204,0.11431177699978434,0.09432697899910636,45,2026,,,,,,,,,,
linear_mac_matched,64,84,0.05244517434039355,0.13866812986086235,0.9953617810760668,0.9610027855153204,0.11569956199991793,0.09548652099920218,45,2026,,,,,,,,,,
linear_mac_matched,65,85,0.05170177740707316,0.13654943460221744,0.9953617810760668,0.9610027855153204,0.11747063299981164,0.09694368099917483,45,2026,,,,,,,,,,
linear_mac_matched,66,86,0.051189224252311025,0.1365264294853933,0.9953617810760668,0.9610027855153204,0.11888822299988533,0.09813230699910491,45,2026,,,,,,,,,,
linear_mac_matched,67,87,0.050631956131334234,0.13706744650920355,0.9953617810760668,0.9610027855153204,0.12060744600012185,0.09961433399894304,45,2026,,,,,,,,,,
linear_mac_matched,68,88,0.05001973235360344,0.13569894434219434,0.9953617810760668,0.9610027855153204,0.12231070600000749,0.10103410699912274,45,2026,,,,,,,,,,
linear_mac_matched,69,89,0.04948949920916304,0.1372179868546265,0.9953617810760668,0.9610027855153204,0.1238195830001132,0.10230475599882993,45,2026,,,,,,,,,,
linear_mac_matched,70,90,0.04896760297322253,0.13409924968117148,0.9953617810760668,0.9610027855153204,0.12539166499982457,0.10364420899895777,45,2026,,,,,,,,,,
linear_mac_matched,71,91,0.04840148158562281,0.13496577786806369,0.9953617810760668,0.9610027855153204,0.12717412299980424,0.10511365699903763,45,2026,,,,,,,,,,
linear_mac_matched,72,92,0.047968663725507815,0.13282143733873117,0.9962894248608535,0.9610027855153204,0.129439956999704,0.10699329099907118,45,2026,,,,,,,,,,
linear_mac_matched,73,93,0.04747190730144718,0.1355674666900004,0.9953617810760668,0.9610027855153204,0.13115970099988772,0.10835753099900103,45,2026,,,,,,,,,,
linear_mac_matched,74,94,0.04696084200334596,0.1339523791475754,0.9953617810760668,0.9610027855153204,0.13270159700005024,0.10966222099932565,45,2026,,,,,,,,,,
linear_mac_matched,75,95,0.04668316609944011,0.1368468023707757,0.9953617810760668,0.9610027855153204,0.13454175200013196,0.1111929209992013,45,2026,,,,,,,,,,
linear_mac_matched,76,96,0.04607415331705558,0.13172207914143078,0.9972170686456401,0.9610027855153204,0.13603722900006687,0.11239062999948146,45,2026,,,,,,,,,,
linear_mac_matched,77,97,0.045558944815076684,0.13334087659897773,0.9953617810760668,0.9610027855153204,0.13765812499968888,0.11377403899950878,45,2026,,,,,,,,,,
linear_mac_matched,78,98,0.04499584885721034,0.13368258157872093,0.9962894248608535,0.9610027855153204,0.13925476399981562,0.11495973999944908,45,2026,,,,,,,,,,
linear_mac_matched,79,99,0.044586397358993266,0.13053087343013364,0.9972170686456401,0.9610027855153204,0.1407565199997407,0.11622886699933588,45,2026,,,,,,,,,,
linear_mac_matched,80,100,0.04417501540988825,0.13541203277794706,0.9962894248608535,0.9610027855153204,0.14216931300006763,0.11739265599908322,45,2026,,,,,,,,,,
linear_mac_matched,81,101,0.043635448656013265,0.13274741512546404,0.9972170686456401,0.9610027855153204,0.14401953300011883,0.11885143799918296,45,2026,,,,,,,,,,
linear_mac_matched,82,102,0.043225436494789465,0.1311384443215096,0.9981447124304267,0.9610027855153204,0.1456647149998389,0.12025908299938237,45,2026,,,,,,,,,,
linear_mac_matched,83,103,0.042783215379212494,0.13340471575016213,0.9972170686456401,0.9610027855153204,0.14768988700006958,0.12204324399954203,45,2026,,,,,,,,,,
linear_mac_matched,84,104,0.04240341659571832,0.13047596472363665,0.9981447124304267,0.9610027855153204,0.14944929100010995,0.12335987299957196,45,2026,,,,,,,,,,
linear_mac_matched,85,105,0.04194028059611976,0.131415908215173,0.9981447124304267,0.9610027855153204,0.15096223399996234,0.12463326699935351,45,2026,,,,,,,,,,
linear_mac_matched,86,106,0.041556397362472665,0.13104032134608154,0.9981447124304267,0.9610027855153204,0.15298563399983323,0.12632006199919488,45,2026,,,,,,,,,,
linear_mac_matched,87,107,0.041155653532814016,0.13070057409605312,0.9972170686456401,0.9610027855153204,0.15503806800006714,0.12784568399956697,45,2026,,,,,,,,,,
linear_mac_matched,88,108,0.04078266658244338,0.1325739037125887,0.9972170686456401,0.9610027855153204,0.15700670599972,0.12924183099949005,45,2026,,,,,,,,,,
linear_mac_matched,89,109,0.040393064272130755,0.13002260710066155,0.9981447124304267,0.9610027855153204,0.15880980499969155,0.13072482899951865,45,2026,,,,,,,,,,
linear_mac_matched,90,110,0.03999318472807158,0.13192722172481938,0.9981447124304267,0.9610027855153204,0.16054940899994108,0.13221947499960152,45,2026,,,,,,,,,,
linear_mac_matched,91,111,0.039664406670595495,0.1314605348713418,0.9981447124304267,0.9610027855153204,0.16230892199973823,0.13369360999968194,45,2026,,,,,,,,,,
linear_mac_matched,92,112,0.039343123872492024,0.1286123321746008,0.9972170686456401,0.9610027855153204,0.16414094499987186,0.1351609339994866,45,2026,,,,,,,,,,
linear_mac_matched,93,113,0.03884293738275639,0.13048970153793074,0.9981447124304267,0.9610027855153204,0.16586661800010916,0.13662849899947105,45,2026,,,,,,,,,,
linear_mac_matched,94,114,0.038535925882166755,0.12873853414315808,0.9981447124304267,0.9637883008356546,0.16827728999987812,0.13856968599975517,45,2026,,,,,,,,,,
linear_mac_matched,95,115,0.03819583122256152,0.13120099416161973,0.9981447124304267,0.9610027855153204,0.1699386959999174,0.13997017999963646,45,2026,,,,,,,,,,
linear_mac_matched,96,116,0.037795591676908484,0.12875869287715888,0.9981447124304267,0.9637883008356546,0.17172828499997195,0.14151755399961985,45,2026,,,,,,,,,,
linear_mac_matched,97,117,0.03744708134363103,0.12960352523944363,0.9981447124304267,0.9637883008356546,0.17362138899989077,0.1431672029998481,45,2026,,,,,,,,,,
linear_mac_matched,98,118,0.037143685435633234,0.13045198642568817,0.9981447124304267,0.9637883008356546,0.17525040600003194,0.14450235899994368,45,2026,,,,,,,,,,
linear_mac_matched,99,119,0.036797106152249674,0.1280777950482034,0.9981447124304267,0.9637883008356546,0.17729392699993696,0.14603987899999993,45,2026,,,,,,,,,,
linear_mac_matched,100,120,0.03647521367151083,0.12876424418875415,0.9981447124304267,0.9637883008356546,0.1790995399996973,0.14756656299960014,45,2026,,,,,,,,,,
linear_mac_matched,101,121,0.03620744181848543,0.1305612918262612,0.9981447124304267,0.9637883008356546,0.180895418000091,0.1490719449993776,45,2026,,,,,,,,,,
linear_mac_matched,102,122,0.035888184088213974,0.1265959119258921,0.9981447124304267,0.9637883008356546,0.18288275399982012,0.15072630099939488,45,2026,,,,,,,,,,
linear_mac_matched,103,123,0.035712424269561324,0.13191324056449755,0.9981447124304267,0.9637883008356546,0.18472193799971137,0.15224965999914275,45,2026,,,,,,,,,,
linear_mac_matched,104,124,0.03526227780978852,0.1283779781087563,0.9981447124304267,0.9637883008356546,0.1862788170001295,0.15353977799941276,45,2026,,,,,,,,,,
linear_mac_matched,105,125,0.034902397086408944,0.12764721267517928,0.9981447124304267,0.9610027855153204,0.18820309800003088,0.15507937099937408,45,2026,,,,,,,,,,
linear_mac_matched,106,126,0.03464200065624298,0.1285311142884322,0.9990723562152134,0.9637883008356546,0.18994300199983627,0.15649160199927792,45,2026,,,,,,,,,,
linear_mac_matched,107,127,0.034326610183286914,0.12748652614099734,0.9981447124304267,0.9637883008356546,0.19156790299985005,0.15787936699916827,45,2026,,,,,,,,,,
linear_mac_matched,108,128,0.03397921087407244,0.12726290752749944,0.9981447124304267,0.9637883008356546,0.19330015600007755,0.15933285099890782,45,2026,,,,,,,,,,
linear_mac_matched,109,129,0.0336966057730465,0.1270085492552209,0.9981447124304267,0.9637883008356546,0.1950022529999842,0.1607120529988606,45,2026,,,,,,,,,,
linear_mac_matched,110,130,0.03337296981498172,0.12691798463437332,0.9981447124304267,0.9637883008356546,0.196579113000098,0.1620399289990928,45,2026,,,,,,,,,,
linear_mac_matched,111,131,0.033072407749442874,0.12761438562656255,0.9981447124304267,0.9637883008356546,0.19829865599967889,0.16348670299930745,45,2026,,,,,,,,,,
linear_mac_matched,112,132,0.03283887742823209,0.12911998670301145,0.9990723562152134,0.9637883008356546,0.1999722410000686,0.16483636099928844,45,2026,,,,,,,,,,
linear_mac_matched,113,133,0.032586116817111335,0.1259978871730608,0.9981447124304267,0.9637883008356546,0.20147943599977225,0.16604491699945356,45,2026,,,,,,,,,,
linear_mac_matched,114,134,0.03225091268176265,0.12607806107557198,0.9981447124304267,0.9637883008356546,0.2032566059997407,0.16754576199946314,45,2026,,,,,,,,,,
linear_mac_matched,115,135,0.03200831486175342,0.12626351564742386,0.9990723562152134,0.9637883008356546,0.2048711419997744,0.16892845999927886,45,2026,,,,,,,,,,
linear_mac_matched,116,136,0.0317482820648526,0.12812050279731832,0.9990723562152134,0.9637883008356546,0.20661551200009853,0.17043625499945847,45,2026,,,,,,,,,,
linear_mac_matched,117,137,0.031530394367817974,0.12734481289904664,0.9990723562152134,0.9637883008356546,0.20842878699977518,0.17201161199955095,45,2026,,,,,,,,,,
linear_mac_matched,118,138,0.031263312914500886,0.12801406059288223,0.9990723562152134,0.9637883008356546,0.21003559099972335,0.17338565699992614,45,2026,,,,,,,,,,
linear_mac_matched,119,139,0.030954695012745555,0.1246312900065829,0.9981447124304267,0.9637883008356546,0.2122583109999141,0.17511360300022716,45,2026,,,,,,,,,,
linear_mac_matched,120,140,0.030777131237478668,0.12514678581607375,0.9981447124304267,0.9610027855153204,0.21395077299985132,0.1764619790001234,45,2026,,,,,,,,,,
linear_mac_matched,121,141,0.030525504711859264,0.1287808856178538,0.9990723562152134,0.9637883008356546,0.21564472799991563,0.17786625900043873,45,2026,,,,,,,,,,
linear_mac_matched,122,142,0.030212681250877418,0.12534031583602265,0.9990723562152134,0.9637883008356546,0.21738637499993274,0.17916254700003265,45,2026,,,,,,,,,,
linear_mac_matched,123,143,0.02995802711032277,0.1263799347614938,0.9990723562152134,0.9637883008356546,0.21918299499975546,0.18067789399992762,45,2026,,,,,,,,,,
linear_mac_matched,124,144,0.029689693973935703,0.12510598146694032,0.9990723562152134,0.9637883008356546,0.22068921799973396,0.18195030600008977,45,2026,,,,,,,,,,
linear_mac_matched,125,145,0.029462582674492248,0.12654228518748464,0.9990723562152134,0.9637883008356546,0.2222953810000945,0.18319342399991,45,2026,,,,,,,,,,
linear_mac_matched,126,146,0.029225341002712724,0.12591838949662884,0.9990723562152134,0.9610027855153204,0.22429088999979285,0.1846708239995678,45,2026,,,,,,,,,,
linear_mac_matched,127,147,0.029008767971808975,0.12602118888277475,0.9990723562152134,0.9610027855153204,0.22582385299983798,0.18596812299983867,45,2026,,,,,,,,,,
linear_mac_matched,128,148,0.028761180918839873,0.12497048245081963,0.9990723562152134,0.9637883008356546,0.22736097200004224,0.18713605699986147,45,2026,,,,,,,,,,
linear_mac_matched,129,149,0.02855854652644909,0.12614226824914312,0.9990723562152134,0.9637883008356546,0.22883518699973138,0.18837295599951176,45,2026,,,,,,,,,,
linear_mac_matched,130,150,0.028331656325708575,0.12565864046687525,0.9990723562152134,0.9637883008356546,0.2307844560000376,0.1899942019995251,45,2026,,,,,,,,,,
linear_mac_matched,131,151,0.028080216747267434,0.12574748270002817,0.9990723562152134,0.9637883008356546,0.2326790419997451,0.1916313519996038,45,2026,,,,,,,,,,
linear_mac_matched,132,152,0.02790491048238223,0.1267834138375047,0.9990723562152134,0.9610027855153204,0.2346659679997174,0.1932185159994333,45,2026,,,,,,,,,,
linear_mac_matched,133,153,0.027644447691222766,0.1262890067113217,0.9990723562152134,0.9610027855153204,0.23624085399978867,0.19440303599958497,45,2026,,,,,,,,,,
linear_mac_matched,134,154,0.027462105909143598,0.12550871934536573,0.9990723562152134,0.9637883008356546,0.23796844999969835,0.19589116199949785,45,2026,,,,,,,,,,
linear_mac_matched,135,155,0.02730393826285891,0.1234613508645667,0.9990723562152134,0.9637883008356546,0.23977363199992396,0.19745734499974787,45,2026,,,,,,,,,,
linear_mac_matched,136,156,0.027040681685691167,0.12737368383389136,0.9990723562152134,0.9637883008356546,0.24493411599996762,0.20235192899963295,45,2026,,,,,,,,,,
linear_mac_matched,137,157,0.02685518588270012,0.12519613457407514,0.9990723562152134,0.9610027855153204,0.2467627529999845,0.20392608399970413,45,2026,,,,,,,,,,
linear_mac_matched,138,158,0.026619544225103233,0.12641228799345758,0.9990723562152134,0.9637883008356546,0.24862653399986812,0.20553945799974827,45,2026,,,,,,,,,,
linear_mac_matched,139,159,0.026393537760713917,0.12551464884122004,0.9990723562152134,0.9610027855153204,0.2504812799998035,0.2069662519998019,45,2026,,,,,,,,,,
linear_mac_matched,140,160,0.026270608840023992,0.12449885604706461,0.9990723562152134,0.9637883008356546,0.25222617200006425,0.2083296400001018,45,2026,,,,,,,,,,
linear_mac_matched,141,161,0.02613518946056795,0.12386453161573974,0.9990723562152134,0.9610027855153204,0.2538286290000542,0.20965194600012182,45,2026,,,,,,,,,,
linear_mac_matched,142,162,0.025861948722607508,0.12535292523445665,0.9990723562152134,0.9637883008356546,0.2558157149996987,0.2113253310003529,45,2026,,,,,,,,,,
linear_mac_matched,143,163,0.025625314948149604,0.12593419614911822,0.9990723562152134,0.9637883008356546,0.25792480399968554,0.2131812790003096,45,2026,,,,,,,,,,
linear_mac_matched,144,164,0.025444470428027884,0.1255415124881711,0.9990723562152134,0.9637883008356546,0.2601707589997204,0.2149464610006362,45,2026,,,,,,,,,,
linear_mac_matched,145,165,0.025240430823372538,0.12498190695329647,0.9990723562152134,0.9637883008356546,0.2616084090000186,0.2161511410008643,45,2026,,,,,,,,,,
linear_mac_matched,146,166,0.025068785811921814,0.12285353565600064,0.9990723562152134,0.9637883008356546,0.26335863899976175,0.2175163120009529,45,2026,,,,,,,,,,
linear_mac_matched,147,167,0.02485105957154186,0.12501842070700095,0.9990723562152134,0.9610027855153204,0.2652475059999233,0.21912759300084872,45,2026,,,,,,,,,,
linear_mac_matched,148,168,0.02464622250498024,0.1261687801150799,0.9990723562152134,0.9637883008356546,0.26708417600002576,0.22062435200086838,45,2026,,,,,,,,,,
linear_mac_matched,149,169,0.024541889186739645,0.123217501330763,0.9990723562152134,0.9637883008356546,0.2689724029996796,0.22227112600103283,45,2026,,,,,,,,,,
linear_mac_matched,150,170,0.024306343485498438,0.1235362565064012,0.9990723562152134,0.9637883008356546,0.27071473099977084,0.22377691900101127,45,2026,,,,,,,,,,
linear_mac_matched,151,171,0.024144084172858387,0.1259481566535194,0.9990723562152134,0.9637883008356546,0.27248693299998195,0.2253118550011095,45,2026,,,,,,,,,,
linear_mac_matched,152,172,0.024036457385985418,0.1238718259938579,0.9990723562152134,0.9610027855153204,0.2740421499997865,0.2266332710014467,45,2026,,,,,,,,,,
linear_mac_matched,153,173,0.023807422168725327,0.1277715391467851,0.9990723562152134,0.9610027855153204,0.2757425049999256,0.2280973510014519,45,2026,,,,,,,,,,
linear_mac_matched,154,174,0.023724239090389867,0.12112594428547824,0.9990723562152134,0.9637883008356546,0.2774164499996914,0.229536443001507,45,2026,,,,,,,,,,
linear_mac_matched,155,175,0.023452322845211572,0.1269278480048973,0.9990723562152134,0.9637883008356546,0.2791336800000863,0.23092082400125946,45,2026,,,,,,,,,,
linear_mac_matched,156,176,0.023318833022484373,0.12345642072160674,0.9990723562152134,0.9610027855153204,0.28075738999996247,0.23230894000153057,45,2026,,,,,,,,,,
linear_mac_matched,157,177,0.023079649699633727,0.1248545690817782,0.9990723562152134,0.9610027855153204,0.2824488910000582,0.2336777270015773,45,2026,,,,,,,,,,
linear_mac_matched,158,178,0.022895853002869213,0.12417984890130304,0.9990723562152134,0.9637883008356546,0.2843123709999418,0.2352578510017338,45,2026,,,,,,,,,,
linear_mac_matched,159,179,0.022779401976461344,0.12420440145027058,0.9990723562152134,0.9610027855153204,0.28588742800002365,0.2365991370015763,45,2026,,,,,,,,,,
linear_mac_matched,160,180,0.022588231537959427,0.1260265828987316,0.9990723562152134,0.9610027855153204,0.28772881399982,0.2382031070019366,45,2026,,,,,,,,,,
linear_mac_matched,161,181,0.022473155106565126,0.12391672095499394,0.9990723562152134,0.9637883008356546,0.28948427199975413,0.23959063100210187,45,2026,,,,,,,,,,
linear_mac_matched,162,182,0.02223999076057428,0.12531098890673545,0.9990723562152134,0.9610027855153204,0.291244646999985,0.24108013800196204,45,2026,,,,,,,,,,
linear_mac_matched,163,183,0.022088172450851328,0.12430701673224065,0.9990723562152134,0.9610027855153204,0.2928889469999376,0.24249211000187643,45,2026,,,,,,,,,,
linear_mac_matched,164,184,0.021933483139405727,0.12437103167948432,0.9990723562152134,0.958217270194986,0.29492552700003216,0.24412289000156306,45,2026,,,,,,,,,,
linear_mac_matched,165,185,0.021774920572277964,0.12451416534712259,0.9990723562152134,0.9610027855153204,0.29850181099982365,0.24713915200118208,45,2026,,,,,,,,,,
linear_mac_matched,166,186,0.0216398790592425,0.12375993425047357,0.9990723562152134,0.9610027855153204,0.30034640199983187,0.2487293920007687,45,2026,,,,,,,,,,
linear_mac_matched,167,187,0.021461808670083276,0.1253381338202626,0.9990723562152134,0.9610027855153204,0.3018700009997701,0.2500025140006983,45,2026,,,,,,,,,,
linear_mac_matched,168,188,0.02131208596840637,0.12409714380611928,0.9990723562152134,0.9637883008356546,0.30370912499984115,0.25160243800064563,45,2026,,,,,,,,,,
linear_mac_matched,169,189,0.021157699580077318,0.1253195812925897,0.9990723562152134,0.9637883008356546,0.30530980000003183,0.25292320200060203,45,2026,,,,,,,,,,
linear_mac_matched,170,190,0.021022354388207803,0.12530294673185324,0.9990723562152134,0.958217270194986,0.30710225299981175,0.25438318500073365,45,2026,,,,,,,,,,
linear_mac_matched,171,191,0.020898511914051184,0.12222597263535154,0.9990723562152134,0.9610027855153204,0.3086370189998888,0.25568282800077213,45,2026,,,,,,,,,,
linear_mac_matched,172,192,0.02072818887245977,0.12463927122334485,0.9990723562152134,0.9610027855153204,0.3102604880000399,0.25685738200081687,45,2026,,,,,,,,,,
linear_mac_matched,173,193,0.020594351077486434,0.12473089616644203,0.9990723562152134,0.9610027855153204,0.31225670699996044,0.2585771360008948,45,2026,,,,,,,,,,
linear_mac_matched,174,194,0.02049226178137917,0.12477093302970842,0.9990723562152134,0.9637883008356546,0.31401010099989435,0.25999948300068354,45,2026,,,,,,,,,,
linear_mac_matched,175,195,0.02032965956738216,0.12316053780397629,0.9990723562152134,0.958217270194986,0.3159652089998417,0.2615575640006682,45,2026,,,,,,,,,,
linear_mac_matched,176,196,0.020190373004176917,0.12508275368185612,0.9990723562152134,0.958217270194986,0.31761564899989025,0.2629696950007201,45,2026,,,,,,,,,,
linear_mac_matched,177,197,0.020006448284909266,0.12454017129508599,0.9990723562152134,0.9637883008356546,0.31964533900008973,0.26475875300047846,45,2026,,,,,,,,,,
linear_mac_matched,178,198,0.019875238041153147,0.12449433653932779,0.9990723562152134,0.9610027855153204,0.3212936350000746,0.2661327070004518,45,2026,,,,,,,,,,
linear_mac_matched,179,199,0.01975640434019332,0.12487158304329676,0.9990723562152134,0.9610027855153204,0.3233050869998806,0.2678438780003489,45,2026,,,,,,,,,,
linear_mac_matched,180,200,0.01962239429087043,0.1238273770566879,0.9990723562152134,0.958217270194986,0.3250186619998203,0.2693180530004611,45,2026,,,,,,,,,,
linear_mac_matched,181,201,0.01946888692268999,0.1253099258982949,0.9990723562152134,0.958217270194986,0.32692836099977285,0.2709028640001634,45,2026,,,,,,,,,,
linear_mac_matched,182,202,0.019326819087882988,0.12485895458921052,0.9990723562152134,0.9610027855153204,0.32888513099987904,0.2726109400000496,45,2026,,,,,,,,,,
linear_mac_matched,183,203,0.01925363740699762,0.12238562590827652,0.9990723562152134,0.9610027855153204,0.3308506240000497,0.2743315249999796,45,2026,,,,,,,,,,
linear_mac_matched,184,204,0.01908444337442008,0.12568694213362777,0.9990723562152134,0.9610027855153204,0.33264199599989297,0.2758808529997623,45,2026,,,,,,,,,,
linear_mac_matched,185,205,0.018980800511017453,0.1238920236960837,0.9990723562152134,0.9610027855153204,0.3344674780000787,0.2774020480001127,45,2026,,,,,,,,,,
linear_mac_matched,186,206,0.01880241104132868,0.12285646560550725,0.9990723562152134,0.958217270194986,0.3360479729999497,0.2787147100002585,45,2026,,,,,,,,,,
linear_mac_matched,187,207,0.018695354243015116,0.1251848402549698,0.9990723562152134,0.958217270194986,0.33775270499972976,0.2801849500001481,45,2026,,,,,,,,,,
linear_mac_matched,188,208,0.01860273383807047,0.12361183904210547,0.9990723562152134,0.958217270194986,0.33951017499975933,0.281707858000118,45,2026,,,,,,,,,,
linear_mac_matched,189,209,0.018508839995420814,0.12658726737281925,0.9990723562152134,0.9610027855153204,0.3409165690000009,0.2828863590002584,45,2026,,,,,,,,,,
linear_mac_matched,190,210,0.018296188852530294,0.124466887026969,0.9990723562152134,0.958217270194986,0.34259434899968255,0.28424629300025117,45,2026,,,,,,,,,,
linear_mac_matched,191,211,0.01817650871362539,0.12523834548297566,0.9990723562152134,0.958217270194986,0.3445113399998263,0.2859210589999748,45,2026,,,,,,,,,,
linear_mac_matched,192,212,0.01808354149285569,0.12375974159760238,0.9990723562152134,0.9610027855153204,0.3461613589997796,0.2872532000001229,45,2026,,,,,,,,,,
moe_no_balance,0,20,0.1723885031801023,0.22776638326592585,0.9712430426716141,0.9442896935933147,0.0013062729999546718,0.0,45,2026,1.1668391148526653,0.1723885031801023,0.9840185137234536,0.9899269512137739,1.930882675980663e-18,0.0,0.5,0.030612244897959183,0.46567717996289426,0.0037105751391465678
moe_no_balance,1,21,0.16285600806267606,0.22062618206760198,0.9730983302411874,0.9498607242339833,0.013173613000162732,0.006208717999925284,45,2026,1.0983474297376843,0.16285600806267606,0.9907545245966636,0.9938195434042563,,,0.4972170686456401,0.35992578849721707,0.10853432282003711,0.03432282003710575
moe_no_balance,2,22,0.15131466268957525,0.21242219093732534,0.9749536178107606,0.947075208913649,0.021123086999978113,0.012061171999903308,45,2026,1.0650295776180883,0.15131466268957525,0.9921152827995985,0.9970134952344051,,,0.43460111317254174,0.28339517625231914,0.27319109461966606,0.008812615955473098
moe_no_balance,3,23,0.14103228144164656,0.20471867406123298,0.9777365491651205,0.9526462395543176,0.029315426000266598,0.01813777100005609,45,2026,1.0210634335210198,0.14103228144164656,0.9931317109571864,0.9942012252087151,,,0.2606679035250464,0.35435992578849723,0.25185528756957326,0.1331168831168831
moe_no_balance,4,24,0.13563025720907337,0.19776319159012545,0.9805194805194806,0.947075208913649,0.0373045500000444,0.024098266999772022,45,2026,1.0745226936374273,0.13563025720907337,0.9845711161567912,0.9852671143449986,,,0.20269016697588127,0.4206864564007421,0.3070500927643785,0.06957328385899815
moe_no_balance,5,25,0.12803824029665023,0.1885916553496121,0.9777365491651205,0.9526462395543176,0.04592472100011946,0.030456730999503634,45,2026,1.0507550645617658,0.12803824029665023,0.9837944335362719,0.9852253070590494,,,0.12430426716141002,0.3687384044526902,0.35435992578849723,0.1525974025974026
moe_no_balance,6,26,0.1181436476685454,0.1826184715530663,0.9823747680890538,0.9554317548746518,0.055429622000247036,0.03776255799948558,45,2026,1.0715491413715796,0.1181436476685454,0.9753860228284604,0.9780027640551622,,,0.20037105751391465,0.3562152133580705,0.3580705009276438,0.08534322820037106
moe_no_balance,7,27,0.11059123439590378,0.17280008252072163,0.9842300556586271,0.9554317548746518,0.06447865800009822,0.04448925499946199,45,2026,1.0461071775504767,0.11059123439590378,0.9746700521324883,0.9774396918743355,,,0.237012987012987,0.3780148423005566,0.23979591836734693,0.14517625231910947
moe_no_balance,8,28,0.10344461019054256,0.16686134943079625,0.9860853432282004,0.9610027855153204,0.07270065200009412,0.0506491389992334,45,2026,1.0441489743540193,0.10344461019054256,0.9715562192045574,0.976502738336331,,,0.24582560296846012,0.3673469387755102,0.24397031539888683,0.14285714285714285
moe_no_balance,9,29,0.10263718458645034,0.1701893094202738,0.9833024118738405,0.9442896935933147,0.08099140900003476,0.056904336999650695,45,2026,1.0370413138040024,0.10263718458645034,0.9693276778775588,0.9781767510511432,,,0.29916512059369205,0.3014842300556586,0.2852504638218924,0.11410018552875696
moe_no_balance,10,30,0.09344885501830283,0.1643037702520512,0.9860853432282004,0.9554317548746518,0.08907122800019351,0.06283792199974414,45,2026,1.0324390634137932,0.09344885501830283,0.966531129873219,0.9733408531378177,,,0.22170686456400743,0.3529684601113173,0.26437847866419295,0.16094619666048238
moe_no_balance,11,31,0.09007574308268067,0.1663134734262024,0.9851576994434137,0.947075208913649,0.09745972200016695,0.06920516899981521,45,2026,1.0318565073886017,0.09007574308268067,0.9606082629024308,0.9688945905803026,,,0.26205936920222633,0.2917439703153989,0.30612244897959184,0.14007421150278293
moe_no_balance,12,32,0.0842079510102174,0.1600643592349345,0.9897959183673469,0.9526462395543176,0.10599151099995652,0.07569234599986885,45,2026,1.0394088727482373,0.0842079510102174,0.9550323036649883,0.9630082508107065,,,0.2193877551020408,0.336734693877551,0.2949907235621521,0.14888682745825602
moe_no_balance,13,33,0.0859733420472911,0.16074843883170492,0.9860853432282004,0.9526462395543176,0.11477583900023092,0.08210868700007268,45,2026,1.042651553246255,0.0859733420472911,0.9496176687753497,0.9622875309859938,,,0.29916512059369205,0.28339517625231914,0.29777365491651203,0.11966604823747681
moe_no_balance,14,34,0.07878980428985118,0.15185155678139717,0.9888682745825603,0.958217270194986,0.12306745700016108,0.08822655899984966,45,2026,1.018444912282149,0.07878980428985118,0.9489091410612221,0.960364431941322,,,0.2694805194805195,0.27968460111317256,0.2815398886827458,0.16929499072356216
moe_no_balance,15,35,0.07360948437599531,0.14881285692271445,0.9907235621521335,0.9554317548746518,0.13237771600006454,0.09519586999977037,45,2026,1.0473804264935371,0.07360948437599531,0.936944074894204,0.9477464445200248,,,0.21753246753246752,0.31539888682745826,0.3186456400742115,0.14842300556586271
moe_no_balance,16,36,0.0756384376634136,0.14809239225814042,0.987012987012987,0.9554317548746518,0.1406956139999238,0.10128029199950106,45,2026,1.0151211724809734,0.0756384376634136,0.9410879656083342,0.9573985056816466,,,0.3075139146567718,0.25463821892393323,0.2634508348794063,0.17439703153988867
moe_no_balance,17,37,0.06869810716400193,0.14360338323948596,0.9897959183673469,0.958217270194986,0.14901874900033363,0.10750732799942853,45,2026,1.0210776403864272,0.06869810716400193,0.9353071089024331,0.9499918123560915,,,0.26669758812615957,0.2880333951762523,0.2787569573283859,0.16651205936920221
moe_no_balance,18,38,0.06485850668849914,0.1378846675168204,0.9925788497217068,0.9610027855153204,0.15712607000023127,0.11344400799907817,45,2026,1.009397434487367,0.06485850668849914,0.9325908143979422,0.9466693956329576,,,0.24443413729128013,0.2694805194805195,0.27690166975881264,0.20918367346938777
moe_no_balance,19,39,0.060800545513105625,0.13900357338999778,0.9935064935064936,0.9554317548746518,0.16565368300007322,0.12000058899911892,45,2026,1.025045131088024,0.060800545513105625,0.9243426464032727,0.9392634124592513,,,0.2277365491651206,0.2940630797773655,0.29591836734693877,0.18228200371057515
moe_no_balance,20,40,0.05849805622977747,0.13205356263447143,0.9935064935064936,0.9610027855153204,0.17520397199996296,0.12724504399920988,45,2026,1.0181776425668008,0.05849805622977747,0.9211354783110277,0.9383501142765968,0.008715066078800186,0.0,0.2625231910946197,0.2592764378478664,0.2922077922077922,0.1859925788497217
moe_no_balance,21,41,0.0568467733032051,0.12763595241001835,0.9935064935064936,0.9610027855153204,0.18691702100022667,0.1334373869990486,45,2026,1.0119157916824149,0.0568467733032051,0.9189191681667372,0.9377512632835063,,,0.27087198515769945,0.2523191094619666,0.28014842300556586,0.19666048237476808
moe_no_balance,22,42,0.05362126565886531,0.12652375179741465,0.9953617810760668,0.9610027855153204,0.19506912900033058,0.1394002959991667,45,2026,1.0210592199315418,0.05362126565886531,0.9116241272700759,0.9306941512994805,,,0.25742115027829315,0.2560296846011132,0.2982374768089054,0.18831168831168832
moe_no_balance,23,43,0.05290873678363407,0.12025806702291485,0.9944341372912802,0.9610027855153204,0.2042381760002172,0.14587430299934567,45,2026,1.0128838730725653,0.05290873678363407,0.9101929689719566,0.9309087371288289,,,0.2755102040816326,0.23654916512059368,0.2852504638218924,0.20269016697588127
moe_no_balance,24,44,0.051706542106473526,0.12167855275232731,0.9953617810760668,0.9637883008356546,0.2131913370003531,0.15253902699942046,45,2026,1.013824879716517,0.051706542106473526,0.904347098532388,0.9243232695900526,,,0.2625231910946197,0.2277365491651206,0.29035250463821893,0.2193877551020408
moe_no_balance,25,45,0.048542539444230565,0.12273834489354887,0.9972170686456401,0.9610027855153204,0.22226404899993213,0.15948516299931725,45,2026,1.0065068988401344,0.048542539444230565,0.9041618693223418,0.9272167073983016,,,0.2653061224489796,0.2680890538033395,0.26391465677179965,0.20269016697588127
moe_no_balance,26,46,0.047543343783662664,0.1164844474564967,0.9962894248608535,0.9637883008356546,0.23017177000019728,0.16557678499930262,45,2026,1.0241978271801264,0.047543343783662664,0.8926000482041733,0.913900493901571,,,0.25556586270871984,0.22263450834879406,0.30890538033395176,0.21289424860853431
moe_no_balance,27,47,0.046295572138010256,0.11106066261550253,0.9972170686456401,0.9637883008356546,0.23803665800005547,0.1715204759993867,45,2026,1.0136111258668983,0.046295572138010256,0.8909586599433844,0.9131811293588554,,,0.26437847866419295,0.21706864564007422,0.288961038961039,0.22959183673469388
moe_no_balance,28,48,0.04482184669022762,0.10954875180828669,0.9962894248608535,0.9665738161559888,0.24690004400008547,0.17823091899936117,45,2026,1.0250562478323482,0.04482184669022762,0.8808779948109567,0.9030449279338016,,,0.2634508348794063,0.20454545454545456,0.30612244897959184,0.2258812615955473
moe_no_balance,29,49,0.04137183489971829,0.11014328941755502,0.9972170686456401,0.9637883008356546,0.2553794049999851,0.18442208099941126,45,2026,1.0096252801982064,0.04137183489971829,0.8833364944937118,0.9082928489563478,,,0.2810760667903525,0.22541743970315398,0.27782931354359924,0.21567717996289426
moe_no_balance,30,50,0.04019583101214239,0.10732913403602859,0.9981447124304267,0.9665738161559888,0.2642917950001902,0.19082876699940243,45,2026,1.0184491588178661,0.04019583101214239,0.8745979659009485,0.8975937056410874,,,0.25834879406307976,0.22170686456400743,0.29684601113172543,0.2230983302411874
moe_no_balance,31,51,0.039310298077637286,0.1084278293488525,0.9981447124304267,0.9637883008356546,0.2725933480001004,0.19680454499939515,45,2026,1.0180813614818107,0.039310298077637286,0.8715152665553457,0.8977273968836517,,,0.28385899814471244,0.20269016697588127,0.2917439703153989,0.22170686456400743
moe_no_balance,32,52,0.03795053544190552,0.10245560064678284,0.9981447124304267,0.9665738161559888,0.280604976000177,0.2027626369990685,45,2026,1.0220397946228055,0.03795053544190552,0.8656226448090175,0.8911982261176546,,,0.2662337662337662,0.21428571428571427,0.3010204081632653,0.21846011131725418
moe_no_balance,33,53,0.03600045622492851,0.10356519873257883,0.9990723562152134,0.9665738161559888,0.28849959700028194,0.20881391799912308,45,2026,1.0146897748853625,0.03600045622492851,0.863852466585177,0.8908866629445009,,,0.2755102040816326,0.2147495361781076,0.28710575139146566,0.22263450834879406
moe_no_balance,34,54,0.03502469714374265,0.1018365710520426,0.9990723562152134,0.9665738161559888,0.297194822000165,0.21547229199904905,45,2026,1.01544514855128,0.03502469714374265,0.8603372676074642,0.8882592267382493,,,0.27319109461966606,0.21799628942486085,0.288961038961039,0.21985157699443414
moe_no_balance,35,55,0.033307209218719804,0.09782999851677085,0.9981447124304267,0.9693593314763231,0.30571929000007003,0.22183253799903468,45,2026,1.022446530155508,0.033307209218719804,0.853777918406909,0.8815842158186129,,,0.27087198515769945,0.20593692022263452,0.29916512059369205,0.22402597402597402
moe_no_balance,36,56,0.032199775314327744,0.09817372410634298,0.9981447124304267,0.9693593314763231,0.3151526990000093,0.22908501999881992,45,2026,1.0225439770324039,0.032199775314327744,0.8490182476247448,0.8768022508695881,,,0.27040816326530615,0.20037105751391465,0.2982374768089054,0.23098330241187384
moe_no_balance,37,57,0.03132014211312379,0.09786328794827942,0.9990723562152134,0.9665738161559888,0.32449572600035026,0.23629569299873765,45,2026,1.0223868360807846,0.03132014211312379,0.846082560340931,0.8755330670162067,,,0.2727272727272727,0.20686456400742115,0.29916512059369205,0.2212430426716141
moe_no_balance,38,58,0.030368725021169773,0.09705332062150906,0.9990723562152134,0.9693593314763231,0.3329048710002098,0.24262251899881448,45,2026,1.017802211101973,0.030368725021169773,0.8439291501116928,0.8742370494227415,,,0.275974025974026,0.2082560296846011,0.2912801484230056,0.22448979591836735
moe_no_balance,39,59,0.029437804257025312,0.09576751288254245,0.9990723562152134,0.9693593314763231,0.3409040000001369,0.24853759599864134,45,2026,1.0158157683266715,0.029437804257025312,0.8415156686521394,0.8729621803144573,,,0.2764378478664193,0.21150278293135436,0.2884972170686456,0.22356215213358072
moe_no_balance,40,60,0.028421831631620063,0.09384476310293166,0.9981447124304267,0.9721448467966574,0.34922429000016564,0.2546817169982205,45,2026,1.0179687523657637,0.028421831631620063,0.835529513670568,0.8660264592220928,0.00680448296839535,0.0,0.27040816326530615,0.20269016697588127,0.288961038961039,0.23794063079777367
moe_no_balance,41,61,0.027162538523365358,0.09428184410700012,0.9990723562152134,0.9721448467966574,0.36255858499998794,0.2612926799984052,45,2026,1.0233652968609253,0.027162538523365358,0.8304291021071206,0.8624602502718591,,,0.27319109461966606,0.20454545454545456,0.29916512059369205,0.2230983302411874
moe_no_balance,42,62,0.02655274893545062,0.09378048624494424,1.0,0.9693593314763231,0.37193961000002673,0.26843972799815674,45,2026,1.0220966978013986,0.02655274893545062,0.8274017547790083,0.8597823387321346,,,0.27087198515769945,0.2077922077922078,0.29730983302411873,0.22402597402597402
moe_no_balance,43,63,0.02569851148983331,0.09085054159077902,0.9990723562152134,0.9721448467966574,0.38065776900020865,0.275079694998567,45,2026,1.017142335608047,0.02569851148983331,0.826766583938228,0.860537046181522,,,0.27782931354359924,0.20640074211502782,0.2884972170686456,0.22727272727272727
moe_no_balance,44,64,0.024833626282564903,0.09021889393216019,0.9990723562152134,0.9721448467966574,0.3897670350002045,0.2813614329984375,45,2026,1.0197035300711441,0.024833626282564903,0.8219528535604241,0.85519312890824,,,0.2657699443413729,0.21150278293135436,0.29359925788497215,0.22912801484230055
moe_no_balance,45,65,0.024173474545841133,0.09047355327888039,1.0,0.9721448467966574,0.3997991890000776,0.2892397599985088,45,2026,1.0166632840243361,0.024173474545841133,0.8211220948253862,0.856577502552167,,,0.2792207792207792,0.2077922077922078,0.287569573283859,0.22541743970315398
moe_no_balance,46,66,0.023353256447800733,0.09311732408734484,1.0,0.9721448467966574,0.40986274900024,0.2968641849984124,45,2026,1.019943244630351,0.023353256447800733,0.8153621336212249,0.8497753276272767,,,0.274582560296846,0.19990723562152132,0.2898886827458256,0.23562152133580705
moe_no_balance,47,67,0.022920286576310768,0.08774162583442738,1.0,0.9721448467966574,0.4233044110001174,0.3078427959981127,45,2026,1.0209405934890665,0.022920286576310768,0.8143045141742951,0.8505880704878537,,,0.274582560296846,0.2082560296846011,0.2949907235621521,0.22217068645640073
moe_no_balance,48,68,0.0227136008889613,0.08918163194496764,1.0,0.9721448467966574,0.43479122999997344,0.3169204349978827,45,2026,1.017766663058225,0.0227136008889613,0.8113468457012285,0.8478856566289743,,,0.28014842300556586,0.20037105751391465,0.28664192949907236,0.23283858998144713
moe_no_balance,49,69,0.021787991864362442,0.0930802283364674,1.0,0.9749303621169917,0.4493438439999409,0.32796061299768553,45,2026,1.0209431118794463,0.021787991864362442,0.805274360301485,0.8409074046406648,,,0.2727272727272727,0.20083487940630798,0.2898886827458256,0.23654916512059368
moe_no_balance,50,70,0.021351030080145543,0.09251965424547072,1.0,0.9721448467966574,0.4599745069999699,0.3362314999976661,45,2026,1.0129915963823997,0.021351030080145543,0.8086830169942018,0.848283039141791,,,0.2880333951762523,0.20454545454545456,0.27736549165120594,0.2300556586270872
moe_no_balance,51,71,0.020512533129561302,0.08921512760098405,1.0,0.9721448467966574,0.47051483400036886,0.34442542099804996,45,2026,1.0212728985625765,0.020512533129561302,0.8007233673522047,0.838317498595111,,,0.2653061224489796,0.2166048237476809,0.2949907235621521,0.2230983302411874
moe_no_balance,52,72,0.01984171785134424,0.08911788042118389,1.0,0.9721448467966574,0.48057857399999193,0.3519478539978991,45,2026,1.0194340294291826,0.01984171785134424,0.7992965686876397,0.837441886483653,,,0.2680890538033395,0.21289424860853431,0.2917439703153989,0.22727272727272727
moe_no_balance,53,73,0.019229451175075747,0.08842301910999731,1.0,0.9721448467966574,0.4906188990003102,0.35926044099778665,45,2026,1.0192047375244724,0.019229451175075747,0.7960228546968428,0.8345287264665,,,0.26855287569573283,0.21057513914656772,0.2894248608534323,0.23144712430426717
moe_no_balance,54,74,0.01876375781495841,0.08832828277523348,1.0,0.9721448467966574,0.5006865560003462,0.3668255869974928,45,2026,1.0223326576656049,0.01876375781495841,0.7929460868409174,0.8320376771094763,,,0.2653061224489796,0.21196660482374768,0.29545454545454547,0.22727272727272727
moe_no_balance,55,75,0.01857328339512804,0.09110893426745902,1.0,0.9693593314763231,0.5104392289999851,0.37404833899745427,45,2026,1.0159674576473745,0.01857328339512804,0.7932633049751138,0.8331573080028558,,,0.2690166975881262,0.21428571428571427,0.2857142857142857,0.23098330241187384
moe_no_balance,56,76,0.017996840088541265,0.08979453315244142,1.0,0.9721448467966574,0.5207587740001145,0.3821373529972334,45,2026,1.0235005966068773,0.017996840088541265,0.7875700631411192,0.8278139144589769,,,0.275974025974026,0.19666048237476808,0.2922077922077922,0.23515769944341372
moe_no_balance,57,77,0.01728874928753709,0.08812706735187295,1.0,0.9721448467966574,0.5295723260001068,0.3878878329969666,45,2026,1.0236014790686552,0.01728874928753709,0.7847708532834089,0.8236462561544867,,,0.25463821892393323,0.21521335807050093,0.2963821892393321,0.23376623376623376
moe_no_balance,58,78,0.016991662959549916,0.09058561364705979,1.0,0.9693593314763231,0.5367737360002138,0.39323895199686376,45,2026,1.0177485678198623,0.016991662959549916,0.7855676491178685,0.8273450079089947,,,0.275974025974026,0.20640074211502782,0.28710575139146566,0.2305194805194805
moe_no_balance,59,79,0.016836562133414792,0.09147746323739518,1.0,0.9693593314763231,0.544567957000254,0.39879383899688037,45,2026,1.0165162112817665,0.016836562133414792,0.7827546917500555,0.8236779495902662,,,0.2680890538033395,0.21057513914656772,0.2847866419294991,0.23654916512059368
moe_no_balance,60,80,0.0166113616459804,0.09075746271934487,1.0,0.9693593314763231,0.5523587729999235,0.404503156996725,45,2026,1.0122173777179493,0.0166113616459804,0.7821621791052126,0.8240401664944826,0.006381109209515708,0.0,0.27040816326530615,0.21428571428571427,0.27782931354359924,0.23747680890538034
moe_no_balance,61,81,0.015903065238925426,0.08599520169921694,1.0,0.9749303621169917,0.5633063020000009,0.4102987849969395,45,2026,1.0205867387473917,0.015903065238925426,0.7770205272219476,0.8195099020775709,,,0.27040816326530615,0.2077922077922078,0.2912801484230056,0.2305194805194805
moe_no_balance,62,82,0.015387925159659943,0.09154483437308877,1.0,0.9693593314763231,0.5707542519999151,0.41569915899708576,45,2026,1.0181755705900695,0.015387925159659943,0.7759048618416662,0.8181373085288729,,,0.2602040816326531,0.2193877551020408,0.2894248608534323,0.23098330241187384
moe_no_balance,63,83,0.015099165168792637,0.0902235869745395,1.0,0.9721448467966574,0.578331136000088,0.4214858039972569,45,2026,1.0184243129963906,0.015099165168792637,0.7749766527034935,0.8191992987580002,,,0.27319109461966606,0.20964749536178107,0.288961038961039,0.22820037105751392
moe_no_balance,64,84,0.014618112607863592,0.09060736995567376,1.0,0.9693593314763231,0.5861933290002526,0.4273154329971476,45,2026,1.0181469535902299,0.014618112607863592,0.7718303725131366,0.8147689351463724,,,0.2602040816326531,0.21799628942486085,0.2884972170686456,0.23330241187384043
moe_no_balance,65,85,0.014997551144071024,0.08891063080721331,1.0,0.9721448467966574,0.5937773340001513,0.43300903799672597,45,2026,1.0141512100689205,0.014997551144071024,0.7714204974123021,0.8149037571591545,,,0.26762523191094617,0.21289424860853431,0.27968460111317256,0.23979591836734693
moe_no_balance,66,86,0.01597770389558785,0.08738133934886205,0.9990723562152134,0.9721448467966574,0.6058352360000754,0.4415815079969434,45,2026,1.027851863901786,0.01597770389558785,0.7656884022202378,0.810471057610343,,,0.26855287569573283,0.19944341372912802,0.29916512059369205,0.23283858998144713
moe_no_balance,67,87,0.014006966173014208,0.0889295448014019,1.0,0.9693593314763231,0.6177362970001923,0.4501435929969375,45,2026,1.0148460045628316,0.014006966173014208,0.7678315184689785,0.8128088058618833,,,0.2653061224489796,0.22077922077922077,0.2847866419294991,0.22912801484230055
moe_no_balance,68,88,0.013700009472818452,0.08976184475735303,1.0,0.9721448467966574,0.6281412110001838,0.4576444529971013,45,2026,1.0196054367016678,0.013700009472818452,0.7643632188049234,0.810166508712556,,,0.2727272727272727,0.20500927643784786,0.2880333951762523,0.2342300556586271
moe_no_balance,69,89,0.013183756205584764,0.08903752687116001,1.0,0.9721448467966574,0.6381336640001791,0.4652820679971228,45,2026,1.0188785895154266,0.013183756205584764,0.7629114154400116,0.8086018564731725,,,0.26484230055658625,0.21428571428571427,0.29035250463821893,0.2305194805194805
moe_no_balance,70,90,0.013202132600023802,0.08867196933254418,1.0,0.9721448467966574,0.6476172630000292,0.4720694549973814,45,2026,1.0174012031555586,0.013202132600023802,0.7611808160321701,0.8078693919886512,,,0.2722634508348794,0.20871985157699444,0.2852504638218924,0.23376623376623376
moe_no_balance,71,91,0.012666485556658783,0.08868851313544925,1.0,0.9721448467966574,0.6577970130001631,0.47970329999725436,45,2026,1.0192471158500072,0.012666485556658783,0.7594152466950077,0.8063602777639478,,,0.2653061224489796,0.21428571428571427,0.29035250463821893,0.2300556586270872
moe_no_balance,72,92,0.012501881357981704,0.08746662890594802,1.0,0.9721448467966574,0.6719243490001645,0.49175256299758985,45,2026,1.0145488920551342,0.012501881357981704,0.7597766893338319,0.8079220998713151,,,0.274582560296846,0.212430426716141,0.2824675324675325,0.2305194805194805
moe_no_balance,73,93,0.01240278025996914,0.08890457108939276,1.0,0.9721448467966574,0.680708818000312,0.4980315479974706,45,2026,1.0225926410275161,0.01240278025996914,0.7528152435677447,0.7989372404556351,,,0.2597402597402597,0.21196660482374768,0.29313543599257885,0.23515769944341372
moe_no_balance,74,94,0.011867853353145628,0.08811141777588621,1.0,0.9721448467966574,0.6887266640001144,0.5041019479976967,45,2026,1.0177179664422913,0.011867853353145628,0.7551095557925498,0.8035251419574588,,,0.26762523191094617,0.2147495361781076,0.2880333951762523,0.22959183673469388
moe_no_balance,75,95,0.011613785084370425,0.08954251176528721,1.0,0.9721448467966574,0.6985701590001554,0.5114670689977174,45,2026,1.015672846498881,0.011613785084370425,0.7540694500539621,0.802332256662648,,,0.26669758812615957,0.21567717996289426,0.2847866419294991,0.23283858998144713
moe_no_balance,76,96,0.013242958740158767,0.08808548027195837,0.9990723562152134,0.9721448467966574,0.7087712760003342,0.5192056559976663,45,2026,1.0196127540638407,0.013242958740158767,0.750653531344133,0.8000899928370981,,,0.2750463821892393,0.20315398886827457,0.28710575139146566,0.23469387755102042
moe_no_balance,77,97,0.0116624845991966,0.08972037053645172,1.0,0.9749303621169917,0.7193568310003684,0.5273944799978381,45,2026,1.0145567968265585,0.0116624845991966,0.7486718804020013,0.7968956845084448,,,0.2680890538033395,0.20918367346938777,0.275974025974026,0.24675324675324675
moe_no_balance,78,98,0.011043825648067593,0.08872027235407147,1.0,0.9721448467966574,0.7283957419999751,0.5344222689977869,45,2026,1.0172158907684172,0.011043825648067593,0.7463468470784164,0.795848092324968,,,0.27040816326530615,0.21103896103896103,0.2857142857142857,0.23283858998144713
moe_no_balance,79,99,0.010808090745055812,0.08754000049795753,1.0,0.9721448467966574,0.7364390960001401,0.5402869809981894,45,2026,1.0186099271806757,0.010808090745055812,0.7456316809382064,0.7955738215453941,,,0.2662337662337662,0.21428571428571427,0.2894248608534323,0.2300556586270872
moe_no_balance,80,100,0.010671283795415286,0.08891850141295012,1.0,0.9721448467966574,0.7463518600002317,0.5476829039985205,45,2026,1.0195852162848702,0.010671283795415286,0.7427809299753673,0.7921528273065812,0.002099475319114838,0.0,0.2634508348794063,0.212430426716141,0.2894248608534323,0.23469387755102042
scratch_continue,0,20,0.10814942746293874,0.17947463970593974,0.9851576994434137,0.9554317548746518,0.001324571000168362,0.0,45,2026,1.10525607407068,0.11920198820364554,0.8974353595760332,0.9109447459775672,0.033893124895294675,0.005869096175622027,0.18738404452690166,0.3010204081632653,0.3812615955473098,0.1303339517625232
scratch_continue,1,21,0.10492375757164125,0.16833456131671307,0.9842300556586271,0.958217270194986,0.013817520999964472,0.006268237000313093,45,2026,1.1407996657229307,0.11633175422887056,0.8869216125858729,0.905033896256708,,,0.16001855287569575,0.31307977736549164,0.4049165120593692,0.12198515769944342
scratch_continue,2,22,0.09856142099113417,0.18184769702099865,0.9833024118738405,0.958217270194986,0.022928150000097958,0.013308635000612412,45,2026,1.1021156526094196,0.10958257751722837,0.8915272549403365,0.908813585392513,,,0.19619666048237477,0.30936920222634506,0.3715213358070501,0.12291280148423006
scratch_continue,3,23,0.09094876382215647,0.17280730955377216,0.9888682745825603,0.9498607242339833,0.03149245800022982,0.019418896000388486,45,2026,1.1151366485374208,0.10210013030753068,0.8867229507335732,0.9052431320164421,,,0.16651205936920221,0.30241187384044527,0.3914656771799629,0.1396103896103896
scratch_continue,4,24,0.08527777790621825,0.17076447181640442,0.987012987012987,0.958217270194986,0.040364557999964745,0.026074236000567907,45,2026,1.1144232869105573,0.09642201077532382,0.8834068463812247,0.9037063325972495,,,0.17578849721706866,0.3033395176252319,0.387291280148423,0.13358070500927643
scratch_continue,5,25,0.08156813648960709,0.18389726337038476,0.9907235621521335,0.9554317548746518,0.056340712000292115,0.036366510000789276,45,2026,1.0820142406551407,0.0923882788961585,0.889112758103801,0.9078977002681048,,,0.19480519480519481,0.29267161410018555,0.3682745825602968,0.1442486085343228
scratch_continue,6,26,0.07587958039021635,0.17799671345225396,0.9916512059369202,0.9610027855153204,0.06641819300011775,0.04369371900065744,45,2026,1.109123292802048,0.08697081331823683,0.8790576363605243,0.9015263135557806,,,0.18274582560296845,0.2940630797773655,0.3868274582560297,0.13636363636363635
scratch_continue,7,27,0.07337559717358946,0.1781646365434571,0.9916512059369202,0.9554317548746518,0.0755488120003065,0.05067344600047363,45,2026,1.093288972881992,0.08430848690240939,0.8807034556152662,0.9030065601277588,,,0.19202226345083487,0.29267161410018555,0.37569573283859,0.1396103896103896
scratch_continue,8,28,0.06954619705287808,0.17253943438017796,0.9907235621521335,0.958217270194986,0.084682936000263,0.057116627000596054,45,2026,1.0837642527072038,0.08038383957995011,0.880446147022394,0.9028797232104865,,,0.19758812615955473,0.2880333951762523,0.37059369202226344,0.1437847866419295
scratch_continue,9,29,0.06550445580747907,0.17092160094471423,0.9907235621521335,0.9554317548746518,0.09295540500033894,0.06302108800082351,45,2026,1.09391233796771,0.07644357918715618,0.8764619494429899,0.9003902679810407,,,0.18506493506493507,0.2898886827458256,0.37987012987012986,0.14517625231910947
scratch_continue,10,30,0.06316024487351858,0.16887856850319052,0.9935064935064936,0.9554317548746518,0.10418753200019637,0.07193925700084947,45,2026,1.0736839007972365,0.07389708388149095,0.8789666754045719,0.9021488738298622,,,0.19526901669758812,0.2829313543599258,0.36641929499072357,0.1553803339517625
scratch_continue,11,31,0.060191251440072265,0.16809051383949059,0.9944341372912802,0.9526462395543176,0.11889303599991763,0.08354362200088872,45,2026,1.0794521500410494,0.07098577294048276,0.875867315611733,0.9006731095150642,,,0.20037105751391465,0.28617810760667906,0.3692022263450835,0.1442486085343228
scratch_continue,12,32,0.05811978330456116,0.16528541257320375,0.9944341372912802,0.9554317548746518,0.1332581750002646,0.09404193600084909,45,2026,1.0689073517415975,0.06880885682197714,0.8763663200701565,0.9009844149199395,,,0.19526901669758812,0.27968460111317256,0.3645640074211503,0.16048237476808905
scratch_continue,13,33,0.05521042532012063,0.16524886083975573,0.9944341372912802,0.9554317548746518,0.14560040900005333,0.10377629200092997,45,2026,1.0814772946927256,0.06602519826704789,0.8711594163511941,0.8978505053096577,,,0.18645640074211503,0.28710575139146566,0.3719851576994434,0.15445269016697588
scratch_continue,14,34,0.05356822594480711,0.16141277815240285,0.9953617810760668,0.9554317548746518,0.15817091600001731,0.1135058800009574,45,2026,1.0630032573951524,0.06419825851875864,0.8733569952586178,0.8993011219498671,,,0.1989795918367347,0.2829313543599258,0.35760667903525045,0.16048237476808905
scratch_continue,15,35,0.050391023849867135,0.16030124941251875,0.9953617810760668,0.9526462395543176,0.16909788800012393,0.12131323100084046,45,2026,1.0782812516023117,0.06117383636589025,0.8677130011198538,0.896440195825748,,,0.19109461966604824,0.2815398886827458,0.37291280148423006,0.15445269016697588
scratch_continue,16,36,0.04936921385437101,0.16018962903016998,0.9953617810760668,0.9526462395543176,0.1793403470001067,0.12913334000086252,45,2026,1.075894830283311,0.06012816215720412,0.8661219294858106,0.8954774433053819,,,0.18923933209647495,0.2764378478664193,0.37430426716141,0.16001855287569575
scratch_continue,17,37,0.04642118948494217,0.13194981737313144,0.9953617810760668,0.9554317548746518,0.18986677300017618,0.13724098200100343,45,2026,1.0754895104997486,0.057176084589939655,0.8627979484006845,0.8932635151421813,,,0.19805194805194806,0.2884972170686456,0.3645640074211503,0.14888682745825602
scratch_continue,18,38,0.044884082495059915,0.15642316574016582,0.9962894248608535,0.9526462395543176,0.20024221199992098,0.1450714370012065,45,2026,1.0790093483124148,0.05567417597818407,0.8600856592296846,0.8916863024994602,,,0.19526901669758812,0.28061224489795916,0.37337662337662336,0.1507421150278293
scratch_continue,19,39,0.043416713719620754,0.12909789671540675,0.9962894248608535,0.958217270194986,0.2104133749999164,0.15291348000164362,45,2026,1.0627667559286222,0.054044381278906976,0.8618002683938539,0.8922746744448966,,,0.19573283858998144,0.2880333951762523,0.3557513914656772,0.16048237476808905
scratch_continue,20,40,0.04200264710751206,0.15428758487371508,0.9962894248608535,0.958217270194986,0.21958310200034248,0.1600511140013623,45,2026,1.0690210322099623,0.05269285742961168,0.8587354337904594,0.891173479069876,0.01357191617551797,0.004816689107877151,0.19619666048237477,0.2824675324675325,0.3645640074211503,0.1567717996289425
scratch_continue,21,41,0.04058356222445742,0.12817854439854182,0.9962894248608535,0.9610027855153204,0.22946248600010222,0.1652502860010827,45,2026,1.067793035844315,0.051261492582900574,0.856511399403113,0.8894189845866439,,,0.1924860853432282,0.2857142857142857,0.36178107606679033,0.16001855287569575
scratch_continue,22,42,0.03917734743996613,0.1253915555565187,0.9962894248608535,0.9554317548746518,0.2363711160001003,0.17034607200093888,45,2026,1.0661038381690926,0.049838385821657054,0.8551500296469039,0.8890921747133087,,,0.19341372912801486,0.2829313543599258,0.362708719851577,0.16094619666048238
scratch_continue,23,43,0.038639362960801754,0.1239122992799124,0.9962894248608535,0.9637883008356546,0.24317414699999063,0.17538422200095738,45,2026,1.05720760055283,0.049211438966330054,0.8547308490056801,0.8882352250632011,,,0.1989795918367347,0.28664192949907236,0.3515769944341373,0.16280148423005567
scratch_continue,24,44,0.037640801218108,0.1516063794583742,0.9972170686456401,0.9610027855153204,0.25103977500020846,0.18123180900101943,45,2026,1.057770790361612,0.04821850912172412,0.8532997986579578,0.8878694315788139,,,0.20408163265306123,0.27040816326530615,0.36038961038961037,0.16512059369202226
scratch_continue,25,45,0.03580027581861144,0.12136541534212676,0.9972170686456401,0.9610027855153204,0.25890286899993953,0.18694569400076944,45,2026,1.0678002160260487,0.046478277978871926,0.8490892806585595,0.8852005954997529,,,0.18738404452690166,0.28710575139146566,0.36363636363636365,0.161873840445269
scratch_continue,26,46,0.03492035172753464,0.12392777272064946,0.9972170686456401,0.9610027855153204,0.26742725700023584,0.19365052800048943,45,2026,1.054242231964161,0.045462774047176246,0.8497180244908257,0.8851424842248138,,,0.19758812615955473,0.2829313543599258,0.3520408163265306,0.16743970315398887
scratch_continue,27,47,0.033292394968797434,0.1491619173738616,0.9981447124304267,0.9610027855153204,0.2745997540000644,0.19887584900061483,45,2026,1.0586447798627352,0.043878842767424785,0.8462426053685455,0.8833125982705484,,,0.20315398886827457,0.27319109461966606,0.3608534322820037,0.16280148423005567
scratch_continue,28,48,0.0322695817936596,0.11986209792436843,0.9972170686456401,0.9665738161559888,0.28201137900032336,0.20441751500038663,45,2026,1.056555788277619,0.04283513967643579,0.8442613113905393,0.881917300756351,,,0.19944341372912802,0.2852504638218924,0.3534322820037106,0.161873840445269
scratch_continue,29,49,0.03183505413472789,0.12187610223278733,0.9981447124304267,0.9637883008356546,0.2901061020002089,0.2105975010003931,45,2026,1.0543199853964917,0.042378253988692806,0.8430418088658621,0.8809480499374457,,,0.1924860853432282,0.2820037105751391,0.35435992578849723,0.17115027829313545
scratch_continue,30,50,0.02993555580304454,0.11796117512193834,0.9981447124304267,0.9637883008356546,0.29781040700027006,0.2163102940007775,45,2026,1.061360337897069,0.04054915918201523,0.8388490166747956,0.8791592859805303,,,0.19341372912801486,0.2857142857142857,0.3589981447124304,0.161873840445269
scratch_continue,31,51,0.029353164440485524,0.11923825643605473,0.9981447124304267,0.9637883008356546,0.30543685600014214,0.22204998700044598,45,2026,1.0495670318173993,0.03984883475865952,0.8392215654058193,0.8790048701432451,,,0.2054730983302412,0.27782931354359924,0.35064935064935066,0.1660482374768089
scratch_continue,32,52,0.029206485265172624,0.14650366374368642,0.9981447124304267,0.9610027855153204,0.3126816809999582,0.2273249420004504,45,2026,1.0559968608386059,0.039766453873558684,0.8362712045653411,0.877491469089464,,,0.19480519480519481,0.2717996289424861,0.3622448979591837,0.17115027829313545
scratch_continue,33,53,0.0276776658345639,0.11677684250137647,0.9981447124304267,0.9637883008356546,0.3201180740002201,0.2328147800003535,45,2026,1.0487921501989534,0.03816558733655344,0.8352189450276887,0.8759976617467097,,,0.19851576994434136,0.2787569573283859,0.35111317254174396,0.17161410018552875
scratch_continue,34,54,0.02652472500160352,0.11690109693268812,0.9990723562152134,0.9637883008356546,0.32719691100010095,0.23799385100073778,45,2026,1.0519881652554979,0.0370446066541585,0.832603273986758,0.8745860323697423,,,0.19573283858998144,0.28385899814471244,0.3515769944341373,0.16883116883116883
scratch_continue,35,55,0.026264938166231343,0.11762853272003192,0.9981447124304267,0.9637883008356546,0.33434322800030714,0.243330008000612,45,2026,1.049404738272173,0.03675898554895307,0.8311809269720988,0.8738042856746965,,,0.19666048237476808,0.2755102040816326,0.35482374768089053,0.1730055658627087
scratch_continue,36,56,0.02535809163605217,0.11679297603695382,0.9981447124304267,0.9637883008356546,0.3418599209999229,0.24892457300074966,45,2026,1.0451746753817912,0.03580983838987008,0.8302401924264056,0.8731530770165659,,,0.2054730983302412,0.2722634508348794,0.3515769944341373,0.17068645640074212
scratch_continue,37,57,0.0292150569593424,0.11566259477031757,0.9972170686456401,0.9693593314763231,0.3501580990000548,0.25473364100071194,45,2026,1.0380106142244234,0.03959516310158663,0.8293387678592561,0.8717804320220025,,,0.20871985157699444,0.28014842300556586,0.33719851576994436,0.17393320964749537
scratch_continue,38,58,0.024609248155955134,0.11568591476324222,0.9990723562152134,0.9665738161559888,0.35761398200020267,0.26032662500074366,45,2026,1.043551320230077,0.035044761358255905,0.8264661708746422,0.8700048492426552,,,0.19990723562152132,0.274582560296846,0.3492578849721707,0.17625231910946196
scratch_continue,39,59,0.02600249229994268,0.11522884630637849,0.9981447124304267,0.9665738161559888,0.36545808700020643,0.2661559430007401,45,2026,1.039236704290698,0.03639485934284966,0.8242450427244113,0.8683468504781182,,,0.20918367346938777,0.2792207792207792,0.3390538033395176,0.1725417439703154
scratch_continue,40,60,0.026030770819628717,0.11602117306704451,0.9981447124304267,0.9665738161559888,0.3730869999999413,0.2718411350006136,45,2026,1.0293424601484522,0.03632419542111324,0.8242238786310335,0.867803397379994,0.024779083611414208,0.0032555522929548645,0.22727272727272727,0.2653061224489796,0.33163265306122447,0.17578849721706866
scratch_continue,41,61,0.034080327021941026,0.11242259163518288,0.9925788497217068,0.9693593314763231,0.38411761299994396,0.2777145900004143,45,2026,1.0316855800640785,0.044397182822581815,0.8210360754484493,0.8652500817464487,,,0.21567717996289426,0.2852504638218924,0.323747680890538,0.17532467532467533
scratch_continue,42,62,0.025355379912115582,0.11849301748445834,0.9990723562152134,0.9637883008356546,0.39164387100026943,0.283312971000214,45,2026,1.0278205928397126,0.03563358584051271,0.819849900747279,0.8650008238356123,,,0.23794063079777367,0.2606679035250464,0.3293135435992579,0.17207792207792208
scratch_continue,43,63,0.028213178061033337,0.11634516665043122,0.9962894248608535,0.9610027855153204,0.39901835099999516,0.28872127600061503,45,2026,1.0266591880344964,0.0384797699413783,0.8174630704335683,0.8624794501724373,,,0.22680890538033396,0.27736549165120594,0.3205009276437848,0.17532467532467533
scratch_continue,44,64,0.026432030556767988,0.1150384402092743,0.9981447124304267,0.9665738161559888,0.4072319219999372,0.294780109000385,45,2026,1.0265012505532733,0.03669704306230072,0.8153101452337063,0.8611070636835646,,,0.22912801484230055,0.27968460111317256,0.3172541743970315,0.17393320964749537
scratch_continue,45,65,0.025268634721862915,0.11965716631080275,0.9990723562152134,0.9610027855153204,0.41522310900018056,0.30068503000075,45,2026,1.0221135034874227,0.03548976975673714,0.8144013735590053,0.8603265611435819,,,0.24443413729128013,0.26391465677179965,0.3172541743970315,0.17439703153988867
scratch_continue,46,66,0.02583563995653049,0.11714907075094219,0.9972170686456401,0.9637883008356546,0.42319491600028414,0.3065022400005546,45,2026,1.025255948015479,0.03608819943668528,0.8109861678135243,0.8576035771285089,,,0.22912801484230055,0.27968460111317256,0.3163265306122449,0.174860853432282
scratch_continue,47,67,0.023632329386413242,0.11669221079862233,0.9990723562152134,0.9637883008356546,0.4315019079999729,0.3126814340007513,45,2026,1.0249227936426697,0.03388155732283994,0.8096749582612895,0.856803029497719,,,0.2305194805194805,0.2750463821892393,0.31957328385899814,0.174860853432282
scratch_continue,48,68,0.023450597068189038,0.11626640375909557,0.9990723562152134,0.9637883008356546,0.4449510750000627,0.32319119400062846,45,2026,1.0229682890942131,0.03368027995913117,0.8076358116165747,0.8550640888382924,,,0.23283858998144713,0.2787569573283859,0.31307977736549164,0.17532467532467533
scratch_continue,49,69,0.02492127379832527,0.11540191244976436,0.9962894248608535,0.9637883008356546,0.45852666200016756,0.3342406660008237,45,2026,1.0273997230686303,0.03519527102901157,0.8047160640147846,0.8529304809271665,,,0.21753246753246752,0.2922077922077922,0.31307977736549164,0.17717996289424862
scratch_continue,50,70,0.02127793364568156,0.11910673982504445,0.9990723562152134,0.9665738161559888,0.4680285190001996,0.3411724110005707,45,2026,1.0226186497416876,0.03150412014309843,0.8043937624600962,0.8520092370130949,,,0.21753246753246752,0.26669758812615957,0.3269944341372913,0.18877551020408162
scratch_continue,51,71,0.021635460540615225,0.11413776422110819,0.9972170686456401,0.9665738161559888,0.4765311539999857,0.3474227420006173,45,2026,1.0319337075010442,0.03195479761562567,0.7996398146363484,0.849917875572195,,,0.21567717996289426,0.2922077922077922,0.31957328385899814,0.1725417439703154
scratch_continue,52,72,0.019942958431165357,0.11768497145334494,0.9990723562152134,0.9665738161559888,0.48481067400007305,0.3536764480004422,45,2026,1.0276549379689466,0.030219507810854824,0.7988171523162404,0.8493750913334955,,,0.22634508348794063,0.2810760667903525,0.3205009276437848,0.17207792207792208
scratch_continue,53,73,0.02048559884992383,0.11535562719863905,0.9981447124304267,0.9693593314763231,0.49410310600023877,0.36061069600054907,45,2026,1.027767673929802,0.03076327558922185,0.7970029929895669,0.8476522517339096,,,0.21846011131725418,0.288961038961039,0.3181818181818182,0.17439703153988867
scratch_continue,54,74,0.01962346894018378,0.11893952947260773,0.9990723562152134,0.9665738161559888,0.5025230460000785,0.36672081600045203,45,2026,1.0240157657937996,0.029863626598121775,0.796326401120426,0.8464706176426248,,,0.22077922077922077,0.2782931354359926,0.32142857142857145,0.1794990723562152
scratch_continue,55,75,0.020171381101490908,0.11476330497015151,0.9981447124304267,0.9693593314763231,0.5112376100000802,0.3732145430003584,45,2026,1.0224679593578139,0.030396060695069047,0.7939713106212913,0.8436825761637018,,,0.21196660482374768,0.288961038961039,0.31261595547309834,0.18645640074211503
scratch_continue,56,76,0.019083499946139653,0.11526757352554097,0.9981447124304267,0.9693593314763231,0.5206200070001614,0.3801520960005291,45,2026,1.018001072137691,0.029263510667516562,0.7920869933944626,0.8414334884830114,,,0.21753246753246752,0.2852504638218924,0.3079777365491651,0.18923933209647495
scratch_continue,57,77,0.017808578320861006,0.11657883384861867,0.9990723562152134,0.9693593314763231,0.528950093000276,0.3862529130005896,45,2026,1.0232574223781121,0.02804115254464213,0.7892595951010538,0.8397969547795913,,,0.20500927643784786,0.2857142857142857,0.3186456400742115,0.1906307977736549
scratch_continue,58,78,0.017588294678691566,0.11820146627022234,0.9990723562152134,0.9665738161559888,0.5378995790001682,0.39311738700052956,45,2026,1.0194516889303293,0.027782811567994857,0.7876297239351975,0.8383233782368256,,,0.21521335807050093,0.28339517625231914,0.312152133580705,0.18923933209647495
scratch_continue,59,79,0.017114158184108018,0.11657213171618137,0.9990723562152134,0.9693593314763231,0.5501645530002861,0.40290107300052114,45,2026,1.0204941031388561,0.02731909921549658,0.7855062568095185,0.8360540423820131,,,0.2077922077922078,0.288961038961039,0.3098330241187384,0.19341372912801486
scratch_continue,60,80,0.016240561353186658,0.1195584480418762,0.9990723562152134,0.9665738161559888,0.562415208999937,0.41207446500038714,45,2026,1.0205039300935244,0.026445600654121902,0.7843257041842248,0.8353001510770164,0.010776140072405902,0.0027637186283870512,0.20640074211502782,0.2829313543599258,0.3167903525046382,0.19387755102040816
scratch_continue,61,81,0.015757653991583277,0.11657481934069013,0.9990723562152134,0.9665738161559888,0.5762293150000914,0.41855287900034455,45,2026,1.019437630802881,0.025952030299612086,0.7822923093649641,0.8329376893566394,,,0.20454545454545456,0.29081632653061223,0.3079777365491651,0.19666048237476808
scratch_continue,62,82,0.01562081576181936,0.11940819474085856,0.9990723562152134,0.9665738161559888,0.5865600160000213,0.42657377000068664,45,2026,1.0162119484341003,0.025782935246160363,0.7812767288766493,0.8319741390979131,,,0.20918367346938777,0.28061224489795916,0.3112244897959184,0.1989795918367347
scratch_continue,63,83,0.01548026551194788,0.11638861673393486,1.0,0.9693593314763231,0.5967167470003005,0.43473904900065463,45,2026,1.0206954433362885,0.025687219945310764,0.7788095567299606,0.8304244778595654,,,0.20083487940630798,0.29545454545454547,0.30658627087198514,0.1971243042671614
scratch_continue,64,84,0.014657822923673283,0.11922961395885039,1.0,0.9665738161559888,0.6054550660001041,0.44112814900063313,45,2026,1.0207484234901407,0.02486530715857469,0.7773139404895564,0.8298668211733039,,,0.2054730983302412,0.2880333951762523,0.31261595547309834,0.19387755102040816
scratch_continue,65,85,0.014116429076416137,0.11820280357858329,1.0,0.9665738161559888,0.6147329959999297,0.44832073600082367,45,2026,1.014602038775914,0.02426244946417528,0.776559766490849,0.8278090585104587,,,0.21150278293135436,0.28710575139146566,0.3033395176252319,0.19805194805194806
scratch_continue,66,86,0.013731354110196955,0.11657665663988492,1.0,0.9665738161559888,0.6230085300003338,0.454629023000507,45,2026,1.0184865363163065,0.02391621947336002,0.7744617994893286,0.8266548067749414,,,0.20315398886827457,0.2898886827458256,0.30844155844155846,0.19851576994434136
scratch_continue,67,87,0.01341109623598655,0.11723393578838,1.0,0.9665738161559888,0.6316272300000492,0.46126905000028273,45,2026,1.0194301100726335,0.023605397336712887,0.773009052576821,0.8259653998200167,,,0.20454545454545456,0.2884972170686456,0.3116883116883117,0.19526901669758812
scratch_continue,68,88,0.012887679708366066,0.11666662866959848,1.0,0.9665738161559888,0.6390652650002266,0.4666699740000695,45,2026,1.0174205746106602,0.02306188545447267,0.7716978154817055,0.8243906113878988,,,0.20315398886827457,0.2894248608534323,0.3079777365491651,0.19944341372912802
scratch_continue,69,89,0.013612103064111817,0.11680534770424364,1.0,0.9693593314763231,0.6473973030001616,0.4729694279999421,45,2026,1.0219082036335474,0.02383118510044729,0.7694236725016588,0.8238476134344789,,,0.2017625231910946,0.29545454545454547,0.3098330241187384,0.19294990723562153
scratch_continue,70,90,0.013169022449043057,0.11860102764555684,1.0,0.9665738161559888,0.6567462910002178,0.480322275999697,45,2026,1.014919012514051,0.023318212574183567,0.7692887381233348,0.8226327563375876,,,0.2082560296846011,0.2820037105751391,0.3098330241187384,0.19990723562152132
scratch_continue,71,91,0.012408660663966998,0.11717309420796743,1.0,0.9693593314763231,0.6658654020002359,0.48714808099975926,45,2026,1.016266758169461,0.02257132824566161,0.7673568909785587,0.821080142010868,,,0.20640074211502782,0.2880333951762523,0.3079777365491651,0.19758812615955473
scratch_continue,72,92,0.012771123517494685,0.1167189525154612,1.0,0.9665738161559888,0.674918474000151,0.49408149900000353,45,2026,1.0136286840717927,0.022907410358212612,0.7663256258918715,0.8199461143223049,,,0.20918367346938777,0.2829313543599258,0.30565862708719854,0.20222634508348794
scratch_continue,73,93,0.012748326504595626,0.1200637088455988,1.0,0.9665738161559888,0.6863009060002696,0.5034143419998145,45,2026,1.0204723756584813,0.02295305026118044,0.763548601083286,0.8201069684860058,,,0.21382189239332097,0.29684601113172543,0.30565862708719854,0.1836734693877551
scratch_continue,74,94,0.01160740721056828,0.11895488454213582,1.0,0.9665738161559888,0.6948145179999301,0.5098873580000145,45,2026,1.0184162466738116,0.021791569677306395,0.7627647921630978,0.8188761805865769,,,0.2082560296846011,0.287569573283859,0.3112244897959184,0.19294990723562153
scratch_continue,75,95,0.011484901746698075,0.12166783209270236,1.0,0.9665738161559888,0.7030822900001112,0.5159452200000487,45,2026,1.0162971338406213,0.02164787308510429,0.7615262012702776,0.8171538627309591,,,0.20871985157699444,0.2912801484230056,0.3042671614100185,0.19573283858998144
scratch_continue,76,96,0.011135138844406216,0.12039814545481894,1.0,0.9665738161559888,0.7122708860001694,0.5227064489999975,45,2026,1.0167160779358055,0.021302299623764273,0.7603810240457048,0.816460996655973,,,0.20732838589981448,0.288961038961039,0.3079777365491651,0.19573283858998144
scratch_continue,77,97,0.012130922847009229,0.12314082505872542,1.0,0.9665738161559888,0.7207935510000425,0.5290785130000586,45,2026,1.0141085653597899,0.022272008500607128,0.7597180699605552,0.8151474071688539,,,0.20315398886827457,0.2810760667903525,0.3079777365491651,0.2077922077922078
scratch_continue,78,98,0.011054544709310563,0.12380785475471746,1.0,0.9637883008356546,0.7289511970002422,0.5350024730000769,45,2026,1.0196000181663607,0.021250544890974173,0.7568150355885302,0.8149994509384052,,,0.21567717996289426,0.2945269016697588,0.30612244897959184,0.1836734693877551
scratch_continue,79,99,0.010443108882993926,0.12023140330859707,1.0,0.9665738161559888,0.7371766460000799,0.5408076350004194,45,2026,1.0178204108895927,0.020621312991889854,0.7556754858615786,0.8131400058866877,,,0.2082560296846011,0.288961038961039,0.30890538033395176,0.19387755102040816
scratch_continue,80,100,0.010344897452697508,0.12305184903587697,1.0,0.9665738161559888,0.7455473429999984,0.5473190480001904,45,2026,1.012501882796841,0.02046991628066592,0.7553345423937429,0.811326132151359,0.011462408179708741,0.002245379695223304,0.2082560296846011,0.28385899814471244,0.30241187384044527,0.2054730983302412
