phase,epoch,global_epoch,train_ce,val_ce,train_accuracy,val_accuracy,elapsed_seconds,training_seconds,seed,split_seed,balance_loss,objective,router_entropy_normalized,selected_gate_entropy_normalized,task_router_grad_l2,aux_router_grad_l2,expert_0_assignment_share,expert_1_assignment_share,expert_2_assignment_share,expert_3_assignment_share
linear_pretrain,0,0,2.2986108520909396,2.2984662460465684,0.11131725417439703,0.10863509749303621,0.00046529900009772973,0.0,42,2027,,,,,,,,,,
linear_pretrain,1,1,1.4622318985116864,1.4785234227935533,0.885899814471243,0.8495821727019499,0.002623241000037524,0.00188052500016056,42,2027,,,,,,,,,,
linear_pretrain,2,2,0.9736625754710015,1.0070824080642424,0.924860853432282,0.8662952646239555,0.004372660000171891,0.0033332269999846176,42,2027,,,,,,,,,,
linear_pretrain,3,3,0.7110249900083823,0.7568082795622274,0.9276437847866419,0.8802228412256268,0.007937486000173521,0.006373064999934286,42,2027,,,,,,,,,,
linear_pretrain,4,4,0.5640559234580237,0.6210614789561029,0.9341372912801484,0.8857938718662952,0.010534939000081067,0.008663455999794678,42,2027,,,,,,,,,,
linear_pretrain,5,5,0.470354209631192,0.5339408021305865,0.9415584415584416,0.8913649025069638,0.01385015999994721,0.011713428999883035,42,2027,,,,,,,,,,
linear_pretrain,6,6,0.4065028536719208,0.47525804658265763,0.9406307977736549,0.9052924791086351,0.016383176000090316,0.013839983999787364,42,2027,,,,,,,,,,
linear_pretrain,7,7,0.3599941665912137,0.4351473937123528,0.9526901669758813,0.9025069637883009,0.01864831900002173,0.01585061499963558,42,2027,,,,,,,,,,
linear_pretrain,8,8,0.3251082785349143,0.4024287824840639,0.9517625231910947,0.9164345403899722,0.02153057000032277,0.018041475999325485,42,2027,,,,,,,,,,
linear_pretrain,9,9,0.29694966196359424,0.3741460466771264,0.9573283858998145,0.9108635097493036,0.023844727000323473,0.019890282999313058,42,2027,,,,,,,,,,
linear_pretrain,10,10,0.2734490611463739,0.3536657541737793,0.9573283858998145,0.9192200557103064,0.025876879999941593,0.02158651099944109,42,2027,,,,,,,,,,
linear_pretrain,11,11,0.2547937360096226,0.33554578587372175,0.961038961038961,0.9192200557103064,0.028241723000064667,0.02361445799942885,42,2027,,,,,,,,,,
linear_pretrain,12,12,0.23833311878622007,0.320338145853753,0.9647495361781077,0.9220055710306406,0.030372264000106952,0.02545567399920401,42,2027,,,,,,,,,,
linear_pretrain,13,13,0.2242335719294351,0.308762358308356,0.9647495361781077,0.9275766016713092,0.03273041700003887,0.027355848998922738,42,2027,,,,,,,,,,
linear_pretrain,14,14,0.2126650155938388,0.2972182782436769,0.9666048237476809,0.9303621169916435,0.034546155000043655,0.028889242998957343,42,2027,,,,,,,,,,
linear_pretrain,15,15,0.20135274370194667,0.2872209437872252,0.9712430426716141,0.9303621169916435,0.03687036800010901,0.0307657129992549,42,2027,,,,,,,,,,
linear_pretrain,16,16,0.19174291936362078,0.27713840935358314,0.9730983302411874,0.924791086350975,0.03910623699994176,0.03253867699913826,42,2027,,,,,,,,,,
linear_pretrain,17,17,0.18249859100230834,0.2687828082704604,0.9730983302411874,0.9331476323119777,0.04106603200034442,0.03414778399928764,42,2027,,,,,,,,,,
linear_pretrain,18,18,0.17487882838179583,0.2609552461959089,0.9730983302411874,0.9331476323119777,0.043170914000256744,0.03593290599928878,42,2027,,,,,,,,,,
linear_pretrain,19,19,0.16808777706233047,0.2553232909722457,0.9749536178107606,0.9331476323119777,0.04540777500005788,0.037843255999632675,42,2027,,,,,,,,,,
linear_pretrain,20,20,0.16127496018514495,0.24919067738343065,0.9758812615955473,0.935933147632312,0.047934221000105026,0.039940877999470104,42,2027,,,,,,,,,,
scratch_pretrain,0,0,2.298645377321914,2.2985205958103356,0.10667903525046382,0.09192200557103064,0.0012575299997479306,0.0,42,2027,1.1271052020912113,2.3099164293428265,0.9912662722769622,0.9962807725885361,0.0065126691289486395,0.01493632501352763,0.48144712430426717,0.023191094619666047,0.49257884972170685,0.0027829313543599257
scratch_pretrain,1,1,1.3454846298440175,1.3943962752052192,0.7551020408163265,0.7353760445682451,0.015300158999707492,0.00779383000008238,42,2027,1.0894930401506107,1.3563795602455235,0.98745163863027,0.9892115803536825,,,0.29081632653061223,0.2662337662337662,0.4424860853432282,0.00046382189239332097
scratch_pretrain,2,2,0.8801001364749823,0.9161028487228908,0.891465677179963,0.8495821727019499,0.02440226499993514,0.014800198000102682,42,2027,1.1262329600647314,0.8913624660756296,0.9754865747543212,0.9726107070479906,,,0.18923933209647495,0.34183673469387754,0.4642857142857143,0.00463821892393321
scratch_pretrain,3,3,0.6065504190621251,0.6582469837847928,0.9313543599257885,0.8662952646239555,0.03231675600000017,0.02067600600003061,42,2027,1.1110021462928183,0.6176604405250533,0.9661249601330875,0.9570746611235817,,,0.22495361781076068,0.24582560296846012,0.45918367346938777,0.07003710575139147
scratch_pretrain,4,4,0.4898629950288591,0.5427618216389237,0.9192949907235621,0.8774373259052924,0.04155480600002193,0.027531576000001223,42,2027,1.1284998885631545,0.5011479939144906,0.9563160399452907,0.9491694018752096,,,0.29035250463821893,0.2193877551020408,0.45083487940630795,0.03942486085343228
scratch_pretrain,5,5,0.3886714928407177,0.45019889976686195,0.9461966604823747,0.8997214484679665,0.05136495599981572,0.035063902999809216,42,2027,1.1881706149209976,0.4005531989899277,0.9363127429060497,0.9308030830807499,,,0.24675324675324675,0.2541743970315399,0.47680890538033394,0.022263450834879406
scratch_pretrain,6,6,0.33041330258376783,0.4002756816067015,0.9536178107606679,0.9080779944289693,0.06087505400000737,0.04180232699991393,42,2027,1.1714562392796888,0.3421278649765647,0.932687417914999,0.9243447589506969,,,0.23608534322820038,0.2189239332096475,0.47588126159554733,0.06910946196660482
scratch_pretrain,7,7,0.28796491031550475,0.35505657771587973,0.9545454545454546,0.9220055710306406,0.06986630399978822,0.048554891999629035,42,2027,1.1987102687778493,0.2999520130032832,0.9204658504832717,0.916499263053564,,,0.26159554730983303,0.22541743970315398,0.474025974025974,0.03896103896103896
scratch_pretrain,8,8,0.2525691199771804,0.32006212737132095,0.9601113172541744,0.9220055710306406,0.08001150600011897,0.05608254099979604,42,2027,1.1748148654979889,0.2643172686321603,0.921241434882368,0.9163086685707861,,,0.26855287569573283,0.21567717996289426,0.46335807050092764,0.05241187384044527
scratch_pretrain,9,9,0.22475230175935748,0.2928762729389341,0.9684601113172542,0.9442896935933147,0.08964024399983828,0.06350034700017204,42,2027,1.2059079838190505,0.236811381597548,0.9078433031344261,0.9049571290755292,,,0.25185528756957326,0.22263450834879406,0.47680890538033394,0.048701298701298704
scratch_pretrain,10,10,0.20330399583735131,0.2714277216348639,0.9712430426716141,0.9526462395543176,0.09828859699973691,0.0703101690000949,42,2027,1.197335722344491,0.21527735306079623,0.9052784968072464,0.9030714894128857,,,0.24304267161410018,0.23191094619666047,0.4712430426716141,0.05380333951762523
scratch_pretrain,11,11,0.1845959504975132,0.2544377586870499,0.9758812615955473,0.9498607242339833,0.10721483899988016,0.07727962100034347,42,2027,1.2210275589022397,0.1968062260865356,0.8935383691104567,0.8941212107104852,,,0.24257884972170687,0.23469387755102042,0.47634508348794063,0.04638218923933209
scratch_pretrain,12,12,0.1714944119166482,0.243567985255653,0.974025974025974,0.9554317548746518,0.11549670199974571,0.08334707700032595,42,2027,1.1925297256237641,0.18341970917288583,0.8983129083625437,0.8980758397128328,,,0.2523191094619666,0.22680890538033396,0.46567717996289426,0.05519480519480519
scratch_pretrain,13,13,0.15617460599747876,0.2297588854517976,0.9795918367346939,0.947075208913649,0.1240938199998709,0.08962862600037624,42,2027,1.2206830490990128,0.1683814364884689,0.8858662968628872,0.8888956988163916,,,0.23794063079777367,0.22912801484230055,0.47634508348794063,0.05658627087198516
scratch_pretrain,14,14,0.14793431763883041,0.22194026456577323,0.9805194805194806,0.9637883008356546,0.13267115700000431,0.09608906200037381,42,2027,1.192681425940911,0.15986113189823953,0.8899203140528937,0.890704451635511,,,0.24072356215213359,0.22959183673469388,0.46567717996289426,0.0640074211502783
scratch_pretrain,15,15,0.13681396366990328,0.21431265246414977,0.9860853432282004,0.9610027855153204,0.14059762599981696,0.10194373800050016,42,2027,1.2001186254400142,0.14881514992430342,0.8838001090103342,0.8866508118646274,,,0.25463821892393323,0.22217068645640073,0.46382189239332094,0.059369202226345084
scratch_pretrain,16,16,0.13024288732095382,0.20664627914409767,0.9860853432282004,0.9554317548746518,0.14857987999994293,0.10793085400064228,42,2027,1.22604928990094,0.14250338021996323,0.8723457367550121,0.8780382258524163,,,0.2230983302411874,0.22912801484230055,0.47634508348794063,0.07142857142857142
scratch_pretrain,17,17,0.12219573490261984,0.2019360635727423,0.987012987012987,0.9610027855153204,0.15629871700002695,0.11351104800087342,42,2027,1.1876902759248522,0.13407263766186836,0.880956071980232,0.8833550356182489,,,0.24628942486085342,0.22356215213358072,0.461038961038961,0.06910946196660482
scratch_pretrain,18,18,0.11425792046821598,0.19822678908579713,0.9888682745825603,0.9637883008356546,0.16438083100001677,0.11965601100064305,42,2027,1.190266155167984,0.12616058201989583,0.8769919594341471,0.8801169601319415,,,0.23191094619666047,0.2166048237476809,0.4652133580705009,0.0862708719851577
scratch_pretrain,19,19,0.10918691278390596,0.19166514088427414,0.9907235621521335,0.9610027855153204,0.17253356999981406,0.12597422400085634,42,2027,1.196685859531331,0.12115377137921927,0.8725751572276569,0.8772520917916108,,,0.22680890538033396,0.21196660482374768,0.4684601113172542,0.09276437847866419
scratch_pretrain,20,20,0.10434418765540632,0.1974224235397899,0.9897959183673469,0.9637883008356546,0.18100335500002984,0.13235987800089788,42,2027,1.1695265000913528,0.11603945265631985,0.876888564702338,0.8796266530140653,0.07759079989523313,0.008419975412751435,0.23654916512059368,0.22820037105751392,0.4517625231910946,0.08348794063079777
linear_continue,0,20,0.16127496018514495,0.24919067738343065,0.9758812615955473,0.935933147632312,0.0002808819999700063,0.0,42,2027,,,,,,,,,,
linear_continue,1,21,0.1538890752252896,0.24525336408030646,0.9777365491651205,0.935933147632312,0.0020900209997307684,0.001547764999941137,42,2027,,,,,,,,,,
linear_continue,2,22,0.14713890970071333,0.23621154915629947,0.9768089053803339,0.9387186629526463,0.003752868999981729,0.0029250939996927627,42,2027,,,,,,,,,,
linear_continue,3,23,0.1411143466037676,0.23206509227423325,0.9786641929499073,0.935933147632312,0.0055027980001796095,0.004361892999440897,42,2027,,,,,,,,,,
linear_continue,4,24,0.13575687278964038,0.22654251207126666,0.9786641929499073,0.9387186629526463,0.007080287999997381,0.005698010999367398,42,2027,,,,,,,,,,
linear_continue,5,25,0.13094806361862651,0.22155371796094114,0.9814471243042672,0.9387186629526463,0.008908895999866218,0.00721321699938926,42,2027,,,,,,,,,,
linear_continue,6,26,0.1266063909729685,0.21880411929917853,0.9786641929499073,0.9387186629526463,0.01047531899985188,0.008533319999514788,42,2027,,,,,,,,,,
linear_continue,7,27,0.12275032734068458,0.2148933570929326,0.9823747680890538,0.9415041782729805,0.012116033999973297,0.009932972999195044,42,2027,,,,,,,,,,
linear_continue,8,28,0.11878372127669641,0.21088504389236665,0.9842300556586271,0.9387186629526463,0.014145843999813223,0.01171396899917454,42,2027,,,,,,,,,,
linear_continue,9,29,0.11549279928966794,0.20880294249861173,0.9823747680890538,0.9387186629526463,0.015736263999770017,0.013031688999035396,42,2027,,,,,,,,,,
linear_continue,10,30,0.11233046586457618,0.20516687307374062,0.9860853432282004,0.9387186629526463,0.01747079999995549,0.014412142998935451,42,2027,,,,,,,,,,
linear_continue,11,31,0.10936090568436661,0.20365625232398885,0.9851576994434137,0.947075208913649,0.01920193099977041,0.01589748499873167,42,2027,,,,,,,,,,
linear_continue,12,32,0.10643225364444112,0.20131547723762674,0.987012987012987,0.9415041782729805,0.021065631000055873,0.017447263998747076,42,2027,,,,,,,,,,
linear_continue,13,33,0.10361649735651303,0.19799041099708786,0.9879406307977736,0.9415041782729805,0.022777723999752197,0.01881312699879345,42,2027,,,,,,,,,,
linear_continue,14,34,0.1012184275444706,0.196670420831628,0.987012987012987,0.9415041782729805,0.0243427549999069,0.02013382099858063,42,2027,,,,,,,,,,
linear_continue,15,35,0.09904433107771783,0.1954528052969525,0.9879406307977736,0.9415041782729805,0.026132804000098986,0.02167927199843689,42,2027,,,,,,,,,,
linear_continue,16,36,0.09660419813688792,0.1927421416850351,0.9879406307977736,0.947075208913649,0.02775581300011254,0.02291562899836208,42,2027,,,,,,,,,,
linear_continue,17,37,0.0947296355323955,0.19020112029347272,0.987012987012987,0.9498607242339833,0.029613403999974253,0.024447179998333013,42,2027,,,,,,,,,,
linear_continue,18,38,0.09246850172039282,0.1884237524058494,0.9879406307977736,0.947075208913649,0.031265054999948916,0.025856737998310564,42,2027,,,,,,,,,,
linear_continue,19,39,0.09050123495546644,0.1876192364323627,0.9888682745825603,0.947075208913649,0.03282086299986986,0.027037711998218583,42,2027,,,,,,,,,,
linear_continue,20,40,0.08874156533178998,0.18604571218130486,0.9879406307977736,0.9498607242339833,0.03479508899999928,0.02869922799845881,42,2027,,,,,,,,,,
linear_continue,21,41,0.08708584500214092,0.1848162271959988,0.9888682745825603,0.9498607242339833,0.03656827399981921,0.03007432399863319,42,2027,,,,,,,,,,
linear_continue,22,42,0.08529458332433755,0.18407337755008965,0.9897959183673469,0.947075208913649,0.03825404700000945,0.031516299998656905,42,2027,,,,,,,,,,
linear_continue,23,43,0.0837453175426168,0.18265569531323053,0.9879406307977736,0.9498607242339833,0.04000196300012249,0.03301842699875124,42,2027,,,,,,,,,,
linear_continue,24,44,0.0821358359758106,0.18127102568937792,0.9897959183673469,0.9498607242339833,0.041803049000009196,0.03453908199844591,42,2027,,,,,,,,,,
linear_continue,25,45,0.08089478222498464,0.18108874981262424,0.9888682745825603,0.947075208913649,0.04396267399988574,0.03635003299814343,42,2027,,,,,,,,,,
linear_continue,26,46,0.07932741322912383,0.17851165790212972,0.9879406307977736,0.9526462395543176,0.04580679399987275,0.03790250499832837,42,2027,,,,,,,,,,
linear_continue,27,47,0.07785167455615843,0.17889321815288123,0.9897959183673469,0.9554317548746518,0.04730363299995588,0.03915963399822431,42,2027,,,,,,,,,,
linear_continue,28,48,0.07646050681064213,0.1776505914808284,0.9897959183673469,0.9526462395543176,0.048977607999859174,0.04051051299802566,42,2027,,,,,,,,,,
linear_continue,29,49,0.07544759618042102,0.17646475755276442,0.9888682745825603,0.9526462395543176,0.050444782999875315,0.041742072998204094,42,2027,,,,,,,,,,
linear_continue,30,50,0.07400428091097946,0.1742691185309136,0.9897959183673469,0.9526462395543176,0.05226616900017689,0.043314925997947284,42,2027,,,,,,,,,,
linear_continue,31,51,0.07272524609109518,0.17419171965920296,0.9897959183673469,0.9554317548746518,0.05383131100006722,0.04452645699802815,42,2027,,,,,,,,,,
linear_continue,32,52,0.07170256498173717,0.17511177900465172,0.9897959183673469,0.9526462395543176,0.055265286000121705,0.0457299849977062,42,2027,,,,,,,,,,
linear_continue,33,53,0.07053017140686405,0.17460141183801456,0.9907235621521335,0.9554317548746518,0.05734215599977688,0.04756305999762844,42,2027,,,,,,,,,,
linear_continue,34,54,0.06947648392426278,0.17121081481080735,0.9907235621521335,0.9554317548746518,0.05909425900017595,0.04907263799759676,42,2027,,,,,,,,,,
linear_continue,35,55,0.06852711769645943,0.17187101316732348,0.9897959183673469,0.9610027855153204,0.06090385800007425,0.0504756159975841,42,2027,,,,,,,,,,
linear_continue,36,56,0.06739288397381239,0.17202792386180596,0.9907235621521335,0.9554317548746518,0.062405243999819504,0.05174431299792559,42,2027,,,,,,,,,,
linear_continue,37,57,0.06638945630945277,0.1698175879995176,0.9907235621521335,0.9610027855153204,0.0640260089999174,0.05304639899804897,42,2027,,,,,,,,,,
linear_continue,38,58,0.06528022777674597,0.17005999166492464,0.9907235621521335,0.9610027855153204,0.06549294299975372,0.054242885998064594,42,2027,,,,,,,,,,
linear_continue,39,59,0.06442507237680473,0.16924140887403283,0.9916512059369202,0.9610027855153204,0.06734661800010144,0.05585532799796056,42,2027,,,,,,,,,,
linear_continue,40,60,0.06355410998328259,0.1682805497403227,0.9907235621521335,0.958217270194986,0.06903710799997498,0.05710588699821528,42,2027,,,,,,,,,,
linear_continue,41,61,0.0626376003994337,0.16786784126147883,0.9907235621521335,0.9610027855153204,0.07061660099998335,0.058368373998291645,42,2027,,,,,,,,,,
linear_continue,42,62,0.0617540735062581,0.16745636741281275,0.9935064935064936,0.9610027855153204,0.07221690500000477,0.059729078998316254,42,2027,,,,,,,,,,
linear_continue,43,63,0.06094528691431915,0.16843981205086683,0.9925788497217068,0.9610027855153204,0.07378041399988433,0.061005005998140405,42,2027,,,,,,,,,,
linear_continue,44,64,0.060433524248602905,0.16594845626600888,0.9935064935064936,0.958217270194986,0.07544695900014631,0.0624252799984788,42,2027,,,,,,,,,,
linear_continue,45,65,0.059582687079172296,0.16831246792726015,0.9916512059369202,0.958217270194986,0.07717818999981318,0.06391273499821182,42,2027,,,,,,,,,,
linear_continue,46,66,0.05874963831086681,0.1665252253399939,0.9944341372912802,0.9610027855153204,0.0789096509997762,0.06530682899847307,42,2027,,,,,,,,,,
linear_continue,47,67,0.05779836640932089,0.1658127583000099,0.9944341372912802,0.958217270194986,0.08062280500007546,0.06661790899852349,42,2027,,,,,,,,,,
linear_continue,48,68,0.057156112741440196,0.16469661380969414,0.9925788497217068,0.958217270194986,0.08250656600012007,0.06825057199830553,42,2027,,,,,,,,,,
linear_continue,49,69,0.056495049056304834,0.16417001560905123,0.9944341372912802,0.958217270194986,0.08426324499987459,0.06966369499832581,42,2027,,,,,,,,,,
linear_continue,50,70,0.05569061278318079,0.16463498422850673,0.9944341372912802,0.9610027855153204,0.08606198699999368,0.07122051399846896,42,2027,,,,,,,,,,
linear_continue,51,71,0.05513693146821124,0.16260367711160903,0.9944341372912802,0.958217270194986,0.08774480600004608,0.0726391759985745,42,2027,,,,,,,,,,
linear_continue,52,72,0.054536457742076855,0.1649500629832888,0.9944341372912802,0.9610027855153204,0.08973489599975437,0.07435273099872575,42,2027,,,,,,,,,,
linear_continue,53,73,0.053733496221365785,0.16455356484462652,0.9944341372912802,0.958217270194986,0.09122999200008053,0.07561175199862191,42,2027,,,,,,,,,,
linear_continue,54,74,0.05307057735706968,0.1622864124915797,0.9944341372912802,0.958217270194986,0.09282861400015463,0.07688808999864705,42,2027,,,,,,,,,,
linear_continue,55,75,0.052473112518119064,0.16344050676861369,0.9944341372912802,0.9610027855153204,0.09497724299990296,0.07878915599849279,42,2027,,,,,,,,,,
linear_continue,56,76,0.0518216808222346,0.16191960609340045,0.9944341372912802,0.958217270194986,0.09783016899973518,0.08112733899815794,42,2027,,,,,,,,,,
linear_continue,57,77,0.051230070631001295,0.16323030342703687,0.9944341372912802,0.958217270194986,0.1001686829999926,0.08308982799826481,42,2027,,,,,,,,,,
linear_continue,58,78,0.050609748072358574,0.1623999944066977,0.9944341372912802,0.958217270194986,0.1024583429998529,0.08498589699820513,42,2027,,,,,,,,,,
linear_continue,59,79,0.050016487439788926,0.1627272701761856,0.9944341372912802,0.958217270194986,0.10488432800002556,0.08715887099788233,42,2027,,,,,,,,,,
linear_continue,60,80,0.04951822014852089,0.16063066238928114,0.9944341372912802,0.958217270194986,0.10634300899982918,0.08838100699767892,42,2027,,,,,,,,,,
linear_continue,61,81,0.049026908175992596,0.16233935880100117,0.9944341372912802,0.9610027855153204,0.10900343699995574,0.09054741199770433,42,2027,,,,,,,,,,
linear_continue,62,82,0.04840023661967554,0.16164525378164174,0.9944341372912802,0.958217270194986,0.11170989299989742,0.09295134399735616,42,2027,,,,,,,,,,
linear_continue,63,83,0.047878418492099284,0.16107971324715398,0.9944341372912802,0.958217270194986,0.1135269530000187,0.0944859599976553,42,2027,,,,,,,,,,
linear_continue,64,84,0.04750548558788287,0.1605995893884509,0.9944341372912802,0.958217270194986,0.11726334700006191,0.09795228799748656,42,2027,,,,,,,,,,
linear_continue,65,85,0.04686395407901105,0.16139033476417486,0.9944341372912802,0.958217270194986,0.1193965819998084,0.0998288179971496,42,2027,,,,,,,,,,
linear_continue,66,86,0.04644069034298629,0.16139352667575788,0.9944341372912802,0.958217270194986,0.12289139299991803,0.10292816499713808,42,2027,,,,,,,,,,
linear_continue,67,87,0.04591828848946431,0.16027548157642282,0.9944341372912802,0.9610027855153204,0.13261328499993397,0.11213105699698644,42,2027,,,,,,,,,,
linear_continue,68,88,0.045534946556147496,0.15908684485994914,0.9944341372912802,0.958217270194986,0.13664126699995904,0.11416538299727108,42,2027,,,,,,,,,,
linear_continue,69,89,0.04499537559374364,0.1611053526268215,0.9944341372912802,0.958217270194986,0.13875317099973472,0.11595324899735715,42,2027,,,,,,,,,,
linear_continue,70,90,0.04455653710773091,0.16110010245564277,0.9962894248608535,0.9610027855153204,0.14147099399997387,0.11823042999731115,42,2027,,,,,,,,,,
linear_continue,71,91,0.04404259844248343,0.15867927000830012,0.9944341372912802,0.958217270194986,0.1431701769997744,0.11968209099723026,42,2027,,,,,,,,,,
linear_continue,72,92,0.04361639639738612,0.15954215367678715,0.9953617810760668,0.9610027855153204,0.14579483099987556,0.12198576199716626,42,2027,,,,,,,,,,
linear_continue,73,93,0.04317833631594115,0.16094279039637355,0.9953617810760668,0.958217270194986,0.14789871199991467,0.12383364799734409,42,2027,,,,,,,,,,
linear_continue,74,94,0.04297725011865017,0.15979987473871998,0.9944341372912802,0.958217270194986,0.14966717900006188,0.1252784689972941,42,2027,,,,,,,,,,
linear_continue,75,95,0.04241901133277465,0.16010815842772147,0.9953617810760668,0.9610027855153204,0.151443246999861,0.12672397999767782,42,2027,,,,,,,,,,
linear_continue,76,96,0.041975140564429136,0.16020971877965207,0.9962894248608535,0.9610027855153204,0.1531394660000842,0.1281702929977655,42,2027,,,,,,,,,,
linear_continue,77,97,0.0415822597231291,0.15821202835534706,0.9953617810760668,0.958217270194986,0.15480303499998627,0.12955591499758157,42,2027,,,,,,,,,,
linear_continue,78,98,0.041114318181827224,0.15854616334398786,0.9944341372912802,0.9610027855153204,0.15739497999993546,0.1318682489973071,42,2027,,,,,,,,,,
linear_continue,79,99,0.04072263243194274,0.15979672405367099,0.9962894248608535,0.9610027855153204,0.16094423300000926,0.135077800997351,42,2027,,,,,,,,,,
linear_continue,80,100,0.04041822429638424,0.15827857920849436,0.9953617810760668,0.958217270194986,0.16276779300005728,0.13661998799716457,42,2027,,,,,,,,,,
moe_continue,0,20,0.16127496018514495,0.24919067738343062,0.9758812615955473,0.935933147632312,0.001281876000120974,0.0,42,2027,1.1271052020912113,0.17254601220605706,0.9912662722769622,0.9962807725885361,1.9091203333912927e-18,0.014936325013527629,0.48144712430426717,0.023191094619666047,0.49257884972170685,0.0027829313543599257
moe_continue,1,21,0.14968502395246233,0.24071120800316337,0.9777365491651205,0.9387186629526463,0.01453720199970121,0.007565376999991713,42,2027,1.002631800419196,0.1597113419566543,0.9978872936616228,0.9985539909278203,,,0.24907235621521337,0.2388682745825603,0.30287569573283857,0.20918367346938777
moe_continue,2,22,0.14082411731292013,0.22572590840617368,0.9786641929499073,0.9387186629526463,0.026844237999739562,0.017498346000138554,42,2027,1.012178082807331,0.15094589814099343,0.9972703951209734,0.9984796091043524,,,0.13543599257884972,0.2829313543599258,0.21753246753246752,0.36410018552875695
moe_continue,3,23,0.12696212523478503,0.21609847756925615,0.9814471243042672,0.9415041782729805,0.035759783999765204,0.024424523000107,42,2027,1.004625360448306,0.13700837883926809,0.996826520888348,0.9977180502179144,,,0.22727272727272727,0.25834879406307976,0.31539888682745826,0.1989795918367347
moe_continue,4,24,0.1225243549189956,0.21170966817095244,0.9805194805194806,0.9387186629526463,0.04570223199971224,0.031788597000286245,42,2027,1.01057330643752,0.1326300879833708,0.9954686729099259,0.9968325934941206,,,0.24582560296846012,0.3038033395176252,0.30287569573283857,0.14749536178107606
moe_continue,5,25,0.11851299118057762,0.19984361496707584,0.9851576994434137,0.9442896935933147,0.056568307999896206,0.04002422100029435,42,2027,1.005275942753505,0.12856575060811268,0.9942955784304923,0.9961914594819046,,,0.20408163265306123,0.2880333951762523,0.21196660482374768,0.29591836734693877
moe_continue,6,26,0.11532627602749208,0.20027943124956418,0.9777365491651205,0.9442896935933147,0.06734349799990014,0.048090970999965066,42,2027,1.041904606640712,0.12574532209389921,0.9884862444598752,0.9904099462315751,,,0.3163265306122449,0.09044526901669758,0.3622448979591837,0.23098330241187384
moe_continue,7,27,0.10635878218348885,0.18708565095538224,0.9842300556586271,0.947075208913649,0.07656586499979312,0.0550383800000418,42,2027,1.0212211573896477,0.11657099375738533,0.9882343304849238,0.98797999072831,,,0.2657699443413729,0.1553803339517625,0.3395176252319109,0.23933209647495363
moe_continue,8,28,0.10051195044433452,0.18108176265515932,0.9860853432282004,0.9526462395543176,0.0858667190000233,0.061889523999980156,42,2027,1.002084244889163,0.11053279289322615,0.9888577420943706,0.9898430262342693,,,0.25510204081632654,0.21985157699443414,0.2680890538033395,0.2569573283858998
moe_continue,9,29,0.09291660079287611,0.18249767334501085,0.987012987012987,0.9554317548746518,0.09360865100006777,0.06758703500008778,42,2027,1.014447422857819,0.10306107502145431,0.9857427040827567,0.9858359811281245,,,0.17578849721706866,0.27411873840445267,0.3246753246753247,0.22541743970315398
moe_continue,10,30,0.09208464552371042,0.1878010733155643,0.987012987012987,0.9526462395543176,0.10419334500011246,0.07529960300007588,42,2027,1.037375112278019,0.1024583966464906,0.9808657795370658,0.9800593938213337,,,0.24721706864564008,0.11085343228200371,0.31910946196660483,0.3228200371057514
moe_continue,11,31,0.08483735545360252,0.1762300776097584,0.9888682745825603,0.958217270194986,0.11712438399990788,0.08479036199969414,42,2027,1.0123138720226386,0.0949604941738289,0.9817956444371232,0.9823105346428846,,,0.20593692022263452,0.2588126159554731,0.32189239332096475,0.21335807050092764
moe_continue,12,32,0.0768453005473404,0.16800470280789787,0.9907235621521335,0.958217270194986,0.12772866599971167,0.09288346199946318,42,2027,1.0094792911503938,0.08694009345884433,0.9800022214768643,0.9800739792232174,,,0.23098330241187384,0.22541743970315398,0.3112244897959184,0.2323747680890538
moe_continue,13,33,0.07638091127615465,0.1794920898942438,0.9897959183673469,0.9526462395543176,0.14154632700001457,0.10302017199910551,42,2027,1.0268077606804964,0.08664898888295962,0.9744222624512979,0.9721554130196806,,,0.1906307977736549,0.2082560296846011,0.34461966604823746,0.2564935064935065
moe_continue,14,34,0.07090293966495186,0.17128333092607304,0.9916512059369202,0.958217270194986,0.15158840499998405,0.11057388099879972,42,2027,1.0097123909312429,0.08100006357426429,0.9746139131992535,0.9748116579064446,,,0.24118738404452691,0.2101113172541744,0.3042671614100185,0.24443413729128013
moe_continue,15,35,0.07175875641601205,0.16512632968867133,0.9888682745825603,0.9554317548746518,0.161103570999785,0.1163224279989663,42,2027,1.0135502956671991,0.08189425937268405,0.9706915435094949,0.9720554181887673,,,0.2653061224489796,0.19990723562152132,0.31307977736549164,0.22170686456400743
moe_continue,16,36,0.07160665014802671,0.15301511758632078,0.9897959183673469,0.9610027855153204,0.17124625999986165,0.12411984299933465,42,2027,1.0413569534717055,0.08202021968274377,0.9617676275332286,0.9600249986707943,,,0.14471243042671614,0.23979591836734693,0.3515769944341373,0.26391465677179965
moe_continue,17,37,0.06530720932500399,0.1619424269363745,0.9916512059369202,0.958217270194986,0.1815938280001319,0.1321237689994632,42,2027,1.0338222019652503,0.07564543134465648,0.9577363072574011,0.9568472408828674,,,0.2300556586270872,0.2017625231910946,0.3455473098330241,0.22263450834879406
moe_continue,18,38,0.062390348522401114,0.16180683620239764,0.9944341372912802,0.9637883008356546,0.1919595119998121,0.14012220599943248,42,2027,1.0135231574105736,0.07252558009650685,0.959732383988738,0.9610671839723132,,,0.20593692022263452,0.23376623376623376,0.29916512059369205,0.26113172541743973
moe_continue,19,39,0.057886837882274014,0.1616101845440058,0.9944341372912802,0.9610027855153204,0.2024785769999653,0.14824474999932136,42,2027,1.0375741594651022,0.06826257947692503,0.9501006899657226,0.949725521011445,,,0.19202226345083487,0.22448979591836735,0.34879406307977734,0.23469387755102042
moe_continue,20,40,0.05919091307010926,0.16391577353678505,0.9962894248608535,0.9637883008356546,0.21284711499993136,0.1562491969993971,42,2027,1.015814290878405,0.06934905597889332,0.9529527426054758,0.9564710961863917,0.02603062990113992,0.0026100442097572746,0.19666048237476808,0.26391465677179965,0.30936920222634506,0.2300556586270872
moe_continue,21,41,0.05498460962812193,0.15910836300855066,0.9944341372912802,0.958217270194986,0.22446771499971874,0.16225810499918225,42,2027,1.0326137279770473,0.0653107469078924,0.9435028880559252,0.9457397710043957,,,0.24211502782931354,0.19341372912801486,0.33163265306122447,0.23283858998144713
moe_continue,22,42,0.05483810980418147,0.14610292419404,0.9962894248608535,0.9637883008356546,0.2315804519998892,0.16748636099919167,42,2027,1.0163441957059502,0.06500155176124098,0.9459745419037714,0.9506083576671354,,,0.19666048237476808,0.2527829313543599,0.3051948051948052,0.2453617810760668
moe_continue,23,43,0.05308313644807234,0.15908399970906217,0.9935064935064936,0.958217270194986,0.23862140099981843,0.17274875799921574,42,2027,1.0577190178127513,0.06366032662619986,0.9297357032568941,0.9317622797423275,,,0.21150278293135436,0.19480519480519481,0.36038961038961037,0.23330241187384043
moe_continue,24,44,0.050265261268984666,0.15890117048779018,0.9972170686456401,0.9637883008356546,0.2455426599999555,0.17777730299894756,42,2027,1.0218404644890742,0.06048366591387541,0.9385772824314109,0.9444481529632557,,,0.19944341372912802,0.24675324675324675,0.3177179962894249,0.23608534322820038
moe_continue,25,45,0.048323051994708974,0.15640893171541467,0.9944341372912802,0.958217270194986,0.2524116810000123,0.1828451269989273,42,2027,1.0409124604290556,0.05873217659899953,0.9284393504225239,0.9329385940148613,,,0.21706864564007422,0.19573283858998144,0.33766233766233766,0.24953617810760667
moe_continue,26,46,0.04634194253677926,0.14784094379769686,0.9972170686456401,0.9637883008356546,0.2591862899998887,0.1878131319986096,42,2027,1.0309996220438924,0.05665193875721818,0.9285740564205229,0.9359611241344418,,,0.2230983302411874,0.22680890538033396,0.33163265306122447,0.21846011131725418
moe_continue,27,47,0.043247674329927814,0.1497043683177274,0.9972170686456401,0.9637883008356546,0.26602191999973,0.19291222299852961,42,2027,1.0409036800928955,0.053656711130856766,0.9220651389660102,0.9286310220843573,,,0.19851576994434136,0.22448979591836735,0.3399814471243043,0.237012987012987
moe_continue,28,48,0.04225959552394054,0.14630347785680425,0.9962894248608535,0.9637883008356546,0.27285687899984623,0.1979659159987932,42,2027,1.0311475366917244,0.05257107089085779,0.922588007221172,0.9309664534245286,,,0.22077922077922077,0.2077922077922078,0.32606679035250463,0.2453617810760668
moe_continue,29,49,0.04088196943504398,0.14958709346417526,0.9962894248608535,0.9610027855153204,0.27959234999980254,0.2029240559986647,42,2027,1.0485082400535652,0.05136705183557963,0.9144144652298496,0.9220418641857088,,,0.19294990723562153,0.22820037105751392,0.34786641929499074,0.23098330241187384
moe_continue,30,50,0.03914464743315072,0.15048488523273193,0.9972170686456401,0.9637883008356546,0.2865193970001201,0.20808055299858097,42,2027,1.03595418838129,0.04950418931696362,0.9157643596674934,0.9245533232052979,,,0.20408163265306123,0.22402597402597402,0.3320964749536178,0.23979591836734693
moe_continue,31,51,0.037143593915451995,0.15044752862901015,0.9972170686456401,0.9610027855153204,0.29339121199973306,0.2131378519984537,42,2027,1.0404246268927215,0.047547840184379214,0.9117574451060017,0.9210191033396122,,,0.20083487940630798,0.22680890538033396,0.33719851576994436,0.23515769944341372
moe_continue,32,52,0.03682018861442915,0.14971193116603612,0.9972170686456401,0.9637883008356546,0.30018963700013046,0.21817365799824984,42,2027,1.036338970339857,0.04718357831782772,0.9115089068671351,0.9211470981501334,,,0.1989795918367347,0.22634508348794063,0.33116883116883117,0.2435064935064935
moe_continue,33,53,0.035997098608965925,0.1489075726836391,0.9972170686456401,0.9610027855153204,0.3069882109998616,0.2231680409981891,42,2027,1.0345104412835808,0.04634220302180173,0.91000787888706,0.9214281999026956,,,0.20454545454545456,0.23376623376623376,0.33163265306122447,0.2300556586270872
moe_continue,34,54,0.034657453777990226,0.14305383034967617,0.9972170686456401,0.9610027855153204,0.3141912539999794,0.22857980199842132,42,2027,1.0451014309993472,0.045108468087983696,0.902854153397385,0.9139548099807564,,,0.19666048237476808,0.22866419294990722,0.3399814471243043,0.23469387755102042
moe_continue,35,55,0.034136228976978614,0.14751681248900175,0.9972170686456401,0.9637883008356546,0.32097881199979383,0.2335785929985832,42,2027,1.0327452954560035,0.04446368193153865,0.904971915223711,0.9185167263028392,,,0.21196660482374768,0.23469387755102042,0.32838589981447125,0.22495361781076068
moe_continue,36,56,0.03321753723446341,0.14493206255853228,0.9962894248608535,0.9665738161559888,0.3277719590000743,0.23863181499882558,42,2027,1.0300394191632842,0.04351793142609625,0.9025113354705107,0.9165321776237225,,,0.21846011131725418,0.22356215213358072,0.3232838589981447,0.23469387755102042
moe_continue,37,57,0.032550276734980114,0.14479400828735278,0.9981447124304267,0.9637883008356546,0.33513590299980933,0.24402607999900283,42,2027,1.0579025994613112,0.04312930272959323,0.889811412793539,0.902399610028262,,,0.19202226345083487,0.21567717996289426,0.349721706864564,0.24257884972170687
moe_continue,38,58,0.030688814695999583,0.14844241955712714,0.9981447124304267,0.9665738161559888,0.34257033299991235,0.24962171799916177,42,2027,1.033610131780738,0.041024916013806964,0.8962851398728302,0.911422557425635,,,0.2036178107606679,0.2388682745825603,0.3274582560296846,0.2300556586270872
moe_continue,39,59,0.032109611173254685,0.14987100646028845,0.9981447124304267,0.9637883008356546,0.3497511319997102,0.25498599799902877,42,2027,1.0215797152755404,0.04232540832601009,0.8979089838473564,0.914624458898051,,,0.22077922077922077,0.23515769944341372,0.312152133580705,0.23191094619666047
moe_continue,40,60,0.02939012656629699,0.14492757778447157,0.9981447124304267,0.9637883008356546,0.3582935169997654,0.2610817979989406,42,2027,1.0401988132702866,0.03979211469899986,0.8886435074963203,0.9045594992018072,0.005273821224308819,0.0031780690670120248,0.20315398886827457,0.22541743970315398,0.3334879406307978,0.23794063079777367
moe_continue,41,61,0.029889300216479106,0.14402922797874146,0.9981447124304267,0.9610027855153204,0.36981407699977353,0.26753555399864126,42,2027,1.0405147053068962,0.04029444726954807,0.8865086914895643,0.902563463912882,,,0.19387755102040816,0.22820037105751392,0.33116883116883117,0.24675324675324675
moe_continue,42,62,0.029085558569842712,0.1471875495091999,0.9981447124304267,0.9637883008356546,0.37749899299979006,0.27319858199871305,42,2027,1.0296329723783155,0.039381888293625864,0.8879289205421865,0.9057311503781357,,,0.20037105751391465,0.2388682745825603,0.31957328385899814,0.24118738404452691
moe_continue,43,63,0.02806744904130847,0.1469845038586301,0.9981447124304267,0.9637883008356546,0.38542602300003637,0.2788639939985842,42,2027,1.0407461274909446,0.038474910316217914,0.8819326804922778,0.9006248068021219,,,0.18738404452690166,0.24118738404452691,0.33163265306122447,0.23979591836734693
moe_continue,44,64,0.027288096440924843,0.14751134457359116,0.9981447124304267,0.9610027855153204,0.3937643509998452,0.28495966199852774,42,2027,1.0308200257215765,0.03759629669814061,0.8828025375423598,0.9025430090996109,,,0.21335807050092764,0.2300556586270872,0.3232838589981447,0.23330241187384043
moe_continue,45,65,0.026481852924749468,0.14532976164454048,0.9981447124304267,0.9637883008356546,0.40173159200003283,0.29083574099877296,42,2027,1.037950616109367,0.036861359085843134,0.8780764225941851,0.898374282722736,,,0.19294990723562153,0.24675324675324675,0.3293135435992579,0.23098330241187384
moe_continue,46,66,0.02592607225693154,0.1500377550888858,0.9981447124304267,0.9637883008356546,0.41054313099994033,0.2974593629987794,42,2027,1.0357700784970807,0.03628377304190235,0.876262476448339,0.8968936361197837,,,0.19944341372912802,0.23515769944341372,0.32606679035250463,0.23933209647495363
moe_continue,47,67,0.025588764448723725,0.15195381961552787,0.9981447124304267,0.9610027855153204,0.41916545699996277,0.303819648998342,42,2027,1.048928879310076,0.03607805324182448,0.8684922282011605,0.8891445485312728,,,0.19990723562152132,0.22356215213358072,0.33766233766233766,0.2388682745825603
moe_continue,48,68,0.025179632950833516,0.14377296091575234,0.9981447124304267,0.9665738161559888,0.4276329290000831,0.3104956889983441,42,2027,1.0354941271147116,0.035534574221980635,0.8720401874759229,0.894601586562645,,,0.20686456400742115,0.24072356215213359,0.32653061224489793,0.2258812615955473
moe_continue,49,69,0.024956276068603032,0.13356925857208646,0.9972170686456401,0.9637883008356546,0.4357779560000381,0.31683764699846506,42,2027,1.0428211383202401,0.03538448745180543,0.8678678340435512,0.8897721107271348,,,0.18552875695732837,0.22541743970315398,0.3246753246753247,0.26437847866419295
moe_continue,50,70,0.024380291395130375,0.14724907148800703,0.9981447124304267,0.9637883008356546,0.44432976600000984,0.323348629998236,42,2027,1.0568245675314225,0.034948537070444596,0.8596704907950354,0.8834558114749568,,,0.18320964749536178,0.24165120593692022,0.3450834879406308,0.2300556586270872
moe_continue,51,71,0.023019514223223805,0.15009859904057066,0.9981447124304267,0.9637883008356546,0.4529612339997584,0.32987533599816743,42,2027,1.0391600756866344,0.033411114980090154,0.8637450644228031,0.8873892293952101,,,0.2036178107606679,0.22634508348794063,0.32606679035250463,0.24397031539888683
moe_continue,52,72,0.022704762213967864,0.1466033959339893,0.9981447124304267,0.9637883008356546,0.46182462199976726,0.33642044999805876,42,2027,1.0444361788208893,0.03314912400217676,0.8608779791111875,0.8857608522621983,,,0.17764378478664192,0.24907235621521337,0.32884972170686455,0.24443413729128013
moe_continue,53,73,0.022022188392183884,0.14981899890745137,0.9981447124304267,0.9637883008356546,0.47037497800010897,0.3425729639984638,42,2027,1.040720149034452,0.0324293898825284,0.8591644680649012,0.8840614982980616,,,0.19990723562152132,0.22727272727272727,0.3269944341372913,0.24582560296846012
moe_continue,54,74,0.02121776670557747,0.1466925933129598,0.9981447124304267,0.9637883008356546,0.4781442909998077,0.3482464479984628,42,2027,1.039376346709035,0.03161153017266782,0.8575897629241382,0.8827361066698892,,,0.19990723562152132,0.22820037105751392,0.32421150278293137,0.24768089053803338
moe_continue,55,75,0.021001156708569283,0.1464308764882547,0.9981447124304267,0.9637883008356546,0.48602433099995324,0.35406142499823545,42,2027,1.0496428556148503,0.031497585264717784,0.8526382737618357,0.8781302070526479,,,0.19294990723562153,0.2300556586270872,0.336734693877551,0.24025974025974026
moe_continue,56,76,0.019986711011134035,0.14581342040023915,0.9981447124304267,0.9637883008356546,0.49410439099983705,0.3601257469981647,42,2027,1.0409344872405761,0.030396055883539795,0.8536248744242094,0.8796093937578778,,,0.19155844155844157,0.2323747680890538,0.323747680890538,0.2523191094619666
moe_continue,57,77,0.019485509500097066,0.14591554208499008,0.9981447124304267,0.9637883008356546,0.5025133660001302,0.366354255997976,42,2027,1.0384633701521355,0.02987014320161842,0.8522161524085433,0.878898812465347,,,0.20222634508348794,0.23144712430426717,0.323747680890538,0.24257884972170687
moe_continue,58,78,0.019280242713269242,0.14767583671295076,0.9981447124304267,0.9637883008356546,0.510574798000107,0.3724198989980323,42,2027,1.041352068786314,0.029693763401132382,0.8493953220253464,0.8762676207295819,,,0.19944341372912802,0.22820037105751392,0.325139146567718,0.24721706864564008
moe_continue,59,79,0.01903285061477973,0.14792348459388116,0.9981447124304267,0.9637883008356546,0.5239686419999998,0.38320910999800617,42,2027,1.0454035728525044,0.029486886343304777,0.8471937802371682,0.8747861768480932,,,0.18274582560296845,0.24072356215213359,0.32884972170686455,0.24768089053803338
moe_continue,60,80,0.01829848275240032,0.14850095434442365,0.9981447124304267,0.9637883008356546,0.5320646459999807,0.3895127609980591,42,2027,1.040035140313546,0.028698834155535778,0.8463080648343606,0.8741856672042417,0.0044648965239590475,0.002702194980892197,0.2036178107606679,0.22866419294990722,0.3246753246753247,0.24304267161410018
moe_continue,61,81,0.017935390340396533,0.1452771440191421,0.9981447124304267,0.9665738161559888,0.5443806309999673,0.39613715499808677,42,2027,1.039070224149804,0.02832609258189457,0.8450466350893414,0.8734327808524736,,,0.19851576994434136,0.2305194805194805,0.32189239332096475,0.24907235621521337
moe_continue,62,82,0.017712148208763136,0.14314084956965578,0.9981447124304267,0.9665738161559888,0.5532151039997188,0.40275774199835723,42,2027,1.0379886079225622,0.02809203428798876,0.8435779439415269,0.8727723508891165,,,0.21150278293135436,0.2305194805194805,0.323747680890538,0.2342300556586271
moe_continue,63,83,0.01802293817146902,0.14133133817253887,0.9972170686456401,0.9637883008356546,0.5616193519999797,0.40906873399853794,42,2027,1.0466200116045332,0.02848913828751435,0.8398519022557303,0.8686062172128718,,,0.18970315398886828,0.22634508348794063,0.32653061224489793,0.25742115027829315
moe_continue,64,84,0.01711443745038728,0.14701008834092125,0.9981447124304267,0.9637883008356546,0.570004130000143,0.4153722049982207,42,2027,1.0468194481194388,0.02758263193158167,0.8369695630428147,0.8664333999841068,,,0.19851576994434136,0.2277365491651206,0.33070500927643787,0.24304267161410018
moe_continue,65,85,0.017104421052750757,0.14429316276361362,0.9981447124304267,0.9665738161559888,0.5788853539997945,0.42192130499825,42,2027,1.0340886070418667,0.02744530712316942,0.8403113646364567,0.8707909901564101,,,0.2012987012987013,0.23608534322820038,0.3163265306122449,0.24628942486085342
moe_continue,66,86,0.016454156654639406,0.14865670669721526,0.9981447124304267,0.9637883008356546,0.588908654000079,0.4298581499983811,42,2027,1.042252577034596,0.026876682424985365,0.8351162007775476,0.8659042751119264,,,0.19526901669758812,0.2323747680890538,0.3246753246753247,0.24768089053803338
moe_continue,67,87,0.016021531745393506,0.1484895413852507,0.9981447124304267,0.9637883008356546,0.5975523309998607,0.4362263979983254,42,2027,1.0549629863187056,0.026571161608580564,0.8276494473177335,0.8592175370919509,,,0.19480519480519481,0.22820037105751392,0.33812615955473097,0.2388682745825603
moe_continue,68,88,0.014998179004093651,0.1449982800859874,0.9981447124304267,0.9665738161559888,0.6061951359997693,0.44283754199841496,42,2027,1.0417742749097672,0.025415921753191323,0.8314277257624064,0.8632165457802395,,,0.20454545454545456,0.22634508348794063,0.32560296846011133,0.2435064935064935
moe_continue,69,89,0.015487115984243122,0.13960029849958946,0.9981447124304267,0.9665738161559888,0.6143625780000548,0.44887859799837315,42,2027,1.0432846398288762,0.025919962382531886,0.8299890009316092,0.8618513977500183,,,0.19294990723562153,0.22866419294990722,0.323747680890538,0.25463821892393323
moe_continue,70,90,0.014574142428423295,0.14543944114703167,0.9981447124304267,0.9665738161559888,0.6223638599999504,0.45477372599862065,42,2027,1.0443170387817278,0.025017312816240575,0.8270850279141589,0.8594896457657814,,,0.19805194805194806,0.2258812615955473,0.32560296846011133,0.2504638218923933
moe_continue,71,91,0.014871106617333351,0.14107540175861832,0.9981447124304267,0.9637883008356546,0.6304876760000298,0.46083690499881413,42,2027,1.0508465974431669,0.025379572591765022,0.8230653873905386,0.8556503975330767,,,0.19666048237476808,0.2189239332096475,0.3297773654916512,0.25463821892393323
moe_continue,72,92,0.014613548653607419,0.13978862982375534,0.9981447124304267,0.9637883008356546,0.6389615580001191,0.46724260899873116,42,2027,1.0434786559885565,0.025048335213492985,0.8250476384057204,0.8589149648371437,,,0.187847866419295,0.237012987012987,0.323747680890538,0.25139146567717996
moe_continue,73,93,0.014124138913778195,0.14475141619329157,0.9981447124304267,0.9665738161559888,0.647167576999891,0.4735586989991134,42,2027,1.0458338903775017,0.02458247781755321,0.8211645585325347,0.8547733494781983,,,0.2012987012987013,0.22170686456400743,0.32560296846011133,0.25139146567717996
moe_continue,74,94,0.01354086648114094,0.14279382076772762,0.9981447124304267,0.9665738161559888,0.6554268059999231,0.4797536259993649,42,2027,1.039621708157505,0.02393708356271599,0.8220764562660188,0.8565357528255574,,,0.20500927643784786,0.2258812615955473,0.3209647495361781,0.2481447124304267
moe_continue,75,95,0.013275983355649109,0.14501167273328466,0.9981447124304267,0.9665738161559888,0.6636830209999971,0.4857845079991421,42,2027,1.0417902437752613,0.023693885793401724,0.8193067685961475,0.8548504832766347,,,0.20408163265306123,0.23191094619666047,0.32560296846011133,0.23840445269016697
moe_continue,76,96,0.013364991201463422,0.14285157598616827,0.9981447124304267,0.9665738161559888,0.6715937769999982,0.4918733559993598,42,2027,1.0474299516641805,0.023839290718105227,0.8151973149369672,0.8508247160317494,,,0.19573283858998144,0.22820037105751392,0.3274582560296846,0.24860853432282004
moe_continue,77,97,0.013139623888370843,0.135670158032806,0.9981447124304267,0.9665738161559888,0.680132045999926,0.4986075149995486,42,2027,1.037759795630988,0.023517221844680726,0.8177589920180853,0.8536272624076227,,,0.20315398886827457,0.22402597402597402,0.31539888682745826,0.25742115027829315
moe_continue,78,98,0.012433160855384678,0.14300511880506303,0.9981447124304267,0.9665738161559888,0.6880271579998407,0.5045684109991271,42,2027,1.0402068729282354,0.022835229584667036,0.8149758399308877,0.8517580759159729,,,0.2012987012987013,0.23098330241187384,0.32189239332096475,0.24582560296846012
moe_continue,79,99,0.012251557822396411,0.1447286491416216,0.9981447124304267,0.9665738161559888,0.6958495710000534,0.5102871329991103,42,2027,1.043591139430505,0.022687469216701464,0.8114314058999571,0.8486284897453912,,,0.20640074211502782,0.22495361781076068,0.32560296846011133,0.24304267161410018
moe_continue,80,100,0.01242819639708647,0.13550775845672053,0.9981447124304267,0.9665738161559888,0.7045401790001051,0.5166503339992232,42,2027,1.0388216016339058,0.02281641241342553,0.8121790457020827,0.8493523583651149,0.005910312985185454,0.002342059021373048,0.19990723562152132,0.2277365491651206,0.3163265306122449,0.2560296846011132
linear_mac_matched,0,20,0.16127496018514495,0.24919067738343065,0.9758812615955473,0.935933147632312,0.00029461300027833204,0.0,42,2027,,,,,,,,,,
linear_mac_matched,1,21,0.1538890752252896,0.24525336408030646,0.9777365491651205,0.935933147632312,0.0018226189999950293,0.0012526519999482844,42,2027,,,,,,,,,,
linear_mac_matched,2,22,0.14713890970071333,0.23621154915629947,0.9768089053803339,0.9387186629526463,0.0034281309999641962,0.0025532260001455143,42,2027,,,,,,,,,,
linear_mac_matched,3,23,0.1411143466037676,0.23206509227423325,0.9786641929499073,0.935933147632312,0.004822085999876435,0.0037133390001145017,42,2027,,,,,,,,,,
linear_mac_matched,4,24,0.13575687278964038,0.22654251207126666,0.9786641929499073,0.9387186629526463,0.0064915540001493355,0.005142567000348208,42,2027,,,,,,,,,,
linear_mac_matched,5,25,0.13094806361862651,0.22155371796094114,0.9814471243042672,0.9387186629526463,0.008267151999916678,0.006640117000188184,42,2027,,,,,,,,,,
linear_mac_matched,6,26,0.1266063909729685,0.21880411929917853,0.9786641929499073,0.9387186629526463,0.00994346100014809,0.008076575000359298,42,2027,,,,,,,,,,
linear_mac_matched,7,27,0.12275032734068458,0.2148933570929326,0.9823747680890538,0.9415041782729805,0.01184369600014179,0.009735026000271318,42,2027,,,,,,,,,,
linear_mac_matched,8,28,0.11878372127669641,0.21088504389236665,0.9842300556586271,0.9387186629526463,0.013478501999998116,0.011077382000166835,42,2027,,,,,,,,,,
linear_mac_matched,9,29,0.11549279928966794,0.20880294249861173,0.9823747680890538,0.9387186629526463,0.014884493999943516,0.012248442000327486,42,2027,,,,,,,,,,
linear_mac_matched,10,30,0.11233046586457618,0.20516687307374062,0.9860853432282004,0.9387186629526463,0.016425239000000147,0.01353535499993086,42,2027,,,,,,,,,,
linear_mac_matched,11,31,0.10936090568436661,0.20365625232398885,0.9851576994434137,0.947075208913649,0.018124021999938122,0.014736439999978757,42,2027,,,,,,,,,,
linear_mac_matched,12,32,0.10643225364444112,0.20131547723762674,0.987012987012987,0.9415041782729805,0.019758678000016516,0.016126168000027974,42,2027,,,,,,,,,,
linear_mac_matched,13,33,0.10361649735651303,0.19799041099708786,0.9879406307977736,0.9415041782729805,0.021287404000304377,0.01736675100028151,42,2027,,,,,,,,,,
linear_mac_matched,14,34,0.1012184275444706,0.196670420831628,0.987012987012987,0.9415041782729805,0.023563785000078497,0.01937942499989731,42,2027,,,,,,,,,,
linear_mac_matched,15,35,0.09904433107771783,0.1954528052969525,0.9879406307977736,0.9415041782729805,0.02506813499985583,0.020555462000174884,42,2027,,,,,,,,,,
linear_mac_matched,16,36,0.09660419813688792,0.1927421416850351,0.9879406307977736,0.947075208913649,0.026524763999987044,0.021775174000140396,42,2027,,,,,,,,,,
linear_mac_matched,17,37,0.0947296355323955,0.19020112029347272,0.987012987012987,0.9498607242339833,0.02848535000021002,0.02311967400009962,42,2027,,,,,,,,,,
linear_mac_matched,18,38,0.09246850172039282,0.1884237524058494,0.9879406307977736,0.947075208913649,0.03013546900001529,0.02445368899998357,42,2027,,,,,,,,,,
linear_mac_matched,19,39,0.09050123495546644,0.1876192364323627,0.9888682745825603,0.947075208913649,0.031714891999854444,0.025794283999857726,42,2027,,,,,,,,,,
linear_mac_matched,20,40,0.08874156533178998,0.18604571218130486,0.9879406307977736,0.9498607242339833,0.03341878199989878,0.027126004999900033,42,2027,,,,,,,,,,
linear_mac_matched,21,41,0.08708584500214092,0.1848162271959988,0.9888682745825603,0.9498607242339833,0.034896562000085396,0.028321180999682838,42,2027,,,,,,,,,,
linear_mac_matched,22,42,0.08529458332433755,0.18407337755008965,0.9897959183673469,0.947075208913649,0.03643640600012077,0.029596406999644387,42,2027,,,,,,,,,,
linear_mac_matched,23,43,0.0837453175426168,0.18265569531323053,0.9879406307977736,0.9498607242339833,0.038086795000253915,0.030883810999512207,42,2027,,,,,,,,,,
linear_mac_matched,24,44,0.0821358359758106,0.18127102568937792,0.9897959183673469,0.9498607242339833,0.04032151799992789,0.03266163799980859,42,2027,,,,,,,,,,
linear_mac_matched,25,45,0.08089478222498464,0.18108874981262424,0.9888682745825603,0.947075208913649,0.042877018000126554,0.034809464999852935,42,2027,,,,,,,,,,
linear_mac_matched,26,46,0.07932741322912383,0.17851165790212972,0.9879406307977736,0.9526462395543176,0.045442792999892845,0.03702250099968296,42,2027,,,,,,,,,,
linear_mac_matched,27,47,0.07785167455615843,0.17889321815288123,0.9897959183673469,0.9554317548746518,0.04764854799987006,0.03878931599956559,42,2027,,,,,,,,,,
linear_mac_matched,28,48,0.07646050681064213,0.1776505914808284,0.9897959183673469,0.9526462395543176,0.049210514000151306,0.04010193799967965,42,2027,,,,,,,,,,
linear_mac_matched,29,49,0.07544759618042102,0.17646475755276442,0.9888682745825603,0.9526462395543176,0.051726134000091406,0.04235982999989574,42,2027,,,,,,,,,,
linear_mac_matched,30,50,0.07400428091097946,0.1742691185309136,0.9897959183673469,0.9526462395543176,0.05374617899997247,0.0439481970001907,42,2027,,,,,,,,,,
linear_mac_matched,31,51,0.07272524609109518,0.17419171965920296,0.9897959183673469,0.9554317548746518,0.055775949000235414,0.04549527100061823,42,2027,,,,,,,,,,
linear_mac_matched,32,52,0.07170256498173717,0.17511177900465172,0.9897959183673469,0.9526462395543176,0.05749576300013359,0.04690117400059535,42,2027,,,,,,,,,,
linear_mac_matched,33,53,0.07053017140686405,0.17460141183801456,0.9907235621521335,0.9554317548746518,0.05949195199991664,0.04859364700041624,42,2027,,,,,,,,,,
linear_mac_matched,34,54,0.06947648392426278,0.17121081481080735,0.9907235621521335,0.9554317548746518,0.06115301699992415,0.049860000000535365,42,2027,,,,,,,,,,
linear_mac_matched,35,55,0.06852711769645943,0.17187101316732348,0.9897959183673469,0.9610027855153204,0.06294560100013769,0.051404881000507885,42,2027,,,,,,,,,,
linear_mac_matched,36,56,0.06739288397381239,0.17202792386180596,0.9907235621521335,0.9554317548746518,0.064866517000155,0.05305829600047218,42,2027,,,,,,,,,,
linear_mac_matched,37,57,0.06638945630945277,0.1698175879995176,0.9907235621521335,0.9610027855153204,0.06640346699987276,0.054321244000675506,42,2027,,,,,,,,,,
linear_mac_matched,38,58,0.06528022777674597,0.17005999166492464,0.9907235621521335,0.9610027855153204,0.06804630500027997,0.05572441200092726,42,2027,,,,,,,,,,
linear_mac_matched,39,59,0.06442507237680473,0.16924140887403283,0.9916512059369202,0.9610027855153204,0.06982801200001632,0.05726201200104697,42,2027,,,,,,,,,,
linear_mac_matched,40,60,0.06355410998328259,0.1682805497403227,0.9907235621521335,0.958217270194986,0.07133053899997321,0.05849965100105692,42,2027,,,,,,,,,,
linear_mac_matched,41,61,0.0626376003994337,0.16786784126147883,0.9907235621521335,0.9610027855153204,0.07309135500008779,0.05996976000096765,42,2027,,,,,,,,,,
linear_mac_matched,42,62,0.0617540735062581,0.16745636741281275,0.9935064935064936,0.9610027855153204,0.07499328199992306,0.06151533200090853,42,2027,,,,,,,,,,
linear_mac_matched,43,63,0.06094528691431915,0.16843981205086683,0.9925788497217068,0.9610027855153204,0.07669795399988288,0.06297293200123022,42,2027,,,,,,,,,,
linear_mac_matched,44,64,0.060433524248602905,0.16594845626600888,0.9935064935064936,0.958217270194986,0.07859933999998248,0.06444471300164878,42,2027,,,,,,,,,,
linear_mac_matched,45,65,0.059582687079172296,0.16831246792726015,0.9916512059369202,0.958217270194986,0.08086210000010396,0.06644534900169674,42,2027,,,,,,,,,,
linear_mac_matched,46,66,0.05874963831086681,0.1665252253399939,0.9944341372912802,0.9610027855153204,0.08315214100002777,0.06838484300169512,42,2027,,,,,,,,,,
linear_mac_matched,47,67,0.05779836640932089,0.1658127583000099,0.9944341372912802,0.958217270194986,0.08572709999998551,0.07027026600189856,42,2027,,,,,,,,,,
linear_mac_matched,48,68,0.057156112741440196,0.16469661380969414,0.9925788497217068,0.958217270194986,0.08763928300004409,0.071914446001756,42,2027,,,,,,,,,,
linear_mac_matched,49,69,0.056495049056304834,0.16417001560905123,0.9944341372912802,0.958217270194986,0.0897273700002188,0.07340945300165913,42,2027,,,,,,,,,,
linear_mac_matched,50,70,0.05569061278318079,0.16463498422850673,0.9944341372912802,0.9610027855153204,0.09138826600019456,0.0748065720017621,42,2027,,,,,,,,,,
linear_mac_matched,51,71,0.05513693146821124,0.16260367711160903,0.9944341372912802,0.958217270194986,0.09348831099987365,0.0765139670015742,42,2027,,,,,,,,,,
linear_mac_matched,52,72,0.054536457742076855,0.1649500629832888,0.9944341372912802,0.9610027855153204,0.09529981300011059,0.07796986500170533,42,2027,,,,,,,,,,
linear_mac_matched,53,73,0.053733496221365785,0.16455356484462652,0.9944341372912802,0.958217270194986,0.09706212099990807,0.07946680400164041,42,2027,,,,,,,,,,
linear_mac_matched,54,74,0.05307057735706968,0.1622864124915797,0.9944341372912802,0.958217270194986,0.09919555600026797,0.08121029300173177,42,2027,,,,,,,,,,
linear_mac_matched,55,75,0.052473112518119064,0.16344050676861369,0.9944341372912802,0.9610027855153204,0.10086112799990588,0.082629635001922,42,2027,,,,,,,,,,
linear_mac_matched,56,76,0.0518216808222346,0.16191960609340045,0.9944341372912802,0.958217270194986,0.10292950600023687,0.08445461700193846,42,2027,,,,,,,,,,
linear_mac_matched,57,77,0.051230070631001295,0.16323030342703687,0.9944341372912802,0.958217270194986,0.10508302200014441,0.08636411500219765,42,2027,,,,,,,,,,
linear_mac_matched,58,78,0.050609748072358574,0.1623999944066977,0.9944341372912802,0.958217270194986,0.10680691200013825,0.08784367800217296,42,2027,,,,,,,,,,
linear_mac_matched,59,79,0.050016487439788926,0.1627272701761856,0.9944341372912802,0.958217270194986,0.10841037099999085,0.08918718700215322,42,2027,,,,,,,,,,
linear_mac_matched,60,80,0.04951822014852089,0.16063066238928114,0.9944341372912802,0.958217270194986,0.110154151000188,0.0906842970020989,42,2027,,,,,,,,,,
linear_mac_matched,61,81,0.049026908175992596,0.16233935880100117,0.9944341372912802,0.9610027855153204,0.11200112599999557,0.09210648400221544,42,2027,,,,,,,,,,
linear_mac_matched,62,82,0.04840023661967554,0.16164525378164174,0.9944341372912802,0.958217270194986,0.11375142599990795,0.09358588700206383,42,2027,,,,,,,,,,
linear_mac_matched,63,83,0.047878418492099284,0.16107971324715398,0.9944341372912802,0.958217270194986,0.11565827100002934,0.09512441900187696,42,2027,,,,,,,,,,
linear_mac_matched,64,84,0.04750548558788287,0.1605995893884509,0.9944341372912802,0.958217270194986,0.11812061099999482,0.09733657200149537,42,2027,,,,,,,,,,
linear_mac_matched,65,85,0.04686395407901105,0.16139033476417486,0.9944341372912802,0.958217270194986,0.12020589400026438,0.0990619040017009,42,2027,,,,,,,,,,
linear_mac_matched,66,86,0.04644069034298629,0.16139352667575788,0.9944341372912802,0.958217270194986,0.12200330399991799,0.10061680000171691,42,2027,,,,,,,,,,
linear_mac_matched,67,87,0.04591828848946431,0.16027548157642282,0.9944341372912802,0.9610027855153204,0.12386812600016128,0.10219915700145066,42,2027,,,,,,,,,,
linear_mac_matched,68,88,0.045534946556147496,0.15908684485994914,0.9944341372912802,0.958217270194986,0.12613059500017698,0.1041358170014064,42,2027,,,,,,,,,,
linear_mac_matched,69,89,0.04499537559374364,0.1611053526268215,0.9944341372912802,0.958217270194986,0.1281237000002875,0.10588173000178358,42,2027,,,,,,,,,,
linear_mac_matched,70,90,0.04455653710773091,0.16110010245564277,0.9962894248608535,0.9610027855153204,0.1301543610002227,0.10734143300214782,42,2027,,,,,,,,,,
linear_mac_matched,71,91,0.04404259844248343,0.15867927000830012,0.9944341372912802,0.958217270194986,0.13197295400004805,0.10891093100190119,42,2027,,,,,,,,,,
linear_mac_matched,72,92,0.04361639639738612,0.15954215367678715,0.9953617810760668,0.9610027855153204,0.13375480100012282,0.11045046400204228,42,2027,,,,,,,,,,
linear_mac_matched,73,93,0.04317833631594115,0.16094279039637355,0.9953617810760668,0.958217270194986,0.13596841700018558,0.1122275040020213,42,2027,,,,,,,,,,
linear_mac_matched,74,94,0.04297725011865017,0.15979987473871998,0.9944341372912802,0.958217270194986,0.1376546500000586,0.11367317600206661,42,2027,,,,,,,,,,
linear_mac_matched,75,95,0.04241901133277465,0.16010815842772147,0.9953617810760668,0.9610027855153204,0.1391889659998924,0.11492565800199372,42,2027,,,,,,,,,,
linear_mac_matched,76,96,0.041975140564429136,0.16020971877965207,0.9962894248608535,0.9610027855153204,0.14116127900024367,0.1166511100018397,42,2027,,,,,,,,,,
linear_mac_matched,77,97,0.0415822597231291,0.15821202835534706,0.9953617810760668,0.958217270194986,0.14292499900011535,0.11815241600152149,42,2027,,,,,,,,,,
linear_mac_matched,78,98,0.041114318181827224,0.15854616334398786,0.9944341372912802,0.9610027855153204,0.1447412880002048,0.11971902000141199,42,2027,,,,,,,,,,
linear_mac_matched,79,99,0.04072263243194274,0.15979672405367099,0.9962894248608535,0.9610027855153204,0.14679191899995203,0.12152736700136302,42,2027,,,,,,,,,,
linear_mac_matched,80,100,0.04041822429638424,0.15827857920849436,0.9953617810760668,0.958217270194986,0.14847386600013124,0.12279521200116505,42,2027,,,,,,,,,,
linear_mac_matched,81,101,0.04004013644365312,0.1600246792935387,0.9962894248608535,0.9637883008356546,0.15012349500011624,0.12404495000100724,42,2027,,,,,,,,,,
linear_mac_matched,82,102,0.03958814367211072,0.15772046115562718,0.9953617810760668,0.9610027855153204,0.15211042999999336,0.1257917440007077,42,2027,,,,,,,,,,
linear_mac_matched,83,103,0.03930307108370976,0.15831948483506805,0.9962894248608535,0.9610027855153204,0.15376086000014766,0.1272074910007177,42,2027,,,,,,,,,,
linear_mac_matched,84,104,0.038830123441643376,0.15918157761803559,0.9962894248608535,0.9610027855153204,0.15615822200015828,0.1292606760007402,42,2027,,,,,,,,,,
linear_mac_matched,85,105,0.03858183083110735,0.15763974109462656,0.9953617810760668,0.958217270194986,0.1577533590002531,0.1306199890004791,42,2027,,,,,,,,,,
linear_mac_matched,86,106,0.03818150423901234,0.15895916633792706,0.9962894248608535,0.9637883008356546,0.15976197600002706,0.1323855110003933,42,2027,,,,,,,,,,
linear_mac_matched,87,107,0.03779088532071785,0.1578978777343236,0.9962894248608535,0.9610027855153204,0.1613138880002225,0.13358964999997625,42,2027,,,,,,,,,,
linear_mac_matched,88,108,0.03750083234652347,0.15929491570694962,0.9953617810760668,0.9610027855153204,0.16281618499988326,0.1347734189998846,42,2027,,,,,,,,,,
linear_mac_matched,89,109,0.03724497226935885,0.16043483333565906,0.9972170686456401,0.9637883008356546,0.16428978900012225,0.13598907599953236,42,2027,,,,,,,,,,
linear_mac_matched,90,110,0.03685277073257507,0.15957004638919273,0.9972170686456401,0.9637883008356546,0.1656614300000001,0.13712956899962592,42,2027,,,,,,,,,,
linear_mac_matched,91,111,0.03673343723157982,0.15594153171427438,0.9953617810760668,0.9610027855153204,0.16720633100021587,0.1383818009994684,42,2027,,,,,,,,,,
linear_mac_matched,92,112,0.036156783204385284,0.15821696836110571,0.9962894248608535,0.9637883008356546,0.16863132300022698,0.13957616599918765,42,2027,,,,,,,,,,
linear_mac_matched,93,113,0.03587649898418113,0.15945445484310833,0.9981447124304267,0.9665738161559888,0.1701530290001756,0.1407723929992244,42,2027,,,,,,,,,,
linear_mac_matched,94,114,0.0355500267743728,0.15938565338902433,0.9962894248608535,0.9637883008356546,0.17209744100000535,0.14247451999926852,42,2027,,,,,,,,,,
linear_mac_matched,95,115,0.03524750101841362,0.15841869338189404,0.9972170686456401,0.9637883008356546,0.17457767699988835,0.1446388919994206,42,2027,,,,,,,,,,
linear_mac_matched,96,116,0.03499560316482692,0.1588593970538516,0.9972170686456401,0.9665738161559888,0.1772834920002424,0.14701205699930142,42,2027,,,,,,,,,,
linear_mac_matched,97,117,0.03470308556782522,0.15799905723454463,0.9972170686456401,0.9637883008356546,0.17888966600003187,0.14837237099936829,42,2027,,,,,,,,,,
linear_mac_matched,98,118,0.034400239495897225,0.16032256565095182,0.9981447124304267,0.9665738161559888,0.18148187999986476,0.15048084899945025,42,2027,,,,,,,,,,
linear_mac_matched,99,119,0.03409371501249234,0.15728946757382017,0.9981447124304267,0.9637883008356546,0.1835487660000581,0.15229531499926452,42,2027,,,,,,,,,,
linear_mac_matched,100,120,0.03384587175845543,0.15760405927940865,0.9981447124304267,0.9665738161559888,0.18547483000020293,0.15384343099913167,42,2027,,,,,,,,,,
linear_mac_matched,101,121,0.033537990360114206,0.158642702174838,0.9981447124304267,0.9637883008356546,0.18710644100019636,0.15510346399923947,42,2027,,,,,,,,,,
linear_mac_matched,102,122,0.03328784581450191,0.1586347410657643,0.9981447124304267,0.9665738161559888,0.18875738199994885,0.15651111899933312,42,2027,,,,,,,,,,
linear_mac_matched,103,123,0.032993164461371495,0.16009373316280437,0.9981447124304267,0.9665738161559888,0.19055103700020481,0.15805764299921066,42,2027,,,,,,,,,,
linear_mac_matched,104,124,0.03270179992768101,0.1575837607530035,0.9981447124304267,0.9637883008356546,0.19204741500016098,0.15924308399917209,42,2027,,,,,,,,,,
linear_mac_matched,105,125,0.03243847850572722,0.15824673434344944,0.9981447124304267,0.9637883008356546,0.19350845999997546,0.1604688659990643,42,2027,,,,,,,,,,
linear_mac_matched,106,126,0.03227465312335818,0.15941440774653398,0.9972170686456401,0.9665738161559888,0.1950823950000995,0.16177037199895494,42,2027,,,,,,,,,,
linear_mac_matched,107,127,0.031932546336340656,0.1589971274419864,0.9981447124304267,0.9665738161559888,0.19665104200021233,0.16309997999906045,42,2027,,,,,,,,,,
linear_mac_matched,108,128,0.03164506220775771,0.15902427580219428,0.9981447124304267,0.9665738161559888,0.19802033899986782,0.16424267699903794,42,2027,,,,,,,,,,
linear_mac_matched,109,129,0.03143002411614831,0.15931529726336865,0.9981447124304267,0.9665738161559888,0.19956332800029486,0.1655397759986954,42,2027,,,,,,,,,,
linear_mac_matched,110,130,0.03125329678781698,0.1599081863179794,0.9981447124304267,0.9637883008356546,0.20109291600010692,0.1668273109985421,42,2027,,,,,,,,,,
linear_mac_matched,111,131,0.030968263289705627,0.157564931832702,0.9981447124304267,0.9665738161559888,0.20261666500027786,0.16811554699870612,42,2027,,,,,,,,,,
linear_mac_matched,112,132,0.030754019860806198,0.15955128085675255,0.9981447124304267,0.9665738161559888,0.20445845199992618,0.16950745799886136,42,2027,,,,,,,,,,
linear_mac_matched,113,133,0.03051168388635707,0.15847365512863046,0.9972170686456401,0.9637883008356546,0.20589492099998097,0.17070094099881317,42,2027,,,,,,,,,,
linear_mac_matched,114,134,0.030274960420025313,0.16040352747845213,0.9981447124304267,0.9665738161559888,0.20803914199996143,0.1725061539991657,42,2027,,,,,,,,,,
linear_mac_matched,115,135,0.029973419690643474,0.1577285454621491,0.9981447124304267,0.9665738161559888,0.20979040400015947,0.17400864199953503,42,2027,,,,,,,,,,
linear_mac_matched,116,136,0.029758151827269947,0.15778354408468698,0.9981447124304267,0.9665738161559888,0.21162187600020843,0.17521881999982725,42,2027,,,,,,,,,,
linear_mac_matched,117,137,0.029513960648656485,0.1597672918823386,0.9981447124304267,0.9665738161559888,0.21318701700010934,0.17654708600002778,42,2027,,,,,,,,,,
linear_mac_matched,118,138,0.02929704526704079,0.1594305299181302,0.9981447124304267,0.9637883008356546,0.2145806309999898,0.17771255700017718,42,2027,,,,,,,,,,
linear_mac_matched,119,139,0.029083250364209935,0.15890812559479606,0.9981447124304267,0.9665738161559888,0.21599015900028462,0.1788959350001278,42,2027,,,,,,,,,,
linear_mac_matched,120,140,0.028907053195808993,0.15807081228475917,0.9981447124304267,0.9665738161559888,0.21782479500006957,0.18048583300014798,42,2027,,,,,,,,,,
linear_mac_matched,121,141,0.028664468721890823,0.15850948830712872,0.9981447124304267,0.9665738161559888,0.21963440399986212,0.1820074699999168,42,2027,,,,,,,,,,
linear_mac_matched,122,142,0.028443640857693363,0.16025870341907916,0.9981447124304267,0.9665738161559888,0.22118941000007908,0.18332632200008447,42,2027,,,,,,,,,,
linear_mac_matched,123,143,0.028285271193834016,0.1589157334630683,0.9981447124304267,0.9665738161559888,0.22261823700000605,0.18450714600021456,42,2027,,,,,,,,,,
linear_mac_matched,124,144,0.028053231417119923,0.15881394109526709,0.9981447124304267,0.9665738161559888,0.22514706699985254,0.1867863710003803,42,2027,,,,,,,,,,
linear_mac_matched,125,145,0.02782748679472145,0.15790973017964008,0.9981447124304267,0.9665738161559888,0.22671430099990175,0.18810831700011477,42,2027,,,,,,,,,,
linear_mac_matched,126,146,0.027609244915318843,0.15976333652959343,0.9981447124304267,0.9665738161559888,0.2281309700001657,0.18929257700028757,42,2027,,,,,,,,,,
linear_mac_matched,127,147,0.027421741177294384,0.1606151678020291,0.9981447124304267,0.9665738161559888,0.22974129000022003,0.19066960600002858,42,2027,,,,,,,,,,
linear_mac_matched,128,148,0.02725150361732009,0.16090462834680916,0.9981447124304267,0.9665738161559888,0.23170740400018985,0.19238748699990538,42,2027,,,,,,,,,,
linear_mac_matched,129,149,0.027047228519805313,0.1588891853567389,0.9981447124304267,0.9665738161559888,0.23310689700019793,0.1935527379996529,42,2027,,,,,,,,,,
linear_mac_matched,130,150,0.026853355683814622,0.16062227576966892,0.9981447124304267,0.9665738161559888,0.23478632000023936,0.19486921599946072,42,2027,,,,,,,,,,
linear_mac_matched,131,151,0.026604490702742272,0.15995471109887166,0.9981447124304267,0.9665738161559888,0.23658475199999884,0.1964268659994559,42,2027,,,,,,,,,,
linear_mac_matched,132,152,0.02643486516976183,0.16056547416976835,0.9981447124304267,0.9665738161559888,0.23829525200017088,0.19785694499933015,42,2027,,,,,,,,,,
linear_mac_matched,133,153,0.026251837472864983,0.15878491992511368,0.9981447124304267,0.9665738161559888,0.23981356300009793,0.19905174999939845,42,2027,,,,,,,,,,
linear_mac_matched,134,154,0.026052087097063817,0.15931374495744394,0.9981447124304267,0.9665738161559888,0.2416715950002981,0.20058816799928536,42,2027,,,,,,,,,,
linear_mac_matched,135,155,0.02589341126368148,0.1603226105638832,0.9981447124304267,0.9665738161559888,0.24327391199994963,0.20190077999905043,42,2027,,,,,,,,,,
linear_mac_matched,136,156,0.025780742871264563,0.15961640521456358,0.9981447124304267,0.9637883008356546,0.24497945500024798,0.20335239099904356,42,2027,,,,,,,,,,
linear_mac_matched,137,157,0.025626560582291794,0.1596982870663238,0.9981447124304267,0.9665738161559888,0.2464049459999842,0.20452864899880296,42,2027,,,,,,,,,,
linear_mac_matched,138,158,0.025320591145721813,0.16003540352647436,0.9981447124304267,0.9665738161559888,0.2479656509999586,0.2058499239988123,42,2027,,,,,,,,,,
linear_mac_matched,139,159,0.025178096548414672,0.1605398689313731,0.9981447124304267,0.9665738161559888,0.24997980800026198,0.20745736999879227,42,2027,,,,,,,,,,
linear_mac_matched,140,160,0.025074359910031357,0.16188124647162633,0.9981447124304267,0.9665738161559888,0.25146857500021724,0.20869087399887576,42,2027,,,,,,,,,,
linear_mac_matched,141,161,0.02479120840254229,0.15992775629986677,0.9981447124304267,0.9665738161559888,0.2533934570001293,0.21026304599854484,42,2027,,,,,,,,,,
linear_mac_matched,142,162,0.02473114990538631,0.15835485603579882,0.9981447124304267,0.9665738161559888,0.2549342520001119,0.211560645998361,42,2027,,,,,,,,,,
linear_mac_matched,143,163,0.024474078460940643,0.16201804640806688,0.9981447124304267,0.9665738161559888,0.25674721599989425,0.21312608799871668,42,2027,,,,,,,,,,
linear_mac_matched,144,164,0.024400876140136862,0.16180956306603217,0.9981447124304267,0.9665738161559888,0.25815218700017795,0.2142994609989728,42,2027,,,,,,,,,,
linear_mac_matched,145,165,0.02411993097142154,0.16062273567382357,0.9981447124304267,0.9665738161559888,0.2598637979999694,0.21577307499910603,42,2027,,,,,,,,,,
linear_mac_matched,146,166,0.023954291429371093,0.16100046036282148,0.9981447124304267,0.9665738161559888,0.2615664260001722,0.2169414199993298,42,2027,,,,,,,,,,
linear_mac_matched,147,167,0.02380110537106671,0.16147118278720918,0.9981447124304267,0.9665738161559888,0.26309495300029084,0.218195222999384,42,2027,,,,,,,,,,
linear_mac_matched,148,168,0.02368074072361934,0.16266931167384036,0.9981447124304267,0.9665738161559888,0.26513383600013185,0.21998736599925905,42,2027,,,,,,,,,,
linear_mac_matched,149,169,0.02361850073052227,0.16068769631545823,0.9981447124304267,0.9665738161559888,0.26672273400026825,0.22131265699954383,42,2027,,,,,,,,,,
linear_mac_matched,150,170,0.02336096327825181,0.1606765874464949,0.9990723562152134,0.9665738161559888,0.2686085170003025,0.22295121899969672,42,2027,,,,,,,,,,
linear_mac_matched,151,171,0.023226611098324104,0.1601538765318471,0.9981447124304267,0.9665738161559888,0.27006506599991553,0.22417548899966278,42,2027,,,,,,,,,,
linear_mac_matched,152,172,0.023020280771681372,0.1623412628975271,0.9981447124304267,0.9665738161559888,0.2715359060002811,0.22541668399981063,42,2027,,,,,,,,,,
linear_mac_matched,153,173,0.022868346585462173,0.1630401331059619,0.9981447124304267,0.9665738161559888,0.2730958800002554,0.22674330799964082,42,2027,,,,,,,,,,
linear_mac_matched,154,174,0.02269177519916311,0.1618703737447301,0.9981447124304267,0.9665738161559888,0.2745472999999947,0.22796740699959628,42,2027,,,,,,,,,,
linear_mac_matched,155,175,0.02257603009449195,0.16151353713046562,0.9981447124304267,0.9665738161559888,0.27603432500018243,0.22921433099963906,42,2027,,,,,,,,,,
linear_mac_matched,156,176,0.022438352577921705,0.16261591869843844,0.9981447124304267,0.9665738161559888,0.2781778650000888,0.231114976999379,42,2027,,,,,,,,,,
linear_mac_matched,157,177,0.02226645467961835,0.16175684478739255,0.9990723562152134,0.9665738161559888,0.27998345800006064,0.23267762499926903,42,2027,,,,,,,,,,
linear_mac_matched,158,178,0.022170722445701146,0.16097607311405948,0.9981447124304267,0.9665738161559888,0.2818540880002729,0.23430326799916656,42,2027,,,,,,,,,,
linear_mac_matched,159,179,0.021978339489913887,0.16334015125218304,0.9981447124304267,0.9665738161559888,0.2836709279999923,0.23587806399928013,42,2027,,,,,,,,,,
linear_mac_matched,160,180,0.021817828243585698,0.16252175604769814,0.9981447124304267,0.9665738161559888,0.2851742870002454,0.23714559799964263,42,2027,,,,,,,,,,
linear_mac_matched,161,181,0.02168602070089262,0.1612642507259961,0.9981447124304267,0.9665738161559888,0.2867997490002381,0.23845027799961827,42,2027,,,,,,,,,,
linear_mac_matched,162,182,0.02155403573877886,0.16285430727918868,0.9981447124304267,0.9665738161559888,0.2884585120000338,0.23975457799951982,42,2027,,,,,,,,,,
linear_mac_matched,163,183,0.02146471972027005,0.162567913346181,0.9981447124304267,0.9665738161559888,0.2899681200001396,0.2410336599996299,42,2027,,,,,,,,,,
linear_mac_matched,164,184,0.02129689234290684,0.16260673633993913,0.9990723562152134,0.9665738161559888,0.2914581690001796,0.2422607039993636,42,2027,,,,,,,,,,
linear_mac_matched,165,185,0.021215832645162594,0.1625686694048193,0.9990723562152134,0.9665738161559888,0.2929679369999576,0.24341287499919417,42,2027,,,,,,,,,,
linear_mac_matched,166,186,0.021066833062893652,0.16323638317079997,0.9981447124304267,0.9665738161559888,0.2943927179999264,0.24458795099917552,42,2027,,,,,,,,,,
linear_mac_matched,167,187,0.02086883883140645,0.16401106286038356,0.9981447124304267,0.9665738161559888,0.2957903780002198,0.24575992199925167,42,2027,,,,,,,,,,
linear_mac_matched,168,188,0.020755522678265345,0.16156605449967643,0.9990723562152134,0.9665738161559888,0.2973182430000634,0.24702510299903224,42,2027,,,,,,,,,,
linear_mac_matched,169,189,0.020653910410087576,0.1622157510009053,0.9990723562152134,0.9665738161559888,0.2991617430002407,0.2485979959992619,42,2027,,,,,,,,,,
linear_mac_matched,170,190,0.020461080160344116,0.16351582294707642,0.9981447124304267,0.9665738161559888,0.300718181999855,0.24992119399894364,42,2027,,,,,,,,,,
linear_mac_matched,171,191,0.020349117327927855,0.16418510841279146,0.9981447124304267,0.9665738161559888,0.3022524070001964,0.25118939899903125,42,2027,,,,,,,,,,
linear_mac_matched,172,192,0.020222664367197326,0.16294569480474697,0.9990723562152134,0.9665738161559888,0.3038452599998891,0.25253754399909667,42,2027,,,,,,,,,,
linear_mac_matched,173,193,0.020076301433033523,0.16404482607037107,0.9981447124304267,0.9665738161559888,0.30538907900017875,0.25380232399902525,42,2027,,,,,,,,,,
linear_mac_matched,174,194,0.01997709953905518,0.16266818662839383,0.9990723562152134,0.9665738161559888,0.30676726999990933,0.2549534139993739,42,2027,,,,,,,,,,
linear_mac_matched,175,195,0.019894313365998027,0.16434281217400593,0.9990723562152134,0.9665738161559888,0.3084092070002953,0.25613173499959885,42,2027,,,,,,,,,,
linear_mac_matched,176,196,0.019832121200896245,0.16343344612181593,0.9981447124304267,0.9665738161559888,0.3099877690001449,0.25746485799936636,42,2027,,,,,,,,,,
linear_mac_matched,177,197,0.01962843737774751,0.16429485667765822,0.9990723562152134,0.9665738161559888,0.31164281600013055,0.2588678659994912,42,2027,,,,,,,,,,
linear_mac_matched,178,198,0.019466778149519734,0.16463306639391456,0.9990723562152134,0.9665738161559888,0.31337945499990383,0.2601847849996375,42,2027,,,,,,,,,,
linear_mac_matched,179,199,0.01940049535001582,0.16400002247577003,0.9990723562152134,0.9665738161559888,0.31479352999986077,0.2613628249996509,42,2027,,,,,,,,,,
linear_mac_matched,180,200,0.019258945197201133,0.16451471267381051,0.9981447124304267,0.9665738161559888,0.31760750800003734,0.2639173539996591,42,2027,,,,,,,,,,
linear_mac_matched,181,201,0.01911336733738163,0.16497291764547897,0.9990723562152134,0.9665738161559888,0.32100082600027235,0.2669482779997452,42,2027,,,,,,,,,,
linear_mac_matched,182,202,0.018983187232047075,0.1654935188699489,0.9981447124304267,0.9665738161559888,0.3234501160000036,0.2687559239998336,42,2027,,,,,,,,,,
linear_mac_matched,183,203,0.0188752760217024,0.16453110252269423,0.9990723562152134,0.9665738161559888,0.3272455589999481,0.27178767899977174,42,2027,,,,,,,,,,
linear_mac_matched,184,204,0.01876036805326273,0.16515585310224543,0.9990723562152134,0.9665738161559888,0.3293325750000804,0.27357640699983676,42,2027,,,,,,,,,,
linear_mac_matched,185,205,0.018648468346308567,0.1658495339326934,0.9981447124304267,0.9665738161559888,0.3315499660002388,0.27526346200011176,42,2027,,,,,,,,,,
linear_mac_matched,186,206,0.018530027305448157,0.16470569491271844,0.9990723562152134,0.9665738161559888,0.33442921200003184,0.2774914090000493,42,2027,,,,,,,,,,
linear_mac_matched,187,207,0.018413081200836443,0.16517389444158884,0.9990723562152134,0.9665738161559888,0.3372867960001713,0.28004242199995133,42,2027,,,,,,,,,,
linear_mac_matched,188,208,0.018293638103903123,0.16544420740271762,0.9990723562152134,0.9665738161559888,0.33968948600022486,0.28218865700000606,42,2027,,,,,,,,,,
linear_mac_matched,189,209,0.01820911160398797,0.16624007754039455,0.9990723562152134,0.9665738161559888,0.3419100820001404,0.2839884909999455,42,2027,,,,,,,,,,
linear_mac_matched,190,210,0.018098181514618575,0.1645906693260093,0.9990723562152134,0.9665738161559888,0.34383608600001025,0.2855523200000789,42,2027,,,,,,,,,,
linear_mac_matched,191,211,0.01800344451290675,0.16711642667847235,0.9990723562152134,0.9665738161559888,0.34608221999997113,0.2874240219998683,42,2027,,,,,,,,,,
linear_mac_matched,192,212,0.017894277215936356,0.16517004183288536,0.9990723562152134,0.9665738161559888,0.3477019840001958,0.2888029739997364,42,2027,,,,,,,,,,
moe_no_balance,0,20,0.16127496018514495,0.24919067738343062,0.9758812615955473,0.935933147632312,0.0017632989997764525,0.0,42,2027,1.1271052020912113,0.16127496018514495,0.9912662722769622,0.9962807725885361,1.9091203333912927e-18,0.0,0.48144712430426717,0.023191094619666047,0.49257884972170685,0.0027829313543599257
moe_no_balance,1,21,0.15224882900958947,0.2399905040455203,0.9777365491651205,0.935933147632312,0.015341739999712445,0.008084176000011212,42,2027,1.136291482144759,0.15224882900958947,0.9849304384786038,0.9865628281036282,,,0.3747680890538033,0.12755102040816327,0.4972170686456401,0.00046382189239332097
moe_no_balance,2,22,0.14319199678825614,0.2277937532552393,0.974025974025974,0.9442896935933147,0.02573757999971349,0.015993110000181332,42,2027,1.1941663470716823,0.14319199678825614,0.9681749999393088,0.9718366985613478,,,0.3167903525046382,0.18738404452690166,0.4958256029684601,0.0
moe_no_balance,3,23,0.13571664328867994,0.22344126010796742,0.9758812615955473,0.935933147632312,0.03701216999979806,0.024811509000301157,42,2027,1.20371252661692,0.13571664328867994,0.9667055457577611,0.9802366534113205,,,0.3812615955473098,0.1284786641929499,0.4902597402597403,0.0
moe_no_balance,4,24,0.1266486701264334,0.21036936283195698,0.9823747680890538,0.9387186629526463,0.04728069799966761,0.03278099300041504,42,2027,1.159922675607526,0.1266486701264334,0.9707470220609742,0.9841385279263822,,,0.28710575139146566,0.2435064935064935,0.46938775510204084,0.0
moe_no_balance,5,25,0.11967383136699504,0.20407082093587786,0.9842300556586271,0.9442896935933147,0.05657824699983394,0.0397756020001907,42,2027,1.1715987586436911,0.11967383136699504,0.9664811197119225,0.97867743508058,,,0.2917439703153989,0.23330241187384043,0.4749536178107607,0.0
moe_no_balance,6,26,0.12032809729982939,0.20888382364771194,0.9814471243042672,0.9415041782729805,0.06605052999975669,0.046936301000187086,42,2027,1.2190342175494664,0.12032809729982939,0.9584538372714081,0.979633035819612,,,0.4067717996289425,0.11734693877551021,0.47588126159554733,0.0
moe_no_balance,7,27,0.11063519659211375,0.20049587836153548,0.9860853432282004,0.947075208913649,0.07593775499981348,0.054170650000287424,42,2027,1.1971230790743008,0.11063519659211375,0.9548288393744426,0.9655425498216244,,,0.2588126159554731,0.2592764378478664,0.4819109461966605,0.0
moe_no_balance,8,28,0.10440245514636082,0.19356709850068313,0.9879406307977736,0.9554317548746518,0.08495171899994602,0.06108196500008489,42,2027,1.1941718440263838,0.10440245514636082,0.9542205782189987,0.9687364153661363,,,0.3390538033395176,0.18738404452690166,0.4735621521335807,0.0
moe_no_balance,9,29,0.09889000538515992,0.18307696583522418,0.9888682745825603,0.9498607242339833,0.09568939599967052,0.06919359700032146,42,2027,1.1823453959645438,0.09889000538515992,0.9525561626982182,0.9654443941932642,,,0.2880333951762523,0.24025974025974026,0.4717068645640074,0.0
moe_no_balance,10,30,0.09383638526082586,0.18228981172631564,0.9897959183673469,0.9498607242339833,0.10603601200000412,0.07696115800035841,42,2027,1.169007082433101,0.09383638526082586,0.9523809306684595,0.966265062217019,,,0.2884972170686456,0.2504638218923933,0.461038961038961,0.0
moe_no_balance,11,31,0.09111039724343852,0.17876335782386857,0.9888682745825603,0.958217270194986,0.11513458299987178,0.0838393920003,42,2027,1.1942659343037891,0.09111039724343852,0.9431008493184809,0.9573717574919475,,,0.30890538033395176,0.21614100185528756,0.4744897959183674,0.00046382189239332097
moe_no_balance,12,32,0.08981464269335543,0.1820102455081374,0.987012987012987,0.9526462395543176,0.12459583800000473,0.0911804730003496,42,2027,1.1380682784540481,0.08981464269335543,0.9491501999576786,0.962001473840217,,,0.2963821892393321,0.2829313543599258,0.4206864564007421,0.0
moe_no_balance,13,33,0.08111464554907678,0.16801291060348575,0.9916512059369202,0.9610027855153204,0.13544622099971093,0.09900163400016027,42,2027,1.1725241868374578,0.08111464554907678,0.9391141232924982,0.95357331916955,,,0.310760667903525,0.23469387755102042,0.45454545454545453,0.0
moe_no_balance,14,34,0.08646749907755122,0.18386073788457422,0.9860853432282004,0.9610027855153204,0.14594458499959728,0.10653582400027517,42,2027,1.1495556192852174,0.08646749907755122,0.9340732403242606,0.952144191917211,,,0.32189239332096475,0.2847866419294991,0.39332096474953615,0.0
moe_no_balance,15,35,0.07438363090242955,0.16657786855693021,0.9916512059369202,0.9637883008356546,0.15492074099984166,0.11356133900017085,42,2027,1.2023506439716065,0.07438363090242955,0.9210828296744838,0.9461691627550041,,,0.30009276437847865,0.24304267161410018,0.45686456400742115,0.0
moe_no_balance,16,36,0.07171590535688002,0.1700211149501949,0.9925788497217068,0.9637883008356546,0.16457456599982834,0.12064825700008441,42,2027,1.1782825718649774,0.07171590535688002,0.9211169160591199,0.9456177145165172,,,0.27087198515769945,0.2940630797773655,0.43506493506493504,0.0
moe_no_balance,17,37,0.06898429697792653,0.16685372253264458,0.9907235621521335,0.9637883008356546,0.17466987399984646,0.1281752760000927,42,2027,1.1905038325609048,0.06898429697792653,0.9158283725697547,0.9397350432073652,,,0.30565862708719854,0.2504638218923933,0.44387755102040816,0.0
moe_no_balance,18,38,0.06628855394608915,0.16170182820797513,0.9925788497217068,0.9665738161559888,0.18577181499995277,0.1367548270000043,42,2027,1.1802839746829519,0.06628855394608915,0.9148137675286758,0.9398876709091593,,,0.25510204081632654,0.3038033395176252,0.44109461966604824,0.0
moe_no_balance,19,39,0.06314859405294188,0.16240858180967138,0.9925788497217068,0.9637883008356546,0.1952753229998052,0.14368509900032223,42,2027,1.1751702791326921,0.06314859405294188,0.9117201213308385,0.9349110777780948,,,0.28061224489795916,0.2829313543599258,0.436456400742115,0.0
moe_no_balance,20,40,0.060567279631665666,0.15995894731802573,0.9944341372912802,0.9637883008356546,0.20425880099992355,0.15060509700015245,42,2027,1.1801507700700418,0.060567279631665666,0.9080707351911497,0.932811002213449,0.016753336607589164,0.0,0.26113172541743973,0.2949907235621521,0.44387755102040816,0.0
moe_no_balance,21,41,0.05922014948180169,0.16066924953029588,0.9916512059369202,0.9637883008356546,0.2178535269999884,0.15877457100032188,42,2027,1.1750824377200855,0.05922014948180169,0.9066813167598583,0.9293667474674618,,,0.28061224489795916,0.2815398886827458,0.437847866419295,0.0
moe_no_balance,22,42,0.0568011557600345,0.1613336437106362,0.9935064935064936,0.9665738161559888,0.22751446199981729,0.16626298300025155,42,2027,1.1845891569376568,0.0568011557600345,0.9023194433319643,0.9260852124186053,,,0.2764378478664193,0.2764378478664193,0.44712430426716143,0.0
moe_no_balance,23,43,0.05463607295683262,0.15870465362820305,0.9935064935064936,0.9665738161559888,0.2368345549998594,0.17340004600009706,42,2027,1.178202293403201,0.05463607295683262,0.9002474794290989,0.9235140227032135,,,0.2694805194805195,0.2884972170686456,0.4420222634508349,0.0
moe_no_balance,24,44,0.055119357289032035,0.15802336614012402,0.9925788497217068,0.9749303621169917,0.2465647449998869,0.18109619000006205,42,2027,1.1876526040565505,0.055119357289032035,0.8875905360074885,0.9171395952704539,,,0.29591836734693877,0.2782931354359926,0.42578849721706863,0.0
moe_no_balance,25,45,0.05041691124524325,0.154160311586301,0.9935064935064936,0.9749303621169917,0.25473527099984494,0.1871378780001578,42,2027,1.2289051348095195,0.05041691124524325,0.8622111839996969,0.9175072582110898,,,0.26391465677179965,0.3010204081632653,0.43506493506493504,0.0
moe_no_balance,26,46,0.048848519776342456,0.15583114503014475,0.9944341372912802,0.9693593314763231,0.26353127699985635,0.19383560200003558,42,2027,1.234604701239201,0.048848519776342456,0.8557303306123989,0.9139594488358828,,,0.26855287569573283,0.2949907235621521,0.436456400742115,0.0
moe_no_balance,27,47,0.04684828290968632,0.15386104690652946,0.9944341372912802,0.9721448467966574,0.2719952339998599,0.20020101599993723,42,2027,1.2433114860766104,0.04684828290968632,0.8526987212709346,0.9148538288302533,,,0.2481447124304267,0.3116883116883117,0.4401669758812616,0.0
moe_no_balance,28,48,0.048243449060778716,0.15482986878206959,0.9925788497217068,0.9749303621169917,0.27997852899989084,0.20625576299971726,42,2027,1.2292806571002337,0.048243449060778716,0.8497016770475316,0.9065557106482336,,,0.2884972170686456,0.2852504638218924,0.426252319109462,0.0
moe_no_balance,29,49,0.04572372979963644,0.15385776922521835,0.9944341372912802,0.9721448467966574,0.2880324599996129,0.21225147199993444,42,2027,1.2353420186793163,0.04572372979963644,0.8484494201366973,0.9076798717073665,,,0.26716141001855287,0.29684601113172543,0.4359925788497217,0.0
moe_no_balance,30,50,0.042566807299163484,0.1545095905325023,0.9962894248608535,0.9721448467966574,0.29635012699964136,0.21841953899956934,42,2027,1.2465989996282054,0.042566807299163484,0.8452539548349023,0.9078579865526105,,,0.24907235621521337,0.30565862708719854,0.4452690166975881,0.0
moe_no_balance,31,51,0.04262471423103132,0.15209359756813473,0.9953617810760668,0.9749303621169917,0.30492695399971126,0.22466395099991132,42,2027,1.2295618683094864,0.04262471423103132,0.8445135761123719,0.9031111599461177,,,0.25788497217068646,0.31261595547309834,0.4294990723562152,0.0
moe_no_balance,32,52,0.04030283411925131,0.1549316831420479,0.9962894248608535,0.9749303621169917,0.31357436600001165,0.2308682219995717,42,2027,1.2334732415232612,0.04030283411925131,0.8415079189079103,0.9009266123005948,,,0.26113172541743973,0.3038033395176252,0.43506493506493504,0.0
moe_no_balance,33,53,0.03900905419028105,0.15230098585503551,0.9962894248608535,0.9749303621169917,0.32197482799983845,0.23715734099960173,42,2027,1.2316424592561384,0.03900905419028105,0.8393113548945089,0.8986067838784375,,,0.2541743970315399,0.31307977736549164,0.4327458256029685,0.0
moe_no_balance,34,54,0.039139147147281464,0.15438061348923723,0.9953617810760668,0.9693593314763231,0.3304124349997437,0.2435545129997081,42,2027,1.2365211373910263,0.039139147147281464,0.837217555600445,0.8968466520764148,,,0.2634508348794063,0.2987012987012987,0.437847866419295,0.0
moe_no_balance,35,55,0.03769740120598746,0.15465193441463868,0.9962894248608535,0.9749303621169917,0.3388366319995839,0.2501181239995276,42,2027,1.2330472710791314,0.03769740120598746,0.8364922593624491,0.8956891731113767,,,0.2588126159554731,0.30658627087198514,0.43460111317254174,0.0
moe_no_balance,36,56,0.03624066345773316,0.15446195269009774,0.9953617810760668,0.9749303621169917,0.3469123669997316,0.25609666699938316,42,2027,1.2312632121828664,0.03624066345773316,0.8338997281841976,0.8928055553989259,,,0.25510204081632654,0.3116883116883117,0.4332096474953618,0.0
moe_no_balance,37,57,0.034686940846963374,0.1545399574362419,0.9972170686456401,0.9749303621169917,0.3555613710000216,0.2627098529997056,42,2027,1.2376752113444125,0.034686940846963374,0.8316052979543128,0.8919649800154102,,,0.2560296846011132,0.3038033395176252,0.4401669758812616,0.0
moe_no_balance,38,58,0.03462125972888038,0.1547200957434451,0.9962894248608535,0.9749303621169917,0.36340080999980273,0.26856745399982174,42,2027,1.2301300617268962,0.03462125972888038,0.8304926680908057,0.8883527574159822,,,0.26205936920222633,0.3047309833024119,0.4332096474953618,0.0
moe_no_balance,39,59,0.033418610224377795,0.15430820663228148,0.9972170686456401,0.9749303621169917,0.3710584159998689,0.27433271599966247,42,2027,1.236470516692642,0.033418610224377795,0.8278430789955825,0.8872458183570621,,,0.25834879406307976,0.3033395176252319,0.4383116883116883,0.0
moe_no_balance,40,60,0.031939680594431454,0.15563956737827034,0.9972170686456401,0.9721448467966574,0.37909580099994855,0.2802845579994937,42,2027,1.2411464114711668,0.031939680594431454,0.8257557824002884,0.886963468287259,0.02212362144609964,0.0,0.2481447124304267,0.3098330241187384,0.4420222634508349,0.0
moe_no_balance,41,61,0.032022904775374256,0.15570437706955928,0.9962894248608535,0.9749303621169917,0.39077429899998606,0.2867726259992196,42,2027,1.2300762671193994,0.032022904775374256,0.8253662001572797,0.8830952777339116,,,0.26205936920222633,0.3051948051948052,0.4327458256029685,0.0
moe_no_balance,42,62,0.03109125015166871,0.15599165199625253,0.9972170686456401,0.9721448467966574,0.3991573339999377,0.2932326819991431,42,2027,1.2374647294535073,0.03109125015166871,0.8233822372883384,0.8831792589602356,,,0.25092764378478666,0.3102968460111317,0.4387755102040816,0.0
moe_no_balance,43,63,0.030314631006637924,0.15678072623643793,0.9972170686456401,0.9721448467966574,0.4075498739998693,0.29959593299918197,42,2027,1.231474285286997,0.030314631006637924,0.821848182492248,0.8803777613559718,,,0.2523191094619666,0.3167903525046382,0.43089053803339517,0.0
moe_no_balance,44,64,0.02942806338776758,0.15585542744040956,0.9972170686456401,0.9721448467966574,0.4159284319998733,0.3057297189993733,42,2027,1.235819149210835,0.02942806338776758,0.8196492425279256,0.8790819276075372,,,0.25139146567717996,0.31307977736549164,0.4355287569573284,0.0
moe_no_balance,45,65,0.028692396609367857,0.15655065297566695,0.9972170686456401,0.9721448467966574,0.423720769999818,0.31149851699956344,42,2027,1.2339620174214458,0.028692396609367857,0.8186206817283129,0.8771136341155016,,,0.25463821892393323,0.3116883116883117,0.4336734693877551,0.0
moe_no_balance,46,66,0.02866901081550952,0.1566653516490934,0.9981447124304267,0.9721448467966574,0.4316852669999207,0.31767965399922105,42,2027,1.2277282767584672,0.02866901081550952,0.8165090090751561,0.8735556132331858,,,0.25185528756957326,0.32235621521335805,0.42578849721706863,0.0
moe_no_balance,47,67,0.027391062156031768,0.15737579318993755,0.9981447124304267,0.9721448467966574,0.4394280399997115,0.3234297739991234,42,2027,1.2366098134768475,0.027391062156031768,0.8141536463307258,0.8734803704047293,,,0.2541743970315399,0.3098330241187384,0.4359925788497217,0.0
moe_no_balance,48,68,0.026937392531705625,0.15364489277540896,0.9972170686456401,0.9721448467966574,0.44716337299996667,0.3292954779990396,42,2027,1.230651778805612,0.026937392531705625,0.8143100568942614,0.8717623785880626,,,0.2537105751391466,0.3177179962894249,0.42857142857142855,0.0
moe_no_balance,49,69,0.02620072916592329,0.157208142719879,0.9981447124304267,0.9721448467966574,0.4553757709995807,0.3356114069993055,42,2027,1.2389774050968527,0.02620072916592329,0.8121997207547118,0.8716100774652821,,,0.2541743970315399,0.3079777365491651,0.437847866419295,0.0
moe_no_balance,50,70,0.02656141469599148,0.15836243937233085,0.9981447124304267,0.9721448467966574,0.4634891619998598,0.3417810769992684,42,2027,1.2279056547348242,0.02656141469599148,0.8117576462174193,0.8680448153473548,,,0.2523191094619666,0.3228200371057514,0.424860853432282,0.0
moe_no_balance,51,71,0.025092682189852677,0.15715234768466416,0.9981447124304267,0.9721448467966574,0.4741926539995802,0.3505278279990307,42,2027,1.234833267465919,0.025092682189852677,0.8110012339177144,0.8688505680171693,,,0.2564935064935065,0.30936920222634506,0.43413729128014844,0.0
moe_no_balance,52,72,0.02450498057545407,0.15537519447309023,0.9981447124304267,0.9749303621169917,0.489344138999968,0.36074980699913795,42,2027,1.2385132753754293,0.02450498057545407,0.8090437771345039,0.8682538559181947,,,0.24489795918367346,0.3200371057513915,0.43506493506493504,0.0
moe_no_balance,53,73,0.023771836747633206,0.15710701237318794,0.9981447124304267,0.9721448467966574,0.5036913599997206,0.369720308999149,42,2027,1.2320742479120899,0.023771836747633206,0.8075658652346932,0.8646874487382068,,,0.25185528756957326,0.31493506493506496,0.4332096474953618,0.0
moe_no_balance,54,74,0.023286669259063024,0.1583008061784921,0.9981447124304267,0.9749303621169917,0.5123414069998944,0.37616929799924037,42,2027,1.2377817885650766,0.023286669259063024,0.8066683874368429,0.8650303028350274,,,0.2523191094619666,0.312152133580705,0.4355287569573284,0.0
moe_no_balance,55,75,0.023512893507911404,0.15828756441818168,0.9981447124304267,0.9721448467966574,0.520672273999935,0.38235838699893065,42,2027,1.2284576958361224,0.023512893507911404,0.8059710121509256,0.8617830190156653,,,0.2537105751391466,0.32235621521335805,0.42393320964749537,0.0
moe_no_balance,56,76,0.023578777048971693,0.16005665397187113,0.9981447124304267,0.9749303621169917,0.5287945679997392,0.38851888399904055,42,2027,1.2368581802456569,0.023578777048971693,0.8044224174594877,0.8623248003723348,,,0.25556586270871984,0.3079777365491651,0.436456400742115,0.0
moe_no_balance,57,77,0.022582311967823086,0.15915598750272028,0.9981447124304267,0.9749303621169917,0.5368639509997593,0.39471662599908086,42,2027,1.2283531873310831,0.022582311967823086,0.803647812169835,0.859275228057184,,,0.2569573283858998,0.3163265306122449,0.4267161410018553,0.0
moe_no_balance,58,78,0.021344789145104803,0.15604549264679152,0.9981447124304267,0.9749303621169917,0.5450668469998163,0.40101892499933456,42,2027,1.2374861980426402,0.021344789145104803,0.8026426947936426,0.8606808749999711,,,0.24860853432282004,0.3167903525046382,0.43460111317254174,0.0
moe_no_balance,59,79,0.021352475018186656,0.1595267109552336,0.9981447124304267,0.9749303621169917,0.5536131369999566,0.40744782399951873,42,2027,1.2300796999942687,0.021352475018186656,0.8018356092101369,0.8574758977521747,,,0.2541743970315399,0.31910946196660483,0.4267161410018553,0.0
moe_no_balance,60,80,0.02085999763096978,0.15725457195126424,0.9981447124304267,0.9749303621169917,0.5614408379997258,0.4134046239996678,42,2027,1.2330475327566226,0.02085999763096978,0.799814879577159,0.8558520721918496,0.012725223235328221,0.0,0.25556586270871984,0.31493506493506496,0.4294990723562152,0.0
moe_no_balance,61,81,0.022781647601687435,0.15981041062974732,0.9972170686456401,0.9777158774373259,0.5741363429997364,0.41980427899943606,42,2027,1.2219500993877452,0.022781647601687435,0.7982393828313932,0.8505351359420251,,,0.2569573283858998,0.3344155844155844,0.40862708719851576,0.0
moe_no_balance,62,82,0.020088107509632906,0.15794552853268343,0.9981447124304267,0.9749303621169917,0.582449362999796,0.4260074689996145,42,2027,1.2329002756944911,0.020088107509632906,0.7974599620720079,0.8537097489130997,,,0.25185528756957326,0.31910946196660483,0.4290352504638219,0.0
moe_no_balance,63,83,0.019660505232170368,0.15682297891695843,0.9981447124304267,0.9749303621169917,0.5910802809999041,0.4324988619996475,42,2027,1.2297391633050123,0.019660505232170368,0.795939711758513,0.8517004075076582,,,0.25092764378478666,0.32838589981447125,0.4206864564007421,0.0
moe_no_balance,64,84,0.01936891560705084,0.157552074669364,0.9981447124304267,0.9749303621169917,0.5988103149998096,0.43807653199974084,42,2027,1.227043403368111,0.01936891560705084,0.7953623490152925,0.8503795069515682,,,0.2569573283858998,0.32653061224489793,0.4165120593692022,0.0
moe_no_balance,65,85,0.01879874254505305,0.15743489111615705,0.9981447124304267,0.9749303621169917,0.6064428229997247,0.4438496659995508,42,2027,1.2298871101767093,0.01879874254505305,0.7943867892366865,0.8504641209109348,,,0.24721706864564008,0.3320964749536178,0.4202226345083488,0.00046382189239332097
moe_no_balance,66,86,0.019501593057341872,0.1598398676571757,0.9972170686456401,0.9749303621169917,0.6147201249996215,0.44945490799955223,42,2027,1.2255687161073272,0.019501593057341872,0.7933985718012418,0.847963236618554,,,0.25788497217068646,0.32606679035250463,0.4155844155844156,0.00046382189239332097
moe_no_balance,67,87,0.018034689776051712,0.15926528698301506,0.9981447124304267,0.9749303621169917,0.6241103029997248,0.45636188499975106,42,2027,1.2303459984133045,0.018034689776051712,0.7923102106113876,0.8483833717880218,,,0.25,0.32606679035250463,0.42346938775510207,0.00046382189239332097
moe_no_balance,68,88,0.017799131610357122,0.1577167308092399,0.9981447124304267,0.9749303621169917,0.6328118269998413,0.46292943299977196,42,2027,1.2307776048977828,0.017799131610357122,0.7916283170273495,0.8475182714099035,,,0.2523191094619666,0.32421150278293137,0.4230055658627087,0.00046382189239332097
moe_no_balance,69,89,0.017895082810049482,0.15675972685840928,0.9981447124304267,0.9777158774373259,0.6417502169997533,0.4696534159998009,42,2027,1.2324004714582588,0.017895082810049482,0.7890509933396549,0.845139184773715,,,0.23840445269016697,0.34786641929499074,0.4137291280148423,0.0
moe_no_balance,70,90,0.01716529318632546,0.15988468606881587,0.9981447124304267,0.9721448467966574,0.6504760479997458,0.47620261599968217,42,2027,1.2276918008491697,0.01716529318632546,0.7889329734809504,0.844344662439078,,,0.25185528756957326,0.3297773654916512,0.4179035250463822,0.00046382189239332097
moe_no_balance,71,91,0.01737234030702147,0.15867007908402447,0.9981447124304267,0.9749303621169917,0.6597691299998587,0.4832462689996646,42,2027,1.2251439116597995,0.01737234030702147,0.7892850164896595,0.8435970455076854,,,0.25742115027829315,0.3297773654916512,0.41233766233766234,0.00046382189239332097
moe_no_balance,72,92,0.01700116121491489,0.1566813317012742,0.9981447124304267,0.9777158774373259,0.6689669200000026,0.4899234809995505,42,2027,1.2287452004526913,0.01700116121491489,0.7873356727189077,0.8428232809054281,,,0.24721706864564008,0.34183673469387754,0.4104823747680891,0.00046382189239332097
moe_no_balance,73,93,0.016424571212583318,0.15835186569627008,0.9990723562152134,0.9777158774373259,0.6782632169997669,0.49698688399939783,42,2027,1.2273054464855764,0.016424571212583318,0.7867993862460203,0.8418791882681481,,,0.25139146567717996,0.336734693877551,0.4114100185528757,0.00046382189239332097
moe_no_balance,74,94,0.016746109906170478,0.1596766477070456,0.9981447124304267,0.9777158774373259,0.688484103999599,0.5047347349996016,42,2027,1.2240808964818173,0.016746109906170478,0.7851293480095005,0.8383705131220579,,,0.2541743970315399,0.3432282003710575,0.4025974025974026,0.0
moe_no_balance,75,95,0.015982637034093992,0.15826692232173104,0.9990723562152134,0.9749303621169917,0.6973699949999173,0.5112661179996394,42,2027,1.2269103666987273,0.015982637034093992,0.7847614118870687,0.8398256806589071,,,0.2523191094619666,0.33719851576994436,0.4100185528756957,0.00046382189239332097
moe_no_balance,76,96,0.015439555565673602,0.15812182403804062,0.9981447124304267,0.9749303621169917,0.7057726299999558,0.5175495789994784,42,2027,1.2319488633671656,0.015439555565673602,0.7833369505984794,0.8400824565901474,,,0.2435064935064935,0.33812615955473097,0.4179035250463822,0.00046382189239332097
moe_no_balance,77,97,0.015397456198479736,0.15963676885381717,0.9990723562152134,0.9777158774373259,0.713609083999927,0.5233806699993693,42,2027,1.225169347447518,0.015397456198479736,0.7829355132686588,0.8369796531036311,,,0.25463821892393323,0.3390538033395176,0.40584415584415584,0.00046382189239332097
moe_no_balance,78,98,0.014962708271656125,0.15866463288088314,0.9981447124304267,0.9777158774373259,0.7314090939999005,0.5295945259990731,42,2027,1.2297932866770718,0.014962708271656125,0.7814485620737273,0.8369669614522556,,,0.24582560296846012,0.3450834879406308,0.40862708719851576,0.00046382189239332097
moe_no_balance,79,99,0.014865773823269635,0.15999811005147974,0.9981447124304267,0.9777158774373259,0.7439297060000172,0.539380939998864,42,2027,1.225534368591555,0.014865773823269635,0.7802310176325866,0.8342148802754525,,,0.2537105751391466,0.3409090909090909,0.4049165120593692,0.00046382189239332097
moe_no_balance,80,100,0.014613221520303765,0.1595885842715721,0.9990723562152134,0.9777158774373259,0.7534098500000255,0.5465255749991229,42,2027,1.2263197688174998,0.014613221520303765,0.78050282840432,0.8349300789482462,0.0046406676804822385,0.0,0.2537105751391466,0.3395176252319109,0.40584415584415584,0.0009276437847866419
scratch_continue,0,20,0.10434418765540632,0.1974224235397899,0.9897959183673469,0.9637883008356546,0.002021156999944651,0.0,42,2027,1.1695265000913528,0.11603945265631985,0.876888564702338,0.8796266530140653,0.07759079989523313,0.008419975412751435,0.23654916512059368,0.22820037105751392,0.4517625231910946,0.08348794063079777
scratch_continue,1,21,0.09809883172458837,0.18739922637310238,0.9907235621521335,0.9637883008356546,0.018301428000086162,0.009308044999670528,42,2027,1.1795523934047794,0.10989435565863617,0.8697313650890813,0.8748940147965001,,,0.2342300556586271,0.20083487940630798,0.45918367346938777,0.10575139146567718
scratch_continue,2,22,0.09089128985654142,0.18959333040267387,0.9907235621521335,0.9665738161559888,0.028580712999882962,0.016690306999862514,42,2027,1.1959739359752144,0.10285102921629356,0.8621226873720371,0.8692355705116193,,,0.2300556586270872,0.23747680890538034,0.45918367346938777,0.07328385899814471
scratch_continue,3,23,0.08533282094880695,0.19276912761249346,0.9925788497217068,0.9637883008356546,0.0383502109998517,0.02386840199960716,42,2027,1.157557844917822,0.09690839939798518,0.8696748492321423,0.874782412032254,,,0.23515769944341372,0.21567717996289426,0.4461966604823748,0.10296846011131726
scratch_continue,4,24,0.07872578739258942,0.18817197585607104,0.9916512059369202,0.9637883008356546,0.049271751000105724,0.03195160699988264,42,2027,1.1702676395907265,0.09042846378849669,0.8633728200397142,0.8708549593918804,,,0.2258812615955473,0.2277365491651206,0.45037105751391465,0.09601113172541743
scratch_continue,5,25,0.07457325077735392,0.18299802532320014,0.9944341372912802,0.9665738161559888,0.05895350699984192,0.03911343699974168,42,2027,1.1610377952086353,0.08618362872944027,0.8629762142933115,0.8706173364125157,,,0.23098330241187384,0.21335807050092764,0.44758812615955473,0.10807050092764378
scratch_continue,6,26,0.07250031730139732,0.18622050580135963,0.9944341372912802,0.9637883008356546,0.06913572599978579,0.04680440299944166,42,2027,1.14599346804113,0.08396025198180862,0.8642544715620498,0.8716474310611126,,,0.237012987012987,0.21057513914656772,0.4387755102040816,0.11363636363636363
scratch_continue,7,27,0.06637848740698636,0.1649253272458842,0.9925788497217068,0.9693593314763231,0.07788265799990768,0.05349198099975183,42,2027,1.1602759285023223,0.07798124669200958,0.8579700918388183,0.8678452661463983,,,0.22402597402597402,0.2258812615955473,0.44434137291280146,0.10575139146567718
scratch_continue,8,28,0.06412369557485277,0.17647094769372773,0.9953617810760668,0.9665738161559888,0.08809768599985546,0.06124066399979711,42,2027,1.155169243721071,0.07567538801206349,0.8574674722274552,0.8687881942425117,,,0.22495361781076068,0.2036178107606679,0.4466604823747681,0.12476808905380334
scratch_continue,9,29,0.05971145832661116,0.16090762448693638,0.9962894248608535,0.9693593314763231,0.09747509499993612,0.06837432199972682,42,2027,1.1411101683825726,0.07112256001043689,0.8582809133172851,0.8697350408077787,,,0.22356215213358072,0.2189239332096475,0.43692022263450836,0.12059369202226346
scratch_continue,10,30,0.05611495769290702,0.1591356980873029,0.9953617810760668,0.9693593314763231,0.10843745600004695,0.07689912099976937,42,2027,1.1549651443577198,0.06766460913648423,0.8520324919032579,0.8658166490747455,,,0.22356215213358072,0.2230983302411874,0.4420222634508349,0.11131725417439703
scratch_continue,11,31,0.05622077338857668,0.1720824430915662,0.9944341372912802,0.9693593314763231,0.12060847300017485,0.08651908399951935,42,2027,1.1432913209686195,0.06765368659826287,0.8525936022801639,0.8669968337932793,,,0.22402597402597402,0.20640074211502782,0.4397031539888683,0.12987012987012986
scratch_continue,12,32,0.052149368178003065,0.15848689419609166,0.9962894248608535,0.9693593314763231,0.12935077900010583,0.0934064719995149,42,2027,1.1519623781562884,0.06366899195956595,0.8468715386006442,0.8623712703579214,,,0.23330241187384043,0.22866419294990722,0.43692022263450836,0.10111317254174397
scratch_continue,13,33,0.049923281885993626,0.15442596240893317,0.9953617810760668,0.9721448467966574,0.13893898400010585,0.10043447099951663,42,2027,1.138162239373816,0.06130490427973179,0.8488644910927692,0.8651612890853043,,,0.22217068645640073,0.21706864564007422,0.43460111317254174,0.1261595547309833
scratch_continue,14,34,0.05010790052095272,0.1587757795672358,0.9962894248608535,0.9693593314763231,0.14795182599982581,0.10721882499956337,42,2027,1.120536360041677,0.06131326412136949,0.8496985581944678,0.8644349742039595,,,0.2342300556586271,0.2189239332096475,0.42115027829313545,0.12569573283858998
scratch_continue,15,35,0.04546180481075903,0.1524757067552782,0.9972170686456401,0.9721448467966574,0.15686025100012557,0.11373119999916526,42,2027,1.1560422147728602,0.05702222695848763,0.8402985963536076,0.860286701465697,,,0.22170686456400743,0.2305194805194805,0.44109461966604824,0.10667903525046382
scratch_continue,16,36,0.04472293340958733,0.16772868484549386,0.9972170686456401,0.9665738161559888,0.16764382800010935,0.12098639599935268,42,2027,1.119484895628856,0.055917782365875884,0.8466977257133484,0.8641797383515518,,,0.22217068645640073,0.22031539888682747,0.42207792207792205,0.13543599257884972
scratch_continue,17,37,0.04364454531215561,0.14985389742273938,0.9962894248608535,0.9693593314763231,0.17962638100016193,0.13017049499921995,42,2027,1.1315003506409813,0.05495954881856542,0.8430427790952811,0.8621653238698475,,,0.22170686456400743,0.22448979591836735,0.4294990723562152,0.12430426716141002
scratch_continue,18,38,0.04055417572394349,0.14851003165811003,0.9972170686456401,0.9721448467966574,0.19362248100014767,0.14112746799946763,42,2027,1.135200613058795,0.05190618185453144,0.8404668283626331,0.8606866470489977,,,0.22031539888682747,0.23191094619666047,0.4294990723562152,0.11827458256029684
scratch_continue,19,39,0.03992418461609792,0.15188141691159526,0.9981447124304267,0.9693593314763231,0.2031325090001701,0.1481775109996306,42,2027,1.1375447470703004,0.051299632086800925,0.8378019075660047,0.8586876591392008,,,0.22634508348794063,0.23608534322820038,0.4290352504638219,0.10853432282003711
scratch_continue,20,40,0.0382656009502809,0.14747973255767552,0.9981447124304267,0.9721448467966574,0.21257545700018454,0.15531576599960317,42,2027,1.1397750078825175,0.04966335102910607,0.8362874516765284,0.8593519437834286,0.032125587246678196,0.007285904908666544,0.21521335807050093,0.23979591836734693,0.4318181818181818,0.11317254174397032
scratch_continue,21,41,0.041834976182816785,0.16408828201640094,0.9962894248608535,0.9665738161559888,0.2266306749997966,0.1631394809996891,42,2027,1.113791556656878,0.05297289174938556,0.8406754993805384,0.8619649797278042,,,0.2212430426716141,0.2230983302411874,0.41929499072356213,0.13636363636363635
scratch_continue,22,42,0.03592371843742488,0.16515099415682244,0.9972170686456401,0.9637883008356546,0.2367861930001709,0.17092189399954805,42,2027,1.1247539087691105,0.04717125752511599,0.8369068516437935,0.8594695244878864,,,0.22217068645640073,0.2230983302411874,0.426252319109462,0.1284786641929499
scratch_continue,23,43,0.03784338964976247,0.15323431299580917,0.9962894248608535,0.9637883008356546,0.2469755530000839,0.1787713679996159,42,2027,1.112013007587561,0.04896351972563808,0.8381792538558489,0.860445670461155,,,0.21846011131725418,0.22448979591836735,0.4197588126159555,0.137291280148423
scratch_continue,24,44,0.03755400382547782,0.15121513780115434,0.9962894248608535,0.9637883008356546,0.2571734049997758,0.1865784979995624,42,2027,1.0922767429928686,0.0484767712554065,0.8406690113206695,0.86133979911327,,,0.22402597402597402,0.21799628942486085,0.4076994434137291,0.150278293135436
scratch_continue,25,45,0.033889782653887764,0.1683424740100308,0.9962894248608535,0.9665738161559888,0.2671462899998005,0.19430063099980543,42,2027,1.1290301870914783,0.045180084524802544,0.8306698583620481,0.8569064350320358,,,0.2212430426716141,0.2277365491651206,0.4267161410018553,0.12430426716141002
scratch_continue,26,46,0.040184604312503584,0.14851203052230955,0.9953617810760668,0.9637883008356546,0.27555567399986103,0.20080431199994564,42,2027,1.085182557011866,0.05103642988262225,0.8392444039745572,0.8616145531722679,,,0.21846011131725418,0.23840445269016697,0.3979591836734694,0.14517625231910947
scratch_continue,27,47,0.03198890490865982,0.16602921864118406,0.9972170686456401,0.9610027855153204,0.2828870899998037,0.20622006999974474,42,2027,1.11744401359462,0.04316334504460602,0.8309935907713577,0.8582808971636484,,,0.2147495361781076,0.22356215213358072,0.4225417439703154,0.1391465677179963
scratch_continue,28,48,0.03691302881237548,0.15087423058343122,0.9953617810760668,0.9665738161559888,0.29049620199975834,0.2119176109995351,42,2027,1.0901137795448397,0.04781416660782388,0.8335042955916807,0.8569656337616866,,,0.22495361781076068,0.24304267161410018,0.3984230055658627,0.13358070500927643
scratch_continue,29,49,0.03237620916332184,0.14791378604571986,0.9962894248608535,0.9610027855153204,0.2980149390000406,0.21748479499956375,42,2027,1.079275127969816,0.04316896044302,0.8370633263536571,0.8629167652542346,,,0.21196660482374768,0.21846011131725418,0.4025974025974026,0.16697588126159554
scratch_continue,30,50,0.032183231204714384,0.14728079970192692,0.9953617810760668,0.9637883008356546,0.3057405770000514,0.22316444899979615,42,2027,1.0732491205801888,0.04291572241051627,0.8371185830662152,0.8643414289988766,,,0.21057513914656772,0.20964749536178107,0.40166975881261596,0.17810760667903525
scratch_continue,31,51,0.0336389922314372,0.14771529311775425,0.9944341372912802,0.9637883008356546,0.3137085289999959,0.22910639600013383,42,2027,1.062883538031727,0.044267827611754476,0.8362474127955033,0.863330165089292,,,0.2101113172541744,0.22077922077922077,0.3877551020408163,0.1813543599257885
scratch_continue,32,52,0.030891650338918605,0.1634483866141257,0.9953617810760668,0.9637883008356546,0.32167124199986574,0.2347434350003823,42,2027,1.0641606087552318,0.04153325642647092,0.8321033929902726,0.8589302890328372,,,0.2230983302411874,0.2277365491651206,0.3826530612244898,0.16651205936920221
scratch_continue,33,53,0.030482951260991285,0.14500266927294578,0.9972170686456401,0.9665738161559888,0.3292749570000524,0.24032745600015915,42,2027,1.0556517246225747,0.041039468507217035,0.8341546153674264,0.8639685246443861,,,0.2082560296846011,0.2193877551020408,0.3817254174397032,0.1906307977736549
scratch_continue,34,54,0.028313366753753687,0.16172691140166623,0.9962894248608535,0.9637883008356546,0.3377166099999158,0.24622204300021622,42,2027,1.0701732986653747,0.039015099740407434,0.8269212120203471,0.8560887204364304,,,0.22495361781076068,0.2305194805194805,0.38636363636363635,0.15816326530612246
scratch_continue,35,55,0.028064242881740902,0.1462427309825479,0.9981447124304267,0.9665738161559888,0.3452689979999377,0.25183665800022936,42,2027,1.0603769645488148,0.038668012527229054,0.8296113940441993,0.8604334069061063,,,0.21521335807050093,0.21614100185528756,0.3854359925788497,0.18320964749536178
scratch_continue,36,56,0.028785606643055805,0.14235761175629613,0.9972170686456401,0.9693593314763231,0.35494372399989516,0.2593052100000932,42,2027,1.04358008186499,0.03922140746170571,0.8311291470863622,0.8605639394607033,,,0.21150278293135436,0.23283858998144713,0.3682745825602968,0.18738404452690166
scratch_continue,37,57,0.02580421388218099,0.15714781678577333,0.9981447124304267,0.9721448467966574,0.3644448189998002,0.2664337109999906,42,2027,1.0619300736553479,0.03642351461873447,0.8246332636359583,0.8556596457986189,,,0.21846011131725418,0.2147495361781076,0.3868274582560297,0.17996289424860853
scratch_continue,38,58,0.02527538692828354,0.1558796490204883,0.9981447124304267,0.9665738161559888,0.3749339390001296,0.274116524999954,42,2027,1.0528438498653694,0.03580382542693723,0.8240559646203957,0.8536882216306934,,,0.2189239332096475,0.23283858998144713,0.3747680890538033,0.17346938775510204
scratch_continue,39,59,0.02720271757598714,0.1459234158391988,0.9962894248608535,0.9693593314763231,0.3867454659998657,0.28324887700000545,42,2027,1.0504115847056452,0.037706833423043595,0.8251943343000789,0.8571163649756972,,,0.21614100185528756,0.20640074211502782,0.3803339517625232,0.1971243042671614
scratch_continue,40,60,0.023425154693954935,0.1567998031331939,0.9981447124304267,0.9693593314763231,0.3969002230001024,0.29045329100017625,42,2027,1.0616756334515187,0.03404191102847012,0.818744233098097,0.8505935903309312,0.020295793672866203,0.005003882894490428,0.2193877551020408,0.22495361781076068,0.38358070500927643,0.17207792207792208
scratch_continue,41,61,0.024146349941389752,0.15825921412045046,0.9972170686456401,0.9693593314763231,0.4085476129998824,0.29690859500033184,42,2027,1.0525563610939879,0.03467191355232963,0.8183514651269427,0.8495178099250564,,,0.22402597402597402,0.2305194805194805,0.3715213358070501,0.17393320964749537
scratch_continue,42,62,0.024213276111005693,0.15643046120612583,0.9981447124304267,0.9665738161559888,0.4171205769998778,0.3031260920006389,42,2027,1.0423308377083413,0.03463658448808911,0.821479485168899,0.8540663546003351,,,0.21567717996289426,0.22031539888682747,0.37012987012987014,0.19387755102040816
scratch_continue,43,63,0.023197088980029985,0.15879250583032364,0.9981447124304267,0.9693593314763231,0.42618527900003755,0.31024094700069327,42,2027,1.0538243958621145,0.03373533293865113,0.8144150404600986,0.8461627965837795,,,0.22866419294990722,0.22959183673469388,0.37337662337662336,0.1683673469387755
scratch_continue,44,64,0.022314228248562794,0.1557546449592419,0.9981447124304267,0.9693593314763231,0.4344815069998731,0.31635704100062867,42,2027,1.0457113687876134,0.03277134193643893,0.8159136590729041,0.8485478166621374,,,0.22031539888682747,0.22541743970315398,0.37105751391465674,0.18320964749536178
scratch_continue,45,65,0.021576301840613345,0.14201867690571693,0.9981447124304267,0.9693593314763231,0.4437856389999979,0.3233776730007776,42,2027,1.038532382189836,0.031961625662511706,0.8165681232494838,0.8490149141620856,,,0.2193877551020408,0.22495361781076068,0.36641929499072357,0.18923933209647495
scratch_continue,46,66,0.02109377173341322,0.15647407983951092,0.9990723562152134,0.9693593314763231,0.4525631199999225,0.3297770630006198,42,2027,1.0370543850159328,0.031464315583572544,0.8150700747151565,0.847229977861725,,,0.2193877551020408,0.22912801484230055,0.36410018552875695,0.18738404452690166
scratch_continue,47,67,0.02117094700881551,0.1541746548839753,0.9972170686456401,0.9721448467966574,0.4609077810000599,0.33601366800075994,42,2027,1.0401046996619534,0.03157199400543505,0.8129992716645448,0.8463117144853655,,,0.22217068645640073,0.21521335807050093,0.3696660482374768,0.19294990723562153
scratch_continue,48,68,0.01954540411221764,0.1553676646234969,0.9990723562152134,0.9693593314763231,0.469902737999746,0.34300884200092696,42,2027,1.0385119519587214,0.029930523631804852,0.8110628258174377,0.8434075957881468,,,0.2230983302411874,0.22820037105751392,0.3654916512059369,0.18320964749536178
scratch_continue,49,69,0.01917738859044791,0.1531315777494323,0.9981447124304267,0.9721448467966574,0.47904400500010524,0.3497918180009947,42,2027,1.051280040515963,0.02969018899560754,0.8068285407447191,0.8419431269483676,,,0.22448979591836735,0.22356215213358072,0.3761595547309833,0.17578849721706866
scratch_continue,50,70,0.01867382075803574,0.1555368253499432,0.9990723562152134,0.9693593314763231,0.4877156269999432,0.3560760140007915,42,2027,1.032069272440718,0.02899451348244292,0.8096922571518744,0.8431873022958637,,,0.21985157699443414,0.2300556586270872,0.36038961038961037,0.18970315398886828
scratch_continue,51,71,0.018505281662073752,0.15363631083333573,0.9990723562152134,0.9721448467966574,0.4959340489999704,0.3620273810006438,42,2027,1.0351687699504835,0.028856969361578586,0.8082053406378553,0.8424547223280172,,,0.2258812615955473,0.2147495361781076,0.3650278293135436,0.19434137291280149
scratch_continue,52,72,0.01769927928215224,0.15402438137652877,0.9990723562152134,0.9693593314763231,0.5038903660001779,0.36794008000060785,42,2027,1.0400049465801053,0.028099328747953296,0.8057829204896413,0.8411109458900724,,,0.2189239332096475,0.22495361781076068,0.3692022263450835,0.18692022263450836
scratch_continue,53,73,0.017441159853239355,0.15302007981274582,0.9990723562152134,0.9721448467966574,0.5123445210001591,0.3741872910004531,42,2027,1.0336774754808358,0.027777934608047714,0.8052859199302966,0.839497110621567,,,0.22402597402597402,0.22031539888682747,0.3645640074211503,0.19109461966604824
scratch_continue,54,74,0.017115337770293858,0.15313329912447438,1.0,0.9721448467966574,0.5211737199997515,0.38096893500005535,42,2027,1.03836018981381,0.027498939668431956,0.8027557721629051,0.8377314809127838,,,0.22727272727272727,0.21614100185528756,0.3678107606679035,0.18877551020408162
scratch_continue,55,75,0.016300501187285026,0.15226761064952574,0.9990723562152134,0.9721448467966574,0.5303085880000253,0.38806259700004375,42,2027,1.0385062642362062,0.02668556382964709,0.8010267328231891,0.8360080503529281,,,0.22866419294990722,0.21985157699443414,0.36641929499072357,0.18506493506493507
scratch_continue,56,76,0.01616892392369349,0.15200960789844895,0.9990723562152134,0.9721448467966574,0.5373498409999229,0.393317037000088,42,2027,1.0396883275992796,0.02656580719968629,0.799149514761025,0.8348028930634349,,,0.2305194805194805,0.21985157699443414,0.36688311688311687,0.18274582560296845
scratch_continue,57,77,0.01600767552951648,0.15369515780541393,0.9990723562152134,0.9721448467966574,0.5451099440001599,0.3992441569998846,42,2027,1.0327061536298752,0.026334737065815232,0.7993627091960488,0.834362950001187,,,0.2300556586270872,0.21846011131725418,0.36178107606679033,0.18970315398886828
scratch_continue,58,78,0.015357490415713987,0.15309557729565976,0.9990723562152134,0.9721448467966574,0.5538790229998085,0.4061936429998241,42,2027,1.0381841803656604,0.02573933221937059,0.7977695732840451,0.8345288222212373,,,0.22912801484230055,0.21567717996289426,0.36688311688311687,0.18831168831168832
scratch_continue,59,79,0.015956248929668956,0.15146732400660756,0.9981447124304267,0.9721448467966574,0.5617059460000746,0.41198960699966847,42,2027,1.0269852137256634,0.02622610106692559,0.7987693490651169,0.8341615156866427,,,0.2277365491651206,0.22077922077922077,0.3557513914656772,0.19573283858998144
scratch_continue,60,80,0.01440136554971752,0.15133390800757626,1.0,0.9721448467966574,0.5717101390000607,0.41957044099990526,42,2027,1.0355555217408765,0.024756920767126288,0.795454418523315,0.8323174827985884,0.013389611518132085,0.004049507712012776,0.22820037105751392,0.21706864564007422,0.3645640074211503,0.1901669758812616
scratch_continue,61,81,0.016065119971376753,0.15180606938454844,0.9990723562152134,0.9721448467966574,0.5843912519999321,0.4260776719997921,42,2027,1.0233892618995557,0.02629901259037231,0.7961367661510367,0.8310525807704624,,,0.2305194805194805,0.21985157699443414,0.35064935064935066,0.1989795918367347
scratch_continue,62,82,0.014674985955522666,0.153908468805145,0.9990723562152134,0.9721448467966574,0.5942580989999442,0.4335409899995284,42,2027,1.0419222076460073,0.02509420803198274,0.7907428295883138,0.8281226342094642,,,0.23608534322820038,0.22031539888682747,0.3673469387755102,0.17625231910946196
scratch_continue,63,83,0.013406081593352541,0.15103782919268524,1.0,0.9721448467966574,0.6038719759999367,0.44047327999942354,42,2027,1.032628898270251,0.02373237057605505,0.7921042041452245,0.8300214288136775,,,0.22727272727272727,0.21753246753246752,0.3631725417439703,0.19202226345083487
scratch_continue,64,84,0.013787649860567583,0.15418351213025394,1.0,0.9721448467966574,0.6133088159999716,0.44775845899948763,42,2027,1.0454045186089511,0.024241695046657095,0.7860805183310507,0.8241246102859755,,,0.23747680890538034,0.2277365491651206,0.36688311688311687,0.1679035250463822
scratch_continue,65,85,0.013522604944139694,0.15240844968712408,1.0,0.9693593314763231,0.6227836739999475,0.454872902999341,42,2027,1.0347481967860397,0.023870086912000092,0.7879983540619027,0.8259964976899895,,,0.2323747680890538,0.22541743970315398,0.35992578849721707,0.18228200371057515
scratch_continue,66,86,0.013019755486400017,0.15224941519510565,1.0,0.9721448467966574,0.6313008239999363,0.46136569299960684,42,2027,1.0271735162588076,0.02329149064898809,0.7892321777144612,0.8272970195684286,,,0.2277365491651206,0.2189239332096475,0.3580705009276438,0.19526901669758812
scratch_continue,67,87,0.013469020821910907,0.15350359889349105,0.9990723562152134,0.9693593314763231,0.6389823700001216,0.46707336399958876,42,2027,1.0227486002512303,0.02369650682442321,0.7895890431662065,0.8281266209864202,,,0.2230983302411874,0.21985157699443414,0.3534322820037106,0.2036178107606679
scratch_continue,68,88,0.013056093252824455,0.15230428624791012,1.0,0.9721448467966574,0.6521668079999472,0.47723891899931914,42,2027,1.0318581991446703,0.023374675244271156,0.7851885169710732,0.8231883359112235,,,0.23794063079777367,0.21846011131725418,0.35667903525046385,0.18692022263450836
scratch_continue,69,89,0.015537544190448406,0.1539506723488707,0.9990723562152134,0.9721448467966574,0.6614966189999905,0.483842965999429,42,2027,1.0364598769339728,0.025902142959788134,0.7825000306516916,0.8214593413838087,,,0.23191094619666047,0.23515769944341372,0.35760667903525045,0.17532467532467533
scratch_continue,70,90,0.012178980259483154,0.1515638772567283,1.0,0.9721448467966574,0.6727171490001638,0.4925474169995141,42,2027,1.0340856179294398,0.02251983643877755,0.7824027184769868,0.8215843199866102,,,0.2342300556586271,0.22077922077922077,0.36038961038961037,0.18460111317254174
scratch_continue,71,91,0.012186872955216522,0.1544183396657078,0.9990723562152134,0.9665738161559888,0.6811362509997707,0.49896188899947447,42,2027,1.020791728904352,0.02239479024426004,0.7849943630536669,0.8235241740354714,,,0.22727272727272727,0.22402597402597402,0.34786641929499074,0.20083487940630798
scratch_continue,72,92,0.01206441593075198,0.1514292267446052,0.9990723562152134,0.9721448467966574,0.6896513880001294,0.5054851149993738,42,2027,1.0229335501259287,0.022293751432011268,0.7832943968843867,0.8220209262339027,,,0.2305194805194805,0.21985157699443414,0.35064935064935066,0.1989795918367347
scratch_continue,73,93,0.010901985174915984,0.15044021246391662,1.0,0.9721448467966574,0.6994067470000118,0.5130952229992545,42,2027,1.0274545214022577,0.02117653038893856,0.7809692756888532,0.8202136526269708,,,0.23283858998144713,0.21985157699443414,0.35435992578849723,0.19294990723562153
scratch_continue,74,94,0.019971045527221225,0.1543144133853116,0.9962894248608535,0.9693593314763231,0.7091010650001408,0.5202807339992432,42,2027,1.0157300937058704,0.030128346464279927,0.7824092662814696,0.820376006240871,,,0.23144712430426717,0.22356215213358072,0.3399814471243043,0.20500927643784786
scratch_continue,75,95,0.013284974795428558,0.15601143964154976,0.9990723562152134,0.9721448467966574,0.7201845979998325,0.5287641129993972,42,2027,1.0317913806408878,0.023602888601837436,0.7765900797207613,0.816945774501648,,,0.23191094619666047,0.24072356215213359,0.35018552875695735,0.17717996289424862
scratch_continue,76,96,0.011810798767589056,0.1526428200167651,0.9990723562152134,0.9665738161559888,0.7315454089998639,0.5376898059994346,42,2027,1.0208628157212918,0.022019426924801973,0.7777273487568235,0.8176310160819045,,,0.2300556586270872,0.23840445269016697,0.3399814471243043,0.19155844155844157
scratch_continue,77,97,0.01145355662127879,0.1530488859798314,1.0,0.9693593314763231,0.7420035830000415,0.5454458029994385,42,2027,1.0309580817075374,0.021763137438354167,0.7734645437880281,0.8147872606573178,,,0.22959183673469388,0.2569573283858998,0.3409090909090909,0.1725417439703154
scratch_continue,78,98,0.011847811131012659,0.1482874984175845,0.9990723562152134,0.9693593314763231,0.7517509799999971,0.5528009379995638,42,2027,1.0164736956907863,0.02201254808792052,0.77574189662295,0.8151955340698909,,,0.2323747680890538,0.2481447124304267,0.32884972170686455,0.1906307977736549
scratch_continue,79,99,0.013109230940275446,0.15377505216924506,0.9981447124304267,0.9610027855153204,0.7615882629997941,0.5603834649996315,42,2027,1.012754329854558,0.023236774238821027,0.7756915155229089,0.8157809736078367,,,0.2230983302411874,0.2537105751391466,0.32653061224489793,0.19666048237476808
scratch_continue,80,100,0.012173464686425281,0.1474548416708578,0.9990723562152134,0.9721448467966574,0.775875613000153,0.5703768669995952,42,2027,1.0307325812611516,0.0224807904990368,0.7683432757819895,0.8104216009389179,0.014463273490562367,0.002858508542203473,0.23469387755102042,0.27040816326530615,0.3274582560296846,0.16743970315398887
